rank,filename,contour_type,layer,channel,mean_activation,mean_abs_activation,max_activation
1,C_high_BL_0_J000_008.png,C,h0_exc,50,9.630064,9.630064,31.268042
2,C_high_BL_0_J000_008.png,C,h0_exc,31,8.805327,8.805327,36.26326
3,C_high_BL_0_J000_008.png,C,h0_exc,45,8.2909975,8.2909975,91.17085
4,C_high_BL_0_J000_008.png,C,h0_exc,12,8.039118,8.039118,105.69054
5,C_high_BL_0_J000_008.png,C,h0_exc,1,7.7699986,7.7699986,65.7739
6,C_high_BL_0_J000_008.png,C,h0_exc,44,7.662945,7.662945,48.999287
7,C_high_BL_0_J000_008.png,C,h0_exc,4,7.622574,7.622574,60.77162
8,C_high_BL_0_J000_008.png,C,h0_exc,2,7.5872025,7.5872025,97.73279
9,C_high_BL_0_J000_008.png,C,h0_exc,62,7.5207996,7.5207996,131.37885
10,C_high_BL_0_J000_008.png,C,h0_exc,21,7.1710773,7.1710773,79.7368
11,C_high_BL_0_J000_008.png,C,h0_exc,32,7.0744724,7.0744724,121.4124
12,C_high_BL_0_J000_008.png,C,h0_exc,53,7.0103784,7.0103784,134.97339
13,C_high_BL_0_J000_008.png,C,h0_exc,9,6.623373,6.623373,34.395386
14,C_high_BL_0_J000_008.png,C,h0_exc,7,6.5220103,6.5220103,92.092445
15,C_high_BL_0_J000_008.png,C,h0_exc,59,6.072131,6.072131,52.133774
16,C_high_BL_0_J000_008.png,C,h0_exc,55,5.7237,5.7237,61.693806
17,C_high_BL_0_J000_008.png,C,h0_exc,26,5.6889234,5.6889234,69.90916
18,C_high_BL_0_J000_008.png,C,h0_exc,61,5.6121383,5.6121383,48.036186
19,C_high_BL_0_J000_008.png,C,h0_exc,10,5.3996596,5.3996596,40.924095
20,C_high_BL_0_J000_008.png,C,h0_exc,24,5.399167,5.399167,42.8883
21,C_high_BL_0_J000_008.png,C,h0_exc,36,4.991329,4.991329,39.222927
22,C_high_BL_0_J000_008.png,C,h0_exc,11,4.918957,4.918957,20.014109
23,C_high_BL_0_J000_008.png,C,h0_exc,47,4.878728,4.878728,25.401445
24,C_high_BL_0_J000_008.png,C,h0_exc,54,4.8436155,4.8436155,21.34083
25,C_high_BL_0_J000_008.png,C,h0_exc,33,4.8121867,4.8121867,39.108047
26,C_high_BL_0_J000_008.png,C,h0_exc,28,4.5682483,4.5682483,39.770187
27,C_high_BL_0_J000_008.png,C,h0_exc,39,4.1457734,4.1457734,21.860744
28,C_high_BL_0_J000_008.png,C,h0_exc,18,3.94485,3.94485,20.49503
29,C_high_BL_0_J000_008.png,C,h0_exc,17,3.8725529,3.8725529,123.509254
30,C_high_BL_0_J000_008.png,C,h0_exc,27,3.7864892,3.7864892,15.372227
31,C_high_BL_0_J000_008.png,C,h0_exc,22,3.3736854,3.3736854,15.336008
32,C_high_BL_0_J000_008.png,C,h0_exc,42,2.9508202,2.9508202,22.930286
33,C_high_BL_0_J000_008.png,C,h0_exc,30,2.8496912,2.8496912,12.878443
34,C_high_BL_0_J000_008.png,C,h0_exc,46,2.659591,2.659591,15.985504
35,C_high_BL_0_J000_008.png,C,h0_exc,43,2.592972,2.592972,10.349179
36,C_high_BL_0_J000_008.png,C,h0_exc,16,2.5929434,2.5929434,20.622812
37,C_high_BL_0_J000_008.png,C,h0_exc,48,2.3139288,2.3139288,27.021885
38,C_high_BL_0_J000_008.png,C,h0_exc,5,2.2271545,2.2271545,38.967255
39,C_high_BL_0_J000_008.png,C,h0_exc,8,2.1511724,2.1511724,8.952305
40,C_high_BL_0_J000_008.png,C,h0_exc,41,2.0483818,2.0483818,4.663316
41,C_high_BL_0_J000_008.png,C,h0_exc,35,1.9603372,1.9603372,39.763184
42,C_high_BL_0_J000_008.png,C,h0_exc,60,1.8449205,1.8449205,9.015929
43,C_high_BL_0_J000_008.png,C,h0_exc,14,1.837785,1.837785,31.09856
44,C_high_BL_0_J000_008.png,C,h0_exc,58,1.8079895,1.8079895,5.8850546
45,C_high_BL_0_J000_008.png,C,h0_exc,13,1.7839807,1.7839807,9.426712
46,C_high_BL_0_J000_008.png,C,h0_exc,25,1.7085212,1.7085212,7.014079
47,C_high_BL_0_J000_008.png,C,h0_exc,6,1.7065964,1.7065964,13.170605
48,C_high_BL_0_J000_008.png,C,h0_exc,56,1.6383563,1.6383563,41.926567
49,C_high_BL_0_J000_008.png,C,h0_exc,52,1.5576203,1.5576203,5.0318723
50,C_high_BL_0_J000_008.png,C,h0_exc,51,1.5573921,1.5573921,10.375261
51,C_high_BL_0_J000_008.png,C,h0_exc,38,1.3753765,1.3753765,3.9900775
52,C_high_BL_0_J000_008.png,C,h0_exc,34,1.3718343,1.3718343,9.055018
53,C_high_BL_0_J000_008.png,C,h0_exc,57,1.2509289,1.2509289,7.10236
54,C_high_BL_0_J000_008.png,C,h0_exc,15,1.190111,1.190111,16.725876
55,C_high_BL_0_J000_008.png,C,h0_exc,0,1.1681788,1.1681788,11.866425
56,C_high_BL_0_J000_008.png,C,h0_exc,49,1.1326575,1.1326575,10.163654
57,C_high_BL_0_J000_008.png,C,h0_exc,23,1.056393,1.056393,9.550414
58,C_high_BL_0_J000_008.png,C,h0_exc,19,1.0545812,1.0545812,2.769496
59,C_high_BL_0_J000_008.png,C,h0_exc,3,0.9584106,0.9584106,5.2489734
60,C_high_BL_0_J000_008.png,C,h0_exc,37,0.9436523,0.9436523,4.537222
61,C_high_BL_0_J000_008.png,C,h0_exc,63,0.8910413,0.8910413,4.67459
62,C_high_BL_0_J000_008.png,C,h0_exc,20,0.8381282,0.8381282,10.547312
63,C_high_BL_0_J000_008.png,C,h0_exc,40,0.80043465,0.80043465,3.796234
64,C_high_BL_0_J000_008.png,C,h0_exc,29,0.7799521,0.7799521,3.0268846
1,C_high_BL_0_J000_008.png,C,h1_exc,29,5.6762905,5.6762905,41.77797
2,C_high_BL_0_J000_008.png,C,h1_exc,25,5.0948906,5.0948906,34.772823
3,C_high_BL_0_J000_008.png,C,h1_exc,52,4.7834153,4.7834153,10.235479
4,C_high_BL_0_J000_008.png,C,h1_exc,7,4.584316,4.584316,28.954575
5,C_high_BL_0_J000_008.png,C,h1_exc,23,4.502274,4.502274,31.197199
6,C_high_BL_0_J000_008.png,C,h1_exc,78,4.4926977,4.4926977,29.388458
7,C_high_BL_0_J000_008.png,C,h1_exc,72,4.48773,4.48773,38.792793
8,C_high_BL_0_J000_008.png,C,h1_exc,102,4.45672,4.45672,29.259884
9,C_high_BL_0_J000_008.png,C,h1_exc,80,4.3864384,4.3864384,16.711567
10,C_high_BL_0_J000_008.png,C,h1_exc,65,4.3522005,4.3522005,18.640957
11,C_high_BL_0_J000_008.png,C,h1_exc,6,4.037657,4.037657,25.993872
12,C_high_BL_0_J000_008.png,C,h1_exc,98,3.8336499,3.8336499,43.305634
13,C_high_BL_0_J000_008.png,C,h1_exc,37,3.8179476,3.8179476,15.613758
14,C_high_BL_0_J000_008.png,C,h1_exc,92,3.7947793,3.7947793,24.361824
15,C_high_BL_0_J000_008.png,C,h1_exc,45,3.7933838,3.7933838,24.93701
16,C_high_BL_0_J000_008.png,C,h1_exc,28,3.5082831,3.5082831,16.63163
17,C_high_BL_0_J000_008.png,C,h1_exc,121,3.36665,3.36665,22.19862
18,C_high_BL_0_J000_008.png,C,h1_exc,82,3.287091,3.287091,39.32624
19,C_high_BL_0_J000_008.png,C,h1_exc,63,3.2442002,3.2442002,10.607123
20,C_high_BL_0_J000_008.png,C,h1_exc,108,3.2435513,3.2435513,7.9853487
21,C_high_BL_0_J000_008.png,C,h1_exc,48,3.2052953,3.2052953,18.099655
22,C_high_BL_0_J000_008.png,C,h1_exc,94,3.141241,3.141241,16.92307
23,C_high_BL_0_J000_008.png,C,h1_exc,64,3.1362367,3.1362367,23.384193
24,C_high_BL_0_J000_008.png,C,h1_exc,61,3.0584404,3.0584404,29.79686
25,C_high_BL_0_J000_008.png,C,h1_exc,11,3.0524702,3.0524702,104.04702
26,C_high_BL_0_J000_008.png,C,h1_exc,1,2.9884706,2.9884706,10.748943
27,C_high_BL_0_J000_008.png,C,h1_exc,86,2.9158795,2.9158795,30.398422
28,C_high_BL_0_J000_008.png,C,h1_exc,33,2.8936815,2.8936815,7.8886113
29,C_high_BL_0_J000_008.png,C,h1_exc,49,2.8678577,2.8678577,26.473948
30,C_high_BL_0_J000_008.png,C,h1_exc,105,2.853313,2.853313,28.388128
31,C_high_BL_0_J000_008.png,C,h1_exc,22,2.6727862,2.6727862,11.053696
32,C_high_BL_0_J000_008.png,C,h1_exc,40,2.6553745,2.6553745,27.030901
33,C_high_BL_0_J000_008.png,C,h1_exc,47,2.6205077,2.6205077,10.000198
34,C_high_BL_0_J000_008.png,C,h1_exc,100,2.6141815,2.6141815,8.784167
35,C_high_BL_0_J000_008.png,C,h1_exc,13,2.5591335,2.5591335,43.783978
36,C_high_BL_0_J000_008.png,C,h1_exc,55,2.5305572,2.5305572,25.026825
37,C_high_BL_0_J000_008.png,C,h1_exc,58,2.530055,2.530055,10.576884
38,C_high_BL_0_J000_008.png,C,h1_exc,62,2.5113745,2.5113745,17.359858
39,C_high_BL_0_J000_008.png,C,h1_exc,107,2.5093021,2.5093021,6.874466
40,C_high_BL_0_J000_008.png,C,h1_exc,38,2.4876432,2.4876432,5.030024
41,C_high_BL_0_J000_008.png,C,h1_exc,90,2.4481037,2.4481037,19.001627
42,C_high_BL_0_J000_008.png,C,h1_exc,71,2.4292562,2.4292562,6.9077334
43,C_high_BL_0_J000_008.png,C,h1_exc,0,2.3897772,2.3897772,31.704056
44,C_high_BL_0_J000_008.png,C,h1_exc,16,2.3770905,2.3770905,11.220343
45,C_high_BL_0_J000_008.png,C,h1_exc,93,2.3762527,2.3762527,10.276098
46,C_high_BL_0_J000_008.png,C,h1_exc,117,2.3532102,2.3532102,6.16284
47,C_high_BL_0_J000_008.png,C,h1_exc,60,2.3485956,2.3485956,10.510162
48,C_high_BL_0_J000_008.png,C,h1_exc,17,2.2904148,2.2904148,14.34843
49,C_high_BL_0_J000_008.png,C,h1_exc,26,2.2847326,2.2847326,25.340836
50,C_high_BL_0_J000_008.png,C,h1_exc,12,2.2441752,2.2441752,7.703355
51,C_high_BL_0_J000_008.png,C,h1_exc,113,2.2392304,2.2392304,75.8467
52,C_high_BL_0_J000_008.png,C,h1_exc,24,2.2355568,2.2355568,7.3121023
53,C_high_BL_0_J000_008.png,C,h1_exc,87,2.229494,2.229494,14.851742
54,C_high_BL_0_J000_008.png,C,h1_exc,20,2.2139022,2.2139022,21.953842
55,C_high_BL_0_J000_008.png,C,h1_exc,42,2.2125406,2.2125406,5.948837
56,C_high_BL_0_J000_008.png,C,h1_exc,96,2.1749706,2.1749706,12.467399
57,C_high_BL_0_J000_008.png,C,h1_exc,67,2.1475844,2.1475844,10.40426
58,C_high_BL_0_J000_008.png,C,h1_exc,21,2.1315207,2.1315207,31.184467
59,C_high_BL_0_J000_008.png,C,h1_exc,83,2.1269562,2.1269562,17.999989
60,C_high_BL_0_J000_008.png,C,h1_exc,112,2.069393,2.069393,18.479437
61,C_high_BL_0_J000_008.png,C,h1_exc,27,2.0419974,2.0419974,13.394694
62,C_high_BL_0_J000_008.png,C,h1_exc,99,1.938849,1.938849,28.418644
63,C_high_BL_0_J000_008.png,C,h1_exc,104,1.9333919,1.9333919,6.199379
64,C_high_BL_0_J000_008.png,C,h1_exc,54,1.9317193,1.9317193,22.153496
65,C_high_BL_0_J000_008.png,C,h1_exc,31,1.9251676,1.9251676,6.0629606
66,C_high_BL_0_J000_008.png,C,h1_exc,18,1.9209765,1.9209765,7.6639385
67,C_high_BL_0_J000_008.png,C,h1_exc,97,1.9129944,1.9129944,21.089968
68,C_high_BL_0_J000_008.png,C,h1_exc,116,1.9086233,1.9086233,8.441661
69,C_high_BL_0_J000_008.png,C,h1_exc,39,1.9064019,1.9064019,18.664673
70,C_high_BL_0_J000_008.png,C,h1_exc,79,1.9032456,1.9032456,22.127523
71,C_high_BL_0_J000_008.png,C,h1_exc,53,1.8862561,1.8862561,13.673321
72,C_high_BL_0_J000_008.png,C,h1_exc,4,1.8832167,1.8832167,6.6894765
73,C_high_BL_0_J000_008.png,C,h1_exc,125,1.8738762,1.8738762,10.66538
74,C_high_BL_0_J000_008.png,C,h1_exc,19,1.8448144,1.8448144,9.197251
75,C_high_BL_0_J000_008.png,C,h1_exc,74,1.8342878,1.8342878,5.3740525
76,C_high_BL_0_J000_008.png,C,h1_exc,14,1.8313174,1.8313174,12.194904
77,C_high_BL_0_J000_008.png,C,h1_exc,111,1.7924371,1.7924371,7.8094187
78,C_high_BL_0_J000_008.png,C,h1_exc,36,1.7872888,1.7872888,39.912834
79,C_high_BL_0_J000_008.png,C,h1_exc,41,1.76487,1.76487,9.146056
80,C_high_BL_0_J000_008.png,C,h1_exc,68,1.7176297,1.7176297,12.560306
81,C_high_BL_0_J000_008.png,C,h1_exc,109,1.699326,1.699326,10.792776
82,C_high_BL_0_J000_008.png,C,h1_exc,35,1.6955042,1.6955042,29.45549
83,C_high_BL_0_J000_008.png,C,h1_exc,57,1.6878073,1.6878073,11.267683
84,C_high_BL_0_J000_008.png,C,h1_exc,84,1.66968,1.66968,13.635443
85,C_high_BL_0_J000_008.png,C,h1_exc,50,1.6315755,1.6315755,10.070524
86,C_high_BL_0_J000_008.png,C,h1_exc,89,1.6272064,1.6272064,19.505516
87,C_high_BL_0_J000_008.png,C,h1_exc,106,1.6175714,1.6175714,8.003084
88,C_high_BL_0_J000_008.png,C,h1_exc,2,1.5719992,1.5719992,13.961442
89,C_high_BL_0_J000_008.png,C,h1_exc,34,1.5673033,1.5673033,3.8627667
90,C_high_BL_0_J000_008.png,C,h1_exc,15,1.5515113,1.5515113,4.994351
91,C_high_BL_0_J000_008.png,C,h1_exc,75,1.5202041,1.5202041,8.840436
92,C_high_BL_0_J000_008.png,C,h1_exc,3,1.5155774,1.5155774,6.9084997
93,C_high_BL_0_J000_008.png,C,h1_exc,30,1.4427063,1.4427063,3.963475
94,C_high_BL_0_J000_008.png,C,h1_exc,123,1.4286543,1.4286543,8.413474
95,C_high_BL_0_J000_008.png,C,h1_exc,81,1.4126244,1.4126244,11.745265
96,C_high_BL_0_J000_008.png,C,h1_exc,114,1.4083285,1.4083285,4.585493
97,C_high_BL_0_J000_008.png,C,h1_exc,77,1.4025344,1.4025344,4.1130457
98,C_high_BL_0_J000_008.png,C,h1_exc,46,1.3988245,1.3988245,6.2989473
99,C_high_BL_0_J000_008.png,C,h1_exc,110,1.3958544,1.3958544,11.119347
100,C_high_BL_0_J000_008.png,C,h1_exc,126,1.3908271,1.3908271,5.4871645
101,C_high_BL_0_J000_008.png,C,h1_exc,124,1.3475146,1.3475146,14.735321
102,C_high_BL_0_J000_008.png,C,h1_exc,76,1.343756,1.343756,16.85977
103,C_high_BL_0_J000_008.png,C,h1_exc,118,1.3217319,1.3217319,11.777035
104,C_high_BL_0_J000_008.png,C,h1_exc,101,1.3140575,1.3140575,17.677443
105,C_high_BL_0_J000_008.png,C,h1_exc,10,1.2750778,1.2750778,6.5954666
106,C_high_BL_0_J000_008.png,C,h1_exc,127,1.2623928,1.2623928,8.994088
107,C_high_BL_0_J000_008.png,C,h1_exc,66,1.2582046,1.2582046,4.848586
108,C_high_BL_0_J000_008.png,C,h1_exc,70,1.218359,1.218359,3.948729
109,C_high_BL_0_J000_008.png,C,h1_exc,43,1.2071878,1.2071878,8.539354
110,C_high_BL_0_J000_008.png,C,h1_exc,95,1.2049848,1.2049848,5.9221354
111,C_high_BL_0_J000_008.png,C,h1_exc,73,1.1767683,1.1767683,8.755429
112,C_high_BL_0_J000_008.png,C,h1_exc,88,1.1637721,1.1637721,4.192301
113,C_high_BL_0_J000_008.png,C,h1_exc,120,1.1382129,1.1382129,5.1692853
114,C_high_BL_0_J000_008.png,C,h1_exc,85,1.1143743,1.1143743,2.9943562
115,C_high_BL_0_J000_008.png,C,h1_exc,91,1.0751252,1.0751252,3.1734776
116,C_high_BL_0_J000_008.png,C,h1_exc,59,1.0553861,1.0553861,3.1298685
117,C_high_BL_0_J000_008.png,C,h1_exc,32,1.0424066,1.0424066,2.8334417
118,C_high_BL_0_J000_008.png,C,h1_exc,8,0.9768495,0.9768495,7.946719
119,C_high_BL_0_J000_008.png,C,h1_exc,69,0.95170474,0.95170474,4.829955
120,C_high_BL_0_J000_008.png,C,h1_exc,51,0.93338424,0.93338424,11.50917
121,C_high_BL_0_J000_008.png,C,h1_exc,9,0.9113735,0.9113735,9.716122
122,C_high_BL_0_J000_008.png,C,h1_exc,44,0.87111837,0.87111837,14.097353
123,C_high_BL_0_J000_008.png,C,h1_exc,122,0.7742634,0.7742634,2.6341524
124,C_high_BL_0_J000_008.png,C,h1_exc,115,0.7732133,0.7732133,4.5066156
125,C_high_BL_0_J000_008.png,C,h1_exc,119,0.71338254,0.71338254,14.333667
126,C_high_BL_0_J000_008.png,C,h1_exc,56,0.7063162,0.7063162,4.131617
127,C_high_BL_0_J000_008.png,C,h1_exc,5,0.6151834,0.6151834,4.7504706
128,C_high_BL_0_J000_008.png,C,h1_exc,103,0.48405302,0.48405302,7.717278
1,C_high_BL_0_J000_008.png,C,h2_exc,202,11.291896,11.291896,49.443798
2,C_high_BL_0_J000_008.png,C,h2_exc,236,10.804074,10.804074,42.508408
3,C_high_BL_0_J000_008.png,C,h2_exc,97,10.787417,10.787417,74.43066
4,C_high_BL_0_J000_008.png,C,h2_exc,197,9.378161,9.378161,28.978651
5,C_high_BL_0_J000_008.png,C,h2_exc,67,9.096463,9.096463,50.621147
6,C_high_BL_0_J000_008.png,C,h2_exc,189,8.9214325,8.9214325,85.49324
7,C_high_BL_0_J000_008.png,C,h2_exc,238,8.7116995,8.7116995,39.48773
8,C_high_BL_0_J000_008.png,C,h2_exc,95,8.13451,8.13451,44.586437
9,C_high_BL_0_J000_008.png,C,h2_exc,115,7.5417814,7.5417814,45.42153
10,C_high_BL_0_J000_008.png,C,h2_exc,182,7.5123053,7.5123053,102.90643
11,C_high_BL_0_J000_008.png,C,h2_exc,156,7.252724,7.252724,36.27599
12,C_high_BL_0_J000_008.png,C,h2_exc,207,7.2089863,7.2089863,37.770096
13,C_high_BL_0_J000_008.png,C,h2_exc,11,7.097673,7.097673,48.423058
14,C_high_BL_0_J000_008.png,C,h2_exc,35,6.735388,6.735388,32.47462
15,C_high_BL_0_J000_008.png,C,h2_exc,42,6.647392,6.647392,75.55606
16,C_high_BL_0_J000_008.png,C,h2_exc,43,6.332506,6.332506,36.134335
17,C_high_BL_0_J000_008.png,C,h2_exc,20,6.2005825,6.2005825,30.076458
18,C_high_BL_0_J000_008.png,C,h2_exc,141,6.007187,6.007187,27.446177
19,C_high_BL_0_J000_008.png,C,h2_exc,246,5.7854505,5.7854505,117.33194
20,C_high_BL_0_J000_008.png,C,h2_exc,101,5.426436,5.426436,33.96834
21,C_high_BL_0_J000_008.png,C,h2_exc,146,5.3923206,5.3923206,45.52125
22,C_high_BL_0_J000_008.png,C,h2_exc,249,5.221023,5.221023,54.621307
23,C_high_BL_0_J000_008.png,C,h2_exc,147,5.102097,5.102097,28.751001
24,C_high_BL_0_J000_008.png,C,h2_exc,174,4.8481355,4.8481355,25.529263
25,C_high_BL_0_J000_008.png,C,h2_exc,121,4.8374906,4.8374906,57.004963
26,C_high_BL_0_J000_008.png,C,h2_exc,119,4.7936306,4.7936306,68.11575
27,C_high_BL_0_J000_008.png,C,h2_exc,9,4.7929864,4.7929864,24.289215
28,C_high_BL_0_J000_008.png,C,h2_exc,105,4.7055206,4.7055206,86.068535
29,C_high_BL_0_J000_008.png,C,h2_exc,241,4.6411943,4.6411943,41.005554
30,C_high_BL_0_J000_008.png,C,h2_exc,199,4.6143446,4.6143446,33.251213
31,C_high_BL_0_J000_008.png,C,h2_exc,144,4.4994845,4.4994845,45.56241
32,C_high_BL_0_J000_008.png,C,h2_exc,170,4.4982204,4.4982204,39.54251
33,C_high_BL_0_J000_008.png,C,h2_exc,123,4.4165063,4.4165063,38.16609
34,C_high_BL_0_J000_008.png,C,h2_exc,90,4.3921027,4.3921027,41.453674
35,C_high_BL_0_J000_008.png,C,h2_exc,102,4.345952,4.345952,56.328594
36,C_high_BL_0_J000_008.png,C,h2_exc,127,4.3107247,4.3107247,22.352398
37,C_high_BL_0_J000_008.png,C,h2_exc,109,4.2306356,4.2306356,68.06382
38,C_high_BL_0_J000_008.png,C,h2_exc,113,4.1740913,4.1740913,25.303476
39,C_high_BL_0_J000_008.png,C,h2_exc,94,4.1499934,4.1499934,64.06758
40,C_high_BL_0_J000_008.png,C,h2_exc,46,4.1445503,4.1445503,24.052258
41,C_high_BL_0_J000_008.png,C,h2_exc,190,4.139743,4.139743,52.161324
42,C_high_BL_0_J000_008.png,C,h2_exc,33,4.1161156,4.1161156,17.064846
43,C_high_BL_0_J000_008.png,C,h2_exc,200,4.114828,4.114828,68.78406
44,C_high_BL_0_J000_008.png,C,h2_exc,188,4.1065884,4.1065884,120.50363
45,C_high_BL_0_J000_008.png,C,h2_exc,198,3.9564557,3.9564557,7.3963666
46,C_high_BL_0_J000_008.png,C,h2_exc,79,3.8544598,3.8544598,46.45551
47,C_high_BL_0_J000_008.png,C,h2_exc,180,3.8476615,3.8476615,19.849085
48,C_high_BL_0_J000_008.png,C,h2_exc,151,3.8274884,3.8274884,37.40228
49,C_high_BL_0_J000_008.png,C,h2_exc,111,3.6818485,3.6818485,20.675669
50,C_high_BL_0_J000_008.png,C,h2_exc,49,3.5179615,3.5179615,14.464956
51,C_high_BL_0_J000_008.png,C,h2_exc,6,3.516645,3.516645,10.711928
52,C_high_BL_0_J000_008.png,C,h2_exc,204,3.5054274,3.5054274,14.8028345
53,C_high_BL_0_J000_008.png,C,h2_exc,244,3.4773524,3.4773524,23.689907
54,C_high_BL_0_J000_008.png,C,h2_exc,206,3.4679315,3.4679315,6.6595263
55,C_high_BL_0_J000_008.png,C,h2_exc,135,3.4236548,3.4236548,23.810608
56,C_high_BL_0_J000_008.png,C,h2_exc,155,3.4207468,3.4207468,25.061487
57,C_high_BL_0_J000_008.png,C,h2_exc,19,3.4160428,3.4160428,11.71547
58,C_high_BL_0_J000_008.png,C,h2_exc,15,3.3529634,3.3529634,33.000156
59,C_high_BL_0_J000_008.png,C,h2_exc,192,3.3299408,3.3299408,30.367388
60,C_high_BL_0_J000_008.png,C,h2_exc,29,3.3091564,3.3091564,47.728428
61,C_high_BL_0_J000_008.png,C,h2_exc,160,3.2463331,3.2463331,42.89463
62,C_high_BL_0_J000_008.png,C,h2_exc,217,3.2451916,3.2451916,21.779743
63,C_high_BL_0_J000_008.png,C,h2_exc,69,3.2282162,3.2282162,12.313321
64,C_high_BL_0_J000_008.png,C,h2_exc,213,3.1623402,3.1623402,90.71971
65,C_high_BL_0_J000_008.png,C,h2_exc,196,3.1614597,3.1614597,14.049906
66,C_high_BL_0_J000_008.png,C,h2_exc,55,3.0802255,3.0802255,31.343756
67,C_high_BL_0_J000_008.png,C,h2_exc,229,2.9264305,2.9264305,43.63356
68,C_high_BL_0_J000_008.png,C,h2_exc,218,2.8495626,2.8495626,30.139324
69,C_high_BL_0_J000_008.png,C,h2_exc,50,2.844118,2.844118,8.407662
70,C_high_BL_0_J000_008.png,C,h2_exc,179,2.7758498,2.7758498,39.331364
71,C_high_BL_0_J000_008.png,C,h2_exc,76,2.7633362,2.7633362,38.566116
72,C_high_BL_0_J000_008.png,C,h2_exc,88,2.7505279,2.7505279,21.534033
73,C_high_BL_0_J000_008.png,C,h2_exc,215,2.7474601,2.7474601,58.53869
74,C_high_BL_0_J000_008.png,C,h2_exc,51,2.7152555,2.7152555,37.03556
75,C_high_BL_0_J000_008.png,C,h2_exc,125,2.617033,2.617033,47.31545
76,C_high_BL_0_J000_008.png,C,h2_exc,30,2.599789,2.599789,17.995317
77,C_high_BL_0_J000_008.png,C,h2_exc,117,2.5832691,2.5832691,88.19932
78,C_high_BL_0_J000_008.png,C,h2_exc,74,2.5704696,2.5704696,90.79605
79,C_high_BL_0_J000_008.png,C,h2_exc,87,2.5280752,2.5280752,28.6106
80,C_high_BL_0_J000_008.png,C,h2_exc,38,2.527358,2.527358,77.933495
81,C_high_BL_0_J000_008.png,C,h2_exc,139,2.5039947,2.5039947,26.282885
82,C_high_BL_0_J000_008.png,C,h2_exc,114,2.4760509,2.4760509,12.890397
83,C_high_BL_0_J000_008.png,C,h2_exc,120,2.432812,2.432812,28.252073
84,C_high_BL_0_J000_008.png,C,h2_exc,171,2.3872864,2.3872864,16.502514
85,C_high_BL_0_J000_008.png,C,h2_exc,209,2.378893,2.378893,67.66328
86,C_high_BL_0_J000_008.png,C,h2_exc,134,2.3717108,2.3717108,20.687534
87,C_high_BL_0_J000_008.png,C,h2_exc,242,2.3526134,2.3526134,18.689413
88,C_high_BL_0_J000_008.png,C,h2_exc,66,2.3489068,2.3489068,18.653435
89,C_high_BL_0_J000_008.png,C,h2_exc,39,2.3369138,2.3369138,29.946053
90,C_high_BL_0_J000_008.png,C,h2_exc,41,2.3253148,2.3253148,4.013976
91,C_high_BL_0_J000_008.png,C,h2_exc,232,2.280016,2.280016,63.717293
92,C_high_BL_0_J000_008.png,C,h2_exc,36,2.259673,2.259673,6.525176
93,C_high_BL_0_J000_008.png,C,h2_exc,145,2.246949,2.246949,16.179464
94,C_high_BL_0_J000_008.png,C,h2_exc,57,2.2264397,2.2264397,26.71673
95,C_high_BL_0_J000_008.png,C,h2_exc,98,2.1894948,2.1894948,50.05936
96,C_high_BL_0_J000_008.png,C,h2_exc,26,2.1673925,2.1673925,49.149227
97,C_high_BL_0_J000_008.png,C,h2_exc,223,2.166606,2.166606,15.14389
98,C_high_BL_0_J000_008.png,C,h2_exc,165,2.1417837,2.1417837,21.133915
99,C_high_BL_0_J000_008.png,C,h2_exc,240,2.1375577,2.1375577,8.472977
100,C_high_BL_0_J000_008.png,C,h2_exc,124,2.1244764,2.1244764,14.487912
101,C_high_BL_0_J000_008.png,C,h2_exc,253,2.1239977,2.1239977,32.168083
102,C_high_BL_0_J000_008.png,C,h2_exc,219,2.122036,2.122036,14.039096
103,C_high_BL_0_J000_008.png,C,h2_exc,235,2.117031,2.117031,55.19803
104,C_high_BL_0_J000_008.png,C,h2_exc,14,2.1169538,2.1169538,5.8330245
105,C_high_BL_0_J000_008.png,C,h2_exc,58,2.110713,2.110713,13.81535
106,C_high_BL_0_J000_008.png,C,h2_exc,54,2.1039436,2.1039436,8.149639
107,C_high_BL_0_J000_008.png,C,h2_exc,32,2.0856154,2.0856154,19.07882
108,C_high_BL_0_J000_008.png,C,h2_exc,226,2.0667472,2.0667472,26.044724
109,C_high_BL_0_J000_008.png,C,h2_exc,22,2.0486383,2.0486383,21.089296
110,C_high_BL_0_J000_008.png,C,h2_exc,247,2.0181549,2.0181549,74.33937
111,C_high_BL_0_J000_008.png,C,h2_exc,4,2.007159,2.007159,22.550837
112,C_high_BL_0_J000_008.png,C,h2_exc,0,2.0005665,2.0005665,33.22442
113,C_high_BL_0_J000_008.png,C,h2_exc,56,1.9973465,1.9973465,13.71502
114,C_high_BL_0_J000_008.png,C,h2_exc,27,1.9814272,1.9814272,56.958683
115,C_high_BL_0_J000_008.png,C,h2_exc,136,1.9352095,1.9352095,21.41261
116,C_high_BL_0_J000_008.png,C,h2_exc,162,1.9287848,1.9287848,30.195744
117,C_high_BL_0_J000_008.png,C,h2_exc,106,1.9001235,1.9001235,55.507553
118,C_high_BL_0_J000_008.png,C,h2_exc,110,1.8766909,1.8766909,23.974844
119,C_high_BL_0_J000_008.png,C,h2_exc,205,1.8731372,1.8731372,10.393391
120,C_high_BL_0_J000_008.png,C,h2_exc,187,1.8469708,1.8469708,37.040493
121,C_high_BL_0_J000_008.png,C,h2_exc,153,1.842415,1.842415,22.421581
122,C_high_BL_0_J000_008.png,C,h2_exc,203,1.8382022,1.8382022,28.842073
123,C_high_BL_0_J000_008.png,C,h2_exc,148,1.8053802,1.8053802,15.144386
124,C_high_BL_0_J000_008.png,C,h2_exc,149,1.7742101,1.7742101,20.123419
125,C_high_BL_0_J000_008.png,C,h2_exc,72,1.76374,1.76374,20.272377
126,C_high_BL_0_J000_008.png,C,h2_exc,186,1.7606931,1.7606931,20.41088
127,C_high_BL_0_J000_008.png,C,h2_exc,143,1.7509443,1.7509443,35.053852
128,C_high_BL_0_J000_008.png,C,h2_exc,103,1.7381047,1.7381047,7.4180613
129,C_high_BL_0_J000_008.png,C,h2_exc,10,1.7069249,1.7069249,14.404984
130,C_high_BL_0_J000_008.png,C,h2_exc,45,1.6885585,1.6885585,11.164904
131,C_high_BL_0_J000_008.png,C,h2_exc,31,1.6556559,1.6556559,39.309364
132,C_high_BL_0_J000_008.png,C,h2_exc,17,1.6188781,1.6188781,19.764912
133,C_high_BL_0_J000_008.png,C,h2_exc,227,1.6116403,1.6116403,15.78462
134,C_high_BL_0_J000_008.png,C,h2_exc,158,1.6012872,1.6012872,21.39665
135,C_high_BL_0_J000_008.png,C,h2_exc,5,1.5943505,1.5943505,36.667168
136,C_high_BL_0_J000_008.png,C,h2_exc,248,1.5696173,1.5696173,15.931253
137,C_high_BL_0_J000_008.png,C,h2_exc,191,1.5557169,1.5557169,4.6914873
138,C_high_BL_0_J000_008.png,C,h2_exc,23,1.5529724,1.5529724,30.754557
139,C_high_BL_0_J000_008.png,C,h2_exc,131,1.5470036,1.5470036,48.83935
140,C_high_BL_0_J000_008.png,C,h2_exc,53,1.543746,1.543746,11.658956
141,C_high_BL_0_J000_008.png,C,h2_exc,211,1.5313797,1.5313797,25.668198
142,C_high_BL_0_J000_008.png,C,h2_exc,220,1.5167603,1.5167603,34.26871
143,C_high_BL_0_J000_008.png,C,h2_exc,13,1.5150669,1.5150669,30.851217
144,C_high_BL_0_J000_008.png,C,h2_exc,159,1.5043473,1.5043473,27.71214
145,C_high_BL_0_J000_008.png,C,h2_exc,177,1.5008255,1.5008255,40.001625
146,C_high_BL_0_J000_008.png,C,h2_exc,73,1.4990976,1.4990976,21.893545
147,C_high_BL_0_J000_008.png,C,h2_exc,154,1.474711,1.474711,27.81082
148,C_high_BL_0_J000_008.png,C,h2_exc,129,1.4708668,1.4708668,23.859613
149,C_high_BL_0_J000_008.png,C,h2_exc,99,1.4626919,1.4626919,32.76793
150,C_high_BL_0_J000_008.png,C,h2_exc,83,1.4599051,1.4599051,15.2529545
151,C_high_BL_0_J000_008.png,C,h2_exc,116,1.4475821,1.4475821,49.456856
152,C_high_BL_0_J000_008.png,C,h2_exc,251,1.4452802,1.4452802,10.880395
153,C_high_BL_0_J000_008.png,C,h2_exc,185,1.4273549,1.4273549,12.650492
154,C_high_BL_0_J000_008.png,C,h2_exc,65,1.399576,1.399576,26.774763
155,C_high_BL_0_J000_008.png,C,h2_exc,24,1.3903458,1.3903458,11.248605
156,C_high_BL_0_J000_008.png,C,h2_exc,100,1.384902,1.384902,8.624039
157,C_high_BL_0_J000_008.png,C,h2_exc,21,1.3818115,1.3818115,24.848976
158,C_high_BL_0_J000_008.png,C,h2_exc,1,1.3807293,1.3807293,29.45439
159,C_high_BL_0_J000_008.png,C,h2_exc,59,1.3795896,1.3795896,11.442758
160,C_high_BL_0_J000_008.png,C,h2_exc,78,1.3695691,1.3695691,51.423016
161,C_high_BL_0_J000_008.png,C,h2_exc,195,1.3631498,1.3631498,22.112349
162,C_high_BL_0_J000_008.png,C,h2_exc,75,1.356677,1.356677,30.152208
163,C_high_BL_0_J000_008.png,C,h2_exc,48,1.3408613,1.3408613,32.572075
164,C_high_BL_0_J000_008.png,C,h2_exc,80,1.3408469,1.3408469,12.422396
165,C_high_BL_0_J000_008.png,C,h2_exc,133,1.3390201,1.3390201,10.123887
166,C_high_BL_0_J000_008.png,C,h2_exc,152,1.3251698,1.3251698,9.424419
167,C_high_BL_0_J000_008.png,C,h2_exc,89,1.2807957,1.2807957,25.881678
168,C_high_BL_0_J000_008.png,C,h2_exc,178,1.2731538,1.2731538,95.54743
169,C_high_BL_0_J000_008.png,C,h2_exc,255,1.26358,1.26358,17.749771
170,C_high_BL_0_J000_008.png,C,h2_exc,239,1.2609955,1.2609955,14.538898
171,C_high_BL_0_J000_008.png,C,h2_exc,194,1.2598703,1.2598703,11.4404955
172,C_high_BL_0_J000_008.png,C,h2_exc,86,1.249519,1.249519,24.58549
173,C_high_BL_0_J000_008.png,C,h2_exc,128,1.247551,1.247551,18.7672
174,C_high_BL_0_J000_008.png,C,h2_exc,91,1.2445147,1.2445147,3.9723215
175,C_high_BL_0_J000_008.png,C,h2_exc,208,1.2203451,1.2203451,39.444992
176,C_high_BL_0_J000_008.png,C,h2_exc,25,1.2124215,1.2124215,35.85133
177,C_high_BL_0_J000_008.png,C,h2_exc,122,1.1840568,1.1840568,5.914236
178,C_high_BL_0_J000_008.png,C,h2_exc,164,1.183397,1.183397,20.65089
179,C_high_BL_0_J000_008.png,C,h2_exc,63,1.176372,1.176372,28.703863
180,C_high_BL_0_J000_008.png,C,h2_exc,167,1.1665289,1.1665289,45.60559
181,C_high_BL_0_J000_008.png,C,h2_exc,107,1.1627569,1.1627569,2.4459617
182,C_high_BL_0_J000_008.png,C,h2_exc,61,1.1426963,1.1426963,6.4406657
183,C_high_BL_0_J000_008.png,C,h2_exc,250,1.135683,1.135683,21.590027
184,C_high_BL_0_J000_008.png,C,h2_exc,77,1.1348953,1.1348953,7.7309856
185,C_high_BL_0_J000_008.png,C,h2_exc,237,1.1143489,1.1143489,43.89204
186,C_high_BL_0_J000_008.png,C,h2_exc,68,1.0897943,1.0897943,9.729144
187,C_high_BL_0_J000_008.png,C,h2_exc,12,1.0846199,1.0846199,14.53654
188,C_high_BL_0_J000_008.png,C,h2_exc,81,1.0839627,1.0839627,4.460101
189,C_high_BL_0_J000_008.png,C,h2_exc,84,1.0800773,1.0800773,42.42421
190,C_high_BL_0_J000_008.png,C,h2_exc,3,1.0740224,1.0740224,5.455394
191,C_high_BL_0_J000_008.png,C,h2_exc,37,1.0658592,1.0658592,49.63109
192,C_high_BL_0_J000_008.png,C,h2_exc,172,1.0519601,1.0519601,18.841661
193,C_high_BL_0_J000_008.png,C,h2_exc,168,1.0487856,1.0487856,27.507132
194,C_high_BL_0_J000_008.png,C,h2_exc,93,1.0377587,1.0377587,122.15582
195,C_high_BL_0_J000_008.png,C,h2_exc,47,1.0236605,1.0236605,29.266584
196,C_high_BL_0_J000_008.png,C,h2_exc,92,1.0186696,1.0186696,17.54247
197,C_high_BL_0_J000_008.png,C,h2_exc,201,1.0184448,1.0184448,21.7156
198,C_high_BL_0_J000_008.png,C,h2_exc,142,1.0171819,1.0171819,20.848358
199,C_high_BL_0_J000_008.png,C,h2_exc,157,1.0051503,1.0051503,26.101694
200,C_high_BL_0_J000_008.png,C,h2_exc,254,0.9934481,0.9934481,5.453539
201,C_high_BL_0_J000_008.png,C,h2_exc,18,0.9626116,0.9626116,15.643155
202,C_high_BL_0_J000_008.png,C,h2_exc,138,0.92085385,0.92085385,28.836359
203,C_high_BL_0_J000_008.png,C,h2_exc,230,0.9118933,0.9118933,12.846687
204,C_high_BL_0_J000_008.png,C,h2_exc,184,0.9109601,0.9109601,17.671934
205,C_high_BL_0_J000_008.png,C,h2_exc,71,0.8931125,0.8931125,16.094507
206,C_high_BL_0_J000_008.png,C,h2_exc,252,0.88216865,0.88216865,12.5328045
207,C_high_BL_0_J000_008.png,C,h2_exc,176,0.8811163,0.8811163,9.923328
208,C_high_BL_0_J000_008.png,C,h2_exc,163,0.8567903,0.8567903,8.868086
209,C_high_BL_0_J000_008.png,C,h2_exc,210,0.85204256,0.85204256,21.721306
210,C_high_BL_0_J000_008.png,C,h2_exc,8,0.8471957,0.8471957,6.427204
211,C_high_BL_0_J000_008.png,C,h2_exc,126,0.842742,0.842742,3.9414208
212,C_high_BL_0_J000_008.png,C,h2_exc,245,0.8224171,0.8224171,14.191828
213,C_high_BL_0_J000_008.png,C,h2_exc,212,0.81105286,0.81105286,24.684948
214,C_high_BL_0_J000_008.png,C,h2_exc,118,0.8091536,0.8091536,5.711756
215,C_high_BL_0_J000_008.png,C,h2_exc,216,0.8048077,0.8048077,35.31459
216,C_high_BL_0_J000_008.png,C,h2_exc,173,0.79758936,0.79758936,18.733603
217,C_high_BL_0_J000_008.png,C,h2_exc,130,0.78791994,0.78791994,7.1293616
218,C_high_BL_0_J000_008.png,C,h2_exc,193,0.78235626,0.78235626,11.586758
219,C_high_BL_0_J000_008.png,C,h2_exc,132,0.7819736,0.7819736,6.387081
220,C_high_BL_0_J000_008.png,C,h2_exc,161,0.7804397,0.7804397,34.431877
221,C_high_BL_0_J000_008.png,C,h2_exc,82,0.77657926,0.77657926,5.5685415
222,C_high_BL_0_J000_008.png,C,h2_exc,140,0.7645253,0.7645253,3.5013895
223,C_high_BL_0_J000_008.png,C,h2_exc,166,0.7435755,0.7435755,8.325602
224,C_high_BL_0_J000_008.png,C,h2_exc,28,0.73112833,0.73112833,42.848927
225,C_high_BL_0_J000_008.png,C,h2_exc,224,0.718946,0.718946,10.174982
226,C_high_BL_0_J000_008.png,C,h2_exc,228,0.71241045,0.71241045,8.411565
227,C_high_BL_0_J000_008.png,C,h2_exc,44,0.69802094,0.69802094,6.809344
228,C_high_BL_0_J000_008.png,C,h2_exc,2,0.6925728,0.6925728,41.426144
229,C_high_BL_0_J000_008.png,C,h2_exc,221,0.674781,0.674781,5.539813
230,C_high_BL_0_J000_008.png,C,h2_exc,225,0.66494536,0.66494536,18.203184
231,C_high_BL_0_J000_008.png,C,h2_exc,16,0.6551836,0.6551836,53.79848
232,C_high_BL_0_J000_008.png,C,h2_exc,60,0.6495054,0.6495054,17.314287
233,C_high_BL_0_J000_008.png,C,h2_exc,62,0.61791813,0.61791813,3.9097128
234,C_high_BL_0_J000_008.png,C,h2_exc,104,0.6104474,0.6104474,10.0169935
235,C_high_BL_0_J000_008.png,C,h2_exc,181,0.59776086,0.59776086,5.825255
236,C_high_BL_0_J000_008.png,C,h2_exc,150,0.58857614,0.58857614,26.204546
237,C_high_BL_0_J000_008.png,C,h2_exc,64,0.57341576,0.57341576,4.5171924
238,C_high_BL_0_J000_008.png,C,h2_exc,234,0.5096395,0.5096395,19.693998
239,C_high_BL_0_J000_008.png,C,h2_exc,214,0.5004844,0.5004844,8.839275
240,C_high_BL_0_J000_008.png,C,h2_exc,243,0.48576972,0.48576972,5.2398305
241,C_high_BL_0_J000_008.png,C,h2_exc,70,0.4582753,0.4582753,3.4443605
242,C_high_BL_0_J000_008.png,C,h2_exc,34,0.4513172,0.4513172,34.342033
243,C_high_BL_0_J000_008.png,C,h2_exc,112,0.44729137,0.44729137,25.620132
244,C_high_BL_0_J000_008.png,C,h2_exc,233,0.43784675,0.43784675,11.81348
245,C_high_BL_0_J000_008.png,C,h2_exc,137,0.407781,0.407781,6.897278
246,C_high_BL_0_J000_008.png,C,h2_exc,169,0.387845,0.387845,1.155375
247,C_high_BL_0_J000_008.png,C,h2_exc,96,0.36034897,0.36034897,2.4277365
248,C_high_BL_0_J000_008.png,C,h2_exc,175,0.34862056,0.34862056,1.2011417
249,C_high_BL_0_J000_008.png,C,h2_exc,222,0.34803718,0.34803718,25.227003
250,C_high_BL_0_J000_008.png,C,h2_exc,231,0.3289349,0.3289349,9.902842
251,C_high_BL_0_J000_008.png,C,h2_exc,52,0.29214826,0.29214826,10.541922
252,C_high_BL_0_J000_008.png,C,h2_exc,183,0.28684407,0.28684407,1.8455611
253,C_high_BL_0_J000_008.png,C,h2_exc,40,0.26924798,0.26924798,23.559402
254,C_high_BL_0_J000_008.png,C,h2_exc,108,0.17713587,0.17713587,16.922747
255,C_high_BL_0_J000_008.png,C,h2_exc,85,0.14453748,0.14453748,8.021376
256,C_high_BL_0_J000_008.png,C,h2_exc,7,0.047132254,0.047132254,0.42202762
1,C_high_BL_0_J000_008.png,C,h3_exc,54,723.5248,723.5248,1717.2903
2,C_high_BL_0_J000_008.png,C,h3_exc,226,563.5364,563.5364,1687.9713
3,C_high_BL_0_J000_008.png,C,h3_exc,246,462.51773,462.51773,1453.1699
4,C_high_BL_0_J000_008.png,C,h3_exc,14,458.8126,458.8126,1610.7415
5,C_high_BL_0_J000_008.png,C,h3_exc,51,431.6617,431.6617,1123.7856
6,C_high_BL_0_J000_008.png,C,h3_exc,389,426.16446,426.16446,1227.5406
7,C_high_BL_0_J000_008.png,C,h3_exc,420,402.95688,402.95688,1417.392
8,C_high_BL_0_J000_008.png,C,h3_exc,388,346.9291,346.9291,873.81177
9,C_high_BL_0_J000_008.png,C,h3_exc,280,324.07355,324.07355,715.71655
10,C_high_BL_0_J000_008.png,C,h3_exc,485,307.64832,307.64832,854.87384
11,C_high_BL_0_J000_008.png,C,h3_exc,26,304.25623,304.25623,1124.2228
12,C_high_BL_0_J000_008.png,C,h3_exc,435,303.2739,303.2739,953.5605
13,C_high_BL_0_J000_008.png,C,h3_exc,133,287.68475,287.68475,1219.6062
14,C_high_BL_0_J000_008.png,C,h3_exc,476,200.98544,200.98544,931.1965
15,C_high_BL_0_J000_008.png,C,h3_exc,373,199.10266,199.10266,1200.864
16,C_high_BL_0_J000_008.png,C,h3_exc,385,194.89641,194.89641,701.09534
17,C_high_BL_0_J000_008.png,C,h3_exc,311,185.56596,185.56596,793.263
18,C_high_BL_0_J000_008.png,C,h3_exc,184,179.49947,179.49947,573.66675
19,C_high_BL_0_J000_008.png,C,h3_exc,487,178.6459,178.6459,632.1446
20,C_high_BL_0_J000_008.png,C,h3_exc,39,178.20723,178.20723,475.9357
21,C_high_BL_0_J000_008.png,C,h3_exc,341,168.14357,168.14357,644.484
22,C_high_BL_0_J000_008.png,C,h3_exc,383,168.10532,168.10532,1212.4314
23,C_high_BL_0_J000_008.png,C,h3_exc,66,163.95761,163.95761,500.80078
24,C_high_BL_0_J000_008.png,C,h3_exc,480,148.03996,148.03996,395.55853
25,C_high_BL_0_J000_008.png,C,h3_exc,453,141.4181,141.4181,635.52704
26,C_high_BL_0_J000_008.png,C,h3_exc,292,137.8742,137.8742,697.07263
27,C_high_BL_0_J000_008.png,C,h3_exc,236,129.71179,129.71179,476.9572
28,C_high_BL_0_J000_008.png,C,h3_exc,263,128.17444,128.17444,705.39764
29,C_high_BL_0_J000_008.png,C,h3_exc,510,114.01894,114.01894,582.1855
30,C_high_BL_0_J000_008.png,C,h3_exc,23,112.206604,112.206604,546.6343
31,C_high_BL_0_J000_008.png,C,h3_exc,89,110.139885,110.139885,1079.2452
32,C_high_BL_0_J000_008.png,C,h3_exc,177,92.7977,92.7977,729.18304
33,C_high_BL_0_J000_008.png,C,h3_exc,446,92.37295,92.37295,353.5472
34,C_high_BL_0_J000_008.png,C,h3_exc,424,88.253235,88.253235,348.2284
35,C_high_BL_0_J000_008.png,C,h3_exc,404,86.084335,86.084335,637.1664
36,C_high_BL_0_J000_008.png,C,h3_exc,117,85.93454,85.93454,410.40515
37,C_high_BL_0_J000_008.png,C,h3_exc,497,84.260254,84.260254,290.87357
38,C_high_BL_0_J000_008.png,C,h3_exc,172,80.5253,80.5253,327.72226
39,C_high_BL_0_J000_008.png,C,h3_exc,362,78.90472,78.90472,373.11053
40,C_high_BL_0_J000_008.png,C,h3_exc,38,74.68428,74.68428,468.51547
41,C_high_BL_0_J000_008.png,C,h3_exc,78,73.590485,73.590485,509.57074
42,C_high_BL_0_J000_008.png,C,h3_exc,181,70.669464,70.669464,421.54453
43,C_high_BL_0_J000_008.png,C,h3_exc,367,67.78527,67.78527,729.30273
44,C_high_BL_0_J000_008.png,C,h3_exc,473,65.54507,65.54507,227.56656
45,C_high_BL_0_J000_008.png,C,h3_exc,285,64.00099,64.00099,186.20634
46,C_high_BL_0_J000_008.png,C,h3_exc,67,62.254013,62.254013,373.5365
47,C_high_BL_0_J000_008.png,C,h3_exc,456,57.949028,57.949028,525.6719
48,C_high_BL_0_J000_008.png,C,h3_exc,147,55.746265,55.746265,459.86765
49,C_high_BL_0_J000_008.png,C,h3_exc,262,54.95067,54.95067,315.38647
50,C_high_BL_0_J000_008.png,C,h3_exc,73,52.501022,52.501022,352.17133
51,C_high_BL_0_J000_008.png,C,h3_exc,371,48.355423,48.355423,163.96536
52,C_high_BL_0_J000_008.png,C,h3_exc,253,43.65212,43.65212,494.64734
53,C_high_BL_0_J000_008.png,C,h3_exc,243,42.97951,42.97951,269.03937
54,C_high_BL_0_J000_008.png,C,h3_exc,375,41.176617,41.176617,480.32098
55,C_high_BL_0_J000_008.png,C,h3_exc,68,40.517975,40.517975,374.5601
56,C_high_BL_0_J000_008.png,C,h3_exc,83,40.494385,40.494385,315.7029
57,C_high_BL_0_J000_008.png,C,h3_exc,185,40.210106,40.210106,440.14758
58,C_high_BL_0_J000_008.png,C,h3_exc,323,38.355755,38.355755,182.2767
59,C_high_BL_0_J000_008.png,C,h3_exc,130,38.320034,38.320034,67.55752
60,C_high_BL_0_J000_008.png,C,h3_exc,90,38.12343,38.12343,132.34612
61,C_high_BL_0_J000_008.png,C,h3_exc,269,37.93561,37.93561,281.66238
62,C_high_BL_0_J000_008.png,C,h3_exc,314,35.016857,35.016857,341.49518
63,C_high_BL_0_J000_008.png,C,h3_exc,448,34.320446,34.320446,66.18506
64,C_high_BL_0_J000_008.png,C,h3_exc,369,31.994436,31.994436,503.386
65,C_high_BL_0_J000_008.png,C,h3_exc,279,31.749018,31.749018,103.50599
66,C_high_BL_0_J000_008.png,C,h3_exc,166,31.682741,31.682741,196.0094
67,C_high_BL_0_J000_008.png,C,h3_exc,366,30.949722,30.949722,132.09926
68,C_high_BL_0_J000_008.png,C,h3_exc,176,30.082308,30.082308,433.27707
69,C_high_BL_0_J000_008.png,C,h3_exc,319,29.292622,29.292622,329.47775
70,C_high_BL_0_J000_008.png,C,h3_exc,121,29.120256,29.120256,275.01352
71,C_high_BL_0_J000_008.png,C,h3_exc,60,25.574013,25.574013,205.9528
72,C_high_BL_0_J000_008.png,C,h3_exc,120,24.44156,24.44156,91.32188
73,C_high_BL_0_J000_008.png,C,h3_exc,143,23.074308,23.074308,76.92198
74,C_high_BL_0_J000_008.png,C,h3_exc,12,23.067446,23.067446,298.73337
75,C_high_BL_0_J000_008.png,C,h3_exc,393,22.007256,22.007256,184.59688
76,C_high_BL_0_J000_008.png,C,h3_exc,126,20.819998,20.819998,50.5838
77,C_high_BL_0_J000_008.png,C,h3_exc,139,20.628284,20.628284,398.88165
78,C_high_BL_0_J000_008.png,C,h3_exc,302,19.135536,19.135536,202.73619
79,C_high_BL_0_J000_008.png,C,h3_exc,454,19.090235,19.090235,692.7475
80,C_high_BL_0_J000_008.png,C,h3_exc,199,18.867002,18.867002,37.495827
81,C_high_BL_0_J000_008.png,C,h3_exc,298,18.789623,18.789623,314.10095
82,C_high_BL_0_J000_008.png,C,h3_exc,297,18.028162,18.028162,55.918903
83,C_high_BL_0_J000_008.png,C,h3_exc,410,17.420366,17.420366,37.2682
84,C_high_BL_0_J000_008.png,C,h3_exc,267,17.263004,17.263004,184.89774
85,C_high_BL_0_J000_008.png,C,h3_exc,256,16.880451,16.880451,93.47845
86,C_high_BL_0_J000_008.png,C,h3_exc,468,16.79499,16.79499,32.05244
87,C_high_BL_0_J000_008.png,C,h3_exc,506,16.277504,16.277504,48.000828
88,C_high_BL_0_J000_008.png,C,h3_exc,419,16.261162,16.261162,126.69467
89,C_high_BL_0_J000_008.png,C,h3_exc,272,15.725345,15.725345,188.48083
90,C_high_BL_0_J000_008.png,C,h3_exc,428,15.662671,15.662671,93.75985
91,C_high_BL_0_J000_008.png,C,h3_exc,94,15.575678,15.575678,304.06772
92,C_high_BL_0_J000_008.png,C,h3_exc,101,15.420472,15.420472,491.4595
93,C_high_BL_0_J000_008.png,C,h3_exc,20,15.267256,15.267256,149.05722
94,C_high_BL_0_J000_008.png,C,h3_exc,505,14.525294,14.525294,24.25128
95,C_high_BL_0_J000_008.png,C,h3_exc,401,14.162449,14.162449,223.77905
96,C_high_BL_0_J000_008.png,C,h3_exc,10,13.81328,13.81328,490.20734
97,C_high_BL_0_J000_008.png,C,h3_exc,329,13.1749525,13.1749525,38.469296
98,C_high_BL_0_J000_008.png,C,h3_exc,100,13.14017,13.14017,199.4341
99,C_high_BL_0_J000_008.png,C,h3_exc,202,12.47218,12.47218,33.64372
100,C_high_BL_0_J000_008.png,C,h3_exc,406,12.405331,12.405331,110.84677
101,C_high_BL_0_J000_008.png,C,h3_exc,222,12.390913,12.390913,26.175621
102,C_high_BL_0_J000_008.png,C,h3_exc,413,12.318363,12.318363,155.15857
103,C_high_BL_0_J000_008.png,C,h3_exc,462,12.225703,12.225703,76.4442
104,C_high_BL_0_J000_008.png,C,h3_exc,283,12.184034,12.184034,364.7899
105,C_high_BL_0_J000_008.png,C,h3_exc,251,12.013807,12.013807,118.21169
106,C_high_BL_0_J000_008.png,C,h3_exc,271,11.648443,11.648443,170.09717
107,C_high_BL_0_J000_008.png,C,h3_exc,427,11.602072,11.602072,44.02533
108,C_high_BL_0_J000_008.png,C,h3_exc,439,11.573223,11.573223,172.34035
109,C_high_BL_0_J000_008.png,C,h3_exc,340,11.144857,11.144857,78.201614
110,C_high_BL_0_J000_008.png,C,h3_exc,403,11.001778,11.001778,26.650269
111,C_high_BL_0_J000_008.png,C,h3_exc,5,10.971535,10.971535,90.25887
112,C_high_BL_0_J000_008.png,C,h3_exc,293,10.764502,10.764502,528.1886
113,C_high_BL_0_J000_008.png,C,h3_exc,169,10.645268,10.645268,96.26389
114,C_high_BL_0_J000_008.png,C,h3_exc,227,10.266461,10.266461,360.66406
115,C_high_BL_0_J000_008.png,C,h3_exc,415,10.220753,10.220753,136.54169
116,C_high_BL_0_J000_008.png,C,h3_exc,290,10.188336,10.188336,181.46799
117,C_high_BL_0_J000_008.png,C,h3_exc,434,9.983915,9.983915,108.86568
118,C_high_BL_0_J000_008.png,C,h3_exc,46,9.394071,9.394071,109.03877
119,C_high_BL_0_J000_008.png,C,h3_exc,3,9.332685,9.332685,30.749245
120,C_high_BL_0_J000_008.png,C,h3_exc,433,9.14959,9.14959,30.202946
121,C_high_BL_0_J000_008.png,C,h3_exc,461,8.842396,8.842396,43.202747
122,C_high_BL_0_J000_008.png,C,h3_exc,396,8.710559,8.710559,25.484499
123,C_high_BL_0_J000_008.png,C,h3_exc,466,8.437488,8.437488,138.0312
124,C_high_BL_0_J000_008.png,C,h3_exc,255,8.37991,8.37991,269.71173
125,C_high_BL_0_J000_008.png,C,h3_exc,163,7.9296026,7.9296026,63.833008
126,C_high_BL_0_J000_008.png,C,h3_exc,504,7.8542495,7.8542495,16.9566
127,C_high_BL_0_J000_008.png,C,h3_exc,442,7.8018956,7.8018956,29.801601
128,C_high_BL_0_J000_008.png,C,h3_exc,460,7.7463713,7.7463713,86.71425
129,C_high_BL_0_J000_008.png,C,h3_exc,503,7.7165356,7.7165356,246.19731
130,C_high_BL_0_J000_008.png,C,h3_exc,4,7.68888,7.68888,15.229692
131,C_high_BL_0_J000_008.png,C,h3_exc,55,7.6583056,7.6583056,24.978706
132,C_high_BL_0_J000_008.png,C,h3_exc,211,7.4953833,7.4953833,51.845337
133,C_high_BL_0_J000_008.png,C,h3_exc,260,7.3874846,7.3874846,395.67056
134,C_high_BL_0_J000_008.png,C,h3_exc,72,7.3147154,7.3147154,152.92137
135,C_high_BL_0_J000_008.png,C,h3_exc,261,7.297326,7.297326,107.92559
136,C_high_BL_0_J000_008.png,C,h3_exc,128,7.289719,7.289719,32.275936
137,C_high_BL_0_J000_008.png,C,h3_exc,306,7.2353997,7.2353997,20.76173
138,C_high_BL_0_J000_008.png,C,h3_exc,57,7.159287,7.159287,34.413406
139,C_high_BL_0_J000_008.png,C,h3_exc,430,7.029892,7.029892,169.56877
140,C_high_BL_0_J000_008.png,C,h3_exc,431,6.817019,6.817019,30.858067
141,C_high_BL_0_J000_008.png,C,h3_exc,282,6.717204,6.717204,15.385322
142,C_high_BL_0_J000_008.png,C,h3_exc,374,6.6234574,6.6234574,146.50542
143,C_high_BL_0_J000_008.png,C,h3_exc,426,6.454629,6.454629,28.820763
144,C_high_BL_0_J000_008.png,C,h3_exc,324,6.4157243,6.4157243,56.130676
145,C_high_BL_0_J000_008.png,C,h3_exc,304,6.4040937,6.4040937,13.927694
146,C_high_BL_0_J000_008.png,C,h3_exc,493,6.313954,6.313954,299.77753
147,C_high_BL_0_J000_008.png,C,h3_exc,359,6.2182035,6.2182035,23.068933
148,C_high_BL_0_J000_008.png,C,h3_exc,85,5.896391,5.896391,24.28101
149,C_high_BL_0_J000_008.png,C,h3_exc,312,5.894997,5.894997,23.758593
150,C_high_BL_0_J000_008.png,C,h3_exc,445,5.676989,5.676989,14.272398
151,C_high_BL_0_J000_008.png,C,h3_exc,153,5.4062486,5.4062486,57.79626
152,C_high_BL_0_J000_008.png,C,h3_exc,28,5.296388,5.296388,37.323345
153,C_high_BL_0_J000_008.png,C,h3_exc,230,5.2807155,5.2807155,20.047594
154,C_high_BL_0_J000_008.png,C,h3_exc,343,5.0788136,5.0788136,11.155992
155,C_high_BL_0_J000_008.png,C,h3_exc,423,5.052314,5.052314,31.771564
156,C_high_BL_0_J000_008.png,C,h3_exc,318,4.935583,4.935583,15.260466
157,C_high_BL_0_J000_008.png,C,h3_exc,156,4.9286366,4.9286366,13.852011
158,C_high_BL_0_J000_008.png,C,h3_exc,33,4.915293,4.915293,13.065345
159,C_high_BL_0_J000_008.png,C,h3_exc,499,4.879187,4.879187,78.65314
160,C_high_BL_0_J000_008.png,C,h3_exc,239,4.7530174,4.7530174,97.22339
161,C_high_BL_0_J000_008.png,C,h3_exc,158,4.7162733,4.7162733,41.322346
162,C_high_BL_0_J000_008.png,C,h3_exc,119,4.6858196,4.6858196,370.42908
163,C_high_BL_0_J000_008.png,C,h3_exc,36,4.5951166,4.5951166,29.016111
164,C_high_BL_0_J000_008.png,C,h3_exc,463,4.5757084,4.5757084,13.462681
165,C_high_BL_0_J000_008.png,C,h3_exc,316,4.5299406,4.5299406,15.627795
166,C_high_BL_0_J000_008.png,C,h3_exc,478,4.525456,4.525456,138.92842
167,C_high_BL_0_J000_008.png,C,h3_exc,218,4.3468633,4.3468633,8.758785
168,C_high_BL_0_J000_008.png,C,h3_exc,313,4.301846,4.301846,19.511316
169,C_high_BL_0_J000_008.png,C,h3_exc,411,4.2974653,4.2974653,16.72087
170,C_high_BL_0_J000_008.png,C,h3_exc,225,4.2608423,4.2608423,7.2012835
171,C_high_BL_0_J000_008.png,C,h3_exc,248,4.2177243,4.2177243,13.787353
172,C_high_BL_0_J000_008.png,C,h3_exc,105,4.0698977,4.0698977,9.612135
173,C_high_BL_0_J000_008.png,C,h3_exc,231,3.9613488,3.9613488,5.323323
174,C_high_BL_0_J000_008.png,C,h3_exc,496,3.8762755,3.8762755,6.8020554
175,C_high_BL_0_J000_008.png,C,h3_exc,391,3.8298142,3.8298142,12.060157
176,C_high_BL_0_J000_008.png,C,h3_exc,303,3.785069,3.785069,32.99063
177,C_high_BL_0_J000_008.png,C,h3_exc,132,3.639025,3.639025,4.801606
178,C_high_BL_0_J000_008.png,C,h3_exc,502,3.4337933,3.4337933,21.022787
179,C_high_BL_0_J000_008.png,C,h3_exc,370,3.3940537,3.3940537,21.221079
180,C_high_BL_0_J000_008.png,C,h3_exc,372,3.379401,3.379401,192.4079
181,C_high_BL_0_J000_008.png,C,h3_exc,193,3.2748666,3.2748666,7.4440937
182,C_high_BL_0_J000_008.png,C,h3_exc,360,3.260404,3.260404,6.920132
183,C_high_BL_0_J000_008.png,C,h3_exc,348,3.258609,3.258609,8.278086
184,C_high_BL_0_J000_008.png,C,h3_exc,82,3.2585006,3.2585006,28.248554
185,C_high_BL_0_J000_008.png,C,h3_exc,436,3.2464285,3.2464285,6.0389376
186,C_high_BL_0_J000_008.png,C,h3_exc,145,3.2374887,3.2374887,30.169436
187,C_high_BL_0_J000_008.png,C,h3_exc,447,3.2342434,3.2342434,14.402999
188,C_high_BL_0_J000_008.png,C,h3_exc,417,3.2226288,3.2226288,6.5642414
189,C_high_BL_0_J000_008.png,C,h3_exc,165,3.2123797,3.2123797,76.642746
190,C_high_BL_0_J000_008.png,C,h3_exc,58,3.2115726,3.2115726,70.35637
191,C_high_BL_0_J000_008.png,C,h3_exc,498,3.208689,3.208689,7.8724327
192,C_high_BL_0_J000_008.png,C,h3_exc,2,3.185399,3.185399,13.14118
193,C_high_BL_0_J000_008.png,C,h3_exc,438,3.1670256,3.1670256,10.2865715
194,C_high_BL_0_J000_008.png,C,h3_exc,327,3.1087759,3.1087759,10.685174
195,C_high_BL_0_J000_008.png,C,h3_exc,224,3.1037443,3.1037443,5.88496
196,C_high_BL_0_J000_008.png,C,h3_exc,469,3.0254157,3.0254157,112.20074
197,C_high_BL_0_J000_008.png,C,h3_exc,174,3.0037143,3.0037143,5.594406
198,C_high_BL_0_J000_008.png,C,h3_exc,258,2.9861994,2.9861994,12.319638
199,C_high_BL_0_J000_008.png,C,h3_exc,49,2.9808395,2.9808395,183.37234
200,C_high_BL_0_J000_008.png,C,h3_exc,98,2.9781222,2.9781222,18.496727
201,C_high_BL_0_J000_008.png,C,h3_exc,175,2.902508,2.902508,4.818867
202,C_high_BL_0_J000_008.png,C,h3_exc,213,2.88424,2.88424,17.996004
203,C_high_BL_0_J000_008.png,C,h3_exc,104,2.871714,2.871714,111.49312
204,C_high_BL_0_J000_008.png,C,h3_exc,30,2.8652816,2.8652816,87.49978
205,C_high_BL_0_J000_008.png,C,h3_exc,129,2.8305678,2.8305678,6.880773
206,C_high_BL_0_J000_008.png,C,h3_exc,353,2.8209927,2.8209927,7.8651304
207,C_high_BL_0_J000_008.png,C,h3_exc,335,2.7899354,2.7899354,24.056488
208,C_high_BL_0_J000_008.png,C,h3_exc,450,2.7787695,2.7787695,9.407101
209,C_high_BL_0_J000_008.png,C,h3_exc,171,2.7434874,2.7434874,4.3550014
210,C_high_BL_0_J000_008.png,C,h3_exc,206,2.7106836,2.7106836,42.392395
211,C_high_BL_0_J000_008.png,C,h3_exc,179,2.7101374,2.7101374,11.156107
212,C_high_BL_0_J000_008.png,C,h3_exc,212,2.673365,2.673365,18.202993
213,C_high_BL_0_J000_008.png,C,h3_exc,32,2.6616142,2.6616142,4.9373307
214,C_high_BL_0_J000_008.png,C,h3_exc,397,2.627022,2.627022,8.524712
215,C_high_BL_0_J000_008.png,C,h3_exc,157,2.5962658,2.5962658,5.0630684
216,C_high_BL_0_J000_008.png,C,h3_exc,63,2.5953012,2.5953012,15.60746
217,C_high_BL_0_J000_008.png,C,h3_exc,65,2.5770757,2.5770757,15.738715
218,C_high_BL_0_J000_008.png,C,h3_exc,416,2.5626845,2.5626845,32.118782
219,C_high_BL_0_J000_008.png,C,h3_exc,77,2.5618472,2.5618472,4.0108814
220,C_high_BL_0_J000_008.png,C,h3_exc,50,2.5500364,2.5500364,12.751472
221,C_high_BL_0_J000_008.png,C,h3_exc,173,2.506206,2.506206,12.170085
222,C_high_BL_0_J000_008.png,C,h3_exc,278,2.4858363,2.4858363,4.6045523
223,C_high_BL_0_J000_008.png,C,h3_exc,395,2.461086,2.461086,256.53873
224,C_high_BL_0_J000_008.png,C,h3_exc,301,2.452335,2.452335,7.201011
225,C_high_BL_0_J000_008.png,C,h3_exc,88,2.4500306,2.4500306,3.315362
226,C_high_BL_0_J000_008.png,C,h3_exc,452,2.4464445,2.4464445,7.119166
227,C_high_BL_0_J000_008.png,C,h3_exc,296,2.4446995,2.4446995,6.0284953
228,C_high_BL_0_J000_008.png,C,h3_exc,286,2.4404962,2.4404962,6.106248
229,C_high_BL_0_J000_008.png,C,h3_exc,264,2.4336064,2.4336064,3.757546
230,C_high_BL_0_J000_008.png,C,h3_exc,381,2.4273443,2.4273443,20.987915
231,C_high_BL_0_J000_008.png,C,h3_exc,357,2.4106414,2.4106414,29.943169
232,C_high_BL_0_J000_008.png,C,h3_exc,19,2.3868318,2.3868318,8.115271
233,C_high_BL_0_J000_008.png,C,h3_exc,1,2.3776522,2.3776522,6.260312
234,C_high_BL_0_J000_008.png,C,h3_exc,307,2.3440397,2.3440397,5.4565897
235,C_high_BL_0_J000_008.png,C,h3_exc,242,2.3403509,2.3403509,309.26508
236,C_high_BL_0_J000_008.png,C,h3_exc,390,2.3208685,2.3208685,5.398038
237,C_high_BL_0_J000_008.png,C,h3_exc,164,2.3142383,2.3142383,4.4716496
238,C_high_BL_0_J000_008.png,C,h3_exc,134,2.2957554,2.2957554,4.552144
239,C_high_BL_0_J000_008.png,C,h3_exc,189,2.2493224,2.2493224,166.99336
240,C_high_BL_0_J000_008.png,C,h3_exc,197,2.2187417,2.2187417,3.716994
241,C_high_BL_0_J000_008.png,C,h3_exc,41,2.1932418,2.1932418,7.447699
242,C_high_BL_0_J000_008.png,C,h3_exc,244,2.1863723,2.1863723,3.1045275
243,C_high_BL_0_J000_008.png,C,h3_exc,137,2.1787274,2.1787274,3.173811
244,C_high_BL_0_J000_008.png,C,h3_exc,216,2.1540253,2.1540253,4.794633
245,C_high_BL_0_J000_008.png,C,h3_exc,449,2.1424744,2.1424744,39.77066
246,C_high_BL_0_J000_008.png,C,h3_exc,17,2.1305747,2.1305747,12.933402
247,C_high_BL_0_J000_008.png,C,h3_exc,25,2.119437,2.119437,11.097102
248,C_high_BL_0_J000_008.png,C,h3_exc,414,2.108214,2.108214,4.560096
249,C_high_BL_0_J000_008.png,C,h3_exc,35,2.0939658,2.0939658,13.353226
250,C_high_BL_0_J000_008.png,C,h3_exc,42,2.0756364,2.0756364,4.065459
251,C_high_BL_0_J000_008.png,C,h3_exc,8,2.0712793,2.0712793,5.3535094
252,C_high_BL_0_J000_008.png,C,h3_exc,291,2.033095,2.033095,4.8226786
253,C_high_BL_0_J000_008.png,C,h3_exc,492,2.025213,2.025213,5.598654
254,C_high_BL_0_J000_008.png,C,h3_exc,80,1.9854504,1.9854504,9.056493
255,C_high_BL_0_J000_008.png,C,h3_exc,322,1.9768269,1.9768269,4.103819
256,C_high_BL_0_J000_008.png,C,h3_exc,22,1.9753914,1.9753914,3.835112
257,C_high_BL_0_J000_008.png,C,h3_exc,368,1.9483446,1.9483446,6.1233544
258,C_high_BL_0_J000_008.png,C,h3_exc,140,1.9449048,1.9449048,8.733302
259,C_high_BL_0_J000_008.png,C,h3_exc,339,1.930476,1.930476,43.79492
260,C_high_BL_0_J000_008.png,C,h3_exc,470,1.9262915,1.9262915,2.5997238
261,C_high_BL_0_J000_008.png,C,h3_exc,465,1.9243833,1.9243833,4.0060334
262,C_high_BL_0_J000_008.png,C,h3_exc,93,1.9097737,1.9097737,439.33658
263,C_high_BL_0_J000_008.png,C,h3_exc,188,1.9086865,1.9086865,3.1508913
264,C_high_BL_0_J000_008.png,C,h3_exc,52,1.9066978,1.9066978,5.503531
265,C_high_BL_0_J000_008.png,C,h3_exc,207,1.8947539,1.8947539,3.4422035
266,C_high_BL_0_J000_008.png,C,h3_exc,161,1.8932662,1.8932662,2.535156
267,C_high_BL_0_J000_008.png,C,h3_exc,310,1.8917327,1.8917327,4.100409
268,C_high_BL_0_J000_008.png,C,h3_exc,347,1.8888644,1.8888644,2.8374307
269,C_high_BL_0_J000_008.png,C,h3_exc,64,1.879024,1.879024,2.936338
270,C_high_BL_0_J000_008.png,C,h3_exc,232,1.8786081,1.8786081,3.9474056
271,C_high_BL_0_J000_008.png,C,h3_exc,407,1.847897,1.847897,11.322028
272,C_high_BL_0_J000_008.png,C,h3_exc,337,1.8463062,1.8463062,12.408029
273,C_high_BL_0_J000_008.png,C,h3_exc,59,1.830806,1.830806,4.5050917
274,C_high_BL_0_J000_008.png,C,h3_exc,62,1.8072171,1.8072171,7.5563664
275,C_high_BL_0_J000_008.png,C,h3_exc,276,1.8020002,1.8020002,143.01823
276,C_high_BL_0_J000_008.png,C,h3_exc,250,1.7995162,1.7995162,10.2738
277,C_high_BL_0_J000_008.png,C,h3_exc,56,1.7889785,1.7889785,14.085438
278,C_high_BL_0_J000_008.png,C,h3_exc,195,1.7781687,1.7781687,95.42088
279,C_high_BL_0_J000_008.png,C,h3_exc,338,1.7626938,1.7626938,4.359807
280,C_high_BL_0_J000_008.png,C,h3_exc,358,1.7262447,1.7262447,55.816097
281,C_high_BL_0_J000_008.png,C,h3_exc,429,1.7207295,1.7207295,5.3411045
282,C_high_BL_0_J000_008.png,C,h3_exc,16,1.7047955,1.7047955,12.848341
283,C_high_BL_0_J000_008.png,C,h3_exc,81,1.6804341,1.6804341,17.012312
284,C_high_BL_0_J000_008.png,C,h3_exc,108,1.6791213,1.6791213,4.4751425
285,C_high_BL_0_J000_008.png,C,h3_exc,233,1.6759332,1.6759332,5.4395547
286,C_high_BL_0_J000_008.png,C,h3_exc,15,1.6618654,1.6618654,6.525032
287,C_high_BL_0_J000_008.png,C,h3_exc,123,1.6603148,1.6603148,20.162539
288,C_high_BL_0_J000_008.png,C,h3_exc,254,1.6486406,1.6486406,17.618946
289,C_high_BL_0_J000_008.png,C,h3_exc,115,1.6484313,1.6484313,3.2874224
290,C_high_BL_0_J000_008.png,C,h3_exc,79,1.6173599,1.6173599,4.2187963
291,C_high_BL_0_J000_008.png,C,h3_exc,223,1.6154855,1.6154855,3.2737346
292,C_high_BL_0_J000_008.png,C,h3_exc,245,1.61167,1.61167,4.988511
293,C_high_BL_0_J000_008.png,C,h3_exc,400,1.5948416,1.5948416,3.9404259
294,C_high_BL_0_J000_008.png,C,h3_exc,48,1.5740057,1.5740057,8.300246
295,C_high_BL_0_J000_008.png,C,h3_exc,220,1.564828,1.564828,2.6226788
296,C_high_BL_0_J000_008.png,C,h3_exc,308,1.5319078,1.5319078,16.395237
297,C_high_BL_0_J000_008.png,C,h3_exc,11,1.5293001,1.5293001,3.4224424
298,C_high_BL_0_J000_008.png,C,h3_exc,300,1.5241145,1.5241145,2.4401689
299,C_high_BL_0_J000_008.png,C,h3_exc,345,1.5092815,1.5092815,45.754448
300,C_high_BL_0_J000_008.png,C,h3_exc,402,1.49906,1.49906,4.596628
301,C_high_BL_0_J000_008.png,C,h3_exc,364,1.4803271,1.4803271,2.5908964
302,C_high_BL_0_J000_008.png,C,h3_exc,168,1.4557259,1.4557259,3.7878275
303,C_high_BL_0_J000_008.png,C,h3_exc,249,1.4393452,1.4393452,2.0700932
304,C_high_BL_0_J000_008.png,C,h3_exc,86,1.4170734,1.4170734,5.7196937
305,C_high_BL_0_J000_008.png,C,h3_exc,146,1.4123667,1.4123667,6.0322556
306,C_high_BL_0_J000_008.png,C,h3_exc,386,1.3992282,1.3992282,4.0042663
307,C_high_BL_0_J000_008.png,C,h3_exc,408,1.3889585,1.3889585,3.6231039
308,C_high_BL_0_J000_008.png,C,h3_exc,284,1.3843215,1.3843215,3.9485621
309,C_high_BL_0_J000_008.png,C,h3_exc,196,1.38371,1.38371,1.7918489
310,C_high_BL_0_J000_008.png,C,h3_exc,363,1.3811876,1.3811876,8.892325
311,C_high_BL_0_J000_008.png,C,h3_exc,315,1.3697503,1.3697503,2.7042656
312,C_high_BL_0_J000_008.png,C,h3_exc,162,1.3401158,1.3401158,2.1508117
313,C_high_BL_0_J000_008.png,C,h3_exc,287,1.3380897,1.3380897,18.04159
314,C_high_BL_0_J000_008.png,C,h3_exc,203,1.3364074,1.3364074,6.343549
315,C_high_BL_0_J000_008.png,C,h3_exc,305,1.3331033,1.3331033,2.9720106
316,C_high_BL_0_J000_008.png,C,h3_exc,99,1.3261343,1.3261343,11.288585
317,C_high_BL_0_J000_008.png,C,h3_exc,289,1.2959903,1.2959903,3.2302427
318,C_high_BL_0_J000_008.png,C,h3_exc,71,1.2941593,1.2941593,1.829833
319,C_high_BL_0_J000_008.png,C,h3_exc,84,1.2900554,1.2900554,67.13715
320,C_high_BL_0_J000_008.png,C,h3_exc,159,1.282505,1.282505,1.8101685
321,C_high_BL_0_J000_008.png,C,h3_exc,394,1.2794075,1.2794075,2.8438492
322,C_high_BL_0_J000_008.png,C,h3_exc,281,1.268045,1.268045,146.2273
323,C_high_BL_0_J000_008.png,C,h3_exc,122,1.2577659,1.2577659,2.08956
324,C_high_BL_0_J000_008.png,C,h3_exc,479,1.2539811,1.2539811,2.2051692
325,C_high_BL_0_J000_008.png,C,h3_exc,266,1.2529722,1.2529722,15.019299
326,C_high_BL_0_J000_008.png,C,h3_exc,309,1.2395104,1.2395104,2.516476
327,C_high_BL_0_J000_008.png,C,h3_exc,182,1.2394749,1.2394749,3.7553666
328,C_high_BL_0_J000_008.png,C,h3_exc,320,1.2248415,1.2248415,3.33146
329,C_high_BL_0_J000_008.png,C,h3_exc,111,1.2162366,1.2162366,3.5209923
330,C_high_BL_0_J000_008.png,C,h3_exc,144,1.2155536,1.2155536,2.2399645
331,C_high_BL_0_J000_008.png,C,h3_exc,457,1.2133924,1.2133924,5.0599627
332,C_high_BL_0_J000_008.png,C,h3_exc,155,1.2055837,1.2055837,1.7846633
333,C_high_BL_0_J000_008.png,C,h3_exc,125,1.1982715,1.1982715,1.909981
334,C_high_BL_0_J000_008.png,C,h3_exc,204,1.1937358,1.1937358,7.920086
335,C_high_BL_0_J000_008.png,C,h3_exc,458,1.1934721,1.1934721,2.1844287
336,C_high_BL_0_J000_008.png,C,h3_exc,219,1.192239,1.192239,1.5990446
337,C_high_BL_0_J000_008.png,C,h3_exc,317,1.1836969,1.1836969,8.451386
338,C_high_BL_0_J000_008.png,C,h3_exc,186,1.1834258,1.1834258,3.5366516
339,C_high_BL_0_J000_008.png,C,h3_exc,354,1.1779178,1.1779178,6.501748
340,C_high_BL_0_J000_008.png,C,h3_exc,471,1.1753427,1.1753427,2.2126608
341,C_high_BL_0_J000_008.png,C,h3_exc,131,1.1729801,1.1729801,2.700629
342,C_high_BL_0_J000_008.png,C,h3_exc,152,1.1497823,1.1497823,1.8170947
343,C_high_BL_0_J000_008.png,C,h3_exc,482,1.1335796,1.1335796,2.2009242
344,C_high_BL_0_J000_008.png,C,h3_exc,53,1.132432,1.132432,2.087271
345,C_high_BL_0_J000_008.png,C,h3_exc,459,1.1268075,1.1268075,43.693905
346,C_high_BL_0_J000_008.png,C,h3_exc,13,1.124852,1.124852,4.4989314
347,C_high_BL_0_J000_008.png,C,h3_exc,241,1.118332,1.118332,2.1539943
348,C_high_BL_0_J000_008.png,C,h3_exc,288,1.0995064,1.0995064,8.962333
349,C_high_BL_0_J000_008.png,C,h3_exc,229,1.0968262,1.0968262,3.0420523
350,C_high_BL_0_J000_008.png,C,h3_exc,148,1.0904248,1.0904248,4.3001184
351,C_high_BL_0_J000_008.png,C,h3_exc,332,1.0897847,1.0897847,1.9758735
352,C_high_BL_0_J000_008.png,C,h3_exc,500,1.0815812,1.0815812,3.6936238
353,C_high_BL_0_J000_008.png,C,h3_exc,110,1.0796669,1.0796669,2.8084314
354,C_high_BL_0_J000_008.png,C,h3_exc,299,1.0761808,1.0761808,3.1062884
355,C_high_BL_0_J000_008.png,C,h3_exc,472,1.0755271,1.0755271,6.3665986
356,C_high_BL_0_J000_008.png,C,h3_exc,194,1.0736737,1.0736737,1.8975767
357,C_high_BL_0_J000_008.png,C,h3_exc,75,1.0657916,1.0657916,2.5728805
358,C_high_BL_0_J000_008.png,C,h3_exc,192,1.0572339,1.0572339,2.3109856
359,C_high_BL_0_J000_008.png,C,h3_exc,113,1.056858,1.056858,2.4507484
360,C_high_BL_0_J000_008.png,C,h3_exc,508,1.053185,1.053185,25.721777
361,C_high_BL_0_J000_008.png,C,h3_exc,350,1.04549,1.04549,1.453438
362,C_high_BL_0_J000_008.png,C,h3_exc,475,1.034476,1.034476,2.2878811
363,C_high_BL_0_J000_008.png,C,h3_exc,380,1.0335939,1.0335939,59.589237
364,C_high_BL_0_J000_008.png,C,h3_exc,69,1.0276564,1.0276564,2.1161551
365,C_high_BL_0_J000_008.png,C,h3_exc,76,1.0275743,1.0275743,2.5592117
366,C_high_BL_0_J000_008.png,C,h3_exc,138,1.0267254,1.0267254,2.3031118
367,C_high_BL_0_J000_008.png,C,h3_exc,190,1.0259902,1.0259902,9.166822
368,C_high_BL_0_J000_008.png,C,h3_exc,265,1.0226605,1.0226605,4.5723715
369,C_high_BL_0_J000_008.png,C,h3_exc,477,1.0213605,1.0213605,2.9350362
370,C_high_BL_0_J000_008.png,C,h3_exc,257,1.0183567,1.0183567,1.844153
371,C_high_BL_0_J000_008.png,C,h3_exc,228,1.0084722,1.0084722,7.96557
372,C_high_BL_0_J000_008.png,C,h3_exc,210,1.0028535,1.0028535,2.0310206
373,C_high_BL_0_J000_008.png,C,h3_exc,441,0.9957626,0.9957626,2.2595992
374,C_high_BL_0_J000_008.png,C,h3_exc,114,0.97373885,0.97373885,2.1095
375,C_high_BL_0_J000_008.png,C,h3_exc,43,0.96201426,0.96201426,2.6210065
376,C_high_BL_0_J000_008.png,C,h3_exc,45,0.9602008,0.9602008,1.6760471
377,C_high_BL_0_J000_008.png,C,h3_exc,422,0.9578441,0.9578441,25.434587
378,C_high_BL_0_J000_008.png,C,h3_exc,507,0.95758873,0.95758873,6.4407105
379,C_high_BL_0_J000_008.png,C,h3_exc,490,0.95707726,0.95707726,12.23605
380,C_high_BL_0_J000_008.png,C,h3_exc,501,0.9542879,0.9542879,1.4332333
381,C_high_BL_0_J000_008.png,C,h3_exc,382,0.9485701,0.9485701,4.2798495
382,C_high_BL_0_J000_008.png,C,h3_exc,349,0.944003,0.944003,25.913773
383,C_high_BL_0_J000_008.png,C,h3_exc,187,0.9384844,0.9384844,23.83948
384,C_high_BL_0_J000_008.png,C,h3_exc,167,0.93746316,0.93746316,9.407173
385,C_high_BL_0_J000_008.png,C,h3_exc,344,0.936075,0.936075,1.6173306
386,C_high_BL_0_J000_008.png,C,h3_exc,418,0.9358558,0.9358558,1.699994
387,C_high_BL_0_J000_008.png,C,h3_exc,321,0.9319332,0.9319332,1.7983148
388,C_high_BL_0_J000_008.png,C,h3_exc,95,0.92850035,0.92850035,2.5288134
389,C_high_BL_0_J000_008.png,C,h3_exc,40,0.9239711,0.9239711,8.968535
390,C_high_BL_0_J000_008.png,C,h3_exc,351,0.920809,0.920809,8.330155
391,C_high_BL_0_J000_008.png,C,h3_exc,44,0.91613257,0.91613257,3.3398418
392,C_high_BL_0_J000_008.png,C,h3_exc,34,0.9106289,0.9106289,77.72552
393,C_high_BL_0_J000_008.png,C,h3_exc,398,0.8967386,0.8967386,1.5945923
394,C_high_BL_0_J000_008.png,C,h3_exc,151,0.88657796,0.88657796,1.5124204
395,C_high_BL_0_J000_008.png,C,h3_exc,356,0.88632554,0.88632554,8.772641
396,C_high_BL_0_J000_008.png,C,h3_exc,7,0.88144195,0.88144195,81.02868
397,C_high_BL_0_J000_008.png,C,h3_exc,336,0.87982744,0.87982744,3.0882986
398,C_high_BL_0_J000_008.png,C,h3_exc,484,0.87980086,0.87980086,2.0217664
399,C_high_BL_0_J000_008.png,C,h3_exc,474,0.8785686,0.8785686,2.9388862
400,C_high_BL_0_J000_008.png,C,h3_exc,326,0.8747392,0.8747392,8.991903
401,C_high_BL_0_J000_008.png,C,h3_exc,432,0.8701677,0.8701677,3.1940703
402,C_high_BL_0_J000_008.png,C,h3_exc,252,0.8632382,0.8632382,1.9448513
403,C_high_BL_0_J000_008.png,C,h3_exc,509,0.8615466,0.8615466,2.7559342
404,C_high_BL_0_J000_008.png,C,h3_exc,18,0.86050916,0.86050916,4.1555543
405,C_high_BL_0_J000_008.png,C,h3_exc,342,0.85906494,0.85906494,5.1122355
406,C_high_BL_0_J000_008.png,C,h3_exc,118,0.85857695,0.85857695,26.852346
407,C_high_BL_0_J000_008.png,C,h3_exc,399,0.8503014,0.8503014,4.0860724
408,C_high_BL_0_J000_008.png,C,h3_exc,24,0.8491471,0.8491471,111.55919
409,C_high_BL_0_J000_008.png,C,h3_exc,237,0.8482901,0.8482901,1.832514
410,C_high_BL_0_J000_008.png,C,h3_exc,331,0.83835393,0.83835393,2.984981
411,C_high_BL_0_J000_008.png,C,h3_exc,444,0.8299665,0.8299665,5.711874
412,C_high_BL_0_J000_008.png,C,h3_exc,127,0.82089114,0.82089114,56.518547
413,C_high_BL_0_J000_008.png,C,h3_exc,346,0.8097956,0.8097956,20.38646
414,C_high_BL_0_J000_008.png,C,h3_exc,9,0.8058054,0.8058054,1.567133
415,C_high_BL_0_J000_008.png,C,h3_exc,467,0.7966598,0.7966598,1.8161275
416,C_high_BL_0_J000_008.png,C,h3_exc,488,0.79044455,0.79044455,1.2805216
417,C_high_BL_0_J000_008.png,C,h3_exc,294,0.7878391,0.7878391,16.588737
418,C_high_BL_0_J000_008.png,C,h3_exc,365,0.7685858,0.7685858,2.211482
419,C_high_BL_0_J000_008.png,C,h3_exc,273,0.7625242,0.7625242,45.755898
420,C_high_BL_0_J000_008.png,C,h3_exc,330,0.752957,0.752957,2.1193342
421,C_high_BL_0_J000_008.png,C,h3_exc,333,0.75150543,0.75150543,2.0738494
422,C_high_BL_0_J000_008.png,C,h3_exc,141,0.7477138,0.7477138,3.329398
423,C_high_BL_0_J000_008.png,C,h3_exc,178,0.7429989,0.7429989,14.684079
424,C_high_BL_0_J000_008.png,C,h3_exc,443,0.7418685,0.7418685,31.109917
425,C_high_BL_0_J000_008.png,C,h3_exc,0,0.74117625,0.74117625,1.9935825
426,C_high_BL_0_J000_008.png,C,h3_exc,377,0.731533,0.731533,5.114913
427,C_high_BL_0_J000_008.png,C,h3_exc,259,0.7280968,0.7280968,1.5296814
428,C_high_BL_0_J000_008.png,C,h3_exc,379,0.7175054,0.7175054,2.0190709
429,C_high_BL_0_J000_008.png,C,h3_exc,361,0.71677244,0.71677244,2.4579098
430,C_high_BL_0_J000_008.png,C,h3_exc,240,0.7126486,0.7126486,6.442747
431,C_high_BL_0_J000_008.png,C,h3_exc,96,0.70889425,0.70889425,1.7027103
432,C_high_BL_0_J000_008.png,C,h3_exc,483,0.68671155,0.68671155,1.2401361
433,C_high_BL_0_J000_008.png,C,h3_exc,425,0.67845666,0.67845666,10.523091
434,C_high_BL_0_J000_008.png,C,h3_exc,270,0.66952676,0.66952676,64.06733
435,C_high_BL_0_J000_008.png,C,h3_exc,198,0.6680124,0.6680124,12.923873
436,C_high_BL_0_J000_008.png,C,h3_exc,91,0.66697854,0.66697854,5.1470265
437,C_high_BL_0_J000_008.png,C,h3_exc,409,0.6636187,0.6636187,2.114791
438,C_high_BL_0_J000_008.png,C,h3_exc,376,0.64712465,0.64712465,1.3473461
439,C_high_BL_0_J000_008.png,C,h3_exc,209,0.6411776,0.6411776,2.9472861
440,C_high_BL_0_J000_008.png,C,h3_exc,384,0.6351373,0.6351373,1.7539393
441,C_high_BL_0_J000_008.png,C,h3_exc,208,0.61949056,0.61949056,1.4538926
442,C_high_BL_0_J000_008.png,C,h3_exc,205,0.60923123,0.60923123,1.3825587
443,C_high_BL_0_J000_008.png,C,h3_exc,437,0.60790974,0.60790974,2.8781872
444,C_high_BL_0_J000_008.png,C,h3_exc,87,0.5997688,0.5997688,0.93167436
445,C_high_BL_0_J000_008.png,C,h3_exc,378,0.5991166,0.5991166,2.2338507
446,C_high_BL_0_J000_008.png,C,h3_exc,274,0.5937888,0.5937888,9.726243
447,C_high_BL_0_J000_008.png,C,h3_exc,451,0.59221804,0.59221804,1.5824168
448,C_high_BL_0_J000_008.png,C,h3_exc,352,0.58679724,0.58679724,1.09222
449,C_high_BL_0_J000_008.png,C,h3_exc,6,0.58344346,0.58344346,1.3518033
450,C_high_BL_0_J000_008.png,C,h3_exc,191,0.57630354,0.57630354,2.874969
451,C_high_BL_0_J000_008.png,C,h3_exc,235,0.5705623,0.5705623,12.252551
452,C_high_BL_0_J000_008.png,C,h3_exc,170,0.5653401,0.5653401,1.0251229
453,C_high_BL_0_J000_008.png,C,h3_exc,201,0.5540265,0.5540265,20.220469
454,C_high_BL_0_J000_008.png,C,h3_exc,494,0.55046064,0.55046064,1.2315311
455,C_high_BL_0_J000_008.png,C,h3_exc,102,0.5422722,0.5422722,1.0949849
456,C_high_BL_0_J000_008.png,C,h3_exc,70,0.54187375,0.54187375,1.3969998
457,C_high_BL_0_J000_008.png,C,h3_exc,268,0.5400982,0.5400982,8.891617
458,C_high_BL_0_J000_008.png,C,h3_exc,481,0.5381079,0.5381079,2.2995028
459,C_high_BL_0_J000_008.png,C,h3_exc,355,0.5343124,0.5343124,1.7362747
460,C_high_BL_0_J000_008.png,C,h3_exc,325,0.5251348,0.5251348,28.967802
461,C_high_BL_0_J000_008.png,C,h3_exc,421,0.5238844,0.5238844,11.221874
462,C_high_BL_0_J000_008.png,C,h3_exc,103,0.5176156,0.5176156,1.35701
463,C_high_BL_0_J000_008.png,C,h3_exc,142,0.5092305,0.5092305,1.0373259
464,C_high_BL_0_J000_008.png,C,h3_exc,109,0.4995782,0.4995782,1.7567713
465,C_high_BL_0_J000_008.png,C,h3_exc,106,0.49381515,0.49381515,1.0869205
466,C_high_BL_0_J000_008.png,C,h3_exc,183,0.4894382,0.4894382,8.42926
467,C_high_BL_0_J000_008.png,C,h3_exc,215,0.48864758,0.48864758,1.4160153
468,C_high_BL_0_J000_008.png,C,h3_exc,27,0.48682484,0.48682484,1.3014879
469,C_high_BL_0_J000_008.png,C,h3_exc,61,0.4812709,0.4812709,0.7829598
470,C_high_BL_0_J000_008.png,C,h3_exc,455,0.480308,0.480308,1.6242726
471,C_high_BL_0_J000_008.png,C,h3_exc,29,0.4697477,0.4697477,0.7816141
472,C_high_BL_0_J000_008.png,C,h3_exc,511,0.46441546,0.46441546,1.2938248
473,C_high_BL_0_J000_008.png,C,h3_exc,149,0.4612773,0.4612773,1.0302067
474,C_high_BL_0_J000_008.png,C,h3_exc,200,0.45583272,0.45583272,1.0662966
475,C_high_BL_0_J000_008.png,C,h3_exc,486,0.45197144,0.45197144,1.3392223
476,C_high_BL_0_J000_008.png,C,h3_exc,412,0.45128018,0.45128018,8.739771
477,C_high_BL_0_J000_008.png,C,h3_exc,136,0.44807065,0.44807065,9.894128
478,C_high_BL_0_J000_008.png,C,h3_exc,392,0.44453326,0.44453326,0.83013004
479,C_high_BL_0_J000_008.png,C,h3_exc,275,0.43966457,0.43966457,0.91861546
480,C_high_BL_0_J000_008.png,C,h3_exc,328,0.4381173,0.4381173,1.0123895
481,C_high_BL_0_J000_008.png,C,h3_exc,37,0.4344367,0.4344367,1.2995875
482,C_high_BL_0_J000_008.png,C,h3_exc,334,0.40898708,0.40898708,2.4915287
483,C_high_BL_0_J000_008.png,C,h3_exc,92,0.40501708,0.40501708,23.869793
484,C_high_BL_0_J000_008.png,C,h3_exc,405,0.39900535,0.39900535,3.1522822
485,C_high_BL_0_J000_008.png,C,h3_exc,217,0.3915975,0.3915975,5.841155
486,C_high_BL_0_J000_008.png,C,h3_exc,440,0.3850779,0.3850779,5.3538938
487,C_high_BL_0_J000_008.png,C,h3_exc,97,0.3849584,0.3849584,21.260624
488,C_high_BL_0_J000_008.png,C,h3_exc,154,0.38405764,0.38405764,1.3239269
489,C_high_BL_0_J000_008.png,C,h3_exc,214,0.37336266,0.37336266,2.1217222
490,C_high_BL_0_J000_008.png,C,h3_exc,160,0.36482432,0.36482432,1.0575945
491,C_high_BL_0_J000_008.png,C,h3_exc,221,0.3507523,0.3507523,0.7745343
492,C_high_BL_0_J000_008.png,C,h3_exc,31,0.34898025,0.34898025,5.3467097
493,C_high_BL_0_J000_008.png,C,h3_exc,107,0.34788558,0.34788558,1.0095636
494,C_high_BL_0_J000_008.png,C,h3_exc,295,0.34725526,0.34725526,1.073425
495,C_high_BL_0_J000_008.png,C,h3_exc,150,0.326901,0.326901,1.7734706
496,C_high_BL_0_J000_008.png,C,h3_exc,234,0.31952077,0.31952077,2.8894744
497,C_high_BL_0_J000_008.png,C,h3_exc,387,0.31051695,0.31051695,6.161542
498,C_high_BL_0_J000_008.png,C,h3_exc,112,0.3083365,0.3083365,18.228626
499,C_high_BL_0_J000_008.png,C,h3_exc,135,0.29646623,0.29646623,1.9827578
500,C_high_BL_0_J000_008.png,C,h3_exc,491,0.28530914,0.28530914,0.7743629
501,C_high_BL_0_J000_008.png,C,h3_exc,238,0.28505403,0.28505403,1.2982211
502,C_high_BL_0_J000_008.png,C,h3_exc,74,0.28018853,0.28018853,0.9290943
503,C_high_BL_0_J000_008.png,C,h3_exc,47,0.26719376,0.26719376,4.5896163
504,C_high_BL_0_J000_008.png,C,h3_exc,247,0.2629979,0.2629979,3.3387597
505,C_high_BL_0_J000_008.png,C,h3_exc,277,0.26187885,0.26187885,0.48742145
506,C_high_BL_0_J000_008.png,C,h3_exc,489,0.25969356,0.25969356,2.469657
507,C_high_BL_0_J000_008.png,C,h3_exc,116,0.25746784,0.25746784,0.7843852
508,C_high_BL_0_J000_008.png,C,h3_exc,124,0.23991552,0.23991552,1.1314663
509,C_high_BL_0_J000_008.png,C,h3_exc,180,0.21992302,0.21992302,4.12187
510,C_high_BL_0_J000_008.png,C,h3_exc,495,0.21823493,0.21823493,0.48683503
511,C_high_BL_0_J000_008.png,C,h3_exc,464,0.13121408,0.13121408,0.38641456
512,C_high_BL_0_J000_008.png,C,h3_exc,21,0.11800837,0.11800837,0.31861988
1,C_high_BL_0_J000_008.png,C,h4_exc,26,513446.12,513446.12,1454760.8
2,C_high_BL_0_J000_008.png,C,h4_exc,282,467238.62,467238.62,1489105.0
3,C_high_BL_0_J000_008.png,C,h4_exc,39,329829.88,329829.88,904363.9
4,C_high_BL_0_J000_008.png,C,h4_exc,188,280337.9,280337.9,1027891.6
5,C_high_BL_0_J000_008.png,C,h4_exc,30,271912.06,271912.06,935745.6
6,C_high_BL_0_J000_008.png,C,h4_exc,493,234647.05,234647.05,619161.2
7,C_high_BL_0_J000_008.png,C,h4_exc,158,189951.05,189951.05,491517.28
8,C_high_BL_0_J000_008.png,C,h4_exc,315,153760.44,153760.44,419990.5
9,C_high_BL_0_J000_008.png,C,h4_exc,137,143335.3,143335.3,388724.56
10,C_high_BL_0_J000_008.png,C,h4_exc,34,137770.19,137770.19,423734.5
11,C_high_BL_0_J000_008.png,C,h4_exc,225,101258.39,101258.39,307015.53
12,C_high_BL_0_J000_008.png,C,h4_exc,233,97182.13,97182.13,242321.62
13,C_high_BL_0_J000_008.png,C,h4_exc,121,96360.2,96360.2,293600.5
14,C_high_BL_0_J000_008.png,C,h4_exc,205,80073.625,80073.625,211508.66
15,C_high_BL_0_J000_008.png,C,h4_exc,247,65148.0,65148.0,237347.77
16,C_high_BL_0_J000_008.png,C,h4_exc,193,53539.57,53539.57,169123.95
17,C_high_BL_0_J000_008.png,C,h4_exc,379,53310.453,53310.453,183294.6
18,C_high_BL_0_J000_008.png,C,h4_exc,180,33344.965,33344.965,88944.3
19,C_high_BL_0_J000_008.png,C,h4_exc,36,31021.686,31021.686,97254.36
20,C_high_BL_0_J000_008.png,C,h4_exc,146,27788.324,27788.324,169001.05
21,C_high_BL_0_J000_008.png,C,h4_exc,22,25705.35,25705.35,118949.85
22,C_high_BL_0_J000_008.png,C,h4_exc,112,21546.07,21546.07,75733.62
23,C_high_BL_0_J000_008.png,C,h4_exc,242,20950.312,20950.312,54052.445
24,C_high_BL_0_J000_008.png,C,h4_exc,295,15521.414,15521.414,61279.883
25,C_high_BL_0_J000_008.png,C,h4_exc,312,13826.782,13826.782,45480.0
26,C_high_BL_0_J000_008.png,C,h4_exc,497,13780.442,13780.442,67271.23
27,C_high_BL_0_J000_008.png,C,h4_exc,169,12939.285,12939.285,45623.188
28,C_high_BL_0_J000_008.png,C,h4_exc,164,12276.985,12276.985,78817.65
29,C_high_BL_0_J000_008.png,C,h4_exc,229,9589.368,9589.368,33161.562
30,C_high_BL_0_J000_008.png,C,h4_exc,317,8281.331,8281.331,44333.477
31,C_high_BL_0_J000_008.png,C,h4_exc,101,7865.3467,7865.3467,24405.576
32,C_high_BL_0_J000_008.png,C,h4_exc,475,7157.0176,7157.0176,57023.918
33,C_high_BL_0_J000_008.png,C,h4_exc,458,6498.7925,6498.7925,29435.537
34,C_high_BL_0_J000_008.png,C,h4_exc,92,6364.936,6364.936,31759.557
35,C_high_BL_0_J000_008.png,C,h4_exc,448,6209.763,6209.763,24029.117
36,C_high_BL_0_J000_008.png,C,h4_exc,374,5861.0254,5861.0254,39966.38
37,C_high_BL_0_J000_008.png,C,h4_exc,200,5691.0093,5691.0093,29596.242
38,C_high_BL_0_J000_008.png,C,h4_exc,69,5653.78,5653.78,13000.829
39,C_high_BL_0_J000_008.png,C,h4_exc,86,5013.8623,5013.8623,19409.207
40,C_high_BL_0_J000_008.png,C,h4_exc,171,5013.716,5013.716,17924.293
41,C_high_BL_0_J000_008.png,C,h4_exc,420,4203.816,4203.816,10732.162
42,C_high_BL_0_J000_008.png,C,h4_exc,133,3521.7866,3521.7866,52333.656
43,C_high_BL_0_J000_008.png,C,h4_exc,444,3510.3765,3510.3765,26656.074
44,C_high_BL_0_J000_008.png,C,h4_exc,116,3330.6074,3330.6074,10081.882
45,C_high_BL_0_J000_008.png,C,h4_exc,443,2912.3752,2912.3752,12795.878
46,C_high_BL_0_J000_008.png,C,h4_exc,147,2684.2537,2684.2537,9721.213
47,C_high_BL_0_J000_008.png,C,h4_exc,287,1960.7518,1960.7518,12680.279
48,C_high_BL_0_J000_008.png,C,h4_exc,327,1934.2242,1934.2242,5383.54
49,C_high_BL_0_J000_008.png,C,h4_exc,407,1572.7539,1572.7539,17437.266
50,C_high_BL_0_J000_008.png,C,h4_exc,89,1262.5521,1262.5521,4983.6396
51,C_high_BL_0_J000_008.png,C,h4_exc,362,967.41174,967.41174,2695.522
52,C_high_BL_0_J000_008.png,C,h4_exc,402,818.6208,818.6208,29146.977
53,C_high_BL_0_J000_008.png,C,h4_exc,11,802.699,802.699,11358.431
54,C_high_BL_0_J000_008.png,C,h4_exc,499,798.95197,798.95197,2356.0935
55,C_high_BL_0_J000_008.png,C,h4_exc,127,623.5353,623.5353,10429.579
56,C_high_BL_0_J000_008.png,C,h4_exc,143,583.7699,583.7699,1140.3877
57,C_high_BL_0_J000_008.png,C,h4_exc,275,479.15668,479.15668,9451.373
58,C_high_BL_0_J000_008.png,C,h4_exc,453,390.6525,390.6525,4071.8472
59,C_high_BL_0_J000_008.png,C,h4_exc,338,355.23676,355.23676,712.7076
60,C_high_BL_0_J000_008.png,C,h4_exc,196,348.11,348.11,687.0682
61,C_high_BL_0_J000_008.png,C,h4_exc,224,340.28903,340.28903,689.3682
62,C_high_BL_0_J000_008.png,C,h4_exc,61,309.97977,309.97977,628.5068
63,C_high_BL_0_J000_008.png,C,h4_exc,46,305.2976,305.2976,554.8186
64,C_high_BL_0_J000_008.png,C,h4_exc,50,304.68924,304.68924,2739.8792
65,C_high_BL_0_J000_008.png,C,h4_exc,467,303.82678,303.82678,624.2511
66,C_high_BL_0_J000_008.png,C,h4_exc,359,302.64594,302.64594,5850.687
67,C_high_BL_0_J000_008.png,C,h4_exc,142,301.9087,301.9087,7573.121
68,C_high_BL_0_J000_008.png,C,h4_exc,267,301.3216,301.3216,592.61774
69,C_high_BL_0_J000_008.png,C,h4_exc,99,287.5462,287.5462,2637.151
70,C_high_BL_0_J000_008.png,C,h4_exc,485,280.5443,280.5443,5245.577
71,C_high_BL_0_J000_008.png,C,h4_exc,134,266.43365,266.43365,570.90216
72,C_high_BL_0_J000_008.png,C,h4_exc,465,265.5446,265.5446,522.46594
73,C_high_BL_0_J000_008.png,C,h4_exc,163,251.25656,251.25656,526.5873
74,C_high_BL_0_J000_008.png,C,h4_exc,246,250.29434,250.29434,492.51715
75,C_high_BL_0_J000_008.png,C,h4_exc,25,238.708,238.708,472.75647
76,C_high_BL_0_J000_008.png,C,h4_exc,90,226.07423,226.07423,468.2555
77,C_high_BL_0_J000_008.png,C,h4_exc,154,220.36856,220.36856,498.1024
78,C_high_BL_0_J000_008.png,C,h4_exc,47,211.0291,211.0291,1043.4221
79,C_high_BL_0_J000_008.png,C,h4_exc,398,196.6254,196.6254,4466.791
80,C_high_BL_0_J000_008.png,C,h4_exc,238,194.77022,194.77022,424.86038
81,C_high_BL_0_J000_008.png,C,h4_exc,129,192.48872,192.48872,459.70688
82,C_high_BL_0_J000_008.png,C,h4_exc,77,188.31949,188.31949,394.2575
83,C_high_BL_0_J000_008.png,C,h4_exc,98,188.25284,188.25284,377.3104
84,C_high_BL_0_J000_008.png,C,h4_exc,195,187.14044,187.14044,359.74182
85,C_high_BL_0_J000_008.png,C,h4_exc,165,181.77335,181.77335,361.67432
86,C_high_BL_0_J000_008.png,C,h4_exc,447,178.28954,178.28954,364.17517
87,C_high_BL_0_J000_008.png,C,h4_exc,383,175.81024,175.81024,982.4002
88,C_high_BL_0_J000_008.png,C,h4_exc,330,166.52135,166.52135,341.0919
89,C_high_BL_0_J000_008.png,C,h4_exc,38,165.84877,165.84877,350.42926
90,C_high_BL_0_J000_008.png,C,h4_exc,367,165.53654,165.53654,348.25482
91,C_high_BL_0_J000_008.png,C,h4_exc,310,159.17633,159.17633,318.4706
92,C_high_BL_0_J000_008.png,C,h4_exc,110,153.43242,153.43242,309.8254
93,C_high_BL_0_J000_008.png,C,h4_exc,73,151.38977,151.38977,325.579
94,C_high_BL_0_J000_008.png,C,h4_exc,117,149.20192,149.20192,289.9108
95,C_high_BL_0_J000_008.png,C,h4_exc,370,148.79518,148.79518,270.60892
96,C_high_BL_0_J000_008.png,C,h4_exc,352,148.37827,148.37827,296.95346
97,C_high_BL_0_J000_008.png,C,h4_exc,220,147.6342,147.6342,278.97403
98,C_high_BL_0_J000_008.png,C,h4_exc,15,146.83076,146.83076,310.19162
99,C_high_BL_0_J000_008.png,C,h4_exc,230,132.21356,132.21356,268.13943
100,C_high_BL_0_J000_008.png,C,h4_exc,109,132.0755,132.0755,288.81052
101,C_high_BL_0_J000_008.png,C,h4_exc,369,131.4468,131.4468,259.97043
102,C_high_BL_0_J000_008.png,C,h4_exc,226,122.1087,122.1087,235.36026
103,C_high_BL_0_J000_008.png,C,h4_exc,329,117.44873,117.44873,226.77681
104,C_high_BL_0_J000_008.png,C,h4_exc,273,117.125175,117.125175,228.32747
105,C_high_BL_0_J000_008.png,C,h4_exc,5,116.8928,116.8928,265.88498
106,C_high_BL_0_J000_008.png,C,h4_exc,433,116.064545,116.064545,221.48878
107,C_high_BL_0_J000_008.png,C,h4_exc,135,113.88526,113.88526,202.45529
108,C_high_BL_0_J000_008.png,C,h4_exc,313,108.77752,108.77752,231.10378
109,C_high_BL_0_J000_008.png,C,h4_exc,227,107.56875,107.56875,206.43355
110,C_high_BL_0_J000_008.png,C,h4_exc,489,105.18304,105.18304,204.98792
111,C_high_BL_0_J000_008.png,C,h4_exc,108,104.34076,104.34076,1601.637
112,C_high_BL_0_J000_008.png,C,h4_exc,181,103.88538,103.88538,202.44669
113,C_high_BL_0_J000_008.png,C,h4_exc,85,103.83151,103.83151,664.4098
114,C_high_BL_0_J000_008.png,C,h4_exc,248,98.63361,98.63361,1823.11
115,C_high_BL_0_J000_008.png,C,h4_exc,423,97.78363,97.78363,180.7455
116,C_high_BL_0_J000_008.png,C,h4_exc,155,96.37897,96.37897,192.02243
117,C_high_BL_0_J000_008.png,C,h4_exc,256,94.75459,94.75459,176.57492
118,C_high_BL_0_J000_008.png,C,h4_exc,470,94.247696,94.247696,187.32434
119,C_high_BL_0_J000_008.png,C,h4_exc,82,91.78497,91.78497,185.45642
120,C_high_BL_0_J000_008.png,C,h4_exc,346,91.07171,91.07171,1695.2217
121,C_high_BL_0_J000_008.png,C,h4_exc,376,90.651215,90.651215,193.56786
122,C_high_BL_0_J000_008.png,C,h4_exc,243,90.35519,90.35519,556.1596
123,C_high_BL_0_J000_008.png,C,h4_exc,375,90.023506,90.023506,1406.2975
124,C_high_BL_0_J000_008.png,C,h4_exc,52,88.88784,88.88784,165.99988
125,C_high_BL_0_J000_008.png,C,h4_exc,64,85.74906,85.74906,196.43573
126,C_high_BL_0_J000_008.png,C,h4_exc,328,84.318474,84.318474,158.9212
127,C_high_BL_0_J000_008.png,C,h4_exc,290,84.0287,84.0287,191.75082
128,C_high_BL_0_J000_008.png,C,h4_exc,262,83.00789,83.00789,156.917
129,C_high_BL_0_J000_008.png,C,h4_exc,480,82.531944,82.531944,177.68362
130,C_high_BL_0_J000_008.png,C,h4_exc,421,81.26014,81.26014,186.94463
131,C_high_BL_0_J000_008.png,C,h4_exc,355,80.82606,80.82606,194.66193
132,C_high_BL_0_J000_008.png,C,h4_exc,103,76.62436,76.62436,153.89609
133,C_high_BL_0_J000_008.png,C,h4_exc,445,73.51147,73.51147,130.53326
134,C_high_BL_0_J000_008.png,C,h4_exc,474,70.062836,70.062836,169.57562
135,C_high_BL_0_J000_008.png,C,h4_exc,416,69.85434,69.85434,144.1058
136,C_high_BL_0_J000_008.png,C,h4_exc,487,68.483406,68.483406,2282.7761
137,C_high_BL_0_J000_008.png,C,h4_exc,498,68.095894,68.095894,126.46539
138,C_high_BL_0_J000_008.png,C,h4_exc,58,65.49861,65.49861,147.23882
139,C_high_BL_0_J000_008.png,C,h4_exc,60,62.28672,62.28672,583.22577
140,C_high_BL_0_J000_008.png,C,h4_exc,67,61.143085,61.143085,1121.8207
141,C_high_BL_0_J000_008.png,C,h4_exc,334,60.343224,60.343224,120.78586
142,C_high_BL_0_J000_008.png,C,h4_exc,364,59.08425,59.08425,106.16887
143,C_high_BL_0_J000_008.png,C,h4_exc,37,58.294357,58.294357,115.852516
144,C_high_BL_0_J000_008.png,C,h4_exc,136,58.046455,58.046455,127.68065
145,C_high_BL_0_J000_008.png,C,h4_exc,482,57.677845,57.677845,131.04716
146,C_high_BL_0_J000_008.png,C,h4_exc,377,57.39181,57.39181,113.99225
147,C_high_BL_0_J000_008.png,C,h4_exc,361,57.18835,57.18835,112.74293
148,C_high_BL_0_J000_008.png,C,h4_exc,440,55.8296,55.8296,114.0878
149,C_high_BL_0_J000_008.png,C,h4_exc,280,55.80321,55.80321,105.92383
150,C_high_BL_0_J000_008.png,C,h4_exc,506,55.690086,55.690086,104.57947
151,C_high_BL_0_J000_008.png,C,h4_exc,140,55.230347,55.230347,129.51335
152,C_high_BL_0_J000_008.png,C,h4_exc,149,54.569164,54.569164,117.85776
153,C_high_BL_0_J000_008.png,C,h4_exc,221,54.158886,54.158886,124.87457
154,C_high_BL_0_J000_008.png,C,h4_exc,291,53.317814,53.317814,107.70903
155,C_high_BL_0_J000_008.png,C,h4_exc,270,52.916924,52.916924,443.10947
156,C_high_BL_0_J000_008.png,C,h4_exc,174,51.898315,51.898315,717.9081
157,C_high_BL_0_J000_008.png,C,h4_exc,459,51.77577,51.77577,122.93088
158,C_high_BL_0_J000_008.png,C,h4_exc,350,50.75432,50.75432,113.29579
159,C_high_BL_0_J000_008.png,C,h4_exc,53,49.16682,49.16682,112.04014
160,C_high_BL_0_J000_008.png,C,h4_exc,354,49.15489,49.15489,137.89348
161,C_high_BL_0_J000_008.png,C,h4_exc,75,47.894543,47.894543,96.0358
162,C_high_BL_0_J000_008.png,C,h4_exc,303,46.64473,46.64473,111.72968
163,C_high_BL_0_J000_008.png,C,h4_exc,236,46.14703,46.14703,90.84707
164,C_high_BL_0_J000_008.png,C,h4_exc,257,45.31365,45.31365,110.84099
165,C_high_BL_0_J000_008.png,C,h4_exc,240,45.230225,45.230225,91.520744
166,C_high_BL_0_J000_008.png,C,h4_exc,107,44.955345,44.955345,84.19342
167,C_high_BL_0_J000_008.png,C,h4_exc,159,44.660297,44.660297,1377.0328
168,C_high_BL_0_J000_008.png,C,h4_exc,316,44.404102,44.404102,82.20564
169,C_high_BL_0_J000_008.png,C,h4_exc,197,44.396683,44.396683,87.00463
170,C_high_BL_0_J000_008.png,C,h4_exc,464,44.369755,44.369755,92.33405
171,C_high_BL_0_J000_008.png,C,h4_exc,446,44.33219,44.33219,92.841286
172,C_high_BL_0_J000_008.png,C,h4_exc,419,43.087845,43.087845,78.40725
173,C_high_BL_0_J000_008.png,C,h4_exc,264,41.421276,41.421276,79.48825
174,C_high_BL_0_J000_008.png,C,h4_exc,288,40.23866,40.23866,97.31646
175,C_high_BL_0_J000_008.png,C,h4_exc,177,39.75551,39.75551,83.32032
176,C_high_BL_0_J000_008.png,C,h4_exc,429,39.21654,39.21654,118.18267
177,C_high_BL_0_J000_008.png,C,h4_exc,297,38.20951,38.20951,93.46366
178,C_high_BL_0_J000_008.png,C,h4_exc,439,37.97218,37.97218,76.50488
179,C_high_BL_0_J000_008.png,C,h4_exc,35,37.774086,37.774086,76.62018
180,C_high_BL_0_J000_008.png,C,h4_exc,278,36.40073,36.40073,72.16733
181,C_high_BL_0_J000_008.png,C,h4_exc,6,36.29847,36.29847,76.85107
182,C_high_BL_0_J000_008.png,C,h4_exc,508,35.844032,35.844032,63.973103
183,C_high_BL_0_J000_008.png,C,h4_exc,510,35.065125,35.065125,67.357834
184,C_high_BL_0_J000_008.png,C,h4_exc,400,34.468197,34.468197,65.26707
185,C_high_BL_0_J000_008.png,C,h4_exc,477,33.50983,33.50983,63.77903
186,C_high_BL_0_J000_008.png,C,h4_exc,309,33.38938,33.38938,80.184204
187,C_high_BL_0_J000_008.png,C,h4_exc,55,33.17814,33.17814,82.0512
188,C_high_BL_0_J000_008.png,C,h4_exc,78,33.147385,33.147385,62.028313
189,C_high_BL_0_J000_008.png,C,h4_exc,271,32.994415,32.994415,385.98508
190,C_high_BL_0_J000_008.png,C,h4_exc,104,32.154354,32.154354,58.212463
191,C_high_BL_0_J000_008.png,C,h4_exc,231,32.035645,32.035645,59.397877
192,C_high_BL_0_J000_008.png,C,h4_exc,215,31.487581,31.487581,76.379486
193,C_high_BL_0_J000_008.png,C,h4_exc,428,30.70669,30.70669,53.284492
194,C_high_BL_0_J000_008.png,C,h4_exc,357,29.379517,29.379517,57.48772
195,C_high_BL_0_J000_008.png,C,h4_exc,500,27.632446,27.632446,62.622124
196,C_high_BL_0_J000_008.png,C,h4_exc,504,26.902344,26.902344,54.82463
197,C_high_BL_0_J000_008.png,C,h4_exc,511,26.377905,26.377905,59.95963
198,C_high_BL_0_J000_008.png,C,h4_exc,111,26.085482,26.085482,56.90251
199,C_high_BL_0_J000_008.png,C,h4_exc,176,25.790277,25.790277,51.307842
200,C_high_BL_0_J000_008.png,C,h4_exc,187,25.775928,25.775928,52.826023
201,C_high_BL_0_J000_008.png,C,h4_exc,360,25.193365,25.193365,53.21424
202,C_high_BL_0_J000_008.png,C,h4_exc,115,24.635357,24.635357,382.17038
203,C_high_BL_0_J000_008.png,C,h4_exc,462,24.254963,24.254963,49.14922
204,C_high_BL_0_J000_008.png,C,h4_exc,322,23.536415,23.536415,44.684868
205,C_high_BL_0_J000_008.png,C,h4_exc,341,23.268152,23.268152,49.68179
206,C_high_BL_0_J000_008.png,C,h4_exc,97,23.23105,23.23105,71.31293
207,C_high_BL_0_J000_008.png,C,h4_exc,386,22.802893,22.802893,44.721176
208,C_high_BL_0_J000_008.png,C,h4_exc,259,22.162457,22.162457,77.52311
209,C_high_BL_0_J000_008.png,C,h4_exc,284,21.271154,21.271154,41.139988
210,C_high_BL_0_J000_008.png,C,h4_exc,45,21.244497,21.244497,47.966213
211,C_high_BL_0_J000_008.png,C,h4_exc,272,19.337929,19.337929,42.61901
212,C_high_BL_0_J000_008.png,C,h4_exc,345,19.195375,19.195375,41.636684
213,C_high_BL_0_J000_008.png,C,h4_exc,148,18.955866,18.955866,121.30145
214,C_high_BL_0_J000_008.png,C,h4_exc,388,18.684315,18.684315,45.552795
215,C_high_BL_0_J000_008.png,C,h4_exc,298,18.136297,18.136297,49.012268
216,C_high_BL_0_J000_008.png,C,h4_exc,145,18.015783,18.015783,54.48202
217,C_high_BL_0_J000_008.png,C,h4_exc,314,17.653536,17.653536,33.22884
218,C_high_BL_0_J000_008.png,C,h4_exc,395,16.403454,16.403454,41.8128
219,C_high_BL_0_J000_008.png,C,h4_exc,390,16.323967,16.323967,38.412827
220,C_high_BL_0_J000_008.png,C,h4_exc,393,16.213558,16.213558,1306.3632
221,C_high_BL_0_J000_008.png,C,h4_exc,281,15.305606,15.305606,40.65918
222,C_high_BL_0_J000_008.png,C,h4_exc,66,15.123727,15.123727,28.61327
223,C_high_BL_0_J000_008.png,C,h4_exc,300,14.789445,14.789445,30.309246
224,C_high_BL_0_J000_008.png,C,h4_exc,285,14.345589,14.345589,38.973026
225,C_high_BL_0_J000_008.png,C,h4_exc,81,13.825233,13.825233,30.313278
226,C_high_BL_0_J000_008.png,C,h4_exc,126,13.734372,13.734372,37.377663
227,C_high_BL_0_J000_008.png,C,h4_exc,21,13.492512,13.492512,30.723257
228,C_high_BL_0_J000_008.png,C,h4_exc,23,13.156424,13.156424,23.451921
229,C_high_BL_0_J000_008.png,C,h4_exc,305,13.003101,13.003101,29.344152
230,C_high_BL_0_J000_008.png,C,h4_exc,403,12.900339,12.900339,308.2815
231,C_high_BL_0_J000_008.png,C,h4_exc,29,12.575264,12.575264,37.93732
232,C_high_BL_0_J000_008.png,C,h4_exc,463,12.478003,12.478003,24.443844
233,C_high_BL_0_J000_008.png,C,h4_exc,266,12.439288,12.439288,31.565992
234,C_high_BL_0_J000_008.png,C,h4_exc,139,12.208136,12.208136,25.758957
235,C_high_BL_0_J000_008.png,C,h4_exc,198,12.127179,12.127179,33.71236
236,C_high_BL_0_J000_008.png,C,h4_exc,274,11.883154,11.883154,38.73243
237,C_high_BL_0_J000_008.png,C,h4_exc,505,11.454908,11.454908,27.516445
238,C_high_BL_0_J000_008.png,C,h4_exc,91,10.999415,10.999415,35.161438
239,C_high_BL_0_J000_008.png,C,h4_exc,479,10.6936,10.6936,21.517927
240,C_high_BL_0_J000_008.png,C,h4_exc,102,10.234167,10.234167,19.229494
241,C_high_BL_0_J000_008.png,C,h4_exc,320,9.656738,9.656738,21.700933
242,C_high_BL_0_J000_008.png,C,h4_exc,296,9.094846,9.094846,41.087643
243,C_high_BL_0_J000_008.png,C,h4_exc,157,8.794996,8.794996,20.46045
244,C_high_BL_0_J000_008.png,C,h4_exc,194,8.324961,8.324961,22.813772
245,C_high_BL_0_J000_008.png,C,h4_exc,371,7.9348598,7.9348598,16.056787
246,C_high_BL_0_J000_008.png,C,h4_exc,150,7.4960938,7.4960938,16.861052
247,C_high_BL_0_J000_008.png,C,h4_exc,426,7.2289405,7.2289405,15.897023
248,C_high_BL_0_J000_008.png,C,h4_exc,365,7.104396,7.104396,900.86786
249,C_high_BL_0_J000_008.png,C,h4_exc,490,6.6998997,6.6998997,22.16878
250,C_high_BL_0_J000_008.png,C,h4_exc,206,6.4234104,6.4234104,273.47177
251,C_high_BL_0_J000_008.png,C,h4_exc,411,6.2420936,6.2420936,11.767515
252,C_high_BL_0_J000_008.png,C,h4_exc,292,6.221579,6.221579,14.265903
253,C_high_BL_0_J000_008.png,C,h4_exc,166,6.0985246,6.0985246,12.550799
254,C_high_BL_0_J000_008.png,C,h4_exc,333,6.077309,6.077309,21.327482
255,C_high_BL_0_J000_008.png,C,h4_exc,260,5.86383,5.86383,20.212063
256,C_high_BL_0_J000_008.png,C,h4_exc,344,5.7863092,5.7863092,18.628023
257,C_high_BL_0_J000_008.png,C,h4_exc,501,5.6107616,5.6107616,12.791129
258,C_high_BL_0_J000_008.png,C,h4_exc,457,5.570372,5.570372,12.342495
259,C_high_BL_0_J000_008.png,C,h4_exc,299,5.2383504,5.2383504,26.309647
260,C_high_BL_0_J000_008.png,C,h4_exc,48,5.2349005,5.2349005,26.005129
261,C_high_BL_0_J000_008.png,C,h4_exc,71,4.872621,4.872621,22.56694
262,C_high_BL_0_J000_008.png,C,h4_exc,258,4.685033,4.685033,15.245462
263,C_high_BL_0_J000_008.png,C,h4_exc,410,4.6550846,4.6550846,18.184261
264,C_high_BL_0_J000_008.png,C,h4_exc,265,4.6124225,4.6124225,16.97942
265,C_high_BL_0_J000_008.png,C,h4_exc,59,4.101321,4.101321,6.9992332
266,C_high_BL_0_J000_008.png,C,h4_exc,279,3.7322583,3.7322583,13.604616
267,C_high_BL_0_J000_008.png,C,h4_exc,261,3.6633148,3.6633148,9.236627
268,C_high_BL_0_J000_008.png,C,h4_exc,9,3.273914,3.273914,23.244593
269,C_high_BL_0_J000_008.png,C,h4_exc,244,3.1916175,3.1916175,7.6617055
270,C_high_BL_0_J000_008.png,C,h4_exc,277,3.0395565,3.0395565,8.952936
271,C_high_BL_0_J000_008.png,C,h4_exc,17,3.009635,3.009635,14.878485
272,C_high_BL_0_J000_008.png,C,h4_exc,218,2.8845868,2.8845868,8.2743435
273,C_high_BL_0_J000_008.png,C,h4_exc,183,2.676889,2.676889,18.957428
274,C_high_BL_0_J000_008.png,C,h4_exc,120,2.5924468,2.5924468,69.886375
275,C_high_BL_0_J000_008.png,C,h4_exc,190,2.4429476,2.4429476,116.162415
276,C_high_BL_0_J000_008.png,C,h4_exc,289,2.2427254,2.2427254,69.35062
277,C_high_BL_0_J000_008.png,C,h4_exc,471,2.019014,2.019014,5.85171
278,C_high_BL_0_J000_008.png,C,h4_exc,436,2.0164568,2.0164568,22.88221
279,C_high_BL_0_J000_008.png,C,h4_exc,435,1.5834657,1.5834657,6.6318464
280,C_high_BL_0_J000_008.png,C,h4_exc,302,1.5659797,1.5659797,11.364308
281,C_high_BL_0_J000_008.png,C,h4_exc,191,1.3621364,1.3621364,4.4028907
282,C_high_BL_0_J000_008.png,C,h4_exc,268,1.219186,1.219186,11.492132
283,C_high_BL_0_J000_008.png,C,h4_exc,263,1.1952308,1.1952308,6.0107946
284,C_high_BL_0_J000_008.png,C,h4_exc,141,1.1351882,1.1351882,5.791773
285,C_high_BL_0_J000_008.png,C,h4_exc,72,1.1334355,1.1334355,7.3942165
286,C_high_BL_0_J000_008.png,C,h4_exc,213,1.099049,1.099049,1.6218814
287,C_high_BL_0_J000_008.png,C,h4_exc,207,1.0305917,1.0305917,3.1058154
288,C_high_BL_0_J000_008.png,C,h4_exc,122,1.0228388,1.0228388,114.2126
289,C_high_BL_0_J000_008.png,C,h4_exc,54,1.0052277,1.0052277,2.2501278
290,C_high_BL_0_J000_008.png,C,h4_exc,63,0.9853587,0.9853587,7.9840603
291,C_high_BL_0_J000_008.png,C,h4_exc,276,0.8920276,0.8920276,5.234583
292,C_high_BL_0_J000_008.png,C,h4_exc,409,0.852236,0.852236,7.7644672
293,C_high_BL_0_J000_008.png,C,h4_exc,307,0.82447624,0.82447624,146.7581
294,C_high_BL_0_J000_008.png,C,h4_exc,378,0.8168815,0.8168815,1.7151847
295,C_high_BL_0_J000_008.png,C,h4_exc,219,0.8107121,0.8107121,6.012802
296,C_high_BL_0_J000_008.png,C,h4_exc,473,0.7999266,0.7999266,2.2782586
297,C_high_BL_0_J000_008.png,C,h4_exc,79,0.7840779,0.7840779,20.779697
298,C_high_BL_0_J000_008.png,C,h4_exc,491,0.77363265,0.77363265,24.345581
299,C_high_BL_0_J000_008.png,C,h4_exc,217,0.7234369,0.7234369,3.4666257
300,C_high_BL_0_J000_008.png,C,h4_exc,186,0.7197406,0.7197406,122.17623
301,C_high_BL_0_J000_008.png,C,h4_exc,20,0.7090242,0.7090242,2.212642
302,C_high_BL_0_J000_008.png,C,h4_exc,172,0.6860032,0.6860032,15.011281
303,C_high_BL_0_J000_008.png,C,h4_exc,321,0.67911226,0.67911226,1.3465104
304,C_high_BL_0_J000_008.png,C,h4_exc,68,0.67707306,0.67707306,136.94902
305,C_high_BL_0_J000_008.png,C,h4_exc,211,0.6763922,0.6763922,1.1496654
306,C_high_BL_0_J000_008.png,C,h4_exc,484,0.67046815,0.67046815,11.018515
307,C_high_BL_0_J000_008.png,C,h4_exc,94,0.6695195,0.6695195,1.5344939
308,C_high_BL_0_J000_008.png,C,h4_exc,10,0.6341731,0.6341731,5.268531
309,C_high_BL_0_J000_008.png,C,h4_exc,173,0.6307615,0.6307615,11.076789
310,C_high_BL_0_J000_008.png,C,h4_exc,178,0.621114,0.621114,0.98606277
311,C_high_BL_0_J000_008.png,C,h4_exc,208,0.6023623,0.6023623,6.2691336
312,C_high_BL_0_J000_008.png,C,h4_exc,363,0.56961447,0.56961447,0.78123933
313,C_high_BL_0_J000_008.png,C,h4_exc,131,0.56204355,0.56204355,0.8371365
314,C_high_BL_0_J000_008.png,C,h4_exc,394,0.5560461,0.5560461,1.2590271
315,C_high_BL_0_J000_008.png,C,h4_exc,42,0.5470741,0.5470741,1.8170152
316,C_high_BL_0_J000_008.png,C,h4_exc,33,0.5445703,0.5445703,1.192341
317,C_high_BL_0_J000_008.png,C,h4_exc,3,0.5404841,0.5404841,2.316073
318,C_high_BL_0_J000_008.png,C,h4_exc,151,0.5391879,0.5391879,0.7520486
319,C_high_BL_0_J000_008.png,C,h4_exc,476,0.5317789,0.5317789,1.2650313
320,C_high_BL_0_J000_008.png,C,h4_exc,160,0.52287257,0.52287257,2.7909753
321,C_high_BL_0_J000_008.png,C,h4_exc,250,0.50624704,0.50624704,3.9535666
322,C_high_BL_0_J000_008.png,C,h4_exc,466,0.49964157,0.49964157,3.750112
323,C_high_BL_0_J000_008.png,C,h4_exc,408,0.4959522,0.4959522,1.0397134
324,C_high_BL_0_J000_008.png,C,h4_exc,494,0.481592,0.481592,0.9993903
325,C_high_BL_0_J000_008.png,C,h4_exc,184,0.47220778,0.47220778,0.6456891
326,C_high_BL_0_J000_008.png,C,h4_exc,232,0.46781746,0.46781746,2.3185806
327,C_high_BL_0_J000_008.png,C,h4_exc,343,0.45585582,0.45585582,0.648583
328,C_high_BL_0_J000_008.png,C,h4_exc,495,0.45329276,0.45329276,0.52429205
329,C_high_BL_0_J000_008.png,C,h4_exc,451,0.4294919,0.4294919,0.9149199
330,C_high_BL_0_J000_008.png,C,h4_exc,454,0.4250728,0.4250728,0.81998765
331,C_high_BL_0_J000_008.png,C,h4_exc,449,0.4242491,0.4242491,0.53568935
332,C_high_BL_0_J000_008.png,C,h4_exc,0,0.39890254,0.39890254,30.47185
333,C_high_BL_0_J000_008.png,C,h4_exc,326,0.39348102,0.39348102,1.9434283
334,C_high_BL_0_J000_008.png,C,h4_exc,152,0.39323238,0.39323238,0.7884413
335,C_high_BL_0_J000_008.png,C,h4_exc,496,0.38102534,0.38102534,0.71059287
336,C_high_BL_0_J000_008.png,C,h4_exc,507,0.36939433,0.36939433,3.313739
337,C_high_BL_0_J000_008.png,C,h4_exc,401,0.3688867,0.3688867,1.996126
338,C_high_BL_0_J000_008.png,C,h4_exc,437,0.36786148,0.36786148,7.3595953
339,C_high_BL_0_J000_008.png,C,h4_exc,397,0.36617786,0.36617786,9.2123575
340,C_high_BL_0_J000_008.png,C,h4_exc,337,0.35547975,0.35547975,5.0293074
341,C_high_BL_0_J000_008.png,C,h4_exc,340,0.3517193,0.3517193,0.6459374
342,C_high_BL_0_J000_008.png,C,h4_exc,306,0.34858185,0.34858185,0.57775474
343,C_high_BL_0_J000_008.png,C,h4_exc,456,0.33756828,0.33756828,0.5875008
344,C_high_BL_0_J000_008.png,C,h4_exc,336,0.3338684,0.3338684,2.236605
345,C_high_BL_0_J000_008.png,C,h4_exc,253,0.32600284,0.32600284,1.138592
346,C_high_BL_0_J000_008.png,C,h4_exc,203,0.32583824,0.32583824,1.2073277
347,C_high_BL_0_J000_008.png,C,h4_exc,308,0.3249509,0.3249509,0.42984048
348,C_high_BL_0_J000_008.png,C,h4_exc,434,0.31888568,0.31888568,0.7332598
349,C_high_BL_0_J000_008.png,C,h4_exc,114,0.30370957,0.30370957,1.1252908
350,C_high_BL_0_J000_008.png,C,h4_exc,380,0.3002933,0.3002933,3.1234372
351,C_high_BL_0_J000_008.png,C,h4_exc,18,0.29844642,0.29844642,0.8933109
352,C_high_BL_0_J000_008.png,C,h4_exc,509,0.29184738,0.29184738,0.5178844
353,C_high_BL_0_J000_008.png,C,h4_exc,342,0.28266817,0.28266817,1.4307243
354,C_high_BL_0_J000_008.png,C,h4_exc,396,0.27792022,0.27792022,0.5168776
355,C_high_BL_0_J000_008.png,C,h4_exc,468,0.27034006,0.27034006,2.5910156
356,C_high_BL_0_J000_008.png,C,h4_exc,241,0.26945427,0.26945427,0.32335642
357,C_high_BL_0_J000_008.png,C,h4_exc,422,0.2668257,0.2668257,0.36083198
358,C_high_BL_0_J000_008.png,C,h4_exc,93,0.26538566,0.26538566,3.522275
359,C_high_BL_0_J000_008.png,C,h4_exc,51,0.2643232,0.2643232,0.5165444
360,C_high_BL_0_J000_008.png,C,h4_exc,28,0.26139957,0.26139957,0.9171575
361,C_high_BL_0_J000_008.png,C,h4_exc,202,0.2587387,0.2587387,3.2057676
362,C_high_BL_0_J000_008.png,C,h4_exc,80,0.25186568,0.25186568,4.0646787
363,C_high_BL_0_J000_008.png,C,h4_exc,138,0.24814488,0.24814488,6.8756194
364,C_high_BL_0_J000_008.png,C,h4_exc,249,0.24546002,0.24546002,35.196987
365,C_high_BL_0_J000_008.png,C,h4_exc,294,0.24194856,0.24194856,2.7689896
366,C_high_BL_0_J000_008.png,C,h4_exc,212,0.24154438,0.24154438,0.5709594
367,C_high_BL_0_J000_008.png,C,h4_exc,441,0.23507671,0.23507671,0.45705578
368,C_high_BL_0_J000_008.png,C,h4_exc,382,0.23374046,0.23374046,0.46369976
369,C_high_BL_0_J000_008.png,C,h4_exc,125,0.23351695,0.23351695,2.4668956
370,C_high_BL_0_J000_008.png,C,h4_exc,185,0.23342796,0.23342796,0.54458594
371,C_high_BL_0_J000_008.png,C,h4_exc,417,0.23108372,0.23108372,0.74148923
372,C_high_BL_0_J000_008.png,C,h4_exc,251,0.22625381,0.22625381,2.5954196
373,C_high_BL_0_J000_008.png,C,h4_exc,358,0.21902314,0.21902314,2.8148751
374,C_high_BL_0_J000_008.png,C,h4_exc,204,0.2172493,0.2172493,16.971363
375,C_high_BL_0_J000_008.png,C,h4_exc,425,0.2123433,0.2123433,2.9253354
376,C_high_BL_0_J000_008.png,C,h4_exc,192,0.20885731,0.20885731,0.4024954
377,C_high_BL_0_J000_008.png,C,h4_exc,391,0.2052784,0.2052784,19.780964
378,C_high_BL_0_J000_008.png,C,h4_exc,392,0.20519947,0.20519947,0.28956467
379,C_high_BL_0_J000_008.png,C,h4_exc,2,0.20443739,0.20443739,0.34951916
380,C_high_BL_0_J000_008.png,C,h4_exc,170,0.19987635,0.19987635,0.4701589
381,C_high_BL_0_J000_008.png,C,h4_exc,385,0.19912742,0.19912742,1.006511
382,C_high_BL_0_J000_008.png,C,h4_exc,41,0.19789462,0.19789462,2.06057
383,C_high_BL_0_J000_008.png,C,h4_exc,503,0.19739108,0.19739108,0.40386915
384,C_high_BL_0_J000_008.png,C,h4_exc,384,0.19649854,0.19649854,0.29502952
385,C_high_BL_0_J000_008.png,C,h4_exc,32,0.19288605,0.19288605,0.606136
386,C_high_BL_0_J000_008.png,C,h4_exc,502,0.18483932,0.18483932,1.2327815
387,C_high_BL_0_J000_008.png,C,h4_exc,4,0.1796392,0.1796392,3.9338272
388,C_high_BL_0_J000_008.png,C,h4_exc,304,0.1742558,0.1742558,1.0986357
389,C_high_BL_0_J000_008.png,C,h4_exc,319,0.16870664,0.16870664,0.40024778
390,C_high_BL_0_J000_008.png,C,h4_exc,182,0.16673905,0.16673905,0.42328086
391,C_high_BL_0_J000_008.png,C,h4_exc,179,0.15770574,0.15770574,0.6192339
392,C_high_BL_0_J000_008.png,C,h4_exc,427,0.15639296,0.15639296,0.49884677
393,C_high_BL_0_J000_008.png,C,h4_exc,43,0.15579389,0.15579389,0.48796692
394,C_high_BL_0_J000_008.png,C,h4_exc,12,0.15570734,0.15570734,0.41826627
395,C_high_BL_0_J000_008.png,C,h4_exc,113,0.15080324,0.15080324,0.3638194
396,C_high_BL_0_J000_008.png,C,h4_exc,222,0.15057354,0.15057354,0.22866765
397,C_high_BL_0_J000_008.png,C,h4_exc,1,0.15018491,0.15018491,0.23063959
398,C_high_BL_0_J000_008.png,C,h4_exc,128,0.1497714,0.1497714,0.28546378
399,C_high_BL_0_J000_008.png,C,h4_exc,100,0.148874,0.148874,1.251003
400,C_high_BL_0_J000_008.png,C,h4_exc,486,0.1480549,0.1480549,4.458689
401,C_high_BL_0_J000_008.png,C,h4_exc,368,0.14678639,0.14678639,0.30808732
402,C_high_BL_0_J000_008.png,C,h4_exc,237,0.14117868,0.14117868,0.24599311
403,C_high_BL_0_J000_008.png,C,h4_exc,455,0.1400652,0.1400652,0.72920895
404,C_high_BL_0_J000_008.png,C,h4_exc,83,0.13755205,0.13755205,0.3479042
405,C_high_BL_0_J000_008.png,C,h4_exc,293,0.13564125,0.13564125,19.485611
406,C_high_BL_0_J000_008.png,C,h4_exc,223,0.13481449,0.13481449,5.001613
407,C_high_BL_0_J000_008.png,C,h4_exc,431,0.13333653,0.13333653,0.21402586
408,C_high_BL_0_J000_008.png,C,h4_exc,372,0.1307164,0.1307164,0.38492972
409,C_high_BL_0_J000_008.png,C,h4_exc,252,0.12904394,0.12904394,0.28893724
410,C_high_BL_0_J000_008.png,C,h4_exc,415,0.12827249,0.12827249,0.279193
411,C_high_BL_0_J000_008.png,C,h4_exc,13,0.12649953,0.12649953,0.34513208
412,C_high_BL_0_J000_008.png,C,h4_exc,62,0.12518866,0.12518866,0.2532668
413,C_high_BL_0_J000_008.png,C,h4_exc,87,0.12268849,0.12268849,0.36919227
414,C_high_BL_0_J000_008.png,C,h4_exc,234,0.122520246,0.122520246,0.27331397
415,C_high_BL_0_J000_008.png,C,h4_exc,24,0.11934427,0.11934427,0.24147537
416,C_high_BL_0_J000_008.png,C,h4_exc,335,0.11736625,0.11736625,0.24330677
417,C_high_BL_0_J000_008.png,C,h4_exc,351,0.114439696,0.114439696,0.3991511
418,C_high_BL_0_J000_008.png,C,h4_exc,438,0.113906585,0.113906585,0.54646343
419,C_high_BL_0_J000_008.png,C,h4_exc,255,0.112691425,0.112691425,0.4503208
420,C_high_BL_0_J000_008.png,C,h4_exc,235,0.11254552,0.11254552,0.6948103
421,C_high_BL_0_J000_008.png,C,h4_exc,432,0.111949615,0.111949615,0.3230636
422,C_high_BL_0_J000_008.png,C,h4_exc,461,0.11112521,0.11112521,1.0063374
423,C_high_BL_0_J000_008.png,C,h4_exc,56,0.11061662,0.11061662,0.60622466
424,C_high_BL_0_J000_008.png,C,h4_exc,7,0.11037345,0.11037345,0.8103813
425,C_high_BL_0_J000_008.png,C,h4_exc,492,0.1084269,0.1084269,0.30433536
426,C_high_BL_0_J000_008.png,C,h4_exc,8,0.108006045,0.108006045,0.26511413
427,C_high_BL_0_J000_008.png,C,h4_exc,161,0.10580841,0.10580841,0.48879677
428,C_high_BL_0_J000_008.png,C,h4_exc,88,0.105794095,0.105794095,0.5949345
429,C_high_BL_0_J000_008.png,C,h4_exc,366,0.10555608,0.10555608,0.4613345
430,C_high_BL_0_J000_008.png,C,h4_exc,156,0.104124136,0.104124136,0.23834431
431,C_high_BL_0_J000_008.png,C,h4_exc,16,0.10310932,0.10310932,0.2620746
432,C_high_BL_0_J000_008.png,C,h4_exc,488,0.10109522,0.10109522,3.4835398
433,C_high_BL_0_J000_008.png,C,h4_exc,119,0.099295594,0.099295594,0.7410957
434,C_high_BL_0_J000_008.png,C,h4_exc,19,0.09781315,0.09781315,0.57154566
435,C_high_BL_0_J000_008.png,C,h4_exc,348,0.09538722,0.09538722,1.7198405
436,C_high_BL_0_J000_008.png,C,h4_exc,472,0.09308414,0.09308414,1.2972019
437,C_high_BL_0_J000_008.png,C,h4_exc,387,0.09306423,0.09306423,0.40504324
438,C_high_BL_0_J000_008.png,C,h4_exc,175,0.091333926,0.091333926,0.33143425
439,C_high_BL_0_J000_008.png,C,h4_exc,153,0.091303766,0.091303766,0.31105962
440,C_high_BL_0_J000_008.png,C,h4_exc,323,0.090344965,0.090344965,0.17016208
441,C_high_BL_0_J000_008.png,C,h4_exc,239,0.089019,0.089019,3.2242956
442,C_high_BL_0_J000_008.png,C,h4_exc,162,0.08685852,0.08685852,0.16784415
443,C_high_BL_0_J000_008.png,C,h4_exc,167,0.08611515,0.08611515,0.41063187
444,C_high_BL_0_J000_008.png,C,h4_exc,450,0.08583573,0.08583573,0.27318507
445,C_high_BL_0_J000_008.png,C,h4_exc,123,0.085246235,0.085246235,4.258428
446,C_high_BL_0_J000_008.png,C,h4_exc,332,0.084184825,0.084184825,0.22443633
447,C_high_BL_0_J000_008.png,C,h4_exc,189,0.08367309,0.08367309,0.27773294
448,C_high_BL_0_J000_008.png,C,h4_exc,40,0.083278626,0.083278626,0.13499157
449,C_high_BL_0_J000_008.png,C,h4_exc,106,0.083188646,0.083188646,0.15405428
450,C_high_BL_0_J000_008.png,C,h4_exc,412,0.08283839,0.08283839,0.35232207
451,C_high_BL_0_J000_008.png,C,h4_exc,452,0.078429766,0.078429766,0.25770107
452,C_high_BL_0_J000_008.png,C,h4_exc,269,0.078298464,0.078298464,0.29422992
453,C_high_BL_0_J000_008.png,C,h4_exc,389,0.07693735,0.07693735,0.13484964
454,C_high_BL_0_J000_008.png,C,h4_exc,283,0.07515748,0.07515748,1.7694818
455,C_high_BL_0_J000_008.png,C,h4_exc,74,0.07376545,0.07376545,0.17486879
456,C_high_BL_0_J000_008.png,C,h4_exc,27,0.07331221,0.07331221,0.605252
457,C_high_BL_0_J000_008.png,C,h4_exc,14,0.07114671,0.07114671,1.1907614
458,C_high_BL_0_J000_008.png,C,h4_exc,430,0.069863535,0.069863535,0.1449549
459,C_high_BL_0_J000_008.png,C,h4_exc,301,0.06934845,0.06934845,0.17028183
460,C_high_BL_0_J000_008.png,C,h4_exc,96,0.066748425,0.066748425,0.1523088
461,C_high_BL_0_J000_008.png,C,h4_exc,356,0.06586911,0.06586911,1.009124
462,C_high_BL_0_J000_008.png,C,h4_exc,381,0.0626033,0.0626033,0.16008958
463,C_high_BL_0_J000_008.png,C,h4_exc,460,0.062465325,0.062465325,0.20550813
464,C_high_BL_0_J000_008.png,C,h4_exc,132,0.062027484,0.062027484,0.19388595
465,C_high_BL_0_J000_008.png,C,h4_exc,353,0.06189825,0.06189825,0.1149558
466,C_high_BL_0_J000_008.png,C,h4_exc,76,0.05989473,0.05989473,0.15212914
467,C_high_BL_0_J000_008.png,C,h4_exc,325,0.05978192,0.05978192,0.3154544
468,C_high_BL_0_J000_008.png,C,h4_exc,118,0.05878563,0.05878563,0.09739715
469,C_high_BL_0_J000_008.png,C,h4_exc,199,0.058381714,0.058381714,0.53659445
470,C_high_BL_0_J000_008.png,C,h4_exc,478,0.05798005,0.05798005,0.26049316
471,C_high_BL_0_J000_008.png,C,h4_exc,424,0.057220157,0.057220157,0.33807197
472,C_high_BL_0_J000_008.png,C,h4_exc,318,0.056075115,0.056075115,0.68843794
473,C_high_BL_0_J000_008.png,C,h4_exc,245,0.054867323,0.054867323,0.16736463
474,C_high_BL_0_J000_008.png,C,h4_exc,44,0.05367459,0.05367459,0.12924813
475,C_high_BL_0_J000_008.png,C,h4_exc,349,0.053396534,0.053396534,0.20684558
476,C_high_BL_0_J000_008.png,C,h4_exc,124,0.052862454,0.052862454,1.0977504
477,C_high_BL_0_J000_008.png,C,h4_exc,209,0.052395362,0.052395362,0.30515164
478,C_high_BL_0_J000_008.png,C,h4_exc,399,0.052160725,0.052160725,0.13485278
479,C_high_BL_0_J000_008.png,C,h4_exc,286,0.05099087,0.05099087,0.23104429
480,C_high_BL_0_J000_008.png,C,h4_exc,442,0.045895834,0.045895834,0.1347376
481,C_high_BL_0_J000_008.png,C,h4_exc,414,0.045112744,0.045112744,0.099715896
482,C_high_BL_0_J000_008.png,C,h4_exc,406,0.042973727,0.042973727,0.214528
483,C_high_BL_0_J000_008.png,C,h4_exc,49,0.042840343,0.042840343,0.13461214
484,C_high_BL_0_J000_008.png,C,h4_exc,57,0.038818594,0.038818594,0.11838063
485,C_high_BL_0_J000_008.png,C,h4_exc,31,0.035579458,0.035579458,0.13344194
486,C_high_BL_0_J000_008.png,C,h4_exc,483,0.034118563,0.034118563,0.259786
487,C_high_BL_0_J000_008.png,C,h4_exc,228,0.033912,0.033912,0.24311958
488,C_high_BL_0_J000_008.png,C,h4_exc,65,0.032679405,0.032679405,0.08710082
489,C_high_BL_0_J000_008.png,C,h4_exc,347,0.032478616,0.032478616,1.3253621
490,C_high_BL_0_J000_008.png,C,h4_exc,70,0.031676177,0.031676177,0.21213855
491,C_high_BL_0_J000_008.png,C,h4_exc,413,0.030224614,0.030224614,0.10767658
492,C_high_BL_0_J000_008.png,C,h4_exc,404,0.029335117,0.029335117,0.10749772
493,C_high_BL_0_J000_008.png,C,h4_exc,168,0.02370653,0.02370653,0.06834215
494,C_high_BL_0_J000_008.png,C,h4_exc,469,0.022431873,0.022431873,1.6126232
495,C_high_BL_0_J000_008.png,C,h4_exc,481,0.021919245,0.021919245,0.035796218
496,C_high_BL_0_J000_008.png,C,h4_exc,331,0.020448275,0.020448275,0.13357595
497,C_high_BL_0_J000_008.png,C,h4_exc,311,0.020319559,0.020319559,0.11472517
498,C_high_BL_0_J000_008.png,C,h4_exc,95,0.020180924,0.020180924,0.05618045
499,C_high_BL_0_J000_008.png,C,h4_exc,84,0.018625058,0.018625058,0.10528303
500,C_high_BL_0_J000_008.png,C,h4_exc,105,0.018263951,0.018263951,0.14622529
501,C_high_BL_0_J000_008.png,C,h4_exc,201,0.017893292,0.017893292,0.16006629
502,C_high_BL_0_J000_008.png,C,h4_exc,405,0.016175782,0.016175782,0.12472027
503,C_high_BL_0_J000_008.png,C,h4_exc,373,0.012768768,0.012768768,0.105811544
504,C_high_BL_0_J000_008.png,C,h4_exc,210,0.011600703,0.011600703,0.13428122
505,C_high_BL_0_J000_008.png,C,h4_exc,324,0.008531937,0.008531937,0.13727269
506,C_high_BL_0_J000_008.png,C,h4_exc,144,0.0080574,0.0080574,0.02131592
507,C_high_BL_0_J000_008.png,C,h4_exc,339,0.007885873,0.007885873,0.083283745
508,C_high_BL_0_J000_008.png,C,h4_exc,214,0.0077844583,0.0077844583,0.021260833
509,C_high_BL_0_J000_008.png,C,h4_exc,418,0.0074034655,0.0074034655,0.04814664
510,C_high_BL_0_J000_008.png,C,h4_exc,130,0.0067185163,0.0067185163,0.03345886
511,C_high_BL_0_J000_008.png,C,h4_exc,254,0.0028940183,0.0028940183,0.028274754
512,C_high_BL_0_J000_008.png,C,h4_exc,216,0.00022910658,0.00022910658,0.0083444035
1,C_high_BL_0_J000_008.png,C,td_h0_exc,45,6.0850987,6.0850987,83.182304
2,C_high_BL_0_J000_008.png,C,td_h0_exc,62,5.6602583,5.6602583,125.1198
3,C_high_BL_0_J000_008.png,C,td_h0_exc,12,5.540031,5.540031,98.63218
4,C_high_BL_0_J000_008.png,C,td_h0_exc,7,5.3609076,5.3609076,84.881065
5,C_high_BL_0_J000_008.png,C,td_h0_exc,44,4.827136,4.827136,42.95559
6,C_high_BL_0_J000_008.png,C,td_h0_exc,2,4.823233,4.823233,81.55018
7,C_high_BL_0_J000_008.png,C,td_h0_exc,1,4.642446,4.642446,53.294956
8,C_high_BL_0_J000_008.png,C,td_h0_exc,50,4.5391636,4.5391636,16.753174
9,C_high_BL_0_J000_008.png,C,td_h0_exc,31,4.437243,4.437243,20.280066
10,C_high_BL_0_J000_008.png,C,td_h0_exc,59,4.3747044,4.3747044,50.706345
11,C_high_BL_0_J000_008.png,C,td_h0_exc,53,4.2641077,4.2641077,116.11304
12,C_high_BL_0_J000_008.png,C,td_h0_exc,32,4.2550297,4.2550297,99.06848
13,C_high_BL_0_J000_008.png,C,td_h0_exc,26,4.1354933,4.1354933,67.55378
14,C_high_BL_0_J000_008.png,C,td_h0_exc,55,4.0128036,4.0128036,52.29485
15,C_high_BL_0_J000_008.png,C,td_h0_exc,21,4.012522,4.012522,57.053642
16,C_high_BL_0_J000_008.png,C,td_h0_exc,24,3.9924412,3.9924412,38.19451
17,C_high_BL_0_J000_008.png,C,td_h0_exc,4,3.6559472,3.6559472,49.41427
18,C_high_BL_0_J000_008.png,C,td_h0_exc,54,3.5929885,3.5929885,19.477932
19,C_high_BL_0_J000_008.png,C,td_h0_exc,61,3.4683402,3.4683402,40.317863
20,C_high_BL_0_J000_008.png,C,td_h0_exc,39,3.3733485,3.3733485,20.976276
21,C_high_BL_0_J000_008.png,C,td_h0_exc,47,3.357251,3.357251,19.96747
22,C_high_BL_0_J000_008.png,C,td_h0_exc,10,3.3455243,3.3455243,36.032894
23,C_high_BL_0_J000_008.png,C,td_h0_exc,36,3.2078576,3.2078576,32.933067
24,C_high_BL_0_J000_008.png,C,td_h0_exc,11,3.1810486,3.1810486,15.63941
25,C_high_BL_0_J000_008.png,C,td_h0_exc,17,2.993431,2.993431,118.44295
26,C_high_BL_0_J000_008.png,C,td_h0_exc,33,2.9040976,2.9040976,33.56434
27,C_high_BL_0_J000_008.png,C,td_h0_exc,9,2.850627,2.850627,22.913101
28,C_high_BL_0_J000_008.png,C,td_h0_exc,27,2.5539737,2.5539737,12.168935
29,C_high_BL_0_J000_008.png,C,td_h0_exc,28,2.4804783,2.4804783,24.529991
30,C_high_BL_0_J000_008.png,C,td_h0_exc,22,2.2101846,2.2101846,13.359901
31,C_high_BL_0_J000_008.png,C,td_h0_exc,18,2.150456,2.150456,14.189563
32,C_high_BL_0_J000_008.png,C,td_h0_exc,42,1.7248465,1.7248465,15.454464
33,C_high_BL_0_J000_008.png,C,td_h0_exc,5,0.9068015,0.9068015,22.350481
34,C_high_BL_0_J000_008.png,C,td_h0_exc,16,0.8943689,0.8943689,9.948241
35,C_high_BL_0_J000_008.png,C,td_h0_exc,48,0.85240847,0.85240847,14.571482
36,C_high_BL_0_J000_008.png,C,td_h0_exc,30,0.8327358,0.8327358,6.758576
37,C_high_BL_0_J000_008.png,C,td_h0_exc,56,0.7907178,0.7907178,33.75759
38,C_high_BL_0_J000_008.png,C,td_h0_exc,52,0.78616965,0.78616965,3.8943007
39,C_high_BL_0_J000_008.png,C,td_h0_exc,14,0.78075564,0.78075564,17.354033
40,C_high_BL_0_J000_008.png,C,td_h0_exc,15,0.7273454,0.7273454,9.480948
41,C_high_BL_0_J000_008.png,C,td_h0_exc,43,0.7162356,0.7162356,8.6918125
42,C_high_BL_0_J000_008.png,C,td_h0_exc,35,0.691369,0.691369,24.977055
43,C_high_BL_0_J000_008.png,C,td_h0_exc,6,0.6767105,0.6767105,7.1310663
44,C_high_BL_0_J000_008.png,C,td_h0_exc,46,0.5853553,0.5853553,7.4282665
45,C_high_BL_0_J000_008.png,C,td_h0_exc,58,0.5694139,0.5694139,3.5308537
46,C_high_BL_0_J000_008.png,C,td_h0_exc,41,0.56734437,0.56734437,2.643174
47,C_high_BL_0_J000_008.png,C,td_h0_exc,8,0.5472755,0.5472755,2.85501
48,C_high_BL_0_J000_008.png,C,td_h0_exc,25,0.53697336,0.53697336,2.4797144
49,C_high_BL_0_J000_008.png,C,td_h0_exc,13,0.53231806,0.53231806,5.8885
50,C_high_BL_0_J000_008.png,C,td_h0_exc,60,0.5226535,0.5226535,4.6934414
51,C_high_BL_0_J000_008.png,C,td_h0_exc,23,0.517344,0.517344,9.343375
52,C_high_BL_0_J000_008.png,C,td_h0_exc,19,0.4100919,0.4100919,0.77021307
53,C_high_BL_0_J000_008.png,C,td_h0_exc,49,0.3963751,0.3963751,6.3988266
54,C_high_BL_0_J000_008.png,C,td_h0_exc,57,0.3947481,0.3947481,6.058973
55,C_high_BL_0_J000_008.png,C,td_h0_exc,20,0.38652185,0.38652185,6.6768374
56,C_high_BL_0_J000_008.png,C,td_h0_exc,0,0.3729042,0.3729042,5.5032644
57,C_high_BL_0_J000_008.png,C,td_h0_exc,34,0.3333879,0.3333879,7.9932094
58,C_high_BL_0_J000_008.png,C,td_h0_exc,3,0.19933301,0.19933301,1.5652401
59,C_high_BL_0_J000_008.png,C,td_h0_exc,37,0.1825227,0.1825227,0.89826035
60,C_high_BL_0_J000_008.png,C,td_h0_exc,63,0.17581286,0.17581286,2.2658637
61,C_high_BL_0_J000_008.png,C,td_h0_exc,38,0.16817738,0.16817738,1.0032881
62,C_high_BL_0_J000_008.png,C,td_h0_exc,40,0.16631551,0.16631551,1.9298598
63,C_high_BL_0_J000_008.png,C,td_h0_exc,51,0.15060493,0.15060493,2.0947468
64,C_high_BL_0_J000_008.png,C,td_h0_exc,29,0.13047604,0.13047604,1.1336565
1,C_high_BL_0_J000_008.png,C,td_h1_exc,29,3.5620818,3.5620818,22.925941
2,C_high_BL_0_J000_008.png,C,td_h1_exc,23,2.9497313,2.9497313,26.288992
3,C_high_BL_0_J000_008.png,C,td_h1_exc,102,2.8551912,2.8551912,27.00577
4,C_high_BL_0_J000_008.png,C,td_h1_exc,7,2.669652,2.669652,21.891035
5,C_high_BL_0_J000_008.png,C,td_h1_exc,78,2.3931646,2.3931646,20.803455
6,C_high_BL_0_J000_008.png,C,td_h1_exc,92,2.280606,2.280606,13.916828
7,C_high_BL_0_J000_008.png,C,td_h1_exc,65,2.1552584,2.1552584,9.3622
8,C_high_BL_0_J000_008.png,C,td_h1_exc,25,2.131653,2.131653,19.075848
9,C_high_BL_0_J000_008.png,C,td_h1_exc,62,2.0748458,2.0748458,8.559285
10,C_high_BL_0_J000_008.png,C,td_h1_exc,28,2.054031,2.054031,11.426039
11,C_high_BL_0_J000_008.png,C,td_h1_exc,105,2.0324564,2.0324564,9.441346
12,C_high_BL_0_J000_008.png,C,td_h1_exc,61,2.0017471,2.0017471,22.691273
13,C_high_BL_0_J000_008.png,C,td_h1_exc,80,1.9337496,1.9337496,9.6161585
14,C_high_BL_0_J000_008.png,C,td_h1_exc,0,1.8758503,1.8758503,22.411121
15,C_high_BL_0_J000_008.png,C,td_h1_exc,121,1.7306199,1.7306199,14.168058
16,C_high_BL_0_J000_008.png,C,td_h1_exc,72,1.6746334,1.6746334,21.992622
17,C_high_BL_0_J000_008.png,C,td_h1_exc,22,1.6599133,1.6599133,9.185233
18,C_high_BL_0_J000_008.png,C,td_h1_exc,45,1.6407619,1.6407619,14.153737
19,C_high_BL_0_J000_008.png,C,td_h1_exc,6,1.6373422,1.6373422,16.091461
20,C_high_BL_0_J000_008.png,C,td_h1_exc,20,1.5433884,1.5433884,13.282776
21,C_high_BL_0_J000_008.png,C,td_h1_exc,64,1.47055,1.47055,17.96983
22,C_high_BL_0_J000_008.png,C,td_h1_exc,21,1.4556146,1.4556146,17.901573
23,C_high_BL_0_J000_008.png,C,td_h1_exc,4,1.4435742,1.4435742,5.9528394
24,C_high_BL_0_J000_008.png,C,td_h1_exc,94,1.4322479,1.4322479,8.486307
25,C_high_BL_0_J000_008.png,C,td_h1_exc,13,1.4216117,1.4216117,25.538378
26,C_high_BL_0_J000_008.png,C,td_h1_exc,82,1.4118499,1.4118499,28.62489
27,C_high_BL_0_J000_008.png,C,td_h1_exc,11,1.3716156,1.3716156,86.33072
28,C_high_BL_0_J000_008.png,C,td_h1_exc,49,1.3627765,1.3627765,20.971363
29,C_high_BL_0_J000_008.png,C,td_h1_exc,93,1.3351457,1.3351457,8.470434
30,C_high_BL_0_J000_008.png,C,td_h1_exc,63,1.3128277,1.3128277,4.200384
31,C_high_BL_0_J000_008.png,C,td_h1_exc,54,1.3088636,1.3088636,19.47145
32,C_high_BL_0_J000_008.png,C,td_h1_exc,1,1.2990874,1.2990874,5.1963954
33,C_high_BL_0_J000_008.png,C,td_h1_exc,90,1.2913437,1.2913437,12.3231945
34,C_high_BL_0_J000_008.png,C,td_h1_exc,40,1.2872101,1.2872101,11.781916
35,C_high_BL_0_J000_008.png,C,td_h1_exc,57,1.2711887,1.2711887,10.141653
36,C_high_BL_0_J000_008.png,C,td_h1_exc,108,1.2645687,1.2645687,3.646287
37,C_high_BL_0_J000_008.png,C,td_h1_exc,83,1.2579529,1.2579529,6.3855047
38,C_high_BL_0_J000_008.png,C,td_h1_exc,26,1.2340531,1.2340531,14.538726
39,C_high_BL_0_J000_008.png,C,td_h1_exc,41,1.2098927,1.2098927,5.681549
40,C_high_BL_0_J000_008.png,C,td_h1_exc,96,1.2034082,1.2034082,5.9143004
41,C_high_BL_0_J000_008.png,C,td_h1_exc,58,1.1974272,1.1974272,4.2869716
42,C_high_BL_0_J000_008.png,C,td_h1_exc,37,1.1448725,1.1448725,6.6679926
43,C_high_BL_0_J000_008.png,C,td_h1_exc,84,1.0487431,1.0487431,6.4274426
44,C_high_BL_0_J000_008.png,C,td_h1_exc,48,1.0356994,1.0356994,15.576297
45,C_high_BL_0_J000_008.png,C,td_h1_exc,2,1.0229577,1.0229577,8.643773
46,C_high_BL_0_J000_008.png,C,td_h1_exc,35,1.0153956,1.0153956,20.436813
47,C_high_BL_0_J000_008.png,C,td_h1_exc,55,0.98403925,0.98403925,11.136811
48,C_high_BL_0_J000_008.png,C,td_h1_exc,98,0.9836244,0.9836244,24.795422
49,C_high_BL_0_J000_008.png,C,td_h1_exc,50,0.9780006,0.9780006,8.8653
50,C_high_BL_0_J000_008.png,C,td_h1_exc,113,0.9779867,0.9779867,58.45839
51,C_high_BL_0_J000_008.png,C,td_h1_exc,15,0.9701706,0.9701706,1.9892602
52,C_high_BL_0_J000_008.png,C,td_h1_exc,24,0.9695824,0.9695824,3.0697994
53,C_high_BL_0_J000_008.png,C,td_h1_exc,36,0.96634394,0.96634394,9.108002
54,C_high_BL_0_J000_008.png,C,td_h1_exc,47,0.94233453,0.94233453,4.9252777
55,C_high_BL_0_J000_008.png,C,td_h1_exc,99,0.9353279,0.9353279,5.494776
56,C_high_BL_0_J000_008.png,C,td_h1_exc,110,0.91785276,0.91785276,10.997116
57,C_high_BL_0_J000_008.png,C,td_h1_exc,17,0.90317583,0.90317583,6.83737
58,C_high_BL_0_J000_008.png,C,td_h1_exc,88,0.874294,0.874294,3.177962
59,C_high_BL_0_J000_008.png,C,td_h1_exc,43,0.8729033,0.8729033,3.9647512
60,C_high_BL_0_J000_008.png,C,td_h1_exc,86,0.8629158,0.8629158,20.30731
61,C_high_BL_0_J000_008.png,C,td_h1_exc,79,0.8382282,0.8382282,21.116634
62,C_high_BL_0_J000_008.png,C,td_h1_exc,14,0.81996065,0.81996065,4.601088
63,C_high_BL_0_J000_008.png,C,td_h1_exc,95,0.8092583,0.8092583,2.721497
64,C_high_BL_0_J000_008.png,C,td_h1_exc,53,0.791595,0.791595,8.125388
65,C_high_BL_0_J000_008.png,C,td_h1_exc,91,0.7891906,0.7891906,2.0337481
66,C_high_BL_0_J000_008.png,C,td_h1_exc,60,0.7759974,0.7759974,4.870692
67,C_high_BL_0_J000_008.png,C,td_h1_exc,114,0.7651056,0.7651056,3.10188
68,C_high_BL_0_J000_008.png,C,td_h1_exc,39,0.7509554,0.7509554,3.9396331
69,C_high_BL_0_J000_008.png,C,td_h1_exc,123,0.74915284,0.74915284,4.417785
70,C_high_BL_0_J000_008.png,C,td_h1_exc,27,0.7483998,0.7483998,5.5831995
71,C_high_BL_0_J000_008.png,C,td_h1_exc,12,0.7315239,0.7315239,2.742737
72,C_high_BL_0_J000_008.png,C,td_h1_exc,18,0.72205454,0.72205454,3.75592
73,C_high_BL_0_J000_008.png,C,td_h1_exc,124,0.7198906,0.7198906,12.63411
74,C_high_BL_0_J000_008.png,C,td_h1_exc,68,0.7092154,0.7092154,7.245598
75,C_high_BL_0_J000_008.png,C,td_h1_exc,10,0.6972601,0.6972601,3.8466897
76,C_high_BL_0_J000_008.png,C,td_h1_exc,71,0.68402857,0.68402857,2.4451048
77,C_high_BL_0_J000_008.png,C,td_h1_exc,75,0.68231875,0.68231875,1.9841139
78,C_high_BL_0_J000_008.png,C,td_h1_exc,52,0.67871207,0.67871207,1.9562124
79,C_high_BL_0_J000_008.png,C,td_h1_exc,38,0.6721941,0.6721941,1.9986494
80,C_high_BL_0_J000_008.png,C,td_h1_exc,51,0.65616775,0.65616775,5.2411447
81,C_high_BL_0_J000_008.png,C,td_h1_exc,3,0.65511584,0.65511584,3.2226908
82,C_high_BL_0_J000_008.png,C,td_h1_exc,81,0.6497402,0.6497402,5.0724726
83,C_high_BL_0_J000_008.png,C,td_h1_exc,89,0.6422882,0.6422882,5.4931245
84,C_high_BL_0_J000_008.png,C,td_h1_exc,97,0.6393089,0.6393089,1.4457539
85,C_high_BL_0_J000_008.png,C,td_h1_exc,107,0.62389284,0.62389284,1.787292
86,C_high_BL_0_J000_008.png,C,td_h1_exc,16,0.6220301,0.6220301,3.658349
87,C_high_BL_0_J000_008.png,C,td_h1_exc,100,0.62176627,0.62176627,4.0275493
88,C_high_BL_0_J000_008.png,C,td_h1_exc,74,0.6197627,0.6197627,2.4501212
89,C_high_BL_0_J000_008.png,C,td_h1_exc,8,0.61189675,0.61189675,4.8688145
90,C_high_BL_0_J000_008.png,C,td_h1_exc,122,0.5901609,0.5901609,1.4562281
91,C_high_BL_0_J000_008.png,C,td_h1_exc,66,0.58485997,0.58485997,2.51491
92,C_high_BL_0_J000_008.png,C,td_h1_exc,104,0.5698524,0.5698524,2.580205
93,C_high_BL_0_J000_008.png,C,td_h1_exc,31,0.565672,0.565672,2.8120959
94,C_high_BL_0_J000_008.png,C,td_h1_exc,126,0.56503975,0.56503975,3.17718
95,C_high_BL_0_J000_008.png,C,td_h1_exc,85,0.56392705,0.56392705,1.3572444
96,C_high_BL_0_J000_008.png,C,td_h1_exc,118,0.55350363,0.55350363,2.444172
97,C_high_BL_0_J000_008.png,C,td_h1_exc,42,0.5516715,0.5516715,2.1744745
98,C_high_BL_0_J000_008.png,C,td_h1_exc,101,0.5477291,0.5477291,2.978499
99,C_high_BL_0_J000_008.png,C,td_h1_exc,87,0.5474106,0.5474106,1.6455643
100,C_high_BL_0_J000_008.png,C,td_h1_exc,77,0.54068714,0.54068714,2.0775733
101,C_high_BL_0_J000_008.png,C,td_h1_exc,117,0.53143054,0.53143054,0.83510953
102,C_high_BL_0_J000_008.png,C,td_h1_exc,56,0.51015186,0.51015186,2.2513344
103,C_high_BL_0_J000_008.png,C,td_h1_exc,34,0.50359696,0.50359696,0.98869497
104,C_high_BL_0_J000_008.png,C,td_h1_exc,46,0.50298876,0.50298876,2.992656
105,C_high_BL_0_J000_008.png,C,td_h1_exc,106,0.49506387,0.49506387,3.69462
106,C_high_BL_0_J000_008.png,C,td_h1_exc,111,0.4939019,0.4939019,4.223054
107,C_high_BL_0_J000_008.png,C,td_h1_exc,125,0.48511738,0.48511738,8.053382
108,C_high_BL_0_J000_008.png,C,td_h1_exc,76,0.47452658,0.47452658,6.243603
109,C_high_BL_0_J000_008.png,C,td_h1_exc,115,0.46322763,0.46322763,2.4297543
110,C_high_BL_0_J000_008.png,C,td_h1_exc,119,0.45762378,0.45762378,11.277182
111,C_high_BL_0_J000_008.png,C,td_h1_exc,67,0.4290658,0.4290658,0.90485835
112,C_high_BL_0_J000_008.png,C,td_h1_exc,112,0.40949354,0.40949354,2.1769173
113,C_high_BL_0_J000_008.png,C,td_h1_exc,127,0.39284396,0.39284396,2.9423401
114,C_high_BL_0_J000_008.png,C,td_h1_exc,69,0.36741722,0.36741722,3.4804883
115,C_high_BL_0_J000_008.png,C,td_h1_exc,9,0.36015403,0.36015403,1.4833566
116,C_high_BL_0_J000_008.png,C,td_h1_exc,33,0.3592943,0.3592943,1.1322079
117,C_high_BL_0_J000_008.png,C,td_h1_exc,116,0.3484297,0.3484297,6.039113
118,C_high_BL_0_J000_008.png,C,td_h1_exc,109,0.34088022,0.34088022,0.869053
119,C_high_BL_0_J000_008.png,C,td_h1_exc,30,0.33852157,0.33852157,1.03297
120,C_high_BL_0_J000_008.png,C,td_h1_exc,19,0.31173122,0.31173122,1.3888911
121,C_high_BL_0_J000_008.png,C,td_h1_exc,120,0.2948612,0.2948612,0.88450944
122,C_high_BL_0_J000_008.png,C,td_h1_exc,59,0.269144,0.269144,1.0128207
123,C_high_BL_0_J000_008.png,C,td_h1_exc,73,0.253515,0.253515,0.6000865
124,C_high_BL_0_J000_008.png,C,td_h1_exc,103,0.24128988,0.24128988,0.43667656
125,C_high_BL_0_J000_008.png,C,td_h1_exc,5,0.23129529,0.23129529,2.85201
126,C_high_BL_0_J000_008.png,C,td_h1_exc,70,0.21200067,0.21200067,1.5054764
127,C_high_BL_0_J000_008.png,C,td_h1_exc,32,0.2008977,0.2008977,0.49088037
128,C_high_BL_0_J000_008.png,C,td_h1_exc,44,0.18994552,0.18994552,4.854752
1,C_high_BL_0_J000_008.png,C,td_h2_exc,102,2.810803,2.810803,18.35933
2,C_high_BL_0_J000_008.png,C,td_h2_exc,207,2.6659863,2.6659863,13.036014
3,C_high_BL_0_J000_008.png,C,td_h2_exc,236,2.3278925,2.3278925,8.708601
4,C_high_BL_0_J000_008.png,C,td_h2_exc,180,2.2524185,2.2524185,10.811579
5,C_high_BL_0_J000_008.png,C,td_h2_exc,134,2.1061695,2.1061695,9.741956
6,C_high_BL_0_J000_008.png,C,td_h2_exc,87,2.0732086,2.0732086,14.485095
7,C_high_BL_0_J000_008.png,C,td_h2_exc,135,2.0359347,2.0359347,6.022077
8,C_high_BL_0_J000_008.png,C,td_h2_exc,113,1.9914223,1.9914223,5.660621
9,C_high_BL_0_J000_008.png,C,td_h2_exc,147,1.9734122,1.9734122,6.643191
10,C_high_BL_0_J000_008.png,C,td_h2_exc,151,1.9502313,1.9502313,8.530551
11,C_high_BL_0_J000_008.png,C,td_h2_exc,249,1.9333277,1.9333277,13.852554
12,C_high_BL_0_J000_008.png,C,td_h2_exc,51,1.9125016,1.9125016,11.887806
13,C_high_BL_0_J000_008.png,C,td_h2_exc,50,1.8568994,1.8568994,6.056863
14,C_high_BL_0_J000_008.png,C,td_h2_exc,30,1.8336035,1.8336035,7.355236
15,C_high_BL_0_J000_008.png,C,td_h2_exc,197,1.7309575,1.7309575,7.7184043
16,C_high_BL_0_J000_008.png,C,td_h2_exc,121,1.7196649,1.7196649,5.038793
17,C_high_BL_0_J000_008.png,C,td_h2_exc,165,1.5996735,1.5996735,6.7247324
18,C_high_BL_0_J000_008.png,C,td_h2_exc,141,1.5644504,1.5644504,8.297798
19,C_high_BL_0_J000_008.png,C,td_h2_exc,196,1.5024828,1.5024828,6.870301
20,C_high_BL_0_J000_008.png,C,td_h2_exc,124,1.4934615,1.4934615,5.597715
21,C_high_BL_0_J000_008.png,C,td_h2_exc,57,1.4810802,1.4810802,12.679936
22,C_high_BL_0_J000_008.png,C,td_h2_exc,244,1.4703723,1.4703723,8.897642
23,C_high_BL_0_J000_008.png,C,td_h2_exc,33,1.441502,1.441502,8.03492
24,C_high_BL_0_J000_008.png,C,td_h2_exc,46,1.4184744,1.4184744,9.865256
25,C_high_BL_0_J000_008.png,C,td_h2_exc,39,1.3895968,1.3895968,4.0651026
26,C_high_BL_0_J000_008.png,C,td_h2_exc,218,1.3893603,1.3893603,8.272957
27,C_high_BL_0_J000_008.png,C,td_h2_exc,206,1.3650589,1.3650589,2.8953357
28,C_high_BL_0_J000_008.png,C,td_h2_exc,240,1.3630235,1.3630235,5.658046
29,C_high_BL_0_J000_008.png,C,td_h2_exc,215,1.3229369,1.3229369,4.7090554
30,C_high_BL_0_J000_008.png,C,td_h2_exc,198,1.3112361,1.3112361,2.901073
31,C_high_BL_0_J000_008.png,C,td_h2_exc,238,1.2382478,1.2382478,3.7571123
32,C_high_BL_0_J000_008.png,C,td_h2_exc,6,1.225589,1.225589,2.5684695
33,C_high_BL_0_J000_008.png,C,td_h2_exc,111,1.2205323,1.2205323,10.112489
34,C_high_BL_0_J000_008.png,C,td_h2_exc,35,1.2186682,1.2186682,5.2893906
35,C_high_BL_0_J000_008.png,C,td_h2_exc,97,1.2127943,1.2127943,4.96115
36,C_high_BL_0_J000_008.png,C,td_h2_exc,120,1.209,1.209,2.3791592
37,C_high_BL_0_J000_008.png,C,td_h2_exc,114,1.207408,1.207408,3.3499606
38,C_high_BL_0_J000_008.png,C,td_h2_exc,227,1.1910287,1.1910287,6.4194646
39,C_high_BL_0_J000_008.png,C,td_h2_exc,223,1.1878992,1.1878992,4.938327
40,C_high_BL_0_J000_008.png,C,td_h2_exc,232,1.1503237,1.1503237,4.724747
41,C_high_BL_0_J000_008.png,C,td_h2_exc,11,1.1345949,1.1345949,9.086264
42,C_high_BL_0_J000_008.png,C,td_h2_exc,21,1.1210303,1.1210303,4.664826
43,C_high_BL_0_J000_008.png,C,td_h2_exc,219,1.118163,1.118163,7.434171
44,C_high_BL_0_J000_008.png,C,td_h2_exc,22,1.1179659,1.1179659,5.9875927
45,C_high_BL_0_J000_008.png,C,td_h2_exc,69,1.1050471,1.1050471,4.983808
46,C_high_BL_0_J000_008.png,C,td_h2_exc,9,1.1001889,1.1001889,8.679116
47,C_high_BL_0_J000_008.png,C,td_h2_exc,199,1.0923963,1.0923963,3.7260916
48,C_high_BL_0_J000_008.png,C,td_h2_exc,14,1.0737687,1.0737687,2.4475043
49,C_high_BL_0_J000_008.png,C,td_h2_exc,155,1.0574462,1.0574462,2.8679981
50,C_high_BL_0_J000_008.png,C,td_h2_exc,188,1.0559162,1.0559162,3.6534457
51,C_high_BL_0_J000_008.png,C,td_h2_exc,41,1.0350875,1.0350875,1.8027389
52,C_high_BL_0_J000_008.png,C,td_h2_exc,148,1.0045627,1.0045627,2.987808
53,C_high_BL_0_J000_008.png,C,td_h2_exc,127,0.9963467,0.9963467,2.6032028
54,C_high_BL_0_J000_008.png,C,td_h2_exc,143,0.99028885,0.99028885,3.4450362
55,C_high_BL_0_J000_008.png,C,td_h2_exc,186,0.9831781,0.9831781,1.7752914
56,C_high_BL_0_J000_008.png,C,td_h2_exc,213,0.9731221,0.9731221,4.7346573
57,C_high_BL_0_J000_008.png,C,td_h2_exc,73,0.97296107,0.97296107,4.2509956
58,C_high_BL_0_J000_008.png,C,td_h2_exc,153,0.9648497,0.9648497,3.3341177
59,C_high_BL_0_J000_008.png,C,td_h2_exc,159,0.9591091,0.9591091,5.539395
60,C_high_BL_0_J000_008.png,C,td_h2_exc,205,0.9471838,0.9471838,4.447969
61,C_high_BL_0_J000_008.png,C,td_h2_exc,1,0.9328955,0.9328955,2.7813668
62,C_high_BL_0_J000_008.png,C,td_h2_exc,191,0.90788376,0.90788376,1.9805403
63,C_high_BL_0_J000_008.png,C,td_h2_exc,250,0.901338,0.901338,1.7593696
64,C_high_BL_0_J000_008.png,C,td_h2_exc,75,0.8898767,0.8898767,3.1869478
65,C_high_BL_0_J000_008.png,C,td_h2_exc,226,0.87489855,0.87489855,1.8316646
66,C_high_BL_0_J000_008.png,C,td_h2_exc,53,0.8699027,0.8699027,6.7712984
67,C_high_BL_0_J000_008.png,C,td_h2_exc,125,0.8686418,0.8686418,3.5855412
68,C_high_BL_0_J000_008.png,C,td_h2_exc,91,0.8480065,0.8480065,1.7032726
69,C_high_BL_0_J000_008.png,C,td_h2_exc,171,0.83937573,0.83937573,2.2875853
70,C_high_BL_0_J000_008.png,C,td_h2_exc,129,0.83894247,0.83894247,1.606302
71,C_high_BL_0_J000_008.png,C,td_h2_exc,253,0.8368708,0.8368708,2.0752783
72,C_high_BL_0_J000_008.png,C,td_h2_exc,54,0.8334453,0.8334453,3.6895828
73,C_high_BL_0_J000_008.png,C,td_h2_exc,204,0.8271962,0.8271962,3.117856
74,C_high_BL_0_J000_008.png,C,td_h2_exc,77,0.82496667,0.82496667,5.5587044
75,C_high_BL_0_J000_008.png,C,td_h2_exc,106,0.8213138,0.8213138,2.038678
76,C_high_BL_0_J000_008.png,C,td_h2_exc,152,0.8026033,0.8026033,2.0747852
77,C_high_BL_0_J000_008.png,C,td_h2_exc,99,0.7925796,0.7925796,3.7061574
78,C_high_BL_0_J000_008.png,C,td_h2_exc,36,0.7923535,0.7923535,2.0747814
79,C_high_BL_0_J000_008.png,C,td_h2_exc,100,0.7914238,0.7914238,2.3366542
80,C_high_BL_0_J000_008.png,C,td_h2_exc,19,0.7824159,0.7824159,5.282608
81,C_high_BL_0_J000_008.png,C,td_h2_exc,139,0.77477103,0.77477103,2.0445302
82,C_high_BL_0_J000_008.png,C,td_h2_exc,144,0.77282125,0.77282125,2.8963962
83,C_high_BL_0_J000_008.png,C,td_h2_exc,156,0.770897,0.770897,3.1176622
84,C_high_BL_0_J000_008.png,C,td_h2_exc,160,0.76247615,0.76247615,1.7179449
85,C_high_BL_0_J000_008.png,C,td_h2_exc,0,0.7621666,0.7621666,1.758328
86,C_high_BL_0_J000_008.png,C,td_h2_exc,136,0.7534795,0.7534795,1.3383378
87,C_high_BL_0_J000_008.png,C,td_h2_exc,101,0.7468172,0.7468172,2.4264452
88,C_high_BL_0_J000_008.png,C,td_h2_exc,55,0.74551994,0.74551994,2.625791
89,C_high_BL_0_J000_008.png,C,td_h2_exc,58,0.7452872,0.7452872,2.38574
90,C_high_BL_0_J000_008.png,C,td_h2_exc,38,0.7338839,0.7338839,1.7371572
91,C_high_BL_0_J000_008.png,C,td_h2_exc,193,0.7279686,0.7279686,4.947557
92,C_high_BL_0_J000_008.png,C,td_h2_exc,84,0.7238551,0.7238551,5.0891094
93,C_high_BL_0_J000_008.png,C,td_h2_exc,123,0.7232102,0.7232102,1.5574268
94,C_high_BL_0_J000_008.png,C,td_h2_exc,63,0.7203629,0.7203629,2.6421928
95,C_high_BL_0_J000_008.png,C,td_h2_exc,24,0.71942544,0.71942544,2.9958155
96,C_high_BL_0_J000_008.png,C,td_h2_exc,105,0.71149164,0.71149164,5.0003138
97,C_high_BL_0_J000_008.png,C,td_h2_exc,110,0.70976985,0.70976985,4.1153092
98,C_high_BL_0_J000_008.png,C,td_h2_exc,5,0.7083623,0.7083623,2.5078053
99,C_high_BL_0_J000_008.png,C,td_h2_exc,27,0.7035736,0.7035736,2.0117846
100,C_high_BL_0_J000_008.png,C,td_h2_exc,79,0.6875238,0.6875238,1.5649711
101,C_high_BL_0_J000_008.png,C,td_h2_exc,179,0.6871722,0.6871722,1.8761237
102,C_high_BL_0_J000_008.png,C,td_h2_exc,220,0.6829309,0.6829309,1.9887831
103,C_high_BL_0_J000_008.png,C,td_h2_exc,116,0.6776725,0.6776725,1.7606275
104,C_high_BL_0_J000_008.png,C,td_h2_exc,189,0.6773838,0.6773838,1.6294397
105,C_high_BL_0_J000_008.png,C,td_h2_exc,42,0.6743268,0.6743268,2.3417416
106,C_high_BL_0_J000_008.png,C,td_h2_exc,187,0.6632267,0.6632267,1.6541259
107,C_high_BL_0_J000_008.png,C,td_h2_exc,235,0.6581481,0.6581481,2.2423472
108,C_high_BL_0_J000_008.png,C,td_h2_exc,72,0.65776426,0.65776426,1.5314906
109,C_high_BL_0_J000_008.png,C,td_h2_exc,201,0.6532519,0.6532519,1.4914075
110,C_high_BL_0_J000_008.png,C,td_h2_exc,241,0.6506565,0.6506565,3.0187697
111,C_high_BL_0_J000_008.png,C,td_h2_exc,94,0.64756167,0.64756167,1.1291927
112,C_high_BL_0_J000_008.png,C,td_h2_exc,43,0.6447163,0.6447163,1.6291027
113,C_high_BL_0_J000_008.png,C,td_h2_exc,217,0.6440023,0.6440023,1.754188
114,C_high_BL_0_J000_008.png,C,td_h2_exc,48,0.64349174,0.64349174,5.622219
115,C_high_BL_0_J000_008.png,C,td_h2_exc,56,0.6378437,0.6378437,3.8622265
116,C_high_BL_0_J000_008.png,C,td_h2_exc,138,0.6210561,0.6210561,4.0247707
117,C_high_BL_0_J000_008.png,C,td_h2_exc,195,0.6187376,0.6187376,1.3465407
118,C_high_BL_0_J000_008.png,C,td_h2_exc,126,0.61340845,0.61340845,1.6292319
119,C_high_BL_0_J000_008.png,C,td_h2_exc,208,0.6080293,0.6080293,1.7305859
120,C_high_BL_0_J000_008.png,C,td_h2_exc,68,0.6068225,0.6068225,3.1285646
121,C_high_BL_0_J000_008.png,C,td_h2_exc,168,0.6049504,0.6049504,1.4034897
122,C_high_BL_0_J000_008.png,C,td_h2_exc,59,0.5983725,0.5983725,0.9291
123,C_high_BL_0_J000_008.png,C,td_h2_exc,194,0.5918077,0.5918077,2.2434003
124,C_high_BL_0_J000_008.png,C,td_h2_exc,182,0.5910142,0.5910142,1.7591809
125,C_high_BL_0_J000_008.png,C,td_h2_exc,23,0.58835655,0.58835655,2.013617
126,C_high_BL_0_J000_008.png,C,td_h2_exc,119,0.58418214,0.58418214,1.5628841
127,C_high_BL_0_J000_008.png,C,td_h2_exc,131,0.5837552,0.5837552,1.5783912
128,C_high_BL_0_J000_008.png,C,td_h2_exc,65,0.5784703,0.5784703,1.0857111
129,C_high_BL_0_J000_008.png,C,td_h2_exc,81,0.57592195,0.57592195,0.9388962
130,C_high_BL_0_J000_008.png,C,td_h2_exc,80,0.5752882,0.5752882,2.062004
131,C_high_BL_0_J000_008.png,C,td_h2_exc,248,0.5717182,0.5717182,1.9156281
132,C_high_BL_0_J000_008.png,C,td_h2_exc,76,0.57160246,0.57160246,2.659561
133,C_high_BL_0_J000_008.png,C,td_h2_exc,224,0.5633922,0.5633922,1.2277281
134,C_high_BL_0_J000_008.png,C,td_h2_exc,86,0.5614326,0.5614326,4.251724
135,C_high_BL_0_J000_008.png,C,td_h2_exc,118,0.55727327,0.55727327,1.066993
136,C_high_BL_0_J000_008.png,C,td_h2_exc,89,0.55347943,0.55347943,2.7293696
137,C_high_BL_0_J000_008.png,C,td_h2_exc,167,0.5498966,0.5498966,1.0167656
138,C_high_BL_0_J000_008.png,C,td_h2_exc,130,0.54769194,0.54769194,1.9623233
139,C_high_BL_0_J000_008.png,C,td_h2_exc,158,0.5456917,0.5456917,0.8226756
140,C_high_BL_0_J000_008.png,C,td_h2_exc,242,0.54449624,0.54449624,1.7100487
141,C_high_BL_0_J000_008.png,C,td_h2_exc,67,0.5416957,0.5416957,3.9309688
142,C_high_BL_0_J000_008.png,C,td_h2_exc,157,0.5398704,0.5398704,1.9647204
143,C_high_BL_0_J000_008.png,C,td_h2_exc,246,0.5391861,0.5391861,2.7744493
144,C_high_BL_0_J000_008.png,C,td_h2_exc,140,0.5369965,0.5369965,1.2631546
145,C_high_BL_0_J000_008.png,C,td_h2_exc,185,0.5301638,0.5301638,1.7150197
146,C_high_BL_0_J000_008.png,C,td_h2_exc,176,0.52989554,0.52989554,1.5869073
147,C_high_BL_0_J000_008.png,C,td_h2_exc,145,0.5256497,0.5256497,3.7672381
148,C_high_BL_0_J000_008.png,C,td_h2_exc,154,0.5249467,0.5249467,1.0028186
149,C_high_BL_0_J000_008.png,C,td_h2_exc,117,0.51944315,0.51944315,0.93192816
150,C_high_BL_0_J000_008.png,C,td_h2_exc,32,0.51514834,0.51514834,0.99633515
151,C_high_BL_0_J000_008.png,C,td_h2_exc,10,0.5135766,0.5135766,2.8025665
152,C_high_BL_0_J000_008.png,C,td_h2_exc,178,0.51182145,0.51182145,0.9381025
153,C_high_BL_0_J000_008.png,C,td_h2_exc,95,0.51081157,0.51081157,1.3325831
154,C_high_BL_0_J000_008.png,C,td_h2_exc,66,0.50901854,0.50901854,1.2698464
155,C_high_BL_0_J000_008.png,C,td_h2_exc,254,0.50518745,0.50518745,1.0160184
156,C_high_BL_0_J000_008.png,C,td_h2_exc,128,0.504923,0.504923,0.95007455
157,C_high_BL_0_J000_008.png,C,td_h2_exc,12,0.4968529,0.4968529,1.2912761
158,C_high_BL_0_J000_008.png,C,td_h2_exc,239,0.49251044,0.49251044,0.8348756
159,C_high_BL_0_J000_008.png,C,td_h2_exc,82,0.49082538,0.49082538,3.3230257
160,C_high_BL_0_J000_008.png,C,td_h2_exc,13,0.49013865,0.49013865,1.0288672
161,C_high_BL_0_J000_008.png,C,td_h2_exc,62,0.4857934,0.4857934,1.3150146
162,C_high_BL_0_J000_008.png,C,td_h2_exc,174,0.47945458,0.47945458,0.74773425
163,C_high_BL_0_J000_008.png,C,td_h2_exc,211,0.47670978,0.47670978,2.0979972
164,C_high_BL_0_J000_008.png,C,td_h2_exc,103,0.47331104,0.47331104,2.0992672
165,C_high_BL_0_J000_008.png,C,td_h2_exc,170,0.4714786,0.4714786,1.0749874
166,C_high_BL_0_J000_008.png,C,td_h2_exc,64,0.46642727,0.46642727,0.9455023
167,C_high_BL_0_J000_008.png,C,td_h2_exc,17,0.4635068,0.4635068,1.5341647
168,C_high_BL_0_J000_008.png,C,td_h2_exc,212,0.44957694,0.44957694,0.62768316
169,C_high_BL_0_J000_008.png,C,td_h2_exc,237,0.4447678,0.4447678,0.87300307
170,C_high_BL_0_J000_008.png,C,td_h2_exc,8,0.44170773,0.44170773,0.6077548
171,C_high_BL_0_J000_008.png,C,td_h2_exc,225,0.43714887,0.43714887,0.8464979
172,C_high_BL_0_J000_008.png,C,td_h2_exc,209,0.4202504,0.4202504,0.78198993
173,C_high_BL_0_J000_008.png,C,td_h2_exc,255,0.41326723,0.41326723,0.81776285
174,C_high_BL_0_J000_008.png,C,td_h2_exc,177,0.41281784,0.41281784,1.1519787
175,C_high_BL_0_J000_008.png,C,td_h2_exc,45,0.41103756,0.41103756,1.2357647
176,C_high_BL_0_J000_008.png,C,td_h2_exc,172,0.40811583,0.40811583,0.7682322
177,C_high_BL_0_J000_008.png,C,td_h2_exc,49,0.40758732,0.40758732,1.3632557
178,C_high_BL_0_J000_008.png,C,td_h2_exc,161,0.40698463,0.40698463,1.1751617
179,C_high_BL_0_J000_008.png,C,td_h2_exc,20,0.4056128,0.4056128,0.8634023
180,C_high_BL_0_J000_008.png,C,td_h2_exc,166,0.40288636,0.40288636,1.0601921
181,C_high_BL_0_J000_008.png,C,td_h2_exc,247,0.40241474,0.40241474,1.0866026
182,C_high_BL_0_J000_008.png,C,td_h2_exc,173,0.4010672,0.4010672,0.7588296
183,C_high_BL_0_J000_008.png,C,td_h2_exc,107,0.39342338,0.39342338,0.67159235
184,C_high_BL_0_J000_008.png,C,td_h2_exc,31,0.38559845,0.38559845,0.9790401
185,C_high_BL_0_J000_008.png,C,td_h2_exc,70,0.3843683,0.3843683,2.331446
186,C_high_BL_0_J000_008.png,C,td_h2_exc,192,0.3806013,0.3806013,0.8043944
187,C_high_BL_0_J000_008.png,C,td_h2_exc,243,0.37104896,0.37104896,1.4385583
188,C_high_BL_0_J000_008.png,C,td_h2_exc,202,0.36998066,0.36998066,0.94300616
189,C_high_BL_0_J000_008.png,C,td_h2_exc,251,0.36943424,0.36943424,0.8758068
190,C_high_BL_0_J000_008.png,C,td_h2_exc,190,0.36662665,0.36662665,2.4480314
191,C_high_BL_0_J000_008.png,C,td_h2_exc,29,0.36565927,0.36565927,1.3904645
192,C_high_BL_0_J000_008.png,C,td_h2_exc,88,0.35703248,0.35703248,1.8734494
193,C_high_BL_0_J000_008.png,C,td_h2_exc,146,0.34922922,0.34922922,0.55632305
194,C_high_BL_0_J000_008.png,C,td_h2_exc,93,0.34657165,0.34657165,0.5739729
195,C_high_BL_0_J000_008.png,C,td_h2_exc,133,0.33972928,0.33972928,0.72526246
196,C_high_BL_0_J000_008.png,C,td_h2_exc,71,0.32976684,0.32976684,0.6752623
197,C_high_BL_0_J000_008.png,C,td_h2_exc,164,0.3131542,0.3131542,0.8573622
198,C_high_BL_0_J000_008.png,C,td_h2_exc,233,0.31283233,0.31283233,5.405056
199,C_high_BL_0_J000_008.png,C,td_h2_exc,28,0.31004232,0.31004232,0.50149274
200,C_high_BL_0_J000_008.png,C,td_h2_exc,230,0.30169892,0.30169892,0.6612747
201,C_high_BL_0_J000_008.png,C,td_h2_exc,184,0.2996907,0.2996907,0.5851472
202,C_high_BL_0_J000_008.png,C,td_h2_exc,104,0.2993954,0.2993954,1.642575
203,C_high_BL_0_J000_008.png,C,td_h2_exc,47,0.28809345,0.28809345,0.9027876
204,C_high_BL_0_J000_008.png,C,td_h2_exc,245,0.28158608,0.28158608,0.4845148
205,C_high_BL_0_J000_008.png,C,td_h2_exc,92,0.27799705,0.27799705,2.8205047
206,C_high_BL_0_J000_008.png,C,td_h2_exc,3,0.27576363,0.27576363,0.53338397
207,C_high_BL_0_J000_008.png,C,td_h2_exc,210,0.2680748,0.2680748,0.6266849
208,C_high_BL_0_J000_008.png,C,td_h2_exc,34,0.26710212,0.26710212,0.5521588
209,C_high_BL_0_J000_008.png,C,td_h2_exc,18,0.2625368,0.2625368,0.7048304
210,C_high_BL_0_J000_008.png,C,td_h2_exc,228,0.25870544,0.25870544,0.49278432
211,C_high_BL_0_J000_008.png,C,td_h2_exc,44,0.2539996,0.2539996,1.0896736
212,C_high_BL_0_J000_008.png,C,td_h2_exc,60,0.2511247,0.2511247,1.3089423
213,C_high_BL_0_J000_008.png,C,td_h2_exc,26,0.24897009,0.24897009,0.80525875
214,C_high_BL_0_J000_008.png,C,td_h2_exc,83,0.24439463,0.24439463,0.42500865
215,C_high_BL_0_J000_008.png,C,td_h2_exc,25,0.23890835,0.23890835,0.8383982
216,C_high_BL_0_J000_008.png,C,td_h2_exc,181,0.2370559,0.2370559,1.7637378
217,C_high_BL_0_J000_008.png,C,td_h2_exc,214,0.2361523,0.2361523,0.54635644
218,C_high_BL_0_J000_008.png,C,td_h2_exc,229,0.23398857,0.23398857,1.0139472
219,C_high_BL_0_J000_008.png,C,td_h2_exc,115,0.22918366,0.22918366,0.38541672
220,C_high_BL_0_J000_008.png,C,td_h2_exc,74,0.22747368,0.22747368,0.3386694
221,C_high_BL_0_J000_008.png,C,td_h2_exc,142,0.22688606,0.22688606,1.0992053
222,C_high_BL_0_J000_008.png,C,td_h2_exc,200,0.22457604,0.22457604,0.6321527
223,C_high_BL_0_J000_008.png,C,td_h2_exc,169,0.21675465,0.21675465,0.3870168
224,C_high_BL_0_J000_008.png,C,td_h2_exc,203,0.21359593,0.21359593,0.37929115
225,C_high_BL_0_J000_008.png,C,td_h2_exc,61,0.20931073,0.20931073,0.41530958
226,C_high_BL_0_J000_008.png,C,td_h2_exc,90,0.20910326,0.20910326,0.39715737
227,C_high_BL_0_J000_008.png,C,td_h2_exc,4,0.20084178,0.20084178,1.1978511
228,C_high_BL_0_J000_008.png,C,td_h2_exc,175,0.19577944,0.19577944,0.401288
229,C_high_BL_0_J000_008.png,C,td_h2_exc,109,0.18850456,0.18850456,0.69710803
230,C_high_BL_0_J000_008.png,C,td_h2_exc,150,0.18796048,0.18796048,1.0210502
231,C_high_BL_0_J000_008.png,C,td_h2_exc,122,0.1867079,0.1867079,0.33902118
232,C_high_BL_0_J000_008.png,C,td_h2_exc,78,0.18408708,0.18408708,0.6962966
233,C_high_BL_0_J000_008.png,C,td_h2_exc,96,0.17380361,0.17380361,0.49491987
234,C_high_BL_0_J000_008.png,C,td_h2_exc,52,0.16450168,0.16450168,0.6257659
235,C_high_BL_0_J000_008.png,C,td_h2_exc,231,0.16383071,0.16383071,0.5063513
236,C_high_BL_0_J000_008.png,C,td_h2_exc,221,0.15619487,0.15619487,0.5070263
237,C_high_BL_0_J000_008.png,C,td_h2_exc,163,0.14536458,0.14536458,0.37020385
238,C_high_BL_0_J000_008.png,C,td_h2_exc,40,0.14337783,0.14337783,0.6161501
239,C_high_BL_0_J000_008.png,C,td_h2_exc,112,0.13731144,0.13731144,0.40771502
240,C_high_BL_0_J000_008.png,C,td_h2_exc,98,0.13344538,0.13344538,0.3299366
241,C_high_BL_0_J000_008.png,C,td_h2_exc,37,0.12629119,0.12629119,0.36195308
242,C_high_BL_0_J000_008.png,C,td_h2_exc,16,0.1247354,0.1247354,0.53104156
243,C_high_BL_0_J000_008.png,C,td_h2_exc,137,0.116538,0.116538,0.85541654
244,C_high_BL_0_J000_008.png,C,td_h2_exc,216,0.102020524,0.102020524,0.2649851
245,C_high_BL_0_J000_008.png,C,td_h2_exc,183,0.09804647,0.09804647,0.9559605
246,C_high_BL_0_J000_008.png,C,td_h2_exc,162,0.09739904,0.09739904,0.8757248
247,C_high_BL_0_J000_008.png,C,td_h2_exc,222,0.08268049,0.08268049,0.27129105
248,C_high_BL_0_J000_008.png,C,td_h2_exc,234,0.08107073,0.08107073,0.44309467
249,C_high_BL_0_J000_008.png,C,td_h2_exc,132,0.055260733,0.055260733,0.4067431
250,C_high_BL_0_J000_008.png,C,td_h2_exc,2,0.05324094,0.05324094,0.20549318
251,C_high_BL_0_J000_008.png,C,td_h2_exc,15,0.046403408,0.046403408,0.16968504
252,C_high_BL_0_J000_008.png,C,td_h2_exc,149,0.046148203,0.046148203,0.33766764
253,C_high_BL_0_J000_008.png,C,td_h2_exc,108,0.036268428,0.036268428,0.26047623
254,C_high_BL_0_J000_008.png,C,td_h2_exc,252,0.028020192,0.028020192,0.111792885
255,C_high_BL_0_J000_008.png,C,td_h2_exc,85,0.02209734,0.02209734,0.081918806
256,C_high_BL_0_J000_008.png,C,td_h2_exc,7,0.016325578,0.016325578,0.10005173
1,C_high_BL_0_J000_008.png,C,td_h3_exc,269,7.5589576,7.5589576,38.891712
2,C_high_BL_0_J000_008.png,C,td_h3_exc,143,7.062125,7.062125,36.66615
3,C_high_BL_0_J000_008.png,C,td_h3_exc,181,3.9810271,3.9810271,19.61248
4,C_high_BL_0_J000_008.png,C,td_h3_exc,427,3.9181805,3.9181805,18.503847
5,C_high_BL_0_J000_008.png,C,td_h3_exc,445,3.8262906,3.8262906,11.165046
6,C_high_BL_0_J000_008.png,C,td_h3_exc,431,3.418189,3.418189,15.494365
7,C_high_BL_0_J000_008.png,C,td_h3_exc,433,3.3536267,3.3536267,16.53392
8,C_high_BL_0_J000_008.png,C,td_h3_exc,329,3.343545,3.343545,13.958124
9,C_high_BL_0_J000_008.png,C,td_h3_exc,169,3.2978866,3.2978866,36.35058
10,C_high_BL_0_J000_008.png,C,td_h3_exc,461,3.2809424,3.2809424,15.39605
11,C_high_BL_0_J000_008.png,C,td_h3_exc,383,3.1221921,3.1221921,35.663128
12,C_high_BL_0_J000_008.png,C,td_h3_exc,117,2.2602715,2.2602715,7.206226
13,C_high_BL_0_J000_008.png,C,td_h3_exc,359,2.2517614,2.2517614,10.0295725
14,C_high_BL_0_J000_008.png,C,td_h3_exc,239,2.1385524,2.1385524,6.561086
15,C_high_BL_0_J000_008.png,C,td_h3_exc,426,2.0944464,2.0944464,8.059225
16,C_high_BL_0_J000_008.png,C,td_h3_exc,292,1.9731258,1.9731258,15.267408
17,C_high_BL_0_J000_008.png,C,td_h3_exc,502,1.9470714,1.9470714,14.802281
18,C_high_BL_0_J000_008.png,C,td_h3_exc,94,1.8929341,1.8929341,3.2705183
19,C_high_BL_0_J000_008.png,C,td_h3_exc,156,1.7981862,1.7981862,5.301931
20,C_high_BL_0_J000_008.png,C,td_h3_exc,403,1.7742862,1.7742862,7.003337
21,C_high_BL_0_J000_008.png,C,td_h3_exc,504,1.5755457,1.5755457,5.6593523
22,C_high_BL_0_J000_008.png,C,td_h3_exc,140,1.5754627,1.5754627,7.7243814
23,C_high_BL_0_J000_008.png,C,td_h3_exc,2,1.5744487,1.5744487,4.7186413
24,C_high_BL_0_J000_008.png,C,td_h3_exc,216,1.520784,1.520784,2.6911721
25,C_high_BL_0_J000_008.png,C,td_h3_exc,17,1.4728253,1.4728253,11.387533
26,C_high_BL_0_J000_008.png,C,td_h3_exc,218,1.3735608,1.3735608,3.643001
27,C_high_BL_0_J000_008.png,C,td_h3_exc,245,1.3514693,1.3514693,3.35561
28,C_high_BL_0_J000_008.png,C,td_h3_exc,5,1.3350267,1.3350267,4.4174995
29,C_high_BL_0_J000_008.png,C,td_h3_exc,98,1.3292621,1.3292621,3.79512
30,C_high_BL_0_J000_008.png,C,td_h3_exc,447,1.3026599,1.3026599,3.3970122
31,C_high_BL_0_J000_008.png,C,td_h3_exc,78,1.2754791,1.2754791,3.8043032
32,C_high_BL_0_J000_008.png,C,td_h3_exc,231,1.2709361,1.2709361,2.060553
33,C_high_BL_0_J000_008.png,C,td_h3_exc,58,1.2639726,1.2639726,2.8534296
34,C_high_BL_0_J000_008.png,C,td_h3_exc,105,1.2469658,1.2469658,2.7075381
35,C_high_BL_0_J000_008.png,C,td_h3_exc,182,1.2228498,1.2228498,3.628397
36,C_high_BL_0_J000_008.png,C,td_h3_exc,391,1.2149148,1.2149148,2.6087227
37,C_high_BL_0_J000_008.png,C,td_h3_exc,429,1.2112429,1.2112429,2.2915359
38,C_high_BL_0_J000_008.png,C,td_h3_exc,324,1.192808,1.192808,2.1772337
39,C_high_BL_0_J000_008.png,C,td_h3_exc,498,1.1884025,1.1884025,3.3711932
40,C_high_BL_0_J000_008.png,C,td_h3_exc,303,1.1831865,1.1831865,6.103248
41,C_high_BL_0_J000_008.png,C,td_h3_exc,316,1.178288,1.178288,9.26437
42,C_high_BL_0_J000_008.png,C,td_h3_exc,248,1.1629552,1.1629552,4.6444316
43,C_high_BL_0_J000_008.png,C,td_h3_exc,10,1.1433018,1.1433018,2.8666196
44,C_high_BL_0_J000_008.png,C,td_h3_exc,203,1.1324524,1.1324524,2.6778202
45,C_high_BL_0_J000_008.png,C,td_h3_exc,289,1.1232579,1.1232579,2.077754
46,C_high_BL_0_J000_008.png,C,td_h3_exc,436,1.123091,1.123091,1.9658513
47,C_high_BL_0_J000_008.png,C,td_h3_exc,79,1.1109872,1.1109872,1.7571716
48,C_high_BL_0_J000_008.png,C,td_h3_exc,290,1.1087352,1.1087352,1.8807583
49,C_high_BL_0_J000_008.png,C,td_h3_exc,260,1.1045495,1.1045495,3.2421947
50,C_high_BL_0_J000_008.png,C,td_h3_exc,397,1.0858133,1.0858133,4.0367336
51,C_high_BL_0_J000_008.png,C,td_h3_exc,362,1.0561417,1.0561417,3.2894387
52,C_high_BL_0_J000_008.png,C,td_h3_exc,313,1.0527036,1.0527036,2.6635537
53,C_high_BL_0_J000_008.png,C,td_h3_exc,175,1.0311674,1.0311674,2.297182
54,C_high_BL_0_J000_008.png,C,td_h3_exc,138,1.0132799,1.0132799,2.2511532
55,C_high_BL_0_J000_008.png,C,td_h3_exc,101,0.9758565,0.9758565,2.2029662
56,C_high_BL_0_J000_008.png,C,td_h3_exc,417,0.96904486,0.96904486,1.7648108
57,C_high_BL_0_J000_008.png,C,td_h3_exc,372,0.96721655,0.96721655,2.1965728
58,C_high_BL_0_J000_008.png,C,td_h3_exc,449,0.96561503,0.96561503,2.677398
59,C_high_BL_0_J000_008.png,C,td_h3_exc,339,0.9596858,0.9596858,1.7856929
60,C_high_BL_0_J000_008.png,C,td_h3_exc,400,0.9459144,0.9459144,2.647163
61,C_high_BL_0_J000_008.png,C,td_h3_exc,265,0.9441708,0.9441708,4.0676246
62,C_high_BL_0_J000_008.png,C,td_h3_exc,233,0.9441585,0.9441585,3.5634675
63,C_high_BL_0_J000_008.png,C,td_h3_exc,43,0.9423616,0.9423616,2.5932236
64,C_high_BL_0_J000_008.png,C,td_h3_exc,360,0.92485243,0.92485243,1.7796719
65,C_high_BL_0_J000_008.png,C,td_h3_exc,452,0.9231519,0.9231519,2.3225453
66,C_high_BL_0_J000_008.png,C,td_h3_exc,450,0.91795206,0.91795206,3.2889676
67,C_high_BL_0_J000_008.png,C,td_h3_exc,32,0.91248864,0.91248864,1.5481514
68,C_high_BL_0_J000_008.png,C,td_h3_exc,321,0.8971083,0.8971083,1.7056382
69,C_high_BL_0_J000_008.png,C,td_h3_exc,487,0.8954645,0.8954645,3.3200161
70,C_high_BL_0_J000_008.png,C,td_h3_exc,291,0.8937439,0.8937439,1.8362938
71,C_high_BL_0_J000_008.png,C,td_h3_exc,225,0.89176583,0.89176583,1.4351078
72,C_high_BL_0_J000_008.png,C,td_h3_exc,363,0.8772235,0.8772235,7.119977
73,C_high_BL_0_J000_008.png,C,td_h3_exc,85,0.8730555,0.8730555,2.644757
74,C_high_BL_0_J000_008.png,C,td_h3_exc,480,0.8714058,0.8714058,1.6340826
75,C_high_BL_0_J000_008.png,C,td_h3_exc,402,0.86571974,0.86571974,2.8930151
76,C_high_BL_0_J000_008.png,C,td_h3_exc,312,0.8456221,0.8456221,1.3131915
77,C_high_BL_0_J000_008.png,C,td_h3_exc,60,0.8245735,0.8245735,1.2506285
78,C_high_BL_0_J000_008.png,C,td_h3_exc,134,0.82346433,0.82346433,1.2280376
79,C_high_BL_0_J000_008.png,C,td_h3_exc,132,0.82261294,0.82261294,1.2261747
80,C_high_BL_0_J000_008.png,C,td_h3_exc,258,0.81194115,0.81194115,2.1588082
81,C_high_BL_0_J000_008.png,C,td_h3_exc,278,0.81041247,0.81041247,1.390467
82,C_high_BL_0_J000_008.png,C,td_h3_exc,15,0.8090638,0.8090638,3.9554555
83,C_high_BL_0_J000_008.png,C,td_h3_exc,299,0.8067598,0.8067598,1.3209267
84,C_high_BL_0_J000_008.png,C,td_h3_exc,22,0.806453,0.806453,1.2148867
85,C_high_BL_0_J000_008.png,C,td_h3_exc,472,0.79854304,0.79854304,5.765682
86,C_high_BL_0_J000_008.png,C,td_h3_exc,206,0.7835054,0.7835054,1.1691418
87,C_high_BL_0_J000_008.png,C,td_h3_exc,190,0.783134,0.783134,3.7813466
88,C_high_BL_0_J000_008.png,C,td_h3_exc,19,0.78075045,0.78075045,1.9211159
89,C_high_BL_0_J000_008.png,C,td_h3_exc,393,0.7792592,0.7792592,2.033852
90,C_high_BL_0_J000_008.png,C,td_h3_exc,104,0.7717504,0.7717504,1.4751471
91,C_high_BL_0_J000_008.png,C,td_h3_exc,115,0.76919395,0.76919395,1.1974515
92,C_high_BL_0_J000_008.png,C,td_h3_exc,158,0.76502776,0.76502776,2.1519623
93,C_high_BL_0_J000_008.png,C,td_h3_exc,212,0.76190627,0.76190627,1.8683584
94,C_high_BL_0_J000_008.png,C,td_h3_exc,146,0.75964683,0.75964683,2.8741472
95,C_high_BL_0_J000_008.png,C,td_h3_exc,344,0.7405831,0.7405831,1.1163523
96,C_high_BL_0_J000_008.png,C,td_h3_exc,75,0.73841804,0.73841804,1.5115042
97,C_high_BL_0_J000_008.png,C,td_h3_exc,62,0.7351548,0.7351548,2.3884559
98,C_high_BL_0_J000_008.png,C,td_h3_exc,59,0.7322948,0.7322948,1.4758472
99,C_high_BL_0_J000_008.png,C,td_h3_exc,343,0.7252849,0.7252849,1.1465648
100,C_high_BL_0_J000_008.png,C,td_h3_exc,122,0.7179009,0.7179009,0.93487024
101,C_high_BL_0_J000_008.png,C,td_h3_exc,224,0.7157138,0.7157138,1.7532119
102,C_high_BL_0_J000_008.png,C,td_h3_exc,398,0.7122287,0.7122287,0.8669936
103,C_high_BL_0_J000_008.png,C,td_h3_exc,478,0.708783,0.708783,1.1326063
104,C_high_BL_0_J000_008.png,C,td_h3_exc,157,0.7082993,0.7082993,1.4256206
105,C_high_BL_0_J000_008.png,C,td_h3_exc,229,0.70639604,0.70639604,1.4415467
106,C_high_BL_0_J000_008.png,C,td_h3_exc,310,0.700692,0.700692,1.5292914
107,C_high_BL_0_J000_008.png,C,td_h3_exc,500,0.69745916,0.69745916,2.6350553
108,C_high_BL_0_J000_008.png,C,td_h3_exc,284,0.69363105,0.69363105,1.7495619
109,C_high_BL_0_J000_008.png,C,td_h3_exc,96,0.6899279,0.6899279,1.6684004
110,C_high_BL_0_J000_008.png,C,td_h3_exc,448,0.685873,0.685873,0.9629827
111,C_high_BL_0_J000_008.png,C,td_h3_exc,465,0.6828941,0.6828941,1.2516844
112,C_high_BL_0_J000_008.png,C,td_h3_exc,137,0.68228334,0.68228334,1.0651178
113,C_high_BL_0_J000_008.png,C,td_h3_exc,346,0.6819467,0.6819467,1.6217892
114,C_high_BL_0_J000_008.png,C,td_h3_exc,52,0.6819232,0.6819232,1.98508
115,C_high_BL_0_J000_008.png,C,td_h3_exc,77,0.6815046,0.6815046,0.8971416
116,C_high_BL_0_J000_008.png,C,td_h3_exc,414,0.67959124,0.67959124,0.8506067
117,C_high_BL_0_J000_008.png,C,td_h3_exc,264,0.67879206,0.67879206,1.2080929
118,C_high_BL_0_J000_008.png,C,td_h3_exc,168,0.6746866,0.6746866,1.5806277
119,C_high_BL_0_J000_008.png,C,td_h3_exc,251,0.6702078,0.6702078,1.6494858
120,C_high_BL_0_J000_008.png,C,td_h3_exc,369,0.6652437,0.6652437,1.069595
121,C_high_BL_0_J000_008.png,C,td_h3_exc,413,0.66499627,0.66499627,1.6739229
122,C_high_BL_0_J000_008.png,C,td_h3_exc,508,0.66287345,0.66287345,0.95124215
123,C_high_BL_0_J000_008.png,C,td_h3_exc,176,0.6584713,0.6584713,2.1323836
124,C_high_BL_0_J000_008.png,C,td_h3_exc,473,0.6568824,0.6568824,5.6503477
125,C_high_BL_0_J000_008.png,C,td_h3_exc,401,0.6518577,0.6518577,1.880063
126,C_high_BL_0_J000_008.png,C,td_h3_exc,279,0.64829427,0.64829427,1.0777605
127,C_high_BL_0_J000_008.png,C,td_h3_exc,345,0.64588714,0.64588714,0.8630627
128,C_high_BL_0_J000_008.png,C,td_h3_exc,463,0.64369506,0.64369506,1.1020947
129,C_high_BL_0_J000_008.png,C,td_h3_exc,93,0.64208084,0.64208084,1.8377467
130,C_high_BL_0_J000_008.png,C,td_h3_exc,322,0.64040434,0.64040434,1.2764181
131,C_high_BL_0_J000_008.png,C,td_h3_exc,162,0.6373793,0.6373793,0.8820893
132,C_high_BL_0_J000_008.png,C,td_h3_exc,171,0.63190156,0.63190156,1.2973672
133,C_high_BL_0_J000_008.png,C,td_h3_exc,309,0.628893,0.628893,1.0579772
134,C_high_BL_0_J000_008.png,C,td_h3_exc,409,0.62769467,0.62769467,1.0246395
135,C_high_BL_0_J000_008.png,C,td_h3_exc,408,0.6273178,0.6273178,1.5334888
136,C_high_BL_0_J000_008.png,C,td_h3_exc,469,0.6251348,0.6251348,1.3019154
137,C_high_BL_0_J000_008.png,C,td_h3_exc,422,0.6243013,0.6243013,0.7270053
138,C_high_BL_0_J000_008.png,C,td_h3_exc,1,0.6212492,0.6212492,2.0442135
139,C_high_BL_0_J000_008.png,C,td_h3_exc,444,0.6212057,0.6212057,5.044299
140,C_high_BL_0_J000_008.png,C,td_h3_exc,82,0.6207331,0.6207331,0.9176373
141,C_high_BL_0_J000_008.png,C,td_h3_exc,399,0.61913073,0.61913073,1.0696564
142,C_high_BL_0_J000_008.png,C,td_h3_exc,246,0.6165967,0.6165967,3.0698717
143,C_high_BL_0_J000_008.png,C,td_h3_exc,46,0.6155985,0.6155985,0.795188
144,C_high_BL_0_J000_008.png,C,td_h3_exc,342,0.614087,0.614087,3.5723608
145,C_high_BL_0_J000_008.png,C,td_h3_exc,193,0.61382496,0.61382496,1.6833892
146,C_high_BL_0_J000_008.png,C,td_h3_exc,358,0.6138084,0.6138084,1.076246
147,C_high_BL_0_J000_008.png,C,td_h3_exc,411,0.6136549,0.6136549,1.4797618
148,C_high_BL_0_J000_008.png,C,td_h3_exc,161,0.6104135,0.6104135,0.9293848
149,C_high_BL_0_J000_008.png,C,td_h3_exc,368,0.60882074,0.60882074,1.6057771
150,C_high_BL_0_J000_008.png,C,td_h3_exc,119,0.6061518,0.6061518,1.060817
151,C_high_BL_0_J000_008.png,C,td_h3_exc,250,0.60413307,0.60413307,0.737627
152,C_high_BL_0_J000_008.png,C,td_h3_exc,49,0.6039876,0.6039876,1.2626456
153,C_high_BL_0_J000_008.png,C,td_h3_exc,164,0.6004097,0.6004097,0.9575516
154,C_high_BL_0_J000_008.png,C,td_h3_exc,207,0.598616,0.598616,1.2643093
155,C_high_BL_0_J000_008.png,C,td_h3_exc,66,0.5963655,0.5963655,0.93409806
156,C_high_BL_0_J000_008.png,C,td_h3_exc,333,0.5926825,0.5926825,1.2026703
157,C_high_BL_0_J000_008.png,C,td_h3_exc,254,0.5924964,0.5924964,0.7586922
158,C_high_BL_0_J000_008.png,C,td_h3_exc,48,0.59114385,0.59114385,1.0219703
159,C_high_BL_0_J000_008.png,C,td_h3_exc,108,0.5909666,0.5909666,1.2096831
160,C_high_BL_0_J000_008.png,C,td_h3_exc,283,0.5895263,0.5895263,4.486903
161,C_high_BL_0_J000_008.png,C,td_h3_exc,509,0.5885532,0.5885532,0.9386571
162,C_high_BL_0_J000_008.png,C,td_h3_exc,242,0.5878168,0.5878168,1.0627807
163,C_high_BL_0_J000_008.png,C,td_h3_exc,261,0.58421886,0.58421886,0.75826657
164,C_high_BL_0_J000_008.png,C,td_h3_exc,56,0.5833551,0.5833551,1.0307267
165,C_high_BL_0_J000_008.png,C,td_h3_exc,286,0.58292043,0.58292043,1.0877659
166,C_high_BL_0_J000_008.png,C,td_h3_exc,477,0.58257335,0.58257335,0.8972006
167,C_high_BL_0_J000_008.png,C,td_h3_exc,466,0.5819144,0.5819144,2.2039406
168,C_high_BL_0_J000_008.png,C,td_h3_exc,276,0.5814893,0.5814893,1.1101769
169,C_high_BL_0_J000_008.png,C,td_h3_exc,189,0.5788312,0.5788312,0.7208118
170,C_high_BL_0_J000_008.png,C,td_h3_exc,113,0.57753813,0.57753813,0.9446654
171,C_high_BL_0_J000_008.png,C,td_h3_exc,434,0.57518363,0.57518363,3.0940328
172,C_high_BL_0_J000_008.png,C,td_h3_exc,499,0.5671119,0.5671119,2.1897275
173,C_high_BL_0_J000_008.png,C,td_h3_exc,432,0.56615037,0.56615037,1.686237
174,C_high_BL_0_J000_008.png,C,td_h3_exc,14,0.565247,0.565247,1.2910413
175,C_high_BL_0_J000_008.png,C,td_h3_exc,220,0.56505334,0.56505334,0.92767763
176,C_high_BL_0_J000_008.png,C,td_h3_exc,170,0.5615879,0.5615879,0.92301893
177,C_high_BL_0_J000_008.png,C,td_h3_exc,474,0.5608308,0.5608308,1.6504954
178,C_high_BL_0_J000_008.png,C,td_h3_exc,437,0.5583378,0.5583378,0.8684416
179,C_high_BL_0_J000_008.png,C,td_h3_exc,209,0.5573538,0.5573538,1.6975019
180,C_high_BL_0_J000_008.png,C,td_h3_exc,315,0.555225,0.555225,0.99442774
181,C_high_BL_0_J000_008.png,C,td_h3_exc,50,0.55488896,0.55488896,1.3513
182,C_high_BL_0_J000_008.png,C,td_h3_exc,232,0.5512437,0.5512437,0.8004193
183,C_high_BL_0_J000_008.png,C,td_h3_exc,306,0.5494703,0.5494703,0.83285165
184,C_high_BL_0_J000_008.png,C,td_h3_exc,377,0.5472099,0.5472099,0.8203744
185,C_high_BL_0_J000_008.png,C,td_h3_exc,244,0.5463232,0.5463232,0.69945985
186,C_high_BL_0_J000_008.png,C,td_h3_exc,326,0.54624647,0.54624647,0.8529363
187,C_high_BL_0_J000_008.png,C,td_h3_exc,111,0.5460556,0.5460556,1.0690027
188,C_high_BL_0_J000_008.png,C,td_h3_exc,144,0.5453843,0.5453843,0.944024
189,C_high_BL_0_J000_008.png,C,td_h3_exc,153,0.54246306,0.54246306,1.0625538
190,C_high_BL_0_J000_008.png,C,td_h3_exc,211,0.5411763,0.5411763,1.2835672
191,C_high_BL_0_J000_008.png,C,td_h3_exc,311,0.5387349,0.5387349,1.082399
192,C_high_BL_0_J000_008.png,C,td_h3_exc,259,0.53828585,0.53828585,0.97555125
193,C_high_BL_0_J000_008.png,C,td_h3_exc,484,0.53436553,0.53436553,1.28476
194,C_high_BL_0_J000_008.png,C,td_h3_exc,420,0.5327854,0.5327854,1.0196612
195,C_high_BL_0_J000_008.png,C,td_h3_exc,8,0.5314251,0.5314251,1.3224038
196,C_high_BL_0_J000_008.png,C,td_h3_exc,354,0.5298086,0.5298086,1.3995153
197,C_high_BL_0_J000_008.png,C,td_h3_exc,381,0.52876043,0.52876043,0.87037426
198,C_high_BL_0_J000_008.png,C,td_h3_exc,197,0.52657205,0.52657205,0.89717877
199,C_high_BL_0_J000_008.png,C,td_h3_exc,468,0.5234289,0.5234289,1.9772197
200,C_high_BL_0_J000_008.png,C,td_h3_exc,482,0.5224807,0.5224807,0.7215867
201,C_high_BL_0_J000_008.png,C,td_h3_exc,129,0.51913625,0.51913625,1.1132007
202,C_high_BL_0_J000_008.png,C,td_h3_exc,327,0.5172112,0.5172112,0.83663774
203,C_high_BL_0_J000_008.png,C,td_h3_exc,506,0.5165204,0.5165204,0.87938523
204,C_high_BL_0_J000_008.png,C,td_h3_exc,353,0.5164388,0.5164388,1.0173993
205,C_high_BL_0_J000_008.png,C,td_h3_exc,114,0.51534426,0.51534426,0.8387651
206,C_high_BL_0_J000_008.png,C,td_h3_exc,347,0.51124495,0.51124495,0.7403026
207,C_high_BL_0_J000_008.png,C,td_h3_exc,467,0.50960565,0.50960565,0.7483252
208,C_high_BL_0_J000_008.png,C,td_h3_exc,81,0.50667864,0.50667864,1.1751705
209,C_high_BL_0_J000_008.png,C,td_h3_exc,492,0.50413793,0.50413793,0.7327633
210,C_high_BL_0_J000_008.png,C,td_h3_exc,24,0.50397855,0.50397855,2.5844975
211,C_high_BL_0_J000_008.png,C,td_h3_exc,204,0.5016334,0.5016334,0.8675226
212,C_high_BL_0_J000_008.png,C,td_h3_exc,390,0.50107515,0.50107515,1.462221
213,C_high_BL_0_J000_008.png,C,td_h3_exc,72,0.49995923,0.49995923,2.0193076
214,C_high_BL_0_J000_008.png,C,td_h3_exc,177,0.49909106,0.49909106,3.2392685
215,C_high_BL_0_J000_008.png,C,td_h3_exc,462,0.49903977,0.49903977,0.6866531
216,C_high_BL_0_J000_008.png,C,td_h3_exc,123,0.49635515,0.49635515,1.0570716
217,C_high_BL_0_J000_008.png,C,td_h3_exc,11,0.4955792,0.4955792,1.1049488
218,C_high_BL_0_J000_008.png,C,td_h3_exc,88,0.49458882,0.49458882,0.60210466
219,C_high_BL_0_J000_008.png,C,td_h3_exc,83,0.494407,0.494407,0.8364811
220,C_high_BL_0_J000_008.png,C,td_h3_exc,76,0.49365345,0.49365345,0.94834363
221,C_high_BL_0_J000_008.png,C,td_h3_exc,42,0.49001256,0.49001256,1.387407
222,C_high_BL_0_J000_008.png,C,td_h3_exc,9,0.4890785,0.4890785,0.70902205
223,C_high_BL_0_J000_008.png,C,td_h3_exc,16,0.48882088,0.48882088,0.6280272
224,C_high_BL_0_J000_008.png,C,td_h3_exc,373,0.48834756,0.48834756,0.9105878
225,C_high_BL_0_J000_008.png,C,td_h3_exc,305,0.48348117,0.48348117,1.2933437
226,C_high_BL_0_J000_008.png,C,td_h3_exc,202,0.48223308,0.48223308,0.8051288
227,C_high_BL_0_J000_008.png,C,td_h3_exc,159,0.48121518,0.48121518,0.69567025
228,C_high_BL_0_J000_008.png,C,td_h3_exc,4,0.47803894,0.47803894,0.81244177
229,C_high_BL_0_J000_008.png,C,td_h3_exc,338,0.47647777,0.47647777,0.7874713
230,C_high_BL_0_J000_008.png,C,td_h3_exc,330,0.47482643,0.47482643,1.0574455
231,C_high_BL_0_J000_008.png,C,td_h3_exc,470,0.47374,0.47374,0.6199376
232,C_high_BL_0_J000_008.png,C,td_h3_exc,479,0.47166988,0.47166988,0.9027055
233,C_high_BL_0_J000_008.png,C,td_h3_exc,439,0.4700414,0.4700414,1.2923199
234,C_high_BL_0_J000_008.png,C,td_h3_exc,380,0.46786147,0.46786147,1.1910056
235,C_high_BL_0_J000_008.png,C,td_h3_exc,296,0.46453887,0.46453887,0.8289062
236,C_high_BL_0_J000_008.png,C,td_h3_exc,51,0.46012732,0.46012732,2.128103
237,C_high_BL_0_J000_008.png,C,td_h3_exc,110,0.45955685,0.45955685,1.2577817
238,C_high_BL_0_J000_008.png,C,td_h3_exc,28,0.45780793,0.45780793,0.5999312
239,C_high_BL_0_J000_008.png,C,td_h3_exc,27,0.4576401,0.4576401,0.8793553
240,C_high_BL_0_J000_008.png,C,td_h3_exc,394,0.45656335,0.45656335,0.9062962
241,C_high_BL_0_J000_008.png,C,td_h3_exc,44,0.45393476,0.45393476,1.4556339
242,C_high_BL_0_J000_008.png,C,td_h3_exc,352,0.45389384,0.45389384,0.7132511
243,C_high_BL_0_J000_008.png,C,td_h3_exc,332,0.4518013,0.4518013,0.60882246
244,C_high_BL_0_J000_008.png,C,td_h3_exc,213,0.45054668,0.45054668,1.4279821
245,C_high_BL_0_J000_008.png,C,td_h3_exc,282,0.45046368,0.45046368,0.8359474
246,C_high_BL_0_J000_008.png,C,td_h3_exc,35,0.45039603,0.45039603,0.9943233
247,C_high_BL_0_J000_008.png,C,td_h3_exc,267,0.450285,0.450285,0.6836084
248,C_high_BL_0_J000_008.png,C,td_h3_exc,64,0.4491704,0.4491704,0.6716026
249,C_high_BL_0_J000_008.png,C,td_h3_exc,430,0.4478249,0.4478249,0.5561166
250,C_high_BL_0_J000_008.png,C,td_h3_exc,287,0.44772616,0.44772616,0.6556903
251,C_high_BL_0_J000_008.png,C,td_h3_exc,496,0.44431534,0.44431534,0.691955
252,C_high_BL_0_J000_008.png,C,td_h3_exc,483,0.44097802,0.44097802,0.7213822
253,C_high_BL_0_J000_008.png,C,td_h3_exc,227,0.43811157,0.43811157,0.89264977
254,C_high_BL_0_J000_008.png,C,td_h3_exc,493,0.4346228,0.4346228,0.8095703
255,C_high_BL_0_J000_008.png,C,td_h3_exc,443,0.43455106,0.43455106,0.9546256
256,C_high_BL_0_J000_008.png,C,td_h3_exc,458,0.4343812,0.4343812,0.7053405
257,C_high_BL_0_J000_008.png,C,td_h3_exc,270,0.4334536,0.4334536,0.65414274
258,C_high_BL_0_J000_008.png,C,td_h3_exc,416,0.43275723,0.43275723,0.9138061
259,C_high_BL_0_J000_008.png,C,td_h3_exc,255,0.4324745,0.4324745,0.68537223
260,C_high_BL_0_J000_008.png,C,td_h3_exc,446,0.43166792,0.43166792,0.6501261
261,C_high_BL_0_J000_008.png,C,td_h3_exc,131,0.43108818,0.43108818,0.6115471
262,C_high_BL_0_J000_008.png,C,td_h3_exc,192,0.42828137,0.42828137,0.81310636
263,C_high_BL_0_J000_008.png,C,td_h3_exc,243,0.42684114,0.42684114,0.6740793
264,C_high_BL_0_J000_008.png,C,td_h3_exc,297,0.42210683,0.42210683,1.419766
265,C_high_BL_0_J000_008.png,C,td_h3_exc,384,0.4210856,0.4210856,0.8520619
266,C_high_BL_0_J000_008.png,C,td_h3_exc,395,0.4142328,0.4142328,0.60439146
267,C_high_BL_0_J000_008.png,C,td_h3_exc,237,0.41313103,0.41313103,0.8556206
268,C_high_BL_0_J000_008.png,C,td_h3_exc,376,0.4099091,0.4099091,0.703319
269,C_high_BL_0_J000_008.png,C,td_h3_exc,223,0.40909064,0.40909064,0.71049476
270,C_high_BL_0_J000_008.png,C,td_h3_exc,127,0.40863627,0.40863627,0.53652465
271,C_high_BL_0_J000_008.png,C,td_h3_exc,40,0.407267,0.407267,0.6100512
272,C_high_BL_0_J000_008.png,C,td_h3_exc,456,0.40258843,0.40258843,1.0385588
273,C_high_BL_0_J000_008.png,C,td_h3_exc,41,0.40143082,0.40143082,0.6905204
274,C_high_BL_0_J000_008.png,C,td_h3_exc,364,0.4014138,0.4014138,0.896247
275,C_high_BL_0_J000_008.png,C,td_h3_exc,355,0.40119568,0.40119568,0.570079
276,C_high_BL_0_J000_008.png,C,td_h3_exc,307,0.40028226,0.40028226,0.8258636
277,C_high_BL_0_J000_008.png,C,td_h3_exc,125,0.39854252,0.39854252,0.5271323
278,C_high_BL_0_J000_008.png,C,td_h3_exc,219,0.39750662,0.39750662,0.5465147
279,C_high_BL_0_J000_008.png,C,td_h3_exc,293,0.3970559,0.3970559,0.82493424
280,C_high_BL_0_J000_008.png,C,td_h3_exc,406,0.39613017,0.39613017,0.56352925
281,C_high_BL_0_J000_008.png,C,td_h3_exc,349,0.39480942,0.39480942,1.342608
282,C_high_BL_0_J000_008.png,C,td_h3_exc,188,0.3919952,0.3919952,0.79092574
283,C_high_BL_0_J000_008.png,C,td_h3_exc,163,0.3911789,0.3911789,0.5036727
284,C_high_BL_0_J000_008.png,C,td_h3_exc,262,0.3911496,0.3911496,0.6416087
285,C_high_BL_0_J000_008.png,C,td_h3_exc,3,0.38831326,0.38831326,0.50117457
286,C_high_BL_0_J000_008.png,C,td_h3_exc,300,0.3863118,0.3863118,0.6599493
287,C_high_BL_0_J000_008.png,C,td_h3_exc,335,0.38478738,0.38478738,0.9090309
288,C_high_BL_0_J000_008.png,C,td_h3_exc,511,0.38312596,0.38312596,0.64481306
289,C_high_BL_0_J000_008.png,C,td_h3_exc,183,0.3811595,0.3811595,0.50335014
290,C_high_BL_0_J000_008.png,C,td_h3_exc,350,0.38105246,0.38105246,0.51715153
291,C_high_BL_0_J000_008.png,C,td_h3_exc,485,0.38078937,0.38078937,0.81512654
292,C_high_BL_0_J000_008.png,C,td_h3_exc,210,0.38067833,0.38067833,0.7506238
293,C_high_BL_0_J000_008.png,C,td_h3_exc,274,0.3803308,0.3803308,0.5517079
294,C_high_BL_0_J000_008.png,C,td_h3_exc,200,0.37689295,0.37689295,0.6858605
295,C_high_BL_0_J000_008.png,C,td_h3_exc,118,0.37513843,0.37513843,0.744264
296,C_high_BL_0_J000_008.png,C,td_h3_exc,53,0.37425712,0.37425712,0.68229234
297,C_high_BL_0_J000_008.png,C,td_h3_exc,294,0.3731163,0.3731163,0.5200042
298,C_high_BL_0_J000_008.png,C,td_h3_exc,166,0.37308297,0.37308297,1.0426986
299,C_high_BL_0_J000_008.png,C,td_h3_exc,407,0.37240237,0.37240237,0.5738755
300,C_high_BL_0_J000_008.png,C,td_h3_exc,145,0.3696519,0.3696519,1.0732913
301,C_high_BL_0_J000_008.png,C,td_h3_exc,99,0.36862123,0.36862123,0.59692955
302,C_high_BL_0_J000_008.png,C,td_h3_exc,396,0.36672673,0.36672673,0.6523356
303,C_high_BL_0_J000_008.png,C,td_h3_exc,257,0.36476094,0.36476094,0.6376282
304,C_high_BL_0_J000_008.png,C,td_h3_exc,386,0.36406106,0.36406106,0.4755111
305,C_high_BL_0_J000_008.png,C,td_h3_exc,320,0.36367118,0.36367118,0.6235709
306,C_high_BL_0_J000_008.png,C,td_h3_exc,337,0.36138985,0.36138985,0.5533767
307,C_high_BL_0_J000_008.png,C,td_h3_exc,6,0.361143,0.361143,0.6161003
308,C_high_BL_0_J000_008.png,C,td_h3_exc,249,0.35930833,0.35930833,0.49585372
309,C_high_BL_0_J000_008.png,C,td_h3_exc,501,0.35853595,0.35853595,0.5093977
310,C_high_BL_0_J000_008.png,C,td_h3_exc,100,0.3568727,0.3568727,0.6762148
311,C_high_BL_0_J000_008.png,C,td_h3_exc,37,0.35512394,0.35512394,0.7326347
312,C_high_BL_0_J000_008.png,C,td_h3_exc,179,0.35294002,0.35294002,0.62198603
313,C_high_BL_0_J000_008.png,C,td_h3_exc,174,0.3489854,0.3489854,0.46288225
314,C_high_BL_0_J000_008.png,C,td_h3_exc,148,0.3488454,0.3488454,0.48228002
315,C_high_BL_0_J000_008.png,C,td_h3_exc,133,0.34623024,0.34623024,2.904336
316,C_high_BL_0_J000_008.png,C,td_h3_exc,167,0.34550866,0.34550866,0.5029521
317,C_high_BL_0_J000_008.png,C,td_h3_exc,336,0.3454789,0.3454789,0.67061937
318,C_high_BL_0_J000_008.png,C,td_h3_exc,318,0.34502095,0.34502095,0.5135905
319,C_high_BL_0_J000_008.png,C,td_h3_exc,173,0.34267303,0.34267303,1.1048936
320,C_high_BL_0_J000_008.png,C,td_h3_exc,121,0.34213567,0.34213567,0.6461645
321,C_high_BL_0_J000_008.png,C,td_h3_exc,272,0.34109876,0.34109876,0.7688018
322,C_high_BL_0_J000_008.png,C,td_h3_exc,187,0.3398179,0.3398179,0.62735456
323,C_high_BL_0_J000_008.png,C,td_h3_exc,256,0.33940047,0.33940047,0.5630782
324,C_high_BL_0_J000_008.png,C,td_h3_exc,29,0.33867452,0.33867452,0.51818085
325,C_high_BL_0_J000_008.png,C,td_h3_exc,374,0.33834973,0.33834973,0.5744182
326,C_high_BL_0_J000_008.png,C,td_h3_exc,268,0.33759576,0.33759576,0.54361737
327,C_high_BL_0_J000_008.png,C,td_h3_exc,317,0.33622807,0.33622807,0.67754626
328,C_high_BL_0_J000_008.png,C,td_h3_exc,228,0.33521882,0.33521882,0.5035343
329,C_high_BL_0_J000_008.png,C,td_h3_exc,222,0.33451998,0.33451998,0.53647816
330,C_high_BL_0_J000_008.png,C,td_h3_exc,252,0.3327975,0.3327975,0.69146115
331,C_high_BL_0_J000_008.png,C,td_h3_exc,141,0.33249995,0.33249995,0.46990877
332,C_high_BL_0_J000_008.png,C,td_h3_exc,301,0.3324811,0.3324811,0.5644566
333,C_high_BL_0_J000_008.png,C,td_h3_exc,503,0.33050454,0.33050454,1.0075103
334,C_high_BL_0_J000_008.png,C,td_h3_exc,151,0.3275428,0.3275428,0.59194845
335,C_high_BL_0_J000_008.png,C,td_h3_exc,214,0.32573867,0.32573867,0.70053315
336,C_high_BL_0_J000_008.png,C,td_h3_exc,208,0.32437703,0.32437703,0.7501649
337,C_high_BL_0_J000_008.png,C,td_h3_exc,102,0.32420766,0.32420766,0.5454643
338,C_high_BL_0_J000_008.png,C,td_h3_exc,371,0.32389474,0.32389474,0.7111936
339,C_high_BL_0_J000_008.png,C,td_h3_exc,18,0.3236713,0.3236713,0.6044379
340,C_high_BL_0_J000_008.png,C,td_h3_exc,184,0.32360843,0.32360843,0.9306798
341,C_high_BL_0_J000_008.png,C,td_h3_exc,73,0.3232714,0.3232714,0.51571774
342,C_high_BL_0_J000_008.png,C,td_h3_exc,191,0.32235783,0.32235783,0.4736637
343,C_high_BL_0_J000_008.png,C,td_h3_exc,68,0.3210974,0.3210974,0.75335205
344,C_high_BL_0_J000_008.png,C,td_h3_exc,331,0.3175808,0.3175808,0.4834181
345,C_high_BL_0_J000_008.png,C,td_h3_exc,194,0.315727,0.315727,0.5441034
346,C_high_BL_0_J000_008.png,C,td_h3_exc,26,0.31538725,0.31538725,0.47116643
347,C_high_BL_0_J000_008.png,C,td_h3_exc,31,0.31486243,0.31486243,0.9567427
348,C_high_BL_0_J000_008.png,C,td_h3_exc,304,0.31258473,0.31258473,0.4601397
349,C_high_BL_0_J000_008.png,C,td_h3_exc,471,0.31213117,0.31213117,0.7190025
350,C_high_BL_0_J000_008.png,C,td_h3_exc,348,0.30971864,0.30971864,0.58080566
351,C_high_BL_0_J000_008.png,C,td_h3_exc,441,0.30903813,0.30903813,0.74282545
352,C_high_BL_0_J000_008.png,C,td_h3_exc,236,0.3078662,0.3078662,0.573587
353,C_high_BL_0_J000_008.png,C,td_h3_exc,351,0.30740693,0.30740693,0.41607186
354,C_high_BL_0_J000_008.png,C,td_h3_exc,366,0.3072995,0.3072995,0.62581384
355,C_high_BL_0_J000_008.png,C,td_h3_exc,421,0.3005285,0.3005285,0.44024077
356,C_high_BL_0_J000_008.png,C,td_h3_exc,325,0.3000333,0.3000333,0.5083842
357,C_high_BL_0_J000_008.png,C,td_h3_exc,356,0.29981223,0.29981223,0.78921163
358,C_high_BL_0_J000_008.png,C,td_h3_exc,84,0.2993455,0.2993455,0.6012098
359,C_high_BL_0_J000_008.png,C,td_h3_exc,201,0.2970845,0.2970845,0.62149256
360,C_high_BL_0_J000_008.png,C,td_h3_exc,476,0.29643682,0.29643682,0.48718098
361,C_high_BL_0_J000_008.png,C,td_h3_exc,378,0.2961816,0.2961816,0.58215714
362,C_high_BL_0_J000_008.png,C,td_h3_exc,39,0.2934945,0.2934945,0.5689504
363,C_high_BL_0_J000_008.png,C,td_h3_exc,308,0.29012957,0.29012957,0.47928396
364,C_high_BL_0_J000_008.png,C,td_h3_exc,150,0.289566,0.289566,0.5547197
365,C_high_BL_0_J000_008.png,C,td_h3_exc,13,0.289557,0.289557,0.4937773
366,C_high_BL_0_J000_008.png,C,td_h3_exc,139,0.2895169,0.2895169,0.4684658
367,C_high_BL_0_J000_008.png,C,td_h3_exc,12,0.28938654,0.28938654,0.5539385
368,C_high_BL_0_J000_008.png,C,td_h3_exc,273,0.2880447,0.2880447,0.73758966
369,C_high_BL_0_J000_008.png,C,td_h3_exc,415,0.2868116,0.2868116,0.40916604
370,C_high_BL_0_J000_008.png,C,td_h3_exc,365,0.2859986,0.2859986,0.801834
371,C_high_BL_0_J000_008.png,C,td_h3_exc,33,0.28538182,0.28538182,0.56580806
372,C_high_BL_0_J000_008.png,C,td_h3_exc,165,0.28469613,0.28469613,0.95430064
373,C_high_BL_0_J000_008.png,C,td_h3_exc,215,0.28387147,0.28387147,0.4285351
374,C_high_BL_0_J000_008.png,C,td_h3_exc,92,0.2834986,0.2834986,0.48924518
375,C_high_BL_0_J000_008.png,C,td_h3_exc,155,0.2831339,0.2831339,0.47396505
376,C_high_BL_0_J000_008.png,C,td_h3_exc,361,0.2825092,0.2825092,0.5615932
377,C_high_BL_0_J000_008.png,C,td_h3_exc,453,0.28203422,0.28203422,0.50669956
378,C_high_BL_0_J000_008.png,C,td_h3_exc,240,0.28037176,0.28037176,0.48795378
379,C_high_BL_0_J000_008.png,C,td_h3_exc,196,0.2775504,0.2775504,0.35609624
380,C_high_BL_0_J000_008.png,C,td_h3_exc,95,0.27608356,0.27608356,0.40603244
381,C_high_BL_0_J000_008.png,C,td_h3_exc,90,0.27412432,0.27412432,0.41461533
382,C_high_BL_0_J000_008.png,C,td_h3_exc,253,0.27351788,0.27351788,0.47290477
383,C_high_BL_0_J000_008.png,C,td_h3_exc,69,0.27295533,0.27295533,0.5734732
384,C_high_BL_0_J000_008.png,C,td_h3_exc,281,0.27261215,0.27261215,0.49904394
385,C_high_BL_0_J000_008.png,C,td_h3_exc,392,0.2723255,0.2723255,0.4150631
386,C_high_BL_0_J000_008.png,C,td_h3_exc,280,0.27213418,0.27213418,0.5148176
387,C_high_BL_0_J000_008.png,C,td_h3_exc,86,0.27176198,0.27176198,0.4015752
388,C_high_BL_0_J000_008.png,C,td_h3_exc,152,0.27155173,0.27155173,0.4064382
389,C_high_BL_0_J000_008.png,C,td_h3_exc,63,0.27148068,0.27148068,0.42097732
390,C_high_BL_0_J000_008.png,C,td_h3_exc,457,0.27029714,0.27029714,0.67483777
391,C_high_BL_0_J000_008.png,C,td_h3_exc,454,0.26988313,0.26988313,0.45032448
392,C_high_BL_0_J000_008.png,C,td_h3_exc,405,0.26981363,0.26981363,0.40497768
393,C_high_BL_0_J000_008.png,C,td_h3_exc,412,0.26979247,0.26979247,0.4756958
394,C_high_BL_0_J000_008.png,C,td_h3_exc,195,0.26911938,0.26911938,0.46993518
395,C_high_BL_0_J000_008.png,C,td_h3_exc,67,0.268689,0.268689,0.37561315
396,C_high_BL_0_J000_008.png,C,td_h3_exc,130,0.2657477,0.2657477,0.39618778
397,C_high_BL_0_J000_008.png,C,td_h3_exc,80,0.2630963,0.2630963,0.7308216
398,C_high_BL_0_J000_008.png,C,td_h3_exc,120,0.26203534,0.26203534,0.8476316
399,C_high_BL_0_J000_008.png,C,td_h3_exc,241,0.2618755,0.2618755,0.5000437
400,C_high_BL_0_J000_008.png,C,td_h3_exc,217,0.26170883,0.26170883,0.5858104
401,C_high_BL_0_J000_008.png,C,td_h3_exc,128,0.26165444,0.26165444,0.45163068
402,C_high_BL_0_J000_008.png,C,td_h3_exc,375,0.2609767,0.2609767,0.41743305
403,C_high_BL_0_J000_008.png,C,td_h3_exc,20,0.26095733,0.26095733,0.44948757
404,C_high_BL_0_J000_008.png,C,td_h3_exc,45,0.26024124,0.26024124,0.4675331
405,C_high_BL_0_J000_008.png,C,td_h3_exc,481,0.25966093,0.25966093,0.86719614
406,C_high_BL_0_J000_008.png,C,td_h3_exc,91,0.25963664,0.25963664,0.58357096
407,C_high_BL_0_J000_008.png,C,td_h3_exc,490,0.25948283,0.25948283,0.5853282
408,C_high_BL_0_J000_008.png,C,td_h3_exc,488,0.25844407,0.25844407,0.50350773
409,C_high_BL_0_J000_008.png,C,td_h3_exc,238,0.25797912,0.25797912,0.7787305
410,C_high_BL_0_J000_008.png,C,td_h3_exc,266,0.2550396,0.2550396,0.4675411
411,C_high_BL_0_J000_008.png,C,td_h3_exc,149,0.25429714,0.25429714,0.38819948
412,C_high_BL_0_J000_008.png,C,td_h3_exc,178,0.25259575,0.25259575,0.63051826
413,C_high_BL_0_J000_008.png,C,td_h3_exc,70,0.25067788,0.25067788,0.44580385
414,C_high_BL_0_J000_008.png,C,td_h3_exc,172,0.24991077,0.24991077,0.4242989
415,C_high_BL_0_J000_008.png,C,td_h3_exc,235,0.24912943,0.24912943,0.6063595
416,C_high_BL_0_J000_008.png,C,td_h3_exc,103,0.24782366,0.24782366,0.686535
417,C_high_BL_0_J000_008.png,C,td_h3_exc,442,0.241241,0.241241,0.40477735
418,C_high_BL_0_J000_008.png,C,td_h3_exc,36,0.24122632,0.24122632,0.60747844
419,C_high_BL_0_J000_008.png,C,td_h3_exc,23,0.24093689,0.24093689,0.42843366
420,C_high_BL_0_J000_008.png,C,td_h3_exc,71,0.24088153,0.24088153,0.43104756
421,C_high_BL_0_J000_008.png,C,td_h3_exc,277,0.24004307,0.24004307,0.41406608
422,C_high_BL_0_J000_008.png,C,td_h3_exc,494,0.23650764,0.23650764,0.43918726
423,C_high_BL_0_J000_008.png,C,td_h3_exc,497,0.23539732,0.23539732,0.575565
424,C_high_BL_0_J000_008.png,C,td_h3_exc,418,0.23286027,0.23286027,0.4033224
425,C_high_BL_0_J000_008.png,C,td_h3_exc,295,0.23241897,0.23241897,0.4330613
426,C_high_BL_0_J000_008.png,C,td_h3_exc,205,0.23175661,0.23175661,0.5747862
427,C_high_BL_0_J000_008.png,C,td_h3_exc,425,0.23085608,0.23085608,0.42089033
428,C_high_BL_0_J000_008.png,C,td_h3_exc,107,0.23061384,0.23061384,0.57667124
429,C_high_BL_0_J000_008.png,C,td_h3_exc,475,0.22962937,0.22962937,0.46321028
430,C_high_BL_0_J000_008.png,C,td_h3_exc,30,0.22919898,0.22919898,0.4028044
431,C_high_BL_0_J000_008.png,C,td_h3_exc,34,0.22850981,0.22850981,0.5060047
432,C_high_BL_0_J000_008.png,C,td_h3_exc,323,0.22745067,0.22745067,0.61505455
433,C_high_BL_0_J000_008.png,C,td_h3_exc,74,0.22742127,0.22742127,0.34178224
434,C_high_BL_0_J000_008.png,C,td_h3_exc,226,0.22553344,0.22553344,0.56122077
435,C_high_BL_0_J000_008.png,C,td_h3_exc,230,0.2244737,0.2244737,0.5066731
436,C_high_BL_0_J000_008.png,C,td_h3_exc,459,0.22256199,0.22256199,0.45504016
437,C_high_BL_0_J000_008.png,C,td_h3_exc,455,0.21964514,0.21964514,0.85984516
438,C_high_BL_0_J000_008.png,C,td_h3_exc,438,0.21949047,0.21949047,0.46818262
439,C_high_BL_0_J000_008.png,C,td_h3_exc,379,0.21630485,0.21630485,0.40722033
440,C_high_BL_0_J000_008.png,C,td_h3_exc,109,0.21629442,0.21629442,0.858277
441,C_high_BL_0_J000_008.png,C,td_h3_exc,135,0.2154686,0.2154686,0.3468154
442,C_high_BL_0_J000_008.png,C,td_h3_exc,340,0.21474075,0.21474075,0.47880727
443,C_high_BL_0_J000_008.png,C,td_h3_exc,275,0.21353346,0.21353346,0.48015463
444,C_high_BL_0_J000_008.png,C,td_h3_exc,186,0.209141,0.209141,0.45724303
445,C_high_BL_0_J000_008.png,C,td_h3_exc,428,0.20785776,0.20785776,0.8183131
446,C_high_BL_0_J000_008.png,C,td_h3_exc,55,0.20695229,0.20695229,0.96929634
447,C_high_BL_0_J000_008.png,C,td_h3_exc,285,0.20344742,0.20344742,0.3623222
448,C_high_BL_0_J000_008.png,C,td_h3_exc,221,0.2000457,0.2000457,0.44947588
449,C_high_BL_0_J000_008.png,C,td_h3_exc,199,0.19999021,0.19999021,0.5873362
450,C_high_BL_0_J000_008.png,C,td_h3_exc,87,0.19778213,0.19778213,0.3344159
451,C_high_BL_0_J000_008.png,C,td_h3_exc,142,0.19542278,0.19542278,0.3643099
452,C_high_BL_0_J000_008.png,C,td_h3_exc,314,0.19447884,0.19447884,0.42697585
453,C_high_BL_0_J000_008.png,C,td_h3_exc,489,0.19263907,0.19263907,0.33616048
454,C_high_BL_0_J000_008.png,C,td_h3_exc,419,0.19129643,0.19129643,0.3418386
455,C_high_BL_0_J000_008.png,C,td_h3_exc,57,0.19002765,0.19002765,0.45135424
456,C_high_BL_0_J000_008.png,C,td_h3_exc,298,0.18945278,0.18945278,0.5176853
457,C_high_BL_0_J000_008.png,C,td_h3_exc,25,0.1883952,0.1883952,0.65771365
458,C_high_BL_0_J000_008.png,C,td_h3_exc,288,0.18540873,0.18540873,0.3899084
459,C_high_BL_0_J000_008.png,C,td_h3_exc,388,0.1817233,0.1817233,0.34380037
460,C_high_BL_0_J000_008.png,C,td_h3_exc,507,0.18039334,0.18039334,0.39719725
461,C_high_BL_0_J000_008.png,C,td_h3_exc,180,0.1796476,0.1796476,0.35477954
462,C_high_BL_0_J000_008.png,C,td_h3_exc,97,0.1745598,0.1745598,0.5473834
463,C_high_BL_0_J000_008.png,C,td_h3_exc,334,0.17308453,0.17308453,0.5301873
464,C_high_BL_0_J000_008.png,C,td_h3_exc,116,0.17195915,0.17195915,0.40800512
465,C_high_BL_0_J000_008.png,C,td_h3_exc,154,0.16892867,0.16892867,0.7434989
466,C_high_BL_0_J000_008.png,C,td_h3_exc,160,0.16418779,0.16418779,0.4215207
467,C_high_BL_0_J000_008.png,C,td_h3_exc,495,0.16410717,0.16410717,0.29822603
468,C_high_BL_0_J000_008.png,C,td_h3_exc,382,0.16295883,0.16295883,0.43408024
469,C_high_BL_0_J000_008.png,C,td_h3_exc,61,0.16268466,0.16268466,0.2922054
470,C_high_BL_0_J000_008.png,C,td_h3_exc,185,0.1623846,0.1623846,0.3574192
471,C_high_BL_0_J000_008.png,C,td_h3_exc,404,0.16217864,0.16217864,0.4985394
472,C_high_BL_0_J000_008.png,C,td_h3_exc,505,0.16034573,0.16034573,0.34657
473,C_high_BL_0_J000_008.png,C,td_h3_exc,491,0.15929022,0.15929022,0.4254424
474,C_high_BL_0_J000_008.png,C,td_h3_exc,435,0.15908624,0.15908624,0.42658564
475,C_high_BL_0_J000_008.png,C,td_h3_exc,486,0.15737604,0.15737604,0.5050511
476,C_high_BL_0_J000_008.png,C,td_h3_exc,124,0.15402004,0.15402004,0.2270945
477,C_high_BL_0_J000_008.png,C,td_h3_exc,385,0.15139844,0.15139844,0.45222455
478,C_high_BL_0_J000_008.png,C,td_h3_exc,89,0.15023059,0.15023059,0.3141939
479,C_high_BL_0_J000_008.png,C,td_h3_exc,440,0.14848642,0.14848642,0.52790505
480,C_high_BL_0_J000_008.png,C,td_h3_exc,319,0.14257473,0.14257473,0.31457958
481,C_high_BL_0_J000_008.png,C,td_h3_exc,112,0.14022769,0.14022769,0.32344586
482,C_high_BL_0_J000_008.png,C,td_h3_exc,0,0.13778977,0.13778977,0.27414188
483,C_high_BL_0_J000_008.png,C,td_h3_exc,302,0.13573915,0.13573915,0.40357095
484,C_high_BL_0_J000_008.png,C,td_h3_exc,106,0.1342759,0.1342759,0.28880855
485,C_high_BL_0_J000_008.png,C,td_h3_exc,423,0.13283858,0.13283858,0.70298433
486,C_high_BL_0_J000_008.png,C,td_h3_exc,147,0.126759,0.126759,0.4297219
487,C_high_BL_0_J000_008.png,C,td_h3_exc,136,0.12364796,0.12364796,0.2331878
488,C_high_BL_0_J000_008.png,C,td_h3_exc,234,0.12357209,0.12357209,0.5969045
489,C_high_BL_0_J000_008.png,C,td_h3_exc,464,0.12330572,0.12330572,0.2604668
490,C_high_BL_0_J000_008.png,C,td_h3_exc,389,0.12042536,0.12042536,0.3034243
491,C_high_BL_0_J000_008.png,C,td_h3_exc,510,0.11311395,0.11311395,0.2555057
492,C_high_BL_0_J000_008.png,C,td_h3_exc,271,0.11246813,0.11246813,0.3262176
493,C_high_BL_0_J000_008.png,C,td_h3_exc,38,0.11044033,0.11044033,0.4024198
494,C_high_BL_0_J000_008.png,C,td_h3_exc,263,0.10348641,0.10348641,0.3210566
495,C_high_BL_0_J000_008.png,C,td_h3_exc,367,0.100523226,0.100523226,0.39401543
496,C_high_BL_0_J000_008.png,C,td_h3_exc,328,0.0959645,0.0959645,0.47574264
497,C_high_BL_0_J000_008.png,C,td_h3_exc,387,0.09507046,0.09507046,0.15926477
498,C_high_BL_0_J000_008.png,C,td_h3_exc,7,0.09425733,0.09425733,0.4490661
499,C_high_BL_0_J000_008.png,C,td_h3_exc,424,0.09220199,0.09220199,0.310575
500,C_high_BL_0_J000_008.png,C,td_h3_exc,198,0.092068344,0.092068344,0.20058873
501,C_high_BL_0_J000_008.png,C,td_h3_exc,54,0.084819764,0.084819764,0.21001855
502,C_high_BL_0_J000_008.png,C,td_h3_exc,410,0.078298464,0.078298464,0.33770648
503,C_high_BL_0_J000_008.png,C,td_h3_exc,357,0.078017056,0.078017056,0.15743564
504,C_high_BL_0_J000_008.png,C,td_h3_exc,370,0.07564249,0.07564249,0.21466354
505,C_high_BL_0_J000_008.png,C,td_h3_exc,47,0.07435703,0.07435703,0.12980154
506,C_high_BL_0_J000_008.png,C,td_h3_exc,451,0.07224963,0.07224963,0.15103623
507,C_high_BL_0_J000_008.png,C,td_h3_exc,247,0.067140676,0.067140676,0.20347458
508,C_high_BL_0_J000_008.png,C,td_h3_exc,341,0.05488917,0.05488917,0.1196969
509,C_high_BL_0_J000_008.png,C,td_h3_exc,460,0.05365373,0.05365373,0.23720254
510,C_high_BL_0_J000_008.png,C,td_h3_exc,126,0.047099963,0.047099963,0.18398815
511,C_high_BL_0_J000_008.png,C,td_h3_exc,21,0.04625712,0.04625712,0.14529274
512,C_high_BL_0_J000_008.png,C,td_h3_exc,65,0.009093412,0.009093412,0.031920824
1,straight_high_BL_0_J000_003.png,straight,h0_exc,50,9.746506,9.746506,41.012566
2,straight_high_BL_0_J000_003.png,straight,h0_exc,31,8.829386,8.829386,35.33789
3,straight_high_BL_0_J000_003.png,straight,h0_exc,45,8.242626,8.242626,156.4112
4,straight_high_BL_0_J000_003.png,straight,h0_exc,12,8.090606,8.090606,250.94614
5,straight_high_BL_0_J000_003.png,straight,h0_exc,1,7.7709303,7.7709303,126.86385
6,straight_high_BL_0_J000_003.png,straight,h0_exc,4,7.671012,7.671012,92.32604
7,straight_high_BL_0_J000_003.png,straight,h0_exc,44,7.6448913,7.6448913,84.77854
8,straight_high_BL_0_J000_003.png,straight,h0_exc,2,7.6273875,7.6273875,171.87062
9,straight_high_BL_0_J000_003.png,straight,h0_exc,62,7.516214,7.516214,255.6845
10,straight_high_BL_0_J000_003.png,straight,h0_exc,21,7.130095,7.130095,102.7039
11,straight_high_BL_0_J000_003.png,straight,h0_exc,32,7.060052,7.060052,220.53731
12,straight_high_BL_0_J000_003.png,straight,h0_exc,53,7.054858,7.054858,276.17972
13,straight_high_BL_0_J000_003.png,straight,h0_exc,9,6.6530046,6.6530046,56.735542
14,straight_high_BL_0_J000_003.png,straight,h0_exc,7,6.5158935,6.5158935,167.4007
15,straight_high_BL_0_J000_003.png,straight,h0_exc,59,6.0753527,6.0753527,124.13319
16,straight_high_BL_0_J000_003.png,straight,h0_exc,55,5.740535,5.740535,109.273056
17,straight_high_BL_0_J000_003.png,straight,h0_exc,26,5.680928,5.680928,104.62868
18,straight_high_BL_0_J000_003.png,straight,h0_exc,61,5.6760445,5.6760445,84.85425
19,straight_high_BL_0_J000_003.png,straight,h0_exc,10,5.4464803,5.4464803,85.64658
20,straight_high_BL_0_J000_003.png,straight,h0_exc,24,5.4130483,5.4130483,76.469795
21,straight_high_BL_0_J000_003.png,straight,h0_exc,36,5.0303283,5.0303283,49.265053
22,straight_high_BL_0_J000_003.png,straight,h0_exc,11,4.931284,4.931284,25.992226
23,straight_high_BL_0_J000_003.png,straight,h0_exc,47,4.9125504,4.9125504,28.30447
24,straight_high_BL_0_J000_003.png,straight,h0_exc,54,4.8694777,4.8694777,23.12156
25,straight_high_BL_0_J000_003.png,straight,h0_exc,33,4.8249617,4.8249617,77.25385
26,straight_high_BL_0_J000_003.png,straight,h0_exc,28,4.5572515,4.5572515,86.25298
27,straight_high_BL_0_J000_003.png,straight,h0_exc,39,4.15057,4.15057,23.635994
28,straight_high_BL_0_J000_003.png,straight,h0_exc,18,3.9667404,3.9667404,28.008247
29,straight_high_BL_0_J000_003.png,straight,h0_exc,17,3.901938,3.901938,145.13522
30,straight_high_BL_0_J000_003.png,straight,h0_exc,27,3.8222342,3.8222342,29.361622
31,straight_high_BL_0_J000_003.png,straight,h0_exc,22,3.4068818,3.4068818,35.89022
32,straight_high_BL_0_J000_003.png,straight,h0_exc,42,2.9906347,2.9906347,23.368223
33,straight_high_BL_0_J000_003.png,straight,h0_exc,30,2.864832,2.864832,13.797405
34,straight_high_BL_0_J000_003.png,straight,h0_exc,46,2.6462379,2.6462379,16.657084
35,straight_high_BL_0_J000_003.png,straight,h0_exc,43,2.5957656,2.5957656,11.815917
36,straight_high_BL_0_J000_003.png,straight,h0_exc,16,2.5794384,2.5794384,20.234447
37,straight_high_BL_0_J000_003.png,straight,h0_exc,48,2.304636,2.304636,25.344973
38,straight_high_BL_0_J000_003.png,straight,h0_exc,5,2.2373424,2.2373424,50.767372
39,straight_high_BL_0_J000_003.png,straight,h0_exc,8,2.153381,2.153381,9.049213
40,straight_high_BL_0_J000_003.png,straight,h0_exc,41,2.035546,2.035546,4.752405
41,straight_high_BL_0_J000_003.png,straight,h0_exc,35,1.9471259,1.9471259,38.364883
42,straight_high_BL_0_J000_003.png,straight,h0_exc,60,1.8436567,1.8436567,8.097532
43,straight_high_BL_0_J000_003.png,straight,h0_exc,14,1.8181425,1.8181425,29.027306
44,straight_high_BL_0_J000_003.png,straight,h0_exc,58,1.8008826,1.8008826,5.52168
45,straight_high_BL_0_J000_003.png,straight,h0_exc,13,1.7851357,1.7851357,11.397645
46,straight_high_BL_0_J000_003.png,straight,h0_exc,25,1.7054622,1.7054622,6.573767
47,straight_high_BL_0_J000_003.png,straight,h0_exc,6,1.7032254,1.7032254,14.004862
48,straight_high_BL_0_J000_003.png,straight,h0_exc,56,1.646521,1.646521,50.293564
49,straight_high_BL_0_J000_003.png,straight,h0_exc,51,1.5695503,1.5695503,13.221876
50,straight_high_BL_0_J000_003.png,straight,h0_exc,52,1.5610795,1.5610795,4.757769
51,straight_high_BL_0_J000_003.png,straight,h0_exc,38,1.37592,1.37592,3.7668397
52,straight_high_BL_0_J000_003.png,straight,h0_exc,34,1.3720134,1.3720134,16.93239
53,straight_high_BL_0_J000_003.png,straight,h0_exc,57,1.256184,1.256184,8.768237
54,straight_high_BL_0_J000_003.png,straight,h0_exc,15,1.2023613,1.2023613,14.438421
55,straight_high_BL_0_J000_003.png,straight,h0_exc,0,1.1633577,1.1633577,16.639004
56,straight_high_BL_0_J000_003.png,straight,h0_exc,49,1.1338748,1.1338748,9.849253
57,straight_high_BL_0_J000_003.png,straight,h0_exc,23,1.0591651,1.0591651,26.251184
58,straight_high_BL_0_J000_003.png,straight,h0_exc,19,1.0521119,1.0521119,2.7954674
59,straight_high_BL_0_J000_003.png,straight,h0_exc,3,0.9526198,0.9526198,5.1879854
60,straight_high_BL_0_J000_003.png,straight,h0_exc,37,0.9462059,0.9462059,4.9483266
61,straight_high_BL_0_J000_003.png,straight,h0_exc,63,0.8884307,0.8884307,4.5408525
62,straight_high_BL_0_J000_003.png,straight,h0_exc,20,0.83797294,0.83797294,11.757875
63,straight_high_BL_0_J000_003.png,straight,h0_exc,40,0.8002197,0.8002197,3.7126074
64,straight_high_BL_0_J000_003.png,straight,h0_exc,29,0.779899,0.779899,3.289093
1,straight_high_BL_0_J000_003.png,straight,h1_exc,29,5.7483006,5.7483006,43.43383
2,straight_high_BL_0_J000_003.png,straight,h1_exc,25,5.101927,5.101927,35.26306
3,straight_high_BL_0_J000_003.png,straight,h1_exc,52,4.811624,4.811624,9.764409
4,straight_high_BL_0_J000_003.png,straight,h1_exc,7,4.583183,4.583183,26.871649
5,straight_high_BL_0_J000_003.png,straight,h1_exc,78,4.5714846,4.5714846,36.322357
6,straight_high_BL_0_J000_003.png,straight,h1_exc,72,4.531584,4.531584,41.25046
7,straight_high_BL_0_J000_003.png,straight,h1_exc,23,4.4655585,4.4655585,37.166233
8,straight_high_BL_0_J000_003.png,straight,h1_exc,102,4.38742,4.38742,27.036163
9,straight_high_BL_0_J000_003.png,straight,h1_exc,80,4.377313,4.377313,19.869768
10,straight_high_BL_0_J000_003.png,straight,h1_exc,65,4.3197308,4.3197308,21.232704
11,straight_high_BL_0_J000_003.png,straight,h1_exc,6,3.9893157,3.9893157,28.606861
12,straight_high_BL_0_J000_003.png,straight,h1_exc,37,3.803253,3.803253,12.097109
13,straight_high_BL_0_J000_003.png,straight,h1_exc,45,3.7982607,3.7982607,25.423695
14,straight_high_BL_0_J000_003.png,straight,h1_exc,92,3.7778854,3.7778854,28.061579
15,straight_high_BL_0_J000_003.png,straight,h1_exc,98,3.768144,3.768144,56.622433
16,straight_high_BL_0_J000_003.png,straight,h1_exc,28,3.4965715,3.4965715,18.089886
17,straight_high_BL_0_J000_003.png,straight,h1_exc,121,3.3346014,3.3346014,18.263802
18,straight_high_BL_0_J000_003.png,straight,h1_exc,82,3.3097222,3.3097222,46.05069
19,straight_high_BL_0_J000_003.png,straight,h1_exc,63,3.246921,3.246921,15.959328
20,straight_high_BL_0_J000_003.png,straight,h1_exc,48,3.2450159,3.2450159,15.733051
21,straight_high_BL_0_J000_003.png,straight,h1_exc,108,3.2337513,3.2337513,7.5265346
22,straight_high_BL_0_J000_003.png,straight,h1_exc,94,3.142604,3.142604,13.454183
23,straight_high_BL_0_J000_003.png,straight,h1_exc,64,3.1046762,3.1046762,20.560255
24,straight_high_BL_0_J000_003.png,straight,h1_exc,61,3.0086265,3.0086265,36.991028
25,straight_high_BL_0_J000_003.png,straight,h1_exc,1,2.9642951,2.9642951,11.035066
26,straight_high_BL_0_J000_003.png,straight,h1_exc,11,2.9406328,2.9406328,134.77997
27,straight_high_BL_0_J000_003.png,straight,h1_exc,33,2.9021854,2.9021854,6.757178
28,straight_high_BL_0_J000_003.png,straight,h1_exc,86,2.8544705,2.8544705,29.966784
29,straight_high_BL_0_J000_003.png,straight,h1_exc,49,2.8291528,2.8291528,19.05547
30,straight_high_BL_0_J000_003.png,straight,h1_exc,105,2.8160834,2.8160834,21.683815
31,straight_high_BL_0_J000_003.png,straight,h1_exc,22,2.6587195,2.6587195,8.994476
32,straight_high_BL_0_J000_003.png,straight,h1_exc,47,2.6412952,2.6412952,11.903886
33,straight_high_BL_0_J000_003.png,straight,h1_exc,100,2.6251829,2.6251829,7.8955455
34,straight_high_BL_0_J000_003.png,straight,h1_exc,40,2.6128478,2.6128478,17.22477
35,straight_high_BL_0_J000_003.png,straight,h1_exc,13,2.5293698,2.5293698,67.59261
36,straight_high_BL_0_J000_003.png,straight,h1_exc,58,2.5189965,2.5189965,9.76223
37,straight_high_BL_0_J000_003.png,straight,h1_exc,107,2.5169947,2.5169947,6.942009
38,straight_high_BL_0_J000_003.png,straight,h1_exc,55,2.505319,2.505319,12.781995
39,straight_high_BL_0_J000_003.png,straight,h1_exc,62,2.4994729,2.4994729,12.133041
40,straight_high_BL_0_J000_003.png,straight,h1_exc,38,2.4830904,2.4830904,4.8136616
41,straight_high_BL_0_J000_003.png,straight,h1_exc,71,2.4235218,2.4235218,8.077661
42,straight_high_BL_0_J000_003.png,straight,h1_exc,90,2.4099853,2.4099853,14.702253
43,straight_high_BL_0_J000_003.png,straight,h1_exc,16,2.386193,2.386193,12.706193
44,straight_high_BL_0_J000_003.png,straight,h1_exc,93,2.3768604,2.3768604,15.673046
45,straight_high_BL_0_J000_003.png,straight,h1_exc,0,2.375801,2.375801,25.42366
46,straight_high_BL_0_J000_003.png,straight,h1_exc,117,2.369471,2.369471,5.6039867
47,straight_high_BL_0_J000_003.png,straight,h1_exc,60,2.3216648,2.3216648,9.266637
48,straight_high_BL_0_J000_003.png,straight,h1_exc,26,2.284902,2.284902,16.915188
49,straight_high_BL_0_J000_003.png,straight,h1_exc,12,2.2594426,2.2594426,8.561407
50,straight_high_BL_0_J000_003.png,straight,h1_exc,24,2.2592847,2.2592847,7.16797
51,straight_high_BL_0_J000_003.png,straight,h1_exc,17,2.259276,2.259276,12.971825
52,straight_high_BL_0_J000_003.png,straight,h1_exc,87,2.2266657,2.2266657,13.338601
53,straight_high_BL_0_J000_003.png,straight,h1_exc,20,2.2119732,2.2119732,20.255917
54,straight_high_BL_0_J000_003.png,straight,h1_exc,42,2.205642,2.205642,5.9778953
55,straight_high_BL_0_J000_003.png,straight,h1_exc,96,2.171769,2.171769,13.814906
56,straight_high_BL_0_J000_003.png,straight,h1_exc,113,2.1439037,2.1439037,92.65128
57,straight_high_BL_0_J000_003.png,straight,h1_exc,67,2.1380749,2.1380749,11.289082
58,straight_high_BL_0_J000_003.png,straight,h1_exc,83,2.1233833,2.1233833,22.307117
59,straight_high_BL_0_J000_003.png,straight,h1_exc,21,2.1208212,2.1208212,31.13544
60,straight_high_BL_0_J000_003.png,straight,h1_exc,112,2.0842717,2.0842717,14.061705
61,straight_high_BL_0_J000_003.png,straight,h1_exc,27,2.0379398,2.0379398,12.760511
62,straight_high_BL_0_J000_003.png,straight,h1_exc,99,1.9579444,1.9579444,44.652344
63,straight_high_BL_0_J000_003.png,straight,h1_exc,18,1.9487717,1.9487717,7.064641
64,straight_high_BL_0_J000_003.png,straight,h1_exc,104,1.9419061,1.9419061,5.843837
65,straight_high_BL_0_J000_003.png,straight,h1_exc,54,1.9365811,1.9365811,19.292902
66,straight_high_BL_0_J000_003.png,straight,h1_exc,31,1.9331006,1.9331006,5.9154696
67,straight_high_BL_0_J000_003.png,straight,h1_exc,53,1.915764,1.915764,13.9873295
68,straight_high_BL_0_J000_003.png,straight,h1_exc,97,1.9049182,1.9049182,18.751854
69,straight_high_BL_0_J000_003.png,straight,h1_exc,39,1.8983694,1.8983694,41.980686
70,straight_high_BL_0_J000_003.png,straight,h1_exc,116,1.8912698,1.8912698,7.3945613
71,straight_high_BL_0_J000_003.png,straight,h1_exc,79,1.8733683,1.8733683,24.093674
72,straight_high_BL_0_J000_003.png,straight,h1_exc,125,1.8722262,1.8722262,14.153229
73,straight_high_BL_0_J000_003.png,straight,h1_exc,19,1.8432378,1.8432378,8.036029
74,straight_high_BL_0_J000_003.png,straight,h1_exc,4,1.8411508,1.8411508,6.702073
75,straight_high_BL_0_J000_003.png,straight,h1_exc,14,1.8251268,1.8251268,13.790474
76,straight_high_BL_0_J000_003.png,straight,h1_exc,74,1.8250537,1.8250537,5.4169574
77,straight_high_BL_0_J000_003.png,straight,h1_exc,111,1.8016304,1.8016304,6.233303
78,straight_high_BL_0_J000_003.png,straight,h1_exc,41,1.7660453,1.7660453,9.082718
79,straight_high_BL_0_J000_003.png,straight,h1_exc,36,1.762775,1.762775,62.81714
80,straight_high_BL_0_J000_003.png,straight,h1_exc,68,1.7506552,1.7506552,9.168911
81,straight_high_BL_0_J000_003.png,straight,h1_exc,109,1.7019401,1.7019401,11.822477
82,straight_high_BL_0_J000_003.png,straight,h1_exc,84,1.6908182,1.6908182,14.476703
83,straight_high_BL_0_J000_003.png,straight,h1_exc,35,1.6728786,1.6728786,40.750504
84,straight_high_BL_0_J000_003.png,straight,h1_exc,57,1.6642792,1.6642792,8.678015
85,straight_high_BL_0_J000_003.png,straight,h1_exc,106,1.6184754,1.6184754,8.057702
86,straight_high_BL_0_J000_003.png,straight,h1_exc,50,1.6146184,1.6146184,9.145424
87,straight_high_BL_0_J000_003.png,straight,h1_exc,89,1.6111182,1.6111182,19.52808
88,straight_high_BL_0_J000_003.png,straight,h1_exc,34,1.5808374,1.5808374,4.0592914
89,straight_high_BL_0_J000_003.png,straight,h1_exc,2,1.565276,1.565276,8.934553
90,straight_high_BL_0_J000_003.png,straight,h1_exc,15,1.5620353,1.5620353,4.449627
91,straight_high_BL_0_J000_003.png,straight,h1_exc,75,1.5253987,1.5253987,10.574079
92,straight_high_BL_0_J000_003.png,straight,h1_exc,3,1.5135891,1.5135891,6.5854225
93,straight_high_BL_0_J000_003.png,straight,h1_exc,123,1.4452853,1.4452853,7.1323223
94,straight_high_BL_0_J000_003.png,straight,h1_exc,30,1.4287716,1.4287716,3.4839034
95,straight_high_BL_0_J000_003.png,straight,h1_exc,46,1.4068907,1.4068907,3.7776031
96,straight_high_BL_0_J000_003.png,straight,h1_exc,77,1.4048687,1.4048687,4.425523
97,straight_high_BL_0_J000_003.png,straight,h1_exc,81,1.4012679,1.4012679,7.6102057
98,straight_high_BL_0_J000_003.png,straight,h1_exc,114,1.3998702,1.3998702,4.323254
99,straight_high_BL_0_J000_003.png,straight,h1_exc,126,1.3859235,1.3859235,4.255374
100,straight_high_BL_0_J000_003.png,straight,h1_exc,110,1.3845325,1.3845325,9.493535
101,straight_high_BL_0_J000_003.png,straight,h1_exc,76,1.3404748,1.3404748,20.742844
102,straight_high_BL_0_J000_003.png,straight,h1_exc,118,1.3227512,1.3227512,18.849987
103,straight_high_BL_0_J000_003.png,straight,h1_exc,124,1.3113341,1.3113341,14.831695
104,straight_high_BL_0_J000_003.png,straight,h1_exc,101,1.3051326,1.3051326,15.001302
105,straight_high_BL_0_J000_003.png,straight,h1_exc,10,1.2691507,1.2691507,6.134692
106,straight_high_BL_0_J000_003.png,straight,h1_exc,66,1.2589335,1.2589335,4.1561995
107,straight_high_BL_0_J000_003.png,straight,h1_exc,127,1.2568543,1.2568543,9.077267
108,straight_high_BL_0_J000_003.png,straight,h1_exc,95,1.2101576,1.2101576,6.8356705
109,straight_high_BL_0_J000_003.png,straight,h1_exc,70,1.2082753,1.2082753,3.9969988
110,straight_high_BL_0_J000_003.png,straight,h1_exc,43,1.201829,1.201829,8.711043
111,straight_high_BL_0_J000_003.png,straight,h1_exc,73,1.1790154,1.1790154,9.965656
112,straight_high_BL_0_J000_003.png,straight,h1_exc,88,1.1523243,1.1523243,4.05011
113,straight_high_BL_0_J000_003.png,straight,h1_exc,120,1.142752,1.142752,5.633742
114,straight_high_BL_0_J000_003.png,straight,h1_exc,85,1.120066,1.120066,3.1138978
115,straight_high_BL_0_J000_003.png,straight,h1_exc,91,1.0771312,1.0771312,3.402639
116,straight_high_BL_0_J000_003.png,straight,h1_exc,59,1.0534178,1.0534178,2.9036326
117,straight_high_BL_0_J000_003.png,straight,h1_exc,32,1.0497043,1.0497043,3.1415064
118,straight_high_BL_0_J000_003.png,straight,h1_exc,8,0.966601,0.966601,3.7153378
119,straight_high_BL_0_J000_003.png,straight,h1_exc,69,0.95945656,0.95945656,5.674413
120,straight_high_BL_0_J000_003.png,straight,h1_exc,51,0.9321204,0.9321204,11.67428
121,straight_high_BL_0_J000_003.png,straight,h1_exc,9,0.9100264,0.9100264,8.218225
122,straight_high_BL_0_J000_003.png,straight,h1_exc,44,0.84616,0.84616,7.069495
123,straight_high_BL_0_J000_003.png,straight,h1_exc,122,0.7829372,0.7829372,2.7863245
124,straight_high_BL_0_J000_003.png,straight,h1_exc,115,0.7703078,0.7703078,3.8707552
125,straight_high_BL_0_J000_003.png,straight,h1_exc,56,0.70924413,0.70924413,7.379012
126,straight_high_BL_0_J000_003.png,straight,h1_exc,119,0.6893436,0.6893436,6.912276
127,straight_high_BL_0_J000_003.png,straight,h1_exc,5,0.6066271,0.6066271,4.035364
128,straight_high_BL_0_J000_003.png,straight,h1_exc,103,0.47880554,0.47880554,10.597977
1,straight_high_BL_0_J000_003.png,straight,h2_exc,202,11.148473,11.148473,50.611626
2,straight_high_BL_0_J000_003.png,straight,h2_exc,236,10.924312,10.924312,50.611412
3,straight_high_BL_0_J000_003.png,straight,h2_exc,97,10.504844,10.504844,51.11312
4,straight_high_BL_0_J000_003.png,straight,h2_exc,197,9.414602,9.414602,32.20624
5,straight_high_BL_0_J000_003.png,straight,h2_exc,238,8.814253,8.814253,44.674255
6,straight_high_BL_0_J000_003.png,straight,h2_exc,67,8.8140335,8.8140335,51.724075
7,straight_high_BL_0_J000_003.png,straight,h2_exc,189,8.5538645,8.5538645,74.10796
8,straight_high_BL_0_J000_003.png,straight,h2_exc,95,8.224378,8.224378,61.286785
9,straight_high_BL_0_J000_003.png,straight,h2_exc,115,7.6795635,7.6795635,39.945854
10,straight_high_BL_0_J000_003.png,straight,h2_exc,207,7.205758,7.205758,31.88068
11,straight_high_BL_0_J000_003.png,straight,h2_exc,182,7.104474,7.104474,63.56662
12,straight_high_BL_0_J000_003.png,straight,h2_exc,156,7.0786705,7.0786705,33.249958
13,straight_high_BL_0_J000_003.png,straight,h2_exc,11,7.034021,7.034021,36.390938
14,straight_high_BL_0_J000_003.png,straight,h2_exc,35,6.761555,6.761555,34.81191
15,straight_high_BL_0_J000_003.png,straight,h2_exc,42,6.631331,6.631331,76.946655
16,straight_high_BL_0_J000_003.png,straight,h2_exc,43,6.547016,6.547016,40.827812
17,straight_high_BL_0_J000_003.png,straight,h2_exc,20,6.138028,6.138028,28.387625
18,straight_high_BL_0_J000_003.png,straight,h2_exc,141,6.091683,6.091683,21.946064
19,straight_high_BL_0_J000_003.png,straight,h2_exc,146,5.442587,5.442587,40.86576
20,straight_high_BL_0_J000_003.png,straight,h2_exc,249,5.442319,5.442319,54.89371
21,straight_high_BL_0_J000_003.png,straight,h2_exc,246,5.431069,5.431069,66.986725
22,straight_high_BL_0_J000_003.png,straight,h2_exc,101,5.2787585,5.2787585,39.61598
23,straight_high_BL_0_J000_003.png,straight,h2_exc,147,5.1022205,5.1022205,25.976871
24,straight_high_BL_0_J000_003.png,straight,h2_exc,174,4.889764,4.889764,22.75918
25,straight_high_BL_0_J000_003.png,straight,h2_exc,121,4.771817,4.771817,49.117596
26,straight_high_BL_0_J000_003.png,straight,h2_exc,9,4.725267,4.725267,22.051937
27,straight_high_BL_0_J000_003.png,straight,h2_exc,241,4.682652,4.682652,43.546597
28,straight_high_BL_0_J000_003.png,straight,h2_exc,170,4.6632767,4.6632767,47.772877
29,straight_high_BL_0_J000_003.png,straight,h2_exc,144,4.5934324,4.5934324,49.61869
30,straight_high_BL_0_J000_003.png,straight,h2_exc,119,4.5740294,4.5740294,82.21139
31,straight_high_BL_0_J000_003.png,straight,h2_exc,105,4.519009,4.519009,47.907146
32,straight_high_BL_0_J000_003.png,straight,h2_exc,102,4.417361,4.417361,45.13369
33,straight_high_BL_0_J000_003.png,straight,h2_exc,188,4.406744,4.406744,114.298965
34,straight_high_BL_0_J000_003.png,straight,h2_exc,199,4.4046283,4.4046283,36.775677
35,straight_high_BL_0_J000_003.png,straight,h2_exc,123,4.3766494,4.3766494,25.923979
36,straight_high_BL_0_J000_003.png,straight,h2_exc,127,4.3619747,4.3619747,27.75605
37,straight_high_BL_0_J000_003.png,straight,h2_exc,109,4.343485,4.343485,73.20286
38,straight_high_BL_0_J000_003.png,straight,h2_exc,90,4.3191223,4.3191223,34.9765
39,straight_high_BL_0_J000_003.png,straight,h2_exc,113,4.2260933,4.2260933,27.596447
40,straight_high_BL_0_J000_003.png,straight,h2_exc,33,4.151656,4.151656,16.936268
41,straight_high_BL_0_J000_003.png,straight,h2_exc,190,4.0780697,4.0780697,42.203682
42,straight_high_BL_0_J000_003.png,straight,h2_exc,46,4.0626936,4.0626936,18.435316
43,straight_high_BL_0_J000_003.png,straight,h2_exc,198,3.9643457,3.9643457,7.804113
44,straight_high_BL_0_J000_003.png,straight,h2_exc,151,3.9479952,3.9479952,31.84665
45,straight_high_BL_0_J000_003.png,straight,h2_exc,94,3.9181519,3.9181519,49.874798
46,straight_high_BL_0_J000_003.png,straight,h2_exc,200,3.8906531,3.8906531,76.681244
47,straight_high_BL_0_J000_003.png,straight,h2_exc,180,3.8240163,3.8240163,19.625023
48,straight_high_BL_0_J000_003.png,straight,h2_exc,79,3.7577212,3.7577212,45.049778
49,straight_high_BL_0_J000_003.png,straight,h2_exc,111,3.730152,3.730152,26.496471
50,straight_high_BL_0_J000_003.png,straight,h2_exc,49,3.5605316,3.5605316,16.380438
51,straight_high_BL_0_J000_003.png,straight,h2_exc,6,3.5116787,3.5116787,8.903484
52,straight_high_BL_0_J000_003.png,straight,h2_exc,244,3.5059614,3.5059614,16.093185
53,straight_high_BL_0_J000_003.png,straight,h2_exc,15,3.4843578,3.4843578,42.125088
54,straight_high_BL_0_J000_003.png,straight,h2_exc,206,3.4757397,3.4757397,7.5044966
55,straight_high_BL_0_J000_003.png,straight,h2_exc,204,3.4501014,3.4501014,11.697034
56,straight_high_BL_0_J000_003.png,straight,h2_exc,135,3.4492388,3.4492388,30.713194
57,straight_high_BL_0_J000_003.png,straight,h2_exc,155,3.3963346,3.3963346,12.950504
58,straight_high_BL_0_J000_003.png,straight,h2_exc,192,3.3939943,3.3939943,33.022545
59,straight_high_BL_0_J000_003.png,straight,h2_exc,217,3.3353295,3.3353295,22.345156
60,straight_high_BL_0_J000_003.png,straight,h2_exc,160,3.2898831,3.2898831,41.15579
61,straight_high_BL_0_J000_003.png,straight,h2_exc,19,3.288066,3.288066,13.41527
62,straight_high_BL_0_J000_003.png,straight,h2_exc,69,3.2329583,3.2329583,26.853918
63,straight_high_BL_0_J000_003.png,straight,h2_exc,29,3.2009542,3.2009542,33.514744
64,straight_high_BL_0_J000_003.png,straight,h2_exc,196,3.1887434,3.1887434,19.533579
65,straight_high_BL_0_J000_003.png,straight,h2_exc,213,3.1595373,3.1595373,35.02093
66,straight_high_BL_0_J000_003.png,straight,h2_exc,229,3.131489,3.131489,56.76922
67,straight_high_BL_0_J000_003.png,straight,h2_exc,55,3.0705588,3.0705588,25.576944
68,straight_high_BL_0_J000_003.png,straight,h2_exc,88,3.0028389,3.0028389,64.089966
69,straight_high_BL_0_J000_003.png,straight,h2_exc,218,2.848566,2.848566,20.92564
70,straight_high_BL_0_J000_003.png,straight,h2_exc,50,2.82942,2.82942,9.607025
71,straight_high_BL_0_J000_003.png,straight,h2_exc,76,2.829248,2.829248,37.656113
72,straight_high_BL_0_J000_003.png,straight,h2_exc,51,2.7316718,2.7316718,41.49415
73,straight_high_BL_0_J000_003.png,straight,h2_exc,215,2.7268305,2.7268305,43.2211
74,straight_high_BL_0_J000_003.png,straight,h2_exc,30,2.6515303,2.6515303,20.281328
75,straight_high_BL_0_J000_003.png,straight,h2_exc,179,2.6303844,2.6303844,35.531975
76,straight_high_BL_0_J000_003.png,straight,h2_exc,74,2.5983574,2.5983574,124.11927
77,straight_high_BL_0_J000_003.png,straight,h2_exc,87,2.5352664,2.5352664,37.48723
78,straight_high_BL_0_J000_003.png,straight,h2_exc,38,2.5096738,2.5096738,51.608154
79,straight_high_BL_0_J000_003.png,straight,h2_exc,114,2.4926503,2.4926503,22.142675
80,straight_high_BL_0_J000_003.png,straight,h2_exc,125,2.459459,2.459459,55.843964
81,straight_high_BL_0_J000_003.png,straight,h2_exc,139,2.4574955,2.4574955,15.338032
82,straight_high_BL_0_J000_003.png,straight,h2_exc,117,2.4371674,2.4371674,56.004677
83,straight_high_BL_0_J000_003.png,straight,h2_exc,66,2.434589,2.434589,16.831314
84,straight_high_BL_0_J000_003.png,straight,h2_exc,134,2.4330747,2.4330747,20.122242
85,straight_high_BL_0_J000_003.png,straight,h2_exc,120,2.39866,2.39866,22.41949
86,straight_high_BL_0_J000_003.png,straight,h2_exc,171,2.3807151,2.3807151,18.396217
87,straight_high_BL_0_J000_003.png,straight,h2_exc,209,2.3476024,2.3476024,69.704346
88,straight_high_BL_0_J000_003.png,straight,h2_exc,242,2.3168755,2.3168755,14.942676
89,straight_high_BL_0_J000_003.png,straight,h2_exc,39,2.313172,2.313172,25.319166
90,straight_high_BL_0_J000_003.png,straight,h2_exc,41,2.2984028,2.2984028,4.184551
91,straight_high_BL_0_J000_003.png,straight,h2_exc,145,2.245926,2.245926,18.815088
92,straight_high_BL_0_J000_003.png,straight,h2_exc,232,2.2308314,2.2308314,96.11728
93,straight_high_BL_0_J000_003.png,straight,h2_exc,98,2.2287657,2.2287657,47.667095
94,straight_high_BL_0_J000_003.png,straight,h2_exc,36,2.2203572,2.2203572,5.5962257
95,straight_high_BL_0_J000_003.png,straight,h2_exc,223,2.202261,2.202261,35.126545
96,straight_high_BL_0_J000_003.png,straight,h2_exc,240,2.1782722,2.1782722,12.276772
97,straight_high_BL_0_J000_003.png,straight,h2_exc,58,2.1531765,2.1531765,12.440851
98,straight_high_BL_0_J000_003.png,straight,h2_exc,219,2.1412902,2.1412902,13.246373
99,straight_high_BL_0_J000_003.png,straight,h2_exc,124,2.1382346,2.1382346,13.397107
100,straight_high_BL_0_J000_003.png,straight,h2_exc,165,2.1335986,2.1335986,11.141533
101,straight_high_BL_0_J000_003.png,straight,h2_exc,14,2.1291654,2.1291654,5.2701263
102,straight_high_BL_0_J000_003.png,straight,h2_exc,247,2.1284494,2.1284494,66.47181
103,straight_high_BL_0_J000_003.png,straight,h2_exc,253,2.1257,2.1257,36.61437
104,straight_high_BL_0_J000_003.png,straight,h2_exc,54,2.1192894,2.1192894,8.796146
105,straight_high_BL_0_J000_003.png,straight,h2_exc,26,2.1154177,2.1154177,29.659794
106,straight_high_BL_0_J000_003.png,straight,h2_exc,57,2.106639,2.106639,21.702234
107,straight_high_BL_0_J000_003.png,straight,h2_exc,22,2.0754151,2.0754151,13.615711
108,straight_high_BL_0_J000_003.png,straight,h2_exc,235,2.0579891,2.0579891,42.307976
109,straight_high_BL_0_J000_003.png,straight,h2_exc,226,2.0579853,2.0579853,18.925991
110,straight_high_BL_0_J000_003.png,straight,h2_exc,32,2.0134747,2.0134747,10.499741
111,straight_high_BL_0_J000_003.png,straight,h2_exc,4,2.0056133,2.0056133,33.99587
112,straight_high_BL_0_J000_003.png,straight,h2_exc,205,1.9911721,1.9911721,22.702805
113,straight_high_BL_0_J000_003.png,straight,h2_exc,56,1.9891793,1.9891793,18.01501
114,straight_high_BL_0_J000_003.png,straight,h2_exc,110,1.9800842,1.9800842,21.167856
115,straight_high_BL_0_J000_003.png,straight,h2_exc,153,1.9487619,1.9487619,27.763382
116,straight_high_BL_0_J000_003.png,straight,h2_exc,203,1.8833399,1.8833399,27.364569
117,straight_high_BL_0_J000_003.png,straight,h2_exc,162,1.8573718,1.8573718,33.678154
118,straight_high_BL_0_J000_003.png,straight,h2_exc,136,1.8564997,1.8564997,23.350388
119,straight_high_BL_0_J000_003.png,straight,h2_exc,0,1.8503712,1.8503712,49.293945
120,straight_high_BL_0_J000_003.png,straight,h2_exc,27,1.8453796,1.8453796,30.874327
121,straight_high_BL_0_J000_003.png,straight,h2_exc,143,1.8214545,1.8214545,46.55919
122,straight_high_BL_0_J000_003.png,straight,h2_exc,149,1.79741,1.79741,26.833103
123,straight_high_BL_0_J000_003.png,straight,h2_exc,148,1.7948955,1.7948955,24.027695
124,straight_high_BL_0_J000_003.png,straight,h2_exc,187,1.7835754,1.7835754,21.59527
125,straight_high_BL_0_J000_003.png,straight,h2_exc,106,1.777182,1.777182,57.03115
126,straight_high_BL_0_J000_003.png,straight,h2_exc,72,1.7316654,1.7316654,21.029358
127,straight_high_BL_0_J000_003.png,straight,h2_exc,103,1.7203137,1.7203137,10.5287
128,straight_high_BL_0_J000_003.png,straight,h2_exc,186,1.6940346,1.6940346,17.541271
129,straight_high_BL_0_J000_003.png,straight,h2_exc,45,1.6877191,1.6877191,5.779559
130,straight_high_BL_0_J000_003.png,straight,h2_exc,10,1.6587274,1.6587274,13.204246
131,straight_high_BL_0_J000_003.png,straight,h2_exc,23,1.627113,1.627113,25.773972
132,straight_high_BL_0_J000_003.png,straight,h2_exc,227,1.6145446,1.6145446,9.227523
133,straight_high_BL_0_J000_003.png,straight,h2_exc,5,1.6110513,1.6110513,28.65394
134,straight_high_BL_0_J000_003.png,straight,h2_exc,220,1.6082209,1.6082209,58.133316
135,straight_high_BL_0_J000_003.png,straight,h2_exc,158,1.6040517,1.6040517,23.340477
136,straight_high_BL_0_J000_003.png,straight,h2_exc,53,1.5997652,1.5997652,10.392395
137,straight_high_BL_0_J000_003.png,straight,h2_exc,31,1.5966474,1.5966474,30.808828
138,straight_high_BL_0_J000_003.png,straight,h2_exc,17,1.5812134,1.5812134,15.020932
139,straight_high_BL_0_J000_003.png,straight,h2_exc,211,1.5744058,1.5744058,28.322952
140,straight_high_BL_0_J000_003.png,straight,h2_exc,248,1.5608326,1.5608326,6.498448
141,straight_high_BL_0_J000_003.png,straight,h2_exc,191,1.5516875,1.5516875,5.2800703
142,straight_high_BL_0_J000_003.png,straight,h2_exc,73,1.4981625,1.4981625,33.297688
143,straight_high_BL_0_J000_003.png,straight,h2_exc,129,1.4977136,1.4977136,24.743406
144,straight_high_BL_0_J000_003.png,straight,h2_exc,131,1.4821267,1.4821267,35.706203
145,straight_high_BL_0_J000_003.png,straight,h2_exc,159,1.4788365,1.4788365,30.283516
146,straight_high_BL_0_J000_003.png,straight,h2_exc,185,1.4689823,1.4689823,26.76833
147,straight_high_BL_0_J000_003.png,straight,h2_exc,251,1.4468116,1.4468116,9.739155
148,straight_high_BL_0_J000_003.png,straight,h2_exc,99,1.4432116,1.4432116,5.556747
149,straight_high_BL_0_J000_003.png,straight,h2_exc,65,1.4352394,1.4352394,32.86489
150,straight_high_BL_0_J000_003.png,straight,h2_exc,83,1.4128876,1.4128876,20.12604
151,straight_high_BL_0_J000_003.png,straight,h2_exc,177,1.4083221,1.4083221,36.591957
152,straight_high_BL_0_J000_003.png,straight,h2_exc,80,1.3949803,1.3949803,11.450911
153,straight_high_BL_0_J000_003.png,straight,h2_exc,1,1.3930795,1.3930795,25.493656
154,straight_high_BL_0_J000_003.png,straight,h2_exc,100,1.3911374,1.3911374,17.518167
155,straight_high_BL_0_J000_003.png,straight,h2_exc,21,1.3903733,1.3903733,32.944252
156,straight_high_BL_0_J000_003.png,straight,h2_exc,24,1.3720334,1.3720334,11.849698
157,straight_high_BL_0_J000_003.png,straight,h2_exc,13,1.3649205,1.3649205,24.14173
158,straight_high_BL_0_J000_003.png,straight,h2_exc,154,1.3645658,1.3645658,20.98623
159,straight_high_BL_0_J000_003.png,straight,h2_exc,59,1.3635162,1.3635162,12.625898
160,straight_high_BL_0_J000_003.png,straight,h2_exc,195,1.3619983,1.3619983,3.3616796
161,straight_high_BL_0_J000_003.png,straight,h2_exc,48,1.361815,1.361815,30.181047
162,straight_high_BL_0_J000_003.png,straight,h2_exc,78,1.352527,1.352527,18.063934
163,straight_high_BL_0_J000_003.png,straight,h2_exc,75,1.3354294,1.3354294,21.207363
164,straight_high_BL_0_J000_003.png,straight,h2_exc,152,1.3199474,1.3199474,10.06051
165,straight_high_BL_0_J000_003.png,straight,h2_exc,133,1.3137556,1.3137556,10.142767
166,straight_high_BL_0_J000_003.png,straight,h2_exc,116,1.3092602,1.3092602,31.85848
167,straight_high_BL_0_J000_003.png,straight,h2_exc,128,1.2582365,1.2582365,19.997808
168,straight_high_BL_0_J000_003.png,straight,h2_exc,178,1.2543719,1.2543719,100.00297
169,straight_high_BL_0_J000_003.png,straight,h2_exc,89,1.2505525,1.2505525,28.184462
170,straight_high_BL_0_J000_003.png,straight,h2_exc,91,1.2368636,1.2368636,3.7847683
171,straight_high_BL_0_J000_003.png,straight,h2_exc,255,1.2346206,1.2346206,18.876472
172,straight_high_BL_0_J000_003.png,straight,h2_exc,208,1.2342739,1.2342739,40.743805
173,straight_high_BL_0_J000_003.png,straight,h2_exc,194,1.203924,1.203924,11.7112255
174,straight_high_BL_0_J000_003.png,straight,h2_exc,86,1.198344,1.198344,13.110932
175,straight_high_BL_0_J000_003.png,straight,h2_exc,122,1.1950952,1.1950952,6.0154924
176,straight_high_BL_0_J000_003.png,straight,h2_exc,239,1.1939826,1.1939826,15.5996685
177,straight_high_BL_0_J000_003.png,straight,h2_exc,61,1.1789235,1.1789235,6.498327
178,straight_high_BL_0_J000_003.png,straight,h2_exc,77,1.171207,1.171207,11.538622
179,straight_high_BL_0_J000_003.png,straight,h2_exc,107,1.1598281,1.1598281,2.3065903
180,straight_high_BL_0_J000_003.png,straight,h2_exc,164,1.1485132,1.1485132,17.077038
181,straight_high_BL_0_J000_003.png,straight,h2_exc,250,1.1359063,1.1359063,15.055527
182,straight_high_BL_0_J000_003.png,straight,h2_exc,63,1.1342957,1.1342957,20.213608
183,straight_high_BL_0_J000_003.png,straight,h2_exc,84,1.1245872,1.1245872,19.720592
184,straight_high_BL_0_J000_003.png,straight,h2_exc,25,1.1029238,1.1029238,35.94877
185,straight_high_BL_0_J000_003.png,straight,h2_exc,81,1.0858709,1.0858709,4.236968
186,straight_high_BL_0_J000_003.png,straight,h2_exc,68,1.0806321,1.0806321,10.160269
187,straight_high_BL_0_J000_003.png,straight,h2_exc,12,1.0803978,1.0803978,8.737933
188,straight_high_BL_0_J000_003.png,straight,h2_exc,3,1.0771464,1.0771464,5.330191
189,straight_high_BL_0_J000_003.png,straight,h2_exc,167,1.0767996,1.0767996,39.765022
190,straight_high_BL_0_J000_003.png,straight,h2_exc,237,1.0672028,1.0672028,13.176359
191,straight_high_BL_0_J000_003.png,straight,h2_exc,172,1.0533923,1.0533923,19.035547
192,straight_high_BL_0_J000_003.png,straight,h2_exc,37,1.0380635,1.0380635,26.593752
193,straight_high_BL_0_J000_003.png,straight,h2_exc,201,1.0353059,1.0353059,44.916862
194,straight_high_BL_0_J000_003.png,straight,h2_exc,47,1.0114495,1.0114495,28.095837
195,straight_high_BL_0_J000_003.png,straight,h2_exc,254,1.0003595,1.0003595,6.0693693
196,straight_high_BL_0_J000_003.png,straight,h2_exc,92,0.9975804,0.9975804,29.802242
197,straight_high_BL_0_J000_003.png,straight,h2_exc,168,0.9833594,0.9833594,13.231152
198,straight_high_BL_0_J000_003.png,straight,h2_exc,18,0.9782227,0.9782227,15.620361
199,straight_high_BL_0_J000_003.png,straight,h2_exc,142,0.9718126,0.9718126,26.9971
200,straight_high_BL_0_J000_003.png,straight,h2_exc,157,0.97120667,0.97120667,19.20171
201,straight_high_BL_0_J000_003.png,straight,h2_exc,184,0.9649925,0.9649925,18.727415
202,straight_high_BL_0_J000_003.png,straight,h2_exc,230,0.957715,0.957715,32.750183
203,straight_high_BL_0_J000_003.png,straight,h2_exc,138,0.91013503,0.91013503,25.343084
204,straight_high_BL_0_J000_003.png,straight,h2_exc,176,0.9070317,0.9070317,7.670299
205,straight_high_BL_0_J000_003.png,straight,h2_exc,252,0.9040097,0.9040097,9.488973
206,straight_high_BL_0_J000_003.png,straight,h2_exc,71,0.9025165,0.9025165,14.318448
207,straight_high_BL_0_J000_003.png,straight,h2_exc,163,0.87393975,0.87393975,8.389623
208,straight_high_BL_0_J000_003.png,straight,h2_exc,8,0.84047294,0.84047294,5.8292527
209,straight_high_BL_0_J000_003.png,straight,h2_exc,126,0.8399645,0.8399645,5.3672686
210,straight_high_BL_0_J000_003.png,straight,h2_exc,210,0.8282592,0.8282592,29.110292
211,straight_high_BL_0_J000_003.png,straight,h2_exc,93,0.81799936,0.81799936,40.884087
212,straight_high_BL_0_J000_003.png,straight,h2_exc,118,0.79934114,0.79934114,6.428906
213,straight_high_BL_0_J000_003.png,straight,h2_exc,193,0.79907686,0.79907686,7.6245985
214,straight_high_BL_0_J000_003.png,straight,h2_exc,130,0.7964294,0.7964294,16.607819
215,straight_high_BL_0_J000_003.png,straight,h2_exc,173,0.79313934,0.79313934,14.086402
216,straight_high_BL_0_J000_003.png,straight,h2_exc,245,0.7912203,0.7912203,19.34535
217,straight_high_BL_0_J000_003.png,straight,h2_exc,212,0.7844217,0.7844217,17.617641
218,straight_high_BL_0_J000_003.png,straight,h2_exc,132,0.7806176,0.7806176,9.417701
219,straight_high_BL_0_J000_003.png,straight,h2_exc,140,0.77308774,0.77308774,4.8438187
220,straight_high_BL_0_J000_003.png,straight,h2_exc,166,0.75368196,0.75368196,4.2326427
221,straight_high_BL_0_J000_003.png,straight,h2_exc,82,0.74812907,0.74812907,6.0031824
222,straight_high_BL_0_J000_003.png,straight,h2_exc,224,0.7252938,0.7252938,17.740517
223,straight_high_BL_0_J000_003.png,straight,h2_exc,28,0.71920073,0.71920073,21.738087
224,straight_high_BL_0_J000_003.png,straight,h2_exc,44,0.7177903,0.7177903,14.4103365
225,straight_high_BL_0_J000_003.png,straight,h2_exc,161,0.70938563,0.70938563,26.088427
226,straight_high_BL_0_J000_003.png,straight,h2_exc,228,0.70755446,0.70755446,7.209509
227,straight_high_BL_0_J000_003.png,straight,h2_exc,60,0.7069298,0.7069298,16.767878
228,straight_high_BL_0_J000_003.png,straight,h2_exc,225,0.69139826,0.69139826,24.722567
229,straight_high_BL_0_J000_003.png,straight,h2_exc,221,0.68162185,0.68162185,9.04332
230,straight_high_BL_0_J000_003.png,straight,h2_exc,216,0.6735089,0.6735089,38.73448
231,straight_high_BL_0_J000_003.png,straight,h2_exc,2,0.67306703,0.67306703,73.40374
232,straight_high_BL_0_J000_003.png,straight,h2_exc,62,0.6287644,0.6287644,3.3990755
233,straight_high_BL_0_J000_003.png,straight,h2_exc,104,0.62205696,0.62205696,19.201197
234,straight_high_BL_0_J000_003.png,straight,h2_exc,181,0.60471034,0.60471034,3.895941
235,straight_high_BL_0_J000_003.png,straight,h2_exc,16,0.58954567,0.58954567,61.844006
236,straight_high_BL_0_J000_003.png,straight,h2_exc,150,0.58930844,0.58930844,24.914352
237,straight_high_BL_0_J000_003.png,straight,h2_exc,64,0.5714789,0.5714789,2.2736614
238,straight_high_BL_0_J000_003.png,straight,h2_exc,234,0.54276156,0.54276156,24.280489
239,straight_high_BL_0_J000_003.png,straight,h2_exc,214,0.49135983,0.49135983,6.8935814
240,straight_high_BL_0_J000_003.png,straight,h2_exc,243,0.4878303,0.4878303,3.6793013
241,straight_high_BL_0_J000_003.png,straight,h2_exc,233,0.48657334,0.48657334,9.4529705
242,straight_high_BL_0_J000_003.png,straight,h2_exc,34,0.47575897,0.47575897,26.790514
243,straight_high_BL_0_J000_003.png,straight,h2_exc,70,0.45885262,0.45885262,4.357376
244,straight_high_BL_0_J000_003.png,straight,h2_exc,137,0.3913198,0.3913198,8.538548
245,straight_high_BL_0_J000_003.png,straight,h2_exc,169,0.3909028,0.3909028,1.5098896
246,straight_high_BL_0_J000_003.png,straight,h2_exc,112,0.39070782,0.39070782,11.460953
247,straight_high_BL_0_J000_003.png,straight,h2_exc,96,0.34846008,0.34846008,2.1567242
248,straight_high_BL_0_J000_003.png,straight,h2_exc,175,0.34561694,0.34561694,1.1506494
249,straight_high_BL_0_J000_003.png,straight,h2_exc,222,0.3438422,0.3438422,32.054066
250,straight_high_BL_0_J000_003.png,straight,h2_exc,231,0.31494817,0.31494817,5.476035
251,straight_high_BL_0_J000_003.png,straight,h2_exc,52,0.2899115,0.2899115,7.943909
252,straight_high_BL_0_J000_003.png,straight,h2_exc,183,0.2876038,0.2876038,1.1556389
253,straight_high_BL_0_J000_003.png,straight,h2_exc,40,0.24729286,0.24729286,14.232074
254,straight_high_BL_0_J000_003.png,straight,h2_exc,108,0.14731175,0.14731175,8.055553
255,straight_high_BL_0_J000_003.png,straight,h2_exc,85,0.14165363,0.14165363,4.950385
256,straight_high_BL_0_J000_003.png,straight,h2_exc,7,0.049905915,0.049905915,0.37837955
1,straight_high_BL_0_J000_003.png,straight,h3_exc,54,734.5684,734.5684,1775.7644
2,straight_high_BL_0_J000_003.png,straight,h3_exc,226,573.5389,573.5389,1707.8856
3,straight_high_BL_0_J000_003.png,straight,h3_exc,246,474.64346,474.64346,1493.3539
4,straight_high_BL_0_J000_003.png,straight,h3_exc,14,468.9825,468.9825,1555.5868
5,straight_high_BL_0_J000_003.png,straight,h3_exc,51,439.47568,439.47568,1206.4369
6,straight_high_BL_0_J000_003.png,straight,h3_exc,420,423.56583,423.56583,1558.5336
7,straight_high_BL_0_J000_003.png,straight,h3_exc,389,422.71387,422.71387,1147.4059
8,straight_high_BL_0_J000_003.png,straight,h3_exc,388,359.00696,359.00696,896.1202
9,straight_high_BL_0_J000_003.png,straight,h3_exc,280,331.534,331.534,811.69025
10,straight_high_BL_0_J000_003.png,straight,h3_exc,485,313.59253,313.59253,899.5286
11,straight_high_BL_0_J000_003.png,straight,h3_exc,26,308.9409,308.9409,1162.2224
12,straight_high_BL_0_J000_003.png,straight,h3_exc,435,305.26044,305.26044,938.0625
13,straight_high_BL_0_J000_003.png,straight,h3_exc,133,289.64584,289.64584,999.687
14,straight_high_BL_0_J000_003.png,straight,h3_exc,373,200.32733,200.32733,891.1787
15,straight_high_BL_0_J000_003.png,straight,h3_exc,476,199.66875,199.66875,717.60297
16,straight_high_BL_0_J000_003.png,straight,h3_exc,385,196.81357,196.81357,710.22095
17,straight_high_BL_0_J000_003.png,straight,h3_exc,311,187.41261,187.41261,820.2678
18,straight_high_BL_0_J000_003.png,straight,h3_exc,39,184.80775,184.80775,492.97876
19,straight_high_BL_0_J000_003.png,straight,h3_exc,184,183.30229,183.30229,631.27386
20,straight_high_BL_0_J000_003.png,straight,h3_exc,487,180.49004,180.49004,533.7189
21,straight_high_BL_0_J000_003.png,straight,h3_exc,66,169.5268,169.5268,478.48816
22,straight_high_BL_0_J000_003.png,straight,h3_exc,341,168.94452,168.94452,616.0354
23,straight_high_BL_0_J000_003.png,straight,h3_exc,383,167.82674,167.82674,1140.7253
24,straight_high_BL_0_J000_003.png,straight,h3_exc,480,151.3433,151.3433,388.54092
25,straight_high_BL_0_J000_003.png,straight,h3_exc,453,148.24669,148.24669,530.542
26,straight_high_BL_0_J000_003.png,straight,h3_exc,292,137.09769,137.09769,846.1525
27,straight_high_BL_0_J000_003.png,straight,h3_exc,236,132.97089,132.97089,593.1513
28,straight_high_BL_0_J000_003.png,straight,h3_exc,263,118.57381,118.57381,588.6077
29,straight_high_BL_0_J000_003.png,straight,h3_exc,510,113.4583,113.4583,518.93896
30,straight_high_BL_0_J000_003.png,straight,h3_exc,23,112.11273,112.11273,594.21124
31,straight_high_BL_0_J000_003.png,straight,h3_exc,446,97.63994,97.63994,388.0664
32,straight_high_BL_0_J000_003.png,straight,h3_exc,89,97.135994,97.135994,801.9576
33,straight_high_BL_0_J000_003.png,straight,h3_exc,177,95.19384,95.19384,533.8161
34,straight_high_BL_0_J000_003.png,straight,h3_exc,117,88.82893,88.82893,428.60907
35,straight_high_BL_0_J000_003.png,straight,h3_exc,424,86.76553,86.76553,356.03403
36,straight_high_BL_0_J000_003.png,straight,h3_exc,362,85.63132,85.63132,423.44202
37,straight_high_BL_0_J000_003.png,straight,h3_exc,497,85.61388,85.61388,237.31229
38,straight_high_BL_0_J000_003.png,straight,h3_exc,172,85.55564,85.55564,249.44017
39,straight_high_BL_0_J000_003.png,straight,h3_exc,404,82.156746,82.156746,489.45053
40,straight_high_BL_0_J000_003.png,straight,h3_exc,38,74.80405,74.80405,430.57086
41,straight_high_BL_0_J000_003.png,straight,h3_exc,78,69.31977,69.31977,413.8927
42,straight_high_BL_0_J000_003.png,straight,h3_exc,181,68.97938,68.97938,304.73035
43,straight_high_BL_0_J000_003.png,straight,h3_exc,473,68.428734,68.428734,217.33287
44,straight_high_BL_0_J000_003.png,straight,h3_exc,67,66.024666,66.024666,402.21356
45,straight_high_BL_0_J000_003.png,straight,h3_exc,285,65.04805,65.04805,198.60884
46,straight_high_BL_0_J000_003.png,straight,h3_exc,367,61.20262,61.20262,659.5491
47,straight_high_BL_0_J000_003.png,straight,h3_exc,262,56.29998,56.29998,283.2881
48,straight_high_BL_0_J000_003.png,straight,h3_exc,147,55.113914,55.113914,466.5416
49,straight_high_BL_0_J000_003.png,straight,h3_exc,73,51.25605,51.25605,298.81485
50,straight_high_BL_0_J000_003.png,straight,h3_exc,371,50.25129,50.25129,141.92776
51,straight_high_BL_0_J000_003.png,straight,h3_exc,456,48.46892,48.46892,433.42734
52,straight_high_BL_0_J000_003.png,straight,h3_exc,68,42.35548,42.35548,382.76773
53,straight_high_BL_0_J000_003.png,straight,h3_exc,185,42.039845,42.039845,407.9693
54,straight_high_BL_0_J000_003.png,straight,h3_exc,243,41.817745,41.817745,253.41191
55,straight_high_BL_0_J000_003.png,straight,h3_exc,253,41.587265,41.587265,468.1913
56,straight_high_BL_0_J000_003.png,straight,h3_exc,83,40.364693,40.364693,342.1479
57,straight_high_BL_0_J000_003.png,straight,h3_exc,90,38.85149,38.85149,104.50876
58,straight_high_BL_0_J000_003.png,straight,h3_exc,130,38.768543,38.768543,64.9384
59,straight_high_BL_0_J000_003.png,straight,h3_exc,323,38.31682,38.31682,171.70248
60,straight_high_BL_0_J000_003.png,straight,h3_exc,269,36.739185,36.739185,82.23227
61,straight_high_BL_0_J000_003.png,straight,h3_exc,375,35.623848,35.623848,480.9044
62,straight_high_BL_0_J000_003.png,straight,h3_exc,448,34.524918,34.524918,67.83634
63,straight_high_BL_0_J000_003.png,straight,h3_exc,314,34.02727,34.02727,287.28647
64,straight_high_BL_0_J000_003.png,straight,h3_exc,176,31.946018,31.946018,332.6985
65,straight_high_BL_0_J000_003.png,straight,h3_exc,166,31.772087,31.772087,98.60241
66,straight_high_BL_0_J000_003.png,straight,h3_exc,279,31.661318,31.661318,114.73533
67,straight_high_BL_0_J000_003.png,straight,h3_exc,366,31.65386,31.65386,97.900406
68,straight_high_BL_0_J000_003.png,straight,h3_exc,319,28.116026,28.116026,281.87302
69,straight_high_BL_0_J000_003.png,straight,h3_exc,121,27.667095,27.667095,167.0321
70,straight_high_BL_0_J000_003.png,straight,h3_exc,60,26.261318,26.261318,267.48788
71,straight_high_BL_0_J000_003.png,straight,h3_exc,369,25.928728,25.928728,378.07855
72,straight_high_BL_0_J000_003.png,straight,h3_exc,120,25.212156,25.212156,94.541336
73,straight_high_BL_0_J000_003.png,straight,h3_exc,12,24.57184,24.57184,336.07333
74,straight_high_BL_0_J000_003.png,straight,h3_exc,143,23.53115,23.53115,80.55756
75,straight_high_BL_0_J000_003.png,straight,h3_exc,393,21.61708,21.61708,171.06273
76,straight_high_BL_0_J000_003.png,straight,h3_exc,126,20.999561,20.999561,54.750706
77,straight_high_BL_0_J000_003.png,straight,h3_exc,298,20.48387,20.48387,281.38614
78,straight_high_BL_0_J000_003.png,straight,h3_exc,199,19.111032,19.111032,38.737743
79,straight_high_BL_0_J000_003.png,straight,h3_exc,302,18.90906,18.90906,173.46968
80,straight_high_BL_0_J000_003.png,straight,h3_exc,454,18.463373,18.463373,680.0475
81,straight_high_BL_0_J000_003.png,straight,h3_exc,297,18.040218,18.040218,48.669003
82,straight_high_BL_0_J000_003.png,straight,h3_exc,139,17.643589,17.643589,314.98206
83,straight_high_BL_0_J000_003.png,straight,h3_exc,256,17.611004,17.611004,93.39449
84,straight_high_BL_0_J000_003.png,straight,h3_exc,410,17.487713,17.487713,35.284924
85,straight_high_BL_0_J000_003.png,straight,h3_exc,468,17.057158,17.057158,31.654066
86,straight_high_BL_0_J000_003.png,straight,h3_exc,267,16.469158,16.469158,137.89655
87,straight_high_BL_0_J000_003.png,straight,h3_exc,506,16.349085,16.349085,50.052612
88,straight_high_BL_0_J000_003.png,straight,h3_exc,428,15.923862,15.923862,102.55011
89,straight_high_BL_0_J000_003.png,straight,h3_exc,419,15.684022,15.684022,138.40607
90,straight_high_BL_0_J000_003.png,straight,h3_exc,20,15.410449,15.410449,138.31717
91,straight_high_BL_0_J000_003.png,straight,h3_exc,505,14.666984,14.666984,25.460087
92,straight_high_BL_0_J000_003.png,straight,h3_exc,272,14.099104,14.099104,143.75308
93,straight_high_BL_0_J000_003.png,straight,h3_exc,329,13.330906,13.330906,37.77154
94,straight_high_BL_0_J000_003.png,straight,h3_exc,100,12.782192,12.782192,209.24919
95,straight_high_BL_0_J000_003.png,straight,h3_exc,222,12.737487,12.737487,24.874424
96,straight_high_BL_0_J000_003.png,straight,h3_exc,406,12.579665,12.579665,98.45737
97,straight_high_BL_0_J000_003.png,straight,h3_exc,202,12.426228,12.426228,30.664751
98,straight_high_BL_0_J000_003.png,straight,h3_exc,271,12.303132,12.303132,121.18849
99,straight_high_BL_0_J000_003.png,straight,h3_exc,401,12.274389,12.274389,181.30768
100,straight_high_BL_0_J000_003.png,straight,h3_exc,462,12.242285,12.242285,40.031525
101,straight_high_BL_0_J000_003.png,straight,h3_exc,94,12.138644,12.138644,266.10486
102,straight_high_BL_0_J000_003.png,straight,h3_exc,101,11.804888,11.804888,213.29558
103,straight_high_BL_0_J000_003.png,straight,h3_exc,413,11.675804,11.675804,23.964302
104,straight_high_BL_0_J000_003.png,straight,h3_exc,427,11.54799,11.54799,45.981224
105,straight_high_BL_0_J000_003.png,straight,h3_exc,10,11.534109,11.534109,257.32208
106,straight_high_BL_0_J000_003.png,straight,h3_exc,283,11.523975,11.523975,307.95236
107,straight_high_BL_0_J000_003.png,straight,h3_exc,439,11.187731,11.187731,208.12456
108,straight_high_BL_0_J000_003.png,straight,h3_exc,340,11.081515,11.081515,75.67436
109,straight_high_BL_0_J000_003.png,straight,h3_exc,403,11.071541,11.071541,27.94266
110,straight_high_BL_0_J000_003.png,straight,h3_exc,251,10.973538,10.973538,112.29723
111,straight_high_BL_0_J000_003.png,straight,h3_exc,5,10.197406,10.197406,60.883595
112,straight_high_BL_0_J000_003.png,straight,h3_exc,169,9.918281,9.918281,94.35918
113,straight_high_BL_0_J000_003.png,straight,h3_exc,434,9.75487,9.75487,68.02518
114,straight_high_BL_0_J000_003.png,straight,h3_exc,415,9.473141,9.473141,121.55388
115,straight_high_BL_0_J000_003.png,straight,h3_exc,46,9.403115,9.403115,82.32458
116,straight_high_BL_0_J000_003.png,straight,h3_exc,433,9.353595,9.353595,30.586365
117,straight_high_BL_0_J000_003.png,straight,h3_exc,3,9.313404,9.313404,24.913147
118,straight_high_BL_0_J000_003.png,straight,h3_exc,396,8.913962,8.913962,28.19885
119,straight_high_BL_0_J000_003.png,straight,h3_exc,461,8.891424,8.891424,39.50428
120,straight_high_BL_0_J000_003.png,straight,h3_exc,290,8.73918,8.73918,180.39326
121,straight_high_BL_0_J000_003.png,straight,h3_exc,260,8.670725,8.670725,317.3219
122,straight_high_BL_0_J000_003.png,straight,h3_exc,466,8.375135,8.375135,175.04424
123,straight_high_BL_0_J000_003.png,straight,h3_exc,163,8.269358,8.269358,56.083828
124,straight_high_BL_0_J000_003.png,straight,h3_exc,504,7.9818172,7.9818172,17.040169
125,straight_high_BL_0_J000_003.png,straight,h3_exc,442,7.8496776,7.8496776,29.34554
126,straight_high_BL_0_J000_003.png,straight,h3_exc,4,7.769957,7.769957,15.352997
127,straight_high_BL_0_J000_003.png,straight,h3_exc,55,7.740445,7.740445,23.879026
128,straight_high_BL_0_J000_003.png,straight,h3_exc,293,7.7305217,7.7305217,418.18893
129,straight_high_BL_0_J000_003.png,straight,h3_exc,261,7.6037946,7.6037946,93.14323
130,straight_high_BL_0_J000_003.png,straight,h3_exc,460,7.6032753,7.6032753,84.9286
131,straight_high_BL_0_J000_003.png,straight,h3_exc,255,7.557233,7.557233,276.04858
132,straight_high_BL_0_J000_003.png,straight,h3_exc,128,7.3580427,7.3580427,27.24001
133,straight_high_BL_0_J000_003.png,straight,h3_exc,211,7.342439,7.342439,29.534836
134,straight_high_BL_0_J000_003.png,straight,h3_exc,306,7.3008647,7.3008647,19.987112
135,straight_high_BL_0_J000_003.png,straight,h3_exc,430,7.1498113,7.1498113,145.0265
136,straight_high_BL_0_J000_003.png,straight,h3_exc,57,7.0768766,7.0768766,24.28014
137,straight_high_BL_0_J000_003.png,straight,h3_exc,282,6.892796,6.892796,15.607213
138,straight_high_BL_0_J000_003.png,straight,h3_exc,431,6.713673,6.713673,26.359024
139,straight_high_BL_0_J000_003.png,straight,h3_exc,503,6.65669,6.65669,175.78389
140,straight_high_BL_0_J000_003.png,straight,h3_exc,304,6.5147767,6.5147767,14.372715
141,straight_high_BL_0_J000_003.png,straight,h3_exc,426,6.508954,6.508954,35.499187
142,straight_high_BL_0_J000_003.png,straight,h3_exc,493,6.3738832,6.3738832,213.10854
143,straight_high_BL_0_J000_003.png,straight,h3_exc,72,6.3528776,6.3528776,141.82814
144,straight_high_BL_0_J000_003.png,straight,h3_exc,359,6.2532415,6.2532415,22.766926
145,straight_high_BL_0_J000_003.png,straight,h3_exc,324,6.1693316,6.1693316,37.25507
146,straight_high_BL_0_J000_003.png,straight,h3_exc,312,5.8648744,5.8648744,24.151005
147,straight_high_BL_0_J000_003.png,straight,h3_exc,85,5.8569646,5.8569646,19.852943
148,straight_high_BL_0_J000_003.png,straight,h3_exc,445,5.758564,5.758564,16.768612
149,straight_high_BL_0_J000_003.png,straight,h3_exc,227,5.6956987,5.6956987,219.90526
150,straight_high_BL_0_J000_003.png,straight,h3_exc,153,5.5533504,5.5533504,68.08286
151,straight_high_BL_0_J000_003.png,straight,h3_exc,28,5.519591,5.519591,36.383305
152,straight_high_BL_0_J000_003.png,straight,h3_exc,230,5.3707514,5.3707514,22.417406
153,straight_high_BL_0_J000_003.png,straight,h3_exc,423,5.1613197,5.1613197,43.679485
154,straight_high_BL_0_J000_003.png,straight,h3_exc,343,4.9977727,4.9977727,11.619836
155,straight_high_BL_0_J000_003.png,straight,h3_exc,33,4.9776044,4.9776044,12.311823
156,straight_high_BL_0_J000_003.png,straight,h3_exc,318,4.9328384,4.9328384,13.623366
157,straight_high_BL_0_J000_003.png,straight,h3_exc,156,4.9256573,4.9256573,13.535258
158,straight_high_BL_0_J000_003.png,straight,h3_exc,239,4.9225645,4.9225645,125.991425
159,straight_high_BL_0_J000_003.png,straight,h3_exc,374,4.754503,4.754503,166.66197
160,straight_high_BL_0_J000_003.png,straight,h3_exc,158,4.723397,4.723397,35.53678
161,straight_high_BL_0_J000_003.png,straight,h3_exc,499,4.623887,4.623887,72.92348
162,straight_high_BL_0_J000_003.png,straight,h3_exc,36,4.611975,4.611975,22.377844
163,straight_high_BL_0_J000_003.png,straight,h3_exc,463,4.589606,4.589606,13.821997
164,straight_high_BL_0_J000_003.png,straight,h3_exc,316,4.524557,4.524557,11.621627
165,straight_high_BL_0_J000_003.png,straight,h3_exc,411,4.364597,4.364597,13.184323
166,straight_high_BL_0_J000_003.png,straight,h3_exc,218,4.338873,4.338873,7.5914445
167,straight_high_BL_0_J000_003.png,straight,h3_exc,313,4.2570667,4.2570667,27.510363
168,straight_high_BL_0_J000_003.png,straight,h3_exc,225,4.256466,4.256466,7.133294
169,straight_high_BL_0_J000_003.png,straight,h3_exc,248,4.2466335,4.2466335,13.679442
170,straight_high_BL_0_J000_003.png,straight,h3_exc,478,4.196992,4.196992,155.26144
171,straight_high_BL_0_J000_003.png,straight,h3_exc,105,4.135156,4.135156,9.369514
172,straight_high_BL_0_J000_003.png,straight,h3_exc,231,3.9498641,3.9498641,5.43314
173,straight_high_BL_0_J000_003.png,straight,h3_exc,496,3.929161,3.929161,6.6256223
174,straight_high_BL_0_J000_003.png,straight,h3_exc,391,3.774398,3.774398,11.983001
175,straight_high_BL_0_J000_003.png,straight,h3_exc,303,3.747598,3.747598,26.668087
176,straight_high_BL_0_J000_003.png,straight,h3_exc,132,3.630423,3.630423,4.7168136
177,straight_high_BL_0_J000_003.png,straight,h3_exc,502,3.4075098,3.4075098,16.172855
178,straight_high_BL_0_J000_003.png,straight,h3_exc,370,3.3304825,3.3304825,22.110151
179,straight_high_BL_0_J000_003.png,straight,h3_exc,498,3.3241696,3.3241696,8.797127
180,straight_high_BL_0_J000_003.png,straight,h3_exc,360,3.2843158,3.2843158,6.9515123
181,straight_high_BL_0_J000_003.png,straight,h3_exc,193,3.2667353,3.2667353,7.9258995
182,straight_high_BL_0_J000_003.png,straight,h3_exc,348,3.2659228,3.2659228,8.164743
183,straight_high_BL_0_J000_003.png,straight,h3_exc,82,3.2643433,3.2643433,52.928505
184,straight_high_BL_0_J000_003.png,straight,h3_exc,447,3.2463434,3.2463434,8.476469
185,straight_high_BL_0_J000_003.png,straight,h3_exc,436,3.2462604,3.2462604,5.854845
186,straight_high_BL_0_J000_003.png,straight,h3_exc,417,3.2359421,3.2359421,6.4970374
187,straight_high_BL_0_J000_003.png,straight,h3_exc,58,3.2126877,3.2126877,59.11287
188,straight_high_BL_0_J000_003.png,straight,h3_exc,2,3.2006156,3.2006156,11.134489
189,straight_high_BL_0_J000_003.png,straight,h3_exc,165,3.1987762,3.1987762,93.35111
190,straight_high_BL_0_J000_003.png,straight,h3_exc,104,3.1731837,3.1731837,104.73186
191,straight_high_BL_0_J000_003.png,straight,h3_exc,327,3.1410618,3.1410618,11.276559
192,straight_high_BL_0_J000_003.png,straight,h3_exc,438,3.1366773,3.1366773,10.284763
193,straight_high_BL_0_J000_003.png,straight,h3_exc,224,3.1329603,3.1329603,5.526818
194,straight_high_BL_0_J000_003.png,straight,h3_exc,119,3.1019073,3.1019073,268.02628
195,straight_high_BL_0_J000_003.png,straight,h3_exc,372,3.0873945,3.0873945,141.77539
196,straight_high_BL_0_J000_003.png,straight,h3_exc,145,3.0390806,3.0390806,22.085075
197,straight_high_BL_0_J000_003.png,straight,h3_exc,174,3.0153623,3.0153623,5.49774
198,straight_high_BL_0_J000_003.png,straight,h3_exc,469,2.9342825,2.9342825,42.93706
199,straight_high_BL_0_J000_003.png,straight,h3_exc,258,2.9278328,2.9278328,11.585503
200,straight_high_BL_0_J000_003.png,straight,h3_exc,98,2.9068878,2.9068878,18.81745
201,straight_high_BL_0_J000_003.png,straight,h3_exc,175,2.8883698,2.8883698,4.87539
202,straight_high_BL_0_J000_003.png,straight,h3_exc,242,2.8665988,2.8665988,224.3647
203,straight_high_BL_0_J000_003.png,straight,h3_exc,353,2.841122,2.841122,8.019836
204,straight_high_BL_0_J000_003.png,straight,h3_exc,129,2.8329742,2.8329742,5.4136114
205,straight_high_BL_0_J000_003.png,straight,h3_exc,335,2.799988,2.799988,26.359743
206,straight_high_BL_0_J000_003.png,straight,h3_exc,450,2.7611496,2.7611496,8.412182
207,straight_high_BL_0_J000_003.png,straight,h3_exc,213,2.7559402,2.7559402,10.862999
208,straight_high_BL_0_J000_003.png,straight,h3_exc,171,2.7263288,2.7263288,4.441068
209,straight_high_BL_0_J000_003.png,straight,h3_exc,32,2.7136788,2.7136788,6.965165
210,straight_high_BL_0_J000_003.png,straight,h3_exc,397,2.7105553,2.7105553,6.8956857
211,straight_high_BL_0_J000_003.png,straight,h3_exc,212,2.6942103,2.6942103,13.238482
212,straight_high_BL_0_J000_003.png,straight,h3_exc,179,2.676374,2.676374,13.131285
213,straight_high_BL_0_J000_003.png,straight,h3_exc,206,2.6749957,2.6749957,32.01142
214,straight_high_BL_0_J000_003.png,straight,h3_exc,63,2.6641736,2.6641736,10.882813
215,straight_high_BL_0_J000_003.png,straight,h3_exc,50,2.5914729,2.5914729,11.961093
216,straight_high_BL_0_J000_003.png,straight,h3_exc,157,2.5772772,2.5772772,5.1154456
217,straight_high_BL_0_J000_003.png,straight,h3_exc,77,2.554775,2.554775,3.9126751
218,straight_high_BL_0_J000_003.png,straight,h3_exc,173,2.5223608,2.5223608,10.165684
219,straight_high_BL_0_J000_003.png,straight,h3_exc,301,2.5157304,2.5157304,7.0636325
220,straight_high_BL_0_J000_003.png,straight,h3_exc,264,2.5087657,2.5087657,4.216775
221,straight_high_BL_0_J000_003.png,straight,h3_exc,278,2.4948266,2.4948266,4.9124575
222,straight_high_BL_0_J000_003.png,straight,h3_exc,296,2.4946601,2.4946601,11.126557
223,straight_high_BL_0_J000_003.png,straight,h3_exc,65,2.469923,2.469923,16.559029
224,straight_high_BL_0_J000_003.png,straight,h3_exc,88,2.4552596,2.4552596,3.3058782
225,straight_high_BL_0_J000_003.png,straight,h3_exc,452,2.4219058,2.4219058,7.5040574
226,straight_high_BL_0_J000_003.png,straight,h3_exc,286,2.406012,2.406012,5.5987577
227,straight_high_BL_0_J000_003.png,straight,h3_exc,1,2.4031227,2.4031227,5.4826765
228,straight_high_BL_0_J000_003.png,straight,h3_exc,19,2.3778846,2.3778846,6.3855486
229,straight_high_BL_0_J000_003.png,straight,h3_exc,381,2.3689353,2.3689353,20.126694
230,straight_high_BL_0_J000_003.png,straight,h3_exc,390,2.3677044,2.3677044,5.946557
231,straight_high_BL_0_J000_003.png,straight,h3_exc,416,2.3506536,2.3506536,26.706541
232,straight_high_BL_0_J000_003.png,straight,h3_exc,307,2.3397744,2.3397744,4.058322
233,straight_high_BL_0_J000_003.png,straight,h3_exc,164,2.3224251,2.3224251,4.5605087
234,straight_high_BL_0_J000_003.png,straight,h3_exc,134,2.313698,2.313698,4.439003
235,straight_high_BL_0_J000_003.png,straight,h3_exc,357,2.2757025,2.2757025,23.632034
236,straight_high_BL_0_J000_003.png,straight,h3_exc,197,2.269715,2.269715,4.0553107
237,straight_high_BL_0_J000_003.png,straight,h3_exc,395,2.2119162,2.2119162,238.40767
238,straight_high_BL_0_J000_003.png,straight,h3_exc,42,2.1934876,2.1934876,6.277301
239,straight_high_BL_0_J000_003.png,straight,h3_exc,41,2.193444,2.193444,8.188273
240,straight_high_BL_0_J000_003.png,straight,h3_exc,244,2.1847084,2.1847084,3.0194588
241,straight_high_BL_0_J000_003.png,straight,h3_exc,137,2.184326,2.184326,3.3471045
242,straight_high_BL_0_J000_003.png,straight,h3_exc,216,2.1678846,2.1678846,4.398326
243,straight_high_BL_0_J000_003.png,straight,h3_exc,414,2.1367307,2.1367307,6.808596
244,straight_high_BL_0_J000_003.png,straight,h3_exc,189,2.1285844,2.1285844,113.911835
245,straight_high_BL_0_J000_003.png,straight,h3_exc,84,2.122591,2.122591,96.50873
246,straight_high_BL_0_J000_003.png,straight,h3_exc,17,2.1203134,2.1203134,9.249783
247,straight_high_BL_0_J000_003.png,straight,h3_exc,8,2.0937529,2.0937529,4.929744
248,straight_high_BL_0_J000_003.png,straight,h3_exc,449,2.092245,2.092245,15.127733
249,straight_high_BL_0_J000_003.png,straight,h3_exc,276,2.0788682,2.0788682,167.2179
250,straight_high_BL_0_J000_003.png,straight,h3_exc,368,2.078452,2.078452,7.0147367
251,straight_high_BL_0_J000_003.png,straight,h3_exc,30,2.0638494,2.0638494,37.52013
252,straight_high_BL_0_J000_003.png,straight,h3_exc,25,2.0477571,2.0477571,11.809965
253,straight_high_BL_0_J000_003.png,straight,h3_exc,291,2.0243008,2.0243008,4.909069
254,straight_high_BL_0_J000_003.png,straight,h3_exc,35,2.008839,2.008839,3.942751
255,straight_high_BL_0_J000_003.png,straight,h3_exc,492,1.9950486,1.9950486,5.36796
256,straight_high_BL_0_J000_003.png,straight,h3_exc,322,1.9941441,1.9941441,3.776999
257,straight_high_BL_0_J000_003.png,straight,h3_exc,140,1.9908763,1.9908763,9.50422
258,straight_high_BL_0_J000_003.png,straight,h3_exc,22,1.963378,1.963378,3.8735504
259,straight_high_BL_0_J000_003.png,straight,h3_exc,80,1.9464846,1.9464846,4.8123727
260,straight_high_BL_0_J000_003.png,straight,h3_exc,188,1.9351369,1.9351369,4.301487
261,straight_high_BL_0_J000_003.png,straight,h3_exc,49,1.9351062,1.9351062,36.77815
262,straight_high_BL_0_J000_003.png,straight,h3_exc,161,1.9330403,1.9330403,3.8040512
263,straight_high_BL_0_J000_003.png,straight,h3_exc,207,1.9173648,1.9173648,3.3128338
264,straight_high_BL_0_J000_003.png,straight,h3_exc,52,1.9127183,1.9127183,5.28
265,straight_high_BL_0_J000_003.png,straight,h3_exc,310,1.9101032,1.9101032,4.3214855
266,straight_high_BL_0_J000_003.png,straight,h3_exc,470,1.9098073,1.9098073,2.5066235
267,straight_high_BL_0_J000_003.png,straight,h3_exc,465,1.9017223,1.9017223,3.126725
268,straight_high_BL_0_J000_003.png,straight,h3_exc,232,1.8699515,1.8699515,4.3904266
269,straight_high_BL_0_J000_003.png,straight,h3_exc,64,1.861575,1.861575,2.9449196
270,straight_high_BL_0_J000_003.png,straight,h3_exc,347,1.8611064,1.8611064,2.7027993
271,straight_high_BL_0_J000_003.png,straight,h3_exc,407,1.859574,1.859574,11.601141
272,straight_high_BL_0_J000_003.png,straight,h3_exc,62,1.8329098,1.8329098,7.2943163
273,straight_high_BL_0_J000_003.png,straight,h3_exc,7,1.8324883,1.8324883,147.44185
274,straight_high_BL_0_J000_003.png,straight,h3_exc,339,1.8200574,1.8200574,3.8188696
275,straight_high_BL_0_J000_003.png,straight,h3_exc,337,1.8157966,1.8157966,11.508019
276,straight_high_BL_0_J000_003.png,straight,h3_exc,59,1.8005735,1.8005735,4.573269
277,straight_high_BL_0_J000_003.png,straight,h3_exc,250,1.786709,1.786709,6.607818
278,straight_high_BL_0_J000_003.png,straight,h3_exc,56,1.7815912,1.7815912,10.291091
279,straight_high_BL_0_J000_003.png,straight,h3_exc,16,1.7422713,1.7422713,11.355197
280,straight_high_BL_0_J000_003.png,straight,h3_exc,338,1.7417244,1.7417244,3.196133
281,straight_high_BL_0_J000_003.png,straight,h3_exc,429,1.7281836,1.7281836,4.2780976
282,straight_high_BL_0_J000_003.png,straight,h3_exc,15,1.7024313,1.7024313,5.1057534
283,straight_high_BL_0_J000_003.png,straight,h3_exc,81,1.6723802,1.6723802,15.280265
284,straight_high_BL_0_J000_003.png,straight,h3_exc,108,1.6492872,1.6492872,4.93989
285,straight_high_BL_0_J000_003.png,straight,h3_exc,233,1.6426976,1.6426976,4.803875
286,straight_high_BL_0_J000_003.png,straight,h3_exc,115,1.6294246,1.6294246,3.9449563
287,straight_high_BL_0_J000_003.png,straight,h3_exc,400,1.6266189,1.6266189,4.598284
288,straight_high_BL_0_J000_003.png,straight,h3_exc,223,1.6161017,1.6161017,4.1101503
289,straight_high_BL_0_J000_003.png,straight,h3_exc,123,1.6144241,1.6144241,11.327412
290,straight_high_BL_0_J000_003.png,straight,h3_exc,245,1.6091226,1.6091226,4.0207653
291,straight_high_BL_0_J000_003.png,straight,h3_exc,79,1.6013063,1.6013063,4.168419
292,straight_high_BL_0_J000_003.png,straight,h3_exc,254,1.5957718,1.5957718,16.247437
293,straight_high_BL_0_J000_003.png,straight,h3_exc,48,1.5748622,1.5748622,9.514043
294,straight_high_BL_0_J000_003.png,straight,h3_exc,358,1.5740558,1.5740558,25.10348
295,straight_high_BL_0_J000_003.png,straight,h3_exc,220,1.5696956,1.5696956,2.8993804
296,straight_high_BL_0_J000_003.png,straight,h3_exc,308,1.5590205,1.5590205,32.501137
297,straight_high_BL_0_J000_003.png,straight,h3_exc,300,1.5511099,1.5511099,2.96461
298,straight_high_BL_0_J000_003.png,straight,h3_exc,402,1.5141684,1.5141684,3.7417665
299,straight_high_BL_0_J000_003.png,straight,h3_exc,11,1.4992507,1.4992507,3.6995084
300,straight_high_BL_0_J000_003.png,straight,h3_exc,364,1.492965,1.492965,2.6707976
301,straight_high_BL_0_J000_003.png,straight,h3_exc,195,1.4878497,1.4878497,87.365204
302,straight_high_BL_0_J000_003.png,straight,h3_exc,249,1.4330217,1.4330217,2.0521286
303,straight_high_BL_0_J000_003.png,straight,h3_exc,168,1.4262683,1.4262683,3.9025426
304,straight_high_BL_0_J000_003.png,straight,h3_exc,146,1.4230962,1.4230962,6.452298
305,straight_high_BL_0_J000_003.png,straight,h3_exc,86,1.4075422,1.4075422,5.377134
306,straight_high_BL_0_J000_003.png,straight,h3_exc,386,1.4038903,1.4038903,4.056541
307,straight_high_BL_0_J000_003.png,straight,h3_exc,284,1.388134,1.388134,3.6052647
308,straight_high_BL_0_J000_003.png,straight,h3_exc,305,1.3867229,1.3867229,3.6386018
309,straight_high_BL_0_J000_003.png,straight,h3_exc,408,1.3840088,1.3840088,3.5690675
310,straight_high_BL_0_J000_003.png,straight,h3_exc,196,1.380495,1.380495,1.7713639
311,straight_high_BL_0_J000_003.png,straight,h3_exc,315,1.3594784,1.3594784,2.7363236
312,straight_high_BL_0_J000_003.png,straight,h3_exc,162,1.3307501,1.3307501,2.170683
313,straight_high_BL_0_J000_003.png,straight,h3_exc,363,1.3276191,1.3276191,6.1326594
314,straight_high_BL_0_J000_003.png,straight,h3_exc,203,1.3264325,1.3264325,3.533644
315,straight_high_BL_0_J000_003.png,straight,h3_exc,99,1.3104855,1.3104855,9.246575
316,straight_high_BL_0_J000_003.png,straight,h3_exc,394,1.2927557,1.2927557,3.1186008
317,straight_high_BL_0_J000_003.png,straight,h3_exc,71,1.2925301,1.2925301,1.9781616
318,straight_high_BL_0_J000_003.png,straight,h3_exc,289,1.2878959,1.2878959,3.2939653
319,straight_high_BL_0_J000_003.png,straight,h3_exc,159,1.2837555,1.2837555,1.9003389
320,straight_high_BL_0_J000_003.png,straight,h3_exc,287,1.276237,1.276237,21.93003
321,straight_high_BL_0_J000_003.png,straight,h3_exc,479,1.2602593,1.2602593,2.0366044
322,straight_high_BL_0_J000_003.png,straight,h3_exc,122,1.254375,1.254375,2.2223654
323,straight_high_BL_0_J000_003.png,straight,h3_exc,144,1.2529591,1.2529591,2.1321337
324,straight_high_BL_0_J000_003.png,straight,h3_exc,266,1.2507925,1.2507925,14.357918
325,straight_high_BL_0_J000_003.png,straight,h3_exc,309,1.2455958,1.2455958,2.199412
326,straight_high_BL_0_J000_003.png,straight,h3_exc,281,1.2401215,1.2401215,104.35317
327,straight_high_BL_0_J000_003.png,straight,h3_exc,182,1.2364311,1.2364311,3.4745595
328,straight_high_BL_0_J000_003.png,straight,h3_exc,320,1.2160112,1.2160112,3.2359445
329,straight_high_BL_0_J000_003.png,straight,h3_exc,317,1.2147112,1.2147112,16.930347
330,straight_high_BL_0_J000_003.png,straight,h3_exc,111,1.2133114,1.2133114,8.916897
331,straight_high_BL_0_J000_003.png,straight,h3_exc,155,1.2077365,1.2077365,1.8640035
332,straight_high_BL_0_J000_003.png,straight,h3_exc,458,1.2030375,1.2030375,2.3269029
333,straight_high_BL_0_J000_003.png,straight,h3_exc,471,1.1933106,1.1933106,2.014707
334,straight_high_BL_0_J000_003.png,straight,h3_exc,131,1.190456,1.190456,2.6218147
335,straight_high_BL_0_J000_003.png,straight,h3_exc,354,1.188734,1.188734,6.1415405
336,straight_high_BL_0_J000_003.png,straight,h3_exc,219,1.1840849,1.1840849,1.5841364
337,straight_high_BL_0_J000_003.png,straight,h3_exc,186,1.1791402,1.1791402,2.8407075
338,straight_high_BL_0_J000_003.png,straight,h3_exc,125,1.1765054,1.1765054,1.8201412
339,straight_high_BL_0_J000_003.png,straight,h3_exc,457,1.176324,1.176324,4.2338243
340,straight_high_BL_0_J000_003.png,straight,h3_exc,152,1.14557,1.14557,1.758005
341,straight_high_BL_0_J000_003.png,straight,h3_exc,345,1.1390868,1.1390868,51.04698
342,straight_high_BL_0_J000_003.png,straight,h3_exc,482,1.1310104,1.1310104,2.0795426
343,straight_high_BL_0_J000_003.png,straight,h3_exc,53,1.1299179,1.1299179,2.1980329
344,straight_high_BL_0_J000_003.png,straight,h3_exc,204,1.1118685,1.1118685,7.3350773
345,straight_high_BL_0_J000_003.png,straight,h3_exc,241,1.1095066,1.1095066,2.2380047
346,straight_high_BL_0_J000_003.png,straight,h3_exc,288,1.1073872,1.1073872,12.437672
347,straight_high_BL_0_J000_003.png,straight,h3_exc,13,1.0949296,1.0949296,5.2449102
348,straight_high_BL_0_J000_003.png,straight,h3_exc,75,1.0903476,1.0903476,2.5386322
349,straight_high_BL_0_J000_003.png,straight,h3_exc,332,1.0837746,1.0837746,1.8257506
350,straight_high_BL_0_J000_003.png,straight,h3_exc,194,1.0813088,1.0813088,1.8076545
351,straight_high_BL_0_J000_003.png,straight,h3_exc,229,1.0766468,1.0766468,2.822777
352,straight_high_BL_0_J000_003.png,straight,h3_exc,148,1.0721961,1.0721961,4.214589
353,straight_high_BL_0_J000_003.png,straight,h3_exc,477,1.0709178,1.0709178,3.1689773
354,straight_high_BL_0_J000_003.png,straight,h3_exc,500,1.0685143,1.0685143,2.8865707
355,straight_high_BL_0_J000_003.png,straight,h3_exc,299,1.0663453,1.0663453,2.5980241
356,straight_high_BL_0_J000_003.png,straight,h3_exc,113,1.059199,1.059199,2.267089
357,straight_high_BL_0_J000_003.png,straight,h3_exc,69,1.0559732,1.0559732,2.5346766
358,straight_high_BL_0_J000_003.png,straight,h3_exc,110,1.0534124,1.0534124,2.2862568
359,straight_high_BL_0_J000_003.png,straight,h3_exc,475,1.04629,1.04629,2.4941347
360,straight_high_BL_0_J000_003.png,straight,h3_exc,508,1.04546,1.04546,24.806164
361,straight_high_BL_0_J000_003.png,straight,h3_exc,192,1.0440221,1.0440221,2.5313842
362,straight_high_BL_0_J000_003.png,straight,h3_exc,350,1.0437878,1.0437878,1.4553747
363,straight_high_BL_0_J000_003.png,straight,h3_exc,441,1.0409307,1.0409307,2.6645124
364,straight_high_BL_0_J000_003.png,straight,h3_exc,472,1.0406367,1.0406367,4.5201516
365,straight_high_BL_0_J000_003.png,straight,h3_exc,138,1.0286005,1.0286005,2.2427585
366,straight_high_BL_0_J000_003.png,straight,h3_exc,76,1.0237303,1.0237303,2.4082003
367,straight_high_BL_0_J000_003.png,straight,h3_exc,265,1.0208124,1.0208124,4.8932333
368,straight_high_BL_0_J000_003.png,straight,h3_exc,210,1.0189589,1.0189589,1.8597832
369,straight_high_BL_0_J000_003.png,straight,h3_exc,257,1.0096211,1.0096211,1.9022233
370,straight_high_BL_0_J000_003.png,straight,h3_exc,349,1.00263,1.00263,39.040577
371,straight_high_BL_0_J000_003.png,straight,h3_exc,190,0.9977385,0.9977385,6.5107512
372,straight_high_BL_0_J000_003.png,straight,h3_exc,507,0.9889445,0.9889445,8.612781
373,straight_high_BL_0_J000_003.png,straight,h3_exc,228,0.9885421,0.9885421,8.158367
374,straight_high_BL_0_J000_003.png,straight,h3_exc,490,0.9726883,0.9726883,5.864204
375,straight_high_BL_0_J000_003.png,straight,h3_exc,43,0.9719094,0.9719094,2.5292444
376,straight_high_BL_0_J000_003.png,straight,h3_exc,45,0.96593046,0.96593046,1.8103201
377,straight_high_BL_0_J000_003.png,straight,h3_exc,351,0.9632459,0.9632459,9.825539
378,straight_high_BL_0_J000_003.png,straight,h3_exc,114,0.9519031,0.9519031,1.7794712
379,straight_high_BL_0_J000_003.png,straight,h3_exc,321,0.9469602,0.9469602,1.7981695
380,straight_high_BL_0_J000_003.png,straight,h3_exc,294,0.94680387,0.94680387,24.122166
381,straight_high_BL_0_J000_003.png,straight,h3_exc,356,0.94638956,0.94638956,8.276746
382,straight_high_BL_0_J000_003.png,straight,h3_exc,382,0.93863595,0.93863595,3.8907433
383,straight_high_BL_0_J000_003.png,straight,h3_exc,344,0.93730474,0.93730474,1.6612766
384,straight_high_BL_0_J000_003.png,straight,h3_exc,167,0.93646693,0.93646693,7.6509805
385,straight_high_BL_0_J000_003.png,straight,h3_exc,95,0.9318438,0.9318438,2.5951123
386,straight_high_BL_0_J000_003.png,straight,h3_exc,342,0.9298201,0.9298201,7.2703238
387,straight_high_BL_0_J000_003.png,straight,h3_exc,418,0.9291949,0.9291949,1.7940401
388,straight_high_BL_0_J000_003.png,straight,h3_exc,501,0.92816734,0.92816734,1.4526534
389,straight_high_BL_0_J000_003.png,straight,h3_exc,44,0.9235183,0.9235183,3.2239828
390,straight_high_BL_0_J000_003.png,straight,h3_exc,422,0.9153865,0.9153865,13.891225
391,straight_high_BL_0_J000_003.png,straight,h3_exc,398,0.8968231,0.8968231,1.3484559
392,straight_high_BL_0_J000_003.png,straight,h3_exc,187,0.89348894,0.89348894,34.522003
393,straight_high_BL_0_J000_003.png,straight,h3_exc,484,0.89094436,0.89094436,2.0225403
394,straight_high_BL_0_J000_003.png,straight,h3_exc,474,0.8868677,0.8868677,3.3349187
395,straight_high_BL_0_J000_003.png,straight,h3_exc,432,0.88438123,0.88438123,2.9735074
396,straight_high_BL_0_J000_003.png,straight,h3_exc,40,0.8809608,0.8809608,7.4092917
397,straight_high_BL_0_J000_003.png,straight,h3_exc,252,0.87610954,0.87610954,1.8278058
398,straight_high_BL_0_J000_003.png,straight,h3_exc,399,0.86968195,0.86968195,2.3923683
399,straight_high_BL_0_J000_003.png,straight,h3_exc,151,0.86673194,0.86673194,1.637954
400,straight_high_BL_0_J000_003.png,straight,h3_exc,459,0.8592973,0.8592973,26.242144
401,straight_high_BL_0_J000_003.png,straight,h3_exc,18,0.8572673,0.8572673,2.7153497
402,straight_high_BL_0_J000_003.png,straight,h3_exc,509,0.8569989,0.8569989,2.8698235
403,straight_high_BL_0_J000_003.png,straight,h3_exc,326,0.8564306,0.8564306,6.457196
404,straight_high_BL_0_J000_003.png,straight,h3_exc,336,0.8489885,0.8489885,1.982027
405,straight_high_BL_0_J000_003.png,straight,h3_exc,237,0.8412282,0.8412282,1.6534576
406,straight_high_BL_0_J000_003.png,straight,h3_exc,346,0.83779836,0.83779836,15.581269
407,straight_high_BL_0_J000_003.png,straight,h3_exc,467,0.812178,0.812178,1.9786597
408,straight_high_BL_0_J000_003.png,straight,h3_exc,331,0.80959964,0.80959964,1.8113453
409,straight_high_BL_0_J000_003.png,straight,h3_exc,444,0.80698866,0.80698866,3.6893623
410,straight_high_BL_0_J000_003.png,straight,h3_exc,93,0.80607927,0.80607927,49.798103
411,straight_high_BL_0_J000_003.png,straight,h3_exc,9,0.79443634,0.79443634,1.4036294
412,straight_high_BL_0_J000_003.png,straight,h3_exc,92,0.7865939,0.7865939,81.93583
413,straight_high_BL_0_J000_003.png,straight,h3_exc,488,0.7739694,0.7739694,1.2780893
414,straight_high_BL_0_J000_003.png,straight,h3_exc,365,0.75477487,0.75477487,1.7680697
415,straight_high_BL_0_J000_003.png,straight,h3_exc,333,0.75136167,0.75136167,2.067779
416,straight_high_BL_0_J000_003.png,straight,h3_exc,0,0.74075323,0.74075323,1.9316652
417,straight_high_BL_0_J000_003.png,straight,h3_exc,377,0.739891,0.739891,3.9239242
418,straight_high_BL_0_J000_003.png,straight,h3_exc,118,0.73482955,0.73482955,23.87664
419,straight_high_BL_0_J000_003.png,straight,h3_exc,330,0.7310649,0.7310649,2.391407
420,straight_high_BL_0_J000_003.png,straight,h3_exc,443,0.7274031,0.7274031,26.590508
421,straight_high_BL_0_J000_003.png,straight,h3_exc,96,0.7256021,0.7256021,1.857641
422,straight_high_BL_0_J000_003.png,straight,h3_exc,259,0.7254894,0.7254894,1.5942552
423,straight_high_BL_0_J000_003.png,straight,h3_exc,141,0.72351724,0.72351724,3.85217
424,straight_high_BL_0_J000_003.png,straight,h3_exc,379,0.7195004,0.7195004,5.3100405
425,straight_high_BL_0_J000_003.png,straight,h3_exc,240,0.7064016,0.7064016,12.944281
426,straight_high_BL_0_J000_003.png,straight,h3_exc,361,0.70555055,0.70555055,2.4808655
427,straight_high_BL_0_J000_003.png,straight,h3_exc,178,0.69821966,0.69821966,13.771664
428,straight_high_BL_0_J000_003.png,straight,h3_exc,483,0.6972479,0.6972479,1.4482822
429,straight_high_BL_0_J000_003.png,straight,h3_exc,198,0.6966534,0.6966534,16.430405
430,straight_high_BL_0_J000_003.png,straight,h3_exc,380,0.6951619,0.6951619,9.33362
431,straight_high_BL_0_J000_003.png,straight,h3_exc,273,0.676708,0.676708,27.481014
432,straight_high_BL_0_J000_003.png,straight,h3_exc,409,0.6624213,0.6624213,1.9825612
433,straight_high_BL_0_J000_003.png,straight,h3_exc,91,0.6525778,0.6525778,4.049499
434,straight_high_BL_0_J000_003.png,straight,h3_exc,425,0.6510454,0.6510454,9.871351
435,straight_high_BL_0_J000_003.png,straight,h3_exc,209,0.64468986,0.64468986,2.2286744
436,straight_high_BL_0_J000_003.png,straight,h3_exc,384,0.64002395,0.64002395,2.2199576
437,straight_high_BL_0_J000_003.png,straight,h3_exc,208,0.6356385,0.6356385,2.291196
438,straight_high_BL_0_J000_003.png,straight,h3_exc,376,0.6342781,0.6342781,1.5044351
439,straight_high_BL_0_J000_003.png,straight,h3_exc,437,0.6074001,0.6074001,3.0533779
440,straight_high_BL_0_J000_003.png,straight,h3_exc,451,0.6034672,0.6034672,1.4319009
441,straight_high_BL_0_J000_003.png,straight,h3_exc,87,0.6033769,0.6033769,1.0509859
442,straight_high_BL_0_J000_003.png,straight,h3_exc,205,0.6026889,0.6026889,1.510874
443,straight_high_BL_0_J000_003.png,straight,h3_exc,378,0.59928757,0.59928757,3.6878812
444,straight_high_BL_0_J000_003.png,straight,h3_exc,24,0.59719145,0.59719145,56.51101
445,straight_high_BL_0_J000_003.png,straight,h3_exc,421,0.58966845,0.58966845,19.822876
446,straight_high_BL_0_J000_003.png,straight,h3_exc,352,0.58191794,0.58191794,1.0900779
447,straight_high_BL_0_J000_003.png,straight,h3_exc,6,0.5798021,0.5798021,1.7036188
448,straight_high_BL_0_J000_003.png,straight,h3_exc,274,0.5747124,0.5747124,1.1594348
449,straight_high_BL_0_J000_003.png,straight,h3_exc,191,0.5690496,0.5690496,3.548708
450,straight_high_BL_0_J000_003.png,straight,h3_exc,270,0.55865747,0.55865747,47.323444
451,straight_high_BL_0_J000_003.png,straight,h3_exc,170,0.55837715,0.55837715,0.994604
452,straight_high_BL_0_J000_003.png,straight,h3_exc,34,0.55819106,0.55819106,56.98244
453,straight_high_BL_0_J000_003.png,straight,h3_exc,102,0.54897785,0.54897785,1.1400342
454,straight_high_BL_0_J000_003.png,straight,h3_exc,235,0.5488707,0.5488707,5.500899
455,straight_high_BL_0_J000_003.png,straight,h3_exc,481,0.5466237,0.5466237,3.0696683
456,straight_high_BL_0_J000_003.png,straight,h3_exc,494,0.54064745,0.54064745,1.3332818
457,straight_high_BL_0_J000_003.png,straight,h3_exc,355,0.5366931,0.5366931,1.8553412
458,straight_high_BL_0_J000_003.png,straight,h3_exc,268,0.533237,0.533237,1.3324243
459,straight_high_BL_0_J000_003.png,straight,h3_exc,127,0.52857715,0.52857715,7.0145683
460,straight_high_BL_0_J000_003.png,straight,h3_exc,70,0.5277735,0.5277735,1.1531795
461,straight_high_BL_0_J000_003.png,straight,h3_exc,97,0.52559847,0.52559847,38.414574
462,straight_high_BL_0_J000_003.png,straight,h3_exc,103,0.5081341,0.5081341,1.2077181
463,straight_high_BL_0_J000_003.png,straight,h3_exc,27,0.50659406,0.50659406,39.1447
464,straight_high_BL_0_J000_003.png,straight,h3_exc,109,0.5065074,0.5065074,1.6975524
465,straight_high_BL_0_J000_003.png,straight,h3_exc,142,0.5052521,0.5052521,0.9674956
466,straight_high_BL_0_J000_003.png,straight,h3_exc,136,0.49654046,0.49654046,16.34012
467,straight_high_BL_0_J000_003.png,straight,h3_exc,215,0.48145753,0.48145753,0.97023594
468,straight_high_BL_0_J000_003.png,straight,h3_exc,455,0.48013675,0.48013675,1.357893
469,straight_high_BL_0_J000_003.png,straight,h3_exc,201,0.47675613,0.47675613,7.158867
470,straight_high_BL_0_J000_003.png,straight,h3_exc,61,0.47551656,0.47551656,0.78632355
471,straight_high_BL_0_J000_003.png,straight,h3_exc,511,0.4730982,0.4730982,0.868486
472,straight_high_BL_0_J000_003.png,straight,h3_exc,106,0.46617967,0.46617967,0.8923203
473,straight_high_BL_0_J000_003.png,straight,h3_exc,486,0.45997742,0.45997742,1.2115002
474,straight_high_BL_0_J000_003.png,straight,h3_exc,149,0.45957944,0.45957944,0.9545408
475,straight_high_BL_0_J000_003.png,straight,h3_exc,412,0.458433,0.458433,5.95357
476,straight_high_BL_0_J000_003.png,straight,h3_exc,200,0.45570388,0.45570388,1.2329596
477,straight_high_BL_0_J000_003.png,straight,h3_exc,29,0.45408726,0.45408726,0.8152479
478,straight_high_BL_0_J000_003.png,straight,h3_exc,37,0.4514984,0.4514984,1.7037036
479,straight_high_BL_0_J000_003.png,straight,h3_exc,183,0.45102283,0.45102283,5.289367
480,straight_high_BL_0_J000_003.png,straight,h3_exc,328,0.44523594,0.44523594,1.1415459
481,straight_high_BL_0_J000_003.png,straight,h3_exc,392,0.44100788,0.44100788,0.894828
482,straight_high_BL_0_J000_003.png,straight,h3_exc,325,0.44012904,0.44012904,11.7070055
483,straight_high_BL_0_J000_003.png,straight,h3_exc,275,0.42269737,0.42269737,0.893248
484,straight_high_BL_0_J000_003.png,straight,h3_exc,107,0.41262832,0.41262832,32.47404
485,straight_high_BL_0_J000_003.png,straight,h3_exc,334,0.40423217,0.40423217,2.0966048
486,straight_high_BL_0_J000_003.png,straight,h3_exc,405,0.39469165,0.39469165,2.3393145
487,straight_high_BL_0_J000_003.png,straight,h3_exc,440,0.38393754,0.38393754,5.8751497
488,straight_high_BL_0_J000_003.png,straight,h3_exc,154,0.38095534,0.38095534,1.5764947
489,straight_high_BL_0_J000_003.png,straight,h3_exc,217,0.37616554,0.37616554,10.6939125
490,straight_high_BL_0_J000_003.png,straight,h3_exc,160,0.36884618,0.36884618,1.0064266
491,straight_high_BL_0_J000_003.png,straight,h3_exc,214,0.36774814,0.36774814,2.0494542
492,straight_high_BL_0_J000_003.png,straight,h3_exc,221,0.35152096,0.35152096,0.71874034
493,straight_high_BL_0_J000_003.png,straight,h3_exc,31,0.34882778,0.34882778,5.2354383
494,straight_high_BL_0_J000_003.png,straight,h3_exc,295,0.34178078,0.34178078,1.0519842
495,straight_high_BL_0_J000_003.png,straight,h3_exc,47,0.33458275,0.33458275,6.05223
496,straight_high_BL_0_J000_003.png,straight,h3_exc,150,0.3293633,0.3293633,2.069813
497,straight_high_BL_0_J000_003.png,straight,h3_exc,234,0.3266573,0.3266573,3.1181934
498,straight_high_BL_0_J000_003.png,straight,h3_exc,387,0.30742434,0.30742434,3.2276886
499,straight_high_BL_0_J000_003.png,straight,h3_exc,135,0.29202336,0.29202336,1.6167177
500,straight_high_BL_0_J000_003.png,straight,h3_exc,238,0.29088917,0.29088917,1.0555954
501,straight_high_BL_0_J000_003.png,straight,h3_exc,74,0.28557166,0.28557166,1.0307604
502,straight_high_BL_0_J000_003.png,straight,h3_exc,491,0.28327668,0.28327668,0.76658833
503,straight_high_BL_0_J000_003.png,straight,h3_exc,112,0.28233445,0.28233445,5.628505
504,straight_high_BL_0_J000_003.png,straight,h3_exc,277,0.26657847,0.26657847,0.50588155
505,straight_high_BL_0_J000_003.png,straight,h3_exc,489,0.2615429,0.2615429,2.279144
506,straight_high_BL_0_J000_003.png,straight,h3_exc,247,0.25698718,0.25698718,3.1922705
507,straight_high_BL_0_J000_003.png,straight,h3_exc,116,0.24500334,0.24500334,0.7702885
508,straight_high_BL_0_J000_003.png,straight,h3_exc,124,0.23826033,0.23826033,1.37359
509,straight_high_BL_0_J000_003.png,straight,h3_exc,180,0.22169091,0.22169091,1.4021983
510,straight_high_BL_0_J000_003.png,straight,h3_exc,495,0.20645246,0.20645246,0.47809437
511,straight_high_BL_0_J000_003.png,straight,h3_exc,464,0.13477567,0.13477567,1.8262452
512,straight_high_BL_0_J000_003.png,straight,h3_exc,21,0.11695628,0.11695628,0.37105066
1,straight_high_BL_0_J000_003.png,straight,h4_exc,26,555015.6,555015.6,1384194.8
2,straight_high_BL_0_J000_003.png,straight,h4_exc,282,489676.72,489676.72,1336236.4
3,straight_high_BL_0_J000_003.png,straight,h4_exc,39,358064.44,358064.44,840143.0
4,straight_high_BL_0_J000_003.png,straight,h4_exc,188,297473.16,297473.16,917238.25
5,straight_high_BL_0_J000_003.png,straight,h4_exc,30,288606.88,288606.88,833279.44
6,straight_high_BL_0_J000_003.png,straight,h4_exc,493,258503.12,258503.12,618013.9
7,straight_high_BL_0_J000_003.png,straight,h4_exc,158,217063.84,217063.84,542450.44
8,straight_high_BL_0_J000_003.png,straight,h4_exc,315,167159.45,167159.45,384163.03
9,straight_high_BL_0_J000_003.png,straight,h4_exc,137,152012.89,152012.89,358268.8
10,straight_high_BL_0_J000_003.png,straight,h4_exc,34,146270.78,146270.78,384539.25
11,straight_high_BL_0_J000_003.png,straight,h4_exc,233,108613.26,108613.26,305748.0
12,straight_high_BL_0_J000_003.png,straight,h4_exc,225,105313.5,105313.5,281297.6
13,straight_high_BL_0_J000_003.png,straight,h4_exc,121,101008.35,101008.35,268882.2
14,straight_high_BL_0_J000_003.png,straight,h4_exc,205,86533.12,86533.12,200475.73
15,straight_high_BL_0_J000_003.png,straight,h4_exc,247,68781.67,68781.67,215233.16
16,straight_high_BL_0_J000_003.png,straight,h4_exc,379,55178.746,55178.746,165125.7
17,straight_high_BL_0_J000_003.png,straight,h4_exc,193,54713.2,54713.2,153210.1
18,straight_high_BL_0_J000_003.png,straight,h4_exc,180,38177.13,38177.13,99707.28
19,straight_high_BL_0_J000_003.png,straight,h4_exc,146,34554.11,34554.11,222690.72
20,straight_high_BL_0_J000_003.png,straight,h4_exc,36,32740.268,32740.268,88322.02
21,straight_high_BL_0_J000_003.png,straight,h4_exc,22,27524.814,27524.814,104467.18
22,straight_high_BL_0_J000_003.png,straight,h4_exc,242,23263.275,23263.275,54738.81
23,straight_high_BL_0_J000_003.png,straight,h4_exc,112,22947.76,22947.76,76375.375
24,straight_high_BL_0_J000_003.png,straight,h4_exc,312,16415.709,16415.709,42674.637
25,straight_high_BL_0_J000_003.png,straight,h4_exc,295,15181.242,15181.242,52905.64
26,straight_high_BL_0_J000_003.png,straight,h4_exc,164,14499.085,14499.085,89538.82
27,straight_high_BL_0_J000_003.png,straight,h4_exc,169,13706.634,13706.634,39375.637
28,straight_high_BL_0_J000_003.png,straight,h4_exc,497,12484.901,12484.901,54287.383
29,straight_high_BL_0_J000_003.png,straight,h4_exc,229,10450.19,10450.19,34420.92
30,straight_high_BL_0_J000_003.png,straight,h4_exc,317,9552.271,9552.271,37448.668
31,straight_high_BL_0_J000_003.png,straight,h4_exc,101,8162.772,8162.772,22812.178
32,straight_high_BL_0_J000_003.png,straight,h4_exc,475,7377.302,7377.302,37460.86
33,straight_high_BL_0_J000_003.png,straight,h4_exc,458,7123.773,7123.773,31872.564
34,straight_high_BL_0_J000_003.png,straight,h4_exc,448,6996.6763,6996.6763,23175.072
35,straight_high_BL_0_J000_003.png,straight,h4_exc,92,6406.6855,6406.6855,24799.73
36,straight_high_BL_0_J000_003.png,straight,h4_exc,69,6154.477,6154.477,13629.478
37,straight_high_BL_0_J000_003.png,straight,h4_exc,171,5927.312,5927.312,17509.545
38,straight_high_BL_0_J000_003.png,straight,h4_exc,200,5855.198,5855.198,23897.37
39,straight_high_BL_0_J000_003.png,straight,h4_exc,86,5801.0723,5801.0723,18138.596
40,straight_high_BL_0_J000_003.png,straight,h4_exc,374,5737.209,5737.209,52134.957
41,straight_high_BL_0_J000_003.png,straight,h4_exc,420,4648.747,4648.747,11910.119
42,straight_high_BL_0_J000_003.png,straight,h4_exc,444,4272.7427,4272.7427,31665.543
43,straight_high_BL_0_J000_003.png,straight,h4_exc,116,4219.382,4219.382,18441.838
44,straight_high_BL_0_J000_003.png,straight,h4_exc,133,3857.1584,3857.1584,58737.375
45,straight_high_BL_0_J000_003.png,straight,h4_exc,443,3176.1094,3176.1094,11614.816
46,straight_high_BL_0_J000_003.png,straight,h4_exc,147,2887.708,2887.708,8618.968
47,straight_high_BL_0_J000_003.png,straight,h4_exc,287,2771.614,2771.614,20829.938
48,straight_high_BL_0_J000_003.png,straight,h4_exc,327,2178.396,2178.396,6019.8213
49,straight_high_BL_0_J000_003.png,straight,h4_exc,407,2102.8972,2102.8972,35090.08
50,straight_high_BL_0_J000_003.png,straight,h4_exc,89,1383.2699,1383.2699,5485.7305
51,straight_high_BL_0_J000_003.png,straight,h4_exc,362,1121.8754,1121.8754,2686.9019
52,straight_high_BL_0_J000_003.png,straight,h4_exc,499,845.5647,845.5647,2560.0815
53,straight_high_BL_0_J000_003.png,straight,h4_exc,11,832.9375,832.9375,11416.677
54,straight_high_BL_0_J000_003.png,straight,h4_exc,127,775.3237,775.3237,10216.804
55,straight_high_BL_0_J000_003.png,straight,h4_exc,402,700.2572,700.2572,26385.932
56,straight_high_BL_0_J000_003.png,straight,h4_exc,143,609.7838,609.7838,1129.2318
57,straight_high_BL_0_J000_003.png,straight,h4_exc,453,550.6648,550.6648,4866.706
58,straight_high_BL_0_J000_003.png,straight,h4_exc,142,438.2577,438.2577,10787.136
59,straight_high_BL_0_J000_003.png,straight,h4_exc,359,380.9971,380.9971,5982.5796
60,straight_high_BL_0_J000_003.png,straight,h4_exc,338,372.38647,372.38647,690.75665
61,straight_high_BL_0_J000_003.png,straight,h4_exc,196,365.308,365.308,666.5267
62,straight_high_BL_0_J000_003.png,straight,h4_exc,224,353.11777,353.11777,672.0584
63,straight_high_BL_0_J000_003.png,straight,h4_exc,485,352.27676,352.27676,6398.2847
64,straight_high_BL_0_J000_003.png,straight,h4_exc,50,334.19666,334.19666,3365.2136
65,straight_high_BL_0_J000_003.png,straight,h4_exc,61,324.06247,324.06247,610.58417
66,straight_high_BL_0_J000_003.png,straight,h4_exc,46,322.40652,322.40652,592.3371
67,straight_high_BL_0_J000_003.png,straight,h4_exc,467,316.64322,316.64322,609.4107
68,straight_high_BL_0_J000_003.png,straight,h4_exc,267,315.39307,315.39307,586.8487
69,straight_high_BL_0_J000_003.png,straight,h4_exc,275,311.6477,311.6477,6060.7905
70,straight_high_BL_0_J000_003.png,straight,h4_exc,99,301.02945,301.02945,2225.049
71,straight_high_BL_0_J000_003.png,straight,h4_exc,398,296.5968,296.5968,5806.244
72,straight_high_BL_0_J000_003.png,straight,h4_exc,465,276.76794,276.76794,518.59937
73,straight_high_BL_0_J000_003.png,straight,h4_exc,134,273.1387,273.1387,533.74835
74,straight_high_BL_0_J000_003.png,straight,h4_exc,47,264.33655,264.33655,1097.5046
75,straight_high_BL_0_J000_003.png,straight,h4_exc,246,262.24738,262.24738,489.14374
76,straight_high_BL_0_J000_003.png,straight,h4_exc,163,261.18314,261.18314,502.50632
77,straight_high_BL_0_J000_003.png,straight,h4_exc,25,254.16997,254.16997,513.208
78,straight_high_BL_0_J000_003.png,straight,h4_exc,90,235.34172,235.34172,446.28763
79,straight_high_BL_0_J000_003.png,straight,h4_exc,154,226.74547,226.74547,473.93564
80,straight_high_BL_0_J000_003.png,straight,h4_exc,129,200.76355,200.76355,416.27515
81,straight_high_BL_0_J000_003.png,straight,h4_exc,238,200.35094,200.35094,404.8189
82,straight_high_BL_0_J000_003.png,straight,h4_exc,195,198.50528,198.50528,399.08905
83,straight_high_BL_0_J000_003.png,straight,h4_exc,98,196.96896,196.96896,367.29996
84,straight_high_BL_0_J000_003.png,straight,h4_exc,77,195.1818,195.1818,377.817
85,straight_high_BL_0_J000_003.png,straight,h4_exc,165,187.47511,187.47511,346.3665
86,straight_high_BL_0_J000_003.png,straight,h4_exc,447,185.4345,185.4345,357.00983
87,straight_high_BL_0_J000_003.png,straight,h4_exc,383,181.13464,181.13464,584.8175
88,straight_high_BL_0_J000_003.png,straight,h4_exc,367,173.02664,173.02664,336.9042
89,straight_high_BL_0_J000_003.png,straight,h4_exc,330,171.238,171.238,323.52692
90,straight_high_BL_0_J000_003.png,straight,h4_exc,38,171.1831,171.1831,335.15714
91,straight_high_BL_0_J000_003.png,straight,h4_exc,310,160.89291,160.89291,300.09268
92,straight_high_BL_0_J000_003.png,straight,h4_exc,110,158.56102,158.56102,301.19943
93,straight_high_BL_0_J000_003.png,straight,h4_exc,370,156.49312,156.49312,282.30377
94,straight_high_BL_0_J000_003.png,straight,h4_exc,117,156.20415,156.20415,285.64386
95,straight_high_BL_0_J000_003.png,straight,h4_exc,73,154.57976,154.57976,302.34225
96,straight_high_BL_0_J000_003.png,straight,h4_exc,352,153.8797,153.8797,290.22226
97,straight_high_BL_0_J000_003.png,straight,h4_exc,220,153.69063,153.69063,293.48257
98,straight_high_BL_0_J000_003.png,straight,h4_exc,15,149.38669,149.38669,294.25882
99,straight_high_BL_0_J000_003.png,straight,h4_exc,109,142.5366,142.5366,622.7672
100,straight_high_BL_0_J000_003.png,straight,h4_exc,346,141.12318,141.12318,2129.9536
101,straight_high_BL_0_J000_003.png,straight,h4_exc,369,140.85568,140.85568,281.24075
102,straight_high_BL_0_J000_003.png,straight,h4_exc,230,136.26364,136.26364,258.89056
103,straight_high_BL_0_J000_003.png,straight,h4_exc,226,129.89523,129.89523,249.0191
104,straight_high_BL_0_J000_003.png,straight,h4_exc,329,125.24526,125.24526,248.48288
105,straight_high_BL_0_J000_003.png,straight,h4_exc,135,121.205925,121.205925,214.74481
106,straight_high_BL_0_J000_003.png,straight,h4_exc,433,120.54579,120.54579,216.15717
107,straight_high_BL_0_J000_003.png,straight,h4_exc,5,119.67115,119.67115,250.51428
108,straight_high_BL_0_J000_003.png,straight,h4_exc,273,119.65678,119.65678,224.40076
109,straight_high_BL_0_J000_003.png,straight,h4_exc,248,116.05601,116.05601,1877.1254
110,straight_high_BL_0_J000_003.png,straight,h4_exc,313,112.1659,112.1659,220.67787
111,straight_high_BL_0_J000_003.png,straight,h4_exc,181,110.33258,110.33258,211.5513
112,straight_high_BL_0_J000_003.png,straight,h4_exc,227,110.322784,110.322784,202.74146
113,straight_high_BL_0_J000_003.png,straight,h4_exc,489,109.112595,109.112595,199.61766
114,straight_high_BL_0_J000_003.png,straight,h4_exc,243,103.991905,103.991905,631.29724
115,straight_high_BL_0_J000_003.png,straight,h4_exc,423,103.37249,103.37249,189.50652
116,straight_high_BL_0_J000_003.png,straight,h4_exc,85,100.07408,100.07408,578.4866
117,straight_high_BL_0_J000_003.png,straight,h4_exc,155,98.989334,98.989334,183.30856
118,straight_high_BL_0_J000_003.png,straight,h4_exc,470,97.27172,97.27172,183.52023
119,straight_high_BL_0_J000_003.png,straight,h4_exc,256,96.48295,96.48295,171.43222
120,straight_high_BL_0_J000_003.png,straight,h4_exc,82,95.50115,95.50115,176.54533
121,straight_high_BL_0_J000_003.png,straight,h4_exc,108,94.36135,94.36135,1023.3958
122,straight_high_BL_0_J000_003.png,straight,h4_exc,375,93.59651,93.59651,1326.8989
123,straight_high_BL_0_J000_003.png,straight,h4_exc,52,93.09125,93.09125,171.20071
124,straight_high_BL_0_J000_003.png,straight,h4_exc,376,92.592285,92.592285,184.75246
125,straight_high_BL_0_J000_003.png,straight,h4_exc,328,89.50945,89.50945,168.05959
126,straight_high_BL_0_J000_003.png,straight,h4_exc,290,88.27207,88.27207,238.80444
127,straight_high_BL_0_J000_003.png,straight,h4_exc,64,87.89018,87.89018,181.43912
128,straight_high_BL_0_J000_003.png,straight,h4_exc,262,86.94467,86.94467,157.92981
129,straight_high_BL_0_J000_003.png,straight,h4_exc,480,85.6836,85.6836,169.56839
130,straight_high_BL_0_J000_003.png,straight,h4_exc,421,83.72841,83.72841,175.25362
131,straight_high_BL_0_J000_003.png,straight,h4_exc,355,82.045975,82.045975,184.81357
132,straight_high_BL_0_J000_003.png,straight,h4_exc,103,79.56502,79.56502,155.10085
133,straight_high_BL_0_J000_003.png,straight,h4_exc,445,77.787796,77.787796,132.12189
134,straight_high_BL_0_J000_003.png,straight,h4_exc,498,71.693085,71.693085,132.55872
135,straight_high_BL_0_J000_003.png,straight,h4_exc,474,70.53158,70.53158,159.10373
136,straight_high_BL_0_J000_003.png,straight,h4_exc,416,70.26018,70.26018,140.03978
137,straight_high_BL_0_J000_003.png,straight,h4_exc,58,67.71132,67.71132,134.60667
138,straight_high_BL_0_J000_003.png,straight,h4_exc,334,61.662807,61.662807,115.86343
139,straight_high_BL_0_J000_003.png,straight,h4_exc,364,60.966995,60.966995,108.85763
140,straight_high_BL_0_J000_003.png,straight,h4_exc,377,60.757343,60.757343,118.68089
141,straight_high_BL_0_J000_003.png,straight,h4_exc,136,60.691265,60.691265,117.8651
142,straight_high_BL_0_J000_003.png,straight,h4_exc,37,59.11768,59.11768,110.81421
143,straight_high_BL_0_J000_003.png,straight,h4_exc,482,59.10974,59.10974,122.12627
144,straight_high_BL_0_J000_003.png,straight,h4_exc,506,59.02849,59.02849,108.811615
145,straight_high_BL_0_J000_003.png,straight,h4_exc,280,58.942448,58.942448,107.993805
146,straight_high_BL_0_J000_003.png,straight,h4_exc,361,58.69313,58.69313,111.51771
147,straight_high_BL_0_J000_003.png,straight,h4_exc,440,58.015297,58.015297,110.610985
148,straight_high_BL_0_J000_003.png,straight,h4_exc,270,57.83299,57.83299,453.23526
149,straight_high_BL_0_J000_003.png,straight,h4_exc,291,57.549305,57.549305,113.850624
150,straight_high_BL_0_J000_003.png,straight,h4_exc,60,57.49563,57.49563,488.9433
151,straight_high_BL_0_J000_003.png,straight,h4_exc,67,57.429806,57.429806,119.707214
152,straight_high_BL_0_J000_003.png,straight,h4_exc,140,56.430458,56.430458,116.7246
153,straight_high_BL_0_J000_003.png,straight,h4_exc,221,56.020454,56.020454,118.21831
154,straight_high_BL_0_J000_003.png,straight,h4_exc,149,55.28929,55.28929,113.94361
155,straight_high_BL_0_J000_003.png,straight,h4_exc,459,53.973198,53.973198,117.865875
156,straight_high_BL_0_J000_003.png,straight,h4_exc,159,53.52306,53.52306,1533.6255
157,straight_high_BL_0_J000_003.png,straight,h4_exc,75,52.635136,52.635136,129.54297
158,straight_high_BL_0_J000_003.png,straight,h4_exc,350,51.11162,51.11162,110.58995
159,straight_high_BL_0_J000_003.png,straight,h4_exc,354,50.333046,50.333046,121.02414
160,straight_high_BL_0_J000_003.png,straight,h4_exc,487,49.97951,49.97951,1457.9868
161,straight_high_BL_0_J000_003.png,straight,h4_exc,53,49.931236,49.931236,102.77771
162,straight_high_BL_0_J000_003.png,straight,h4_exc,236,49.229496,49.229496,93.631546
163,straight_high_BL_0_J000_003.png,straight,h4_exc,257,48.73223,48.73223,106.745445
164,straight_high_BL_0_J000_003.png,straight,h4_exc,303,47.8633,47.8633,102.07633
165,straight_high_BL_0_J000_003.png,straight,h4_exc,446,47.485695,47.485695,109.5316
166,straight_high_BL_0_J000_003.png,straight,h4_exc,107,46.840355,46.840355,86.33572
167,straight_high_BL_0_J000_003.png,straight,h4_exc,419,46.41126,46.41126,79.52295
168,straight_high_BL_0_J000_003.png,straight,h4_exc,316,46.33862,46.33862,83.08194
169,straight_high_BL_0_J000_003.png,straight,h4_exc,197,45.982548,45.982548,81.38043
170,straight_high_BL_0_J000_003.png,straight,h4_exc,464,45.72872,45.72872,87.214455
171,straight_high_BL_0_J000_003.png,straight,h4_exc,240,45.36537,45.36537,86.951164
172,straight_high_BL_0_J000_003.png,straight,h4_exc,174,45.28128,45.28128,378.64166
173,straight_high_BL_0_J000_003.png,straight,h4_exc,297,44.515995,44.515995,116.84795
174,straight_high_BL_0_J000_003.png,straight,h4_exc,264,43.67761,43.67761,84.3951
175,straight_high_BL_0_J000_003.png,straight,h4_exc,288,41.839745,41.839745,91.26825
176,straight_high_BL_0_J000_003.png,straight,h4_exc,177,40.61278,40.61278,78.02592
177,straight_high_BL_0_J000_003.png,straight,h4_exc,35,40.44007,40.44007,74.88996
178,straight_high_BL_0_J000_003.png,straight,h4_exc,439,39.110855,39.110855,79.64092
179,straight_high_BL_0_J000_003.png,straight,h4_exc,429,38.611187,38.611187,103.29299
180,straight_high_BL_0_J000_003.png,straight,h4_exc,510,37.594643,37.594643,76.40899
181,straight_high_BL_0_J000_003.png,straight,h4_exc,6,37.41513,37.41513,72.25892
182,straight_high_BL_0_J000_003.png,straight,h4_exc,278,37.24657,37.24657,72.43325
183,straight_high_BL_0_J000_003.png,straight,h4_exc,508,37.159622,37.159622,59.998466
184,straight_high_BL_0_J000_003.png,straight,h4_exc,400,36.154884,36.154884,73.879105
185,straight_high_BL_0_J000_003.png,straight,h4_exc,78,35.516224,35.516224,77.00241
186,straight_high_BL_0_J000_003.png,straight,h4_exc,477,34.61516,34.61516,61.26555
187,straight_high_BL_0_J000_003.png,straight,h4_exc,55,34.34791,34.34791,77.17913
188,straight_high_BL_0_J000_003.png,straight,h4_exc,309,34.31613,34.31613,75.5393
189,straight_high_BL_0_J000_003.png,straight,h4_exc,231,34.30141,34.30141,69.35534
190,straight_high_BL_0_J000_003.png,straight,h4_exc,104,33.72125,33.72125,59.5073
191,straight_high_BL_0_J000_003.png,straight,h4_exc,215,32.59991,32.59991,73.62817
192,straight_high_BL_0_J000_003.png,straight,h4_exc,428,32.34056,32.34056,59.148186
193,straight_high_BL_0_J000_003.png,straight,h4_exc,357,31.84226,31.84226,67.640686
194,straight_high_BL_0_J000_003.png,straight,h4_exc,500,29.672606,29.672606,70.29371
195,straight_high_BL_0_J000_003.png,straight,h4_exc,111,28.804026,28.804026,70.74276
196,straight_high_BL_0_J000_003.png,straight,h4_exc,504,28.715513,28.715513,58.40414
197,straight_high_BL_0_J000_003.png,straight,h4_exc,511,27.743801,27.743801,55.690266
198,straight_high_BL_0_J000_003.png,straight,h4_exc,187,27.339684,27.339684,52.7619
199,straight_high_BL_0_J000_003.png,straight,h4_exc,176,26.21207,26.21207,47.71153
200,straight_high_BL_0_J000_003.png,straight,h4_exc,360,26.082186,26.082186,47.83815
201,straight_high_BL_0_J000_003.png,straight,h4_exc,148,25.789589,25.789589,188.95538
202,straight_high_BL_0_J000_003.png,straight,h4_exc,271,25.37329,25.37329,317.45465
203,straight_high_BL_0_J000_003.png,straight,h4_exc,462,25.246954,25.246954,49.19676
204,straight_high_BL_0_J000_003.png,straight,h4_exc,322,25.17755,25.17755,48.409218
205,straight_high_BL_0_J000_003.png,straight,h4_exc,341,25.176071,25.176071,47.88092
206,straight_high_BL_0_J000_003.png,straight,h4_exc,386,24.639656,24.639656,47.684265
207,straight_high_BL_0_J000_003.png,straight,h4_exc,115,24.048637,24.048637,541.79596
208,straight_high_BL_0_J000_003.png,straight,h4_exc,259,23.861494,23.861494,77.16397
209,straight_high_BL_0_J000_003.png,straight,h4_exc,97,23.1626,23.1626,61.794407
210,straight_high_BL_0_J000_003.png,straight,h4_exc,284,22.175531,22.175531,41.27974
211,straight_high_BL_0_J000_003.png,straight,h4_exc,45,21.06574,21.06574,47.192905
212,straight_high_BL_0_J000_003.png,straight,h4_exc,272,20.57605,20.57605,50.589485
213,straight_high_BL_0_J000_003.png,straight,h4_exc,145,19.802704,19.802704,49.49915
214,straight_high_BL_0_J000_003.png,straight,h4_exc,345,19.602594,19.602594,42.28593
215,straight_high_BL_0_J000_003.png,straight,h4_exc,388,19.241314,19.241314,43.73127
216,straight_high_BL_0_J000_003.png,straight,h4_exc,298,18.388105,18.388105,44.436012
217,straight_high_BL_0_J000_003.png,straight,h4_exc,314,18.314558,18.314558,33.725964
218,straight_high_BL_0_J000_003.png,straight,h4_exc,403,16.710909,16.710909,372.28796
219,straight_high_BL_0_J000_003.png,straight,h4_exc,395,16.594685,16.594685,38.881844
220,straight_high_BL_0_J000_003.png,straight,h4_exc,390,16.484337,16.484337,38.66908
221,straight_high_BL_0_J000_003.png,straight,h4_exc,281,15.39052,15.39052,35.843143
222,straight_high_BL_0_J000_003.png,straight,h4_exc,300,15.08661,15.08661,28.205286
223,straight_high_BL_0_J000_003.png,straight,h4_exc,66,15.06264,15.06264,27.083626
224,straight_high_BL_0_J000_003.png,straight,h4_exc,21,14.284808,14.284808,28.56192
225,straight_high_BL_0_J000_003.png,straight,h4_exc,285,14.0261,14.0261,36.630146
226,straight_high_BL_0_J000_003.png,straight,h4_exc,126,13.874284,13.874284,32.46974
227,straight_high_BL_0_J000_003.png,straight,h4_exc,23,13.651192,13.651192,22.550861
228,straight_high_BL_0_J000_003.png,straight,h4_exc,266,13.572866,13.572866,31.012936
229,straight_high_BL_0_J000_003.png,straight,h4_exc,81,13.515381,13.515381,30.35699
230,straight_high_BL_0_J000_003.png,straight,h4_exc,91,13.249373,13.249373,45.586487
231,straight_high_BL_0_J000_003.png,straight,h4_exc,198,13.094789,13.094789,34.666607
232,straight_high_BL_0_J000_003.png,straight,h4_exc,305,12.938702,12.938702,28.59594
233,straight_high_BL_0_J000_003.png,straight,h4_exc,139,12.855207,12.855207,30.205088
234,straight_high_BL_0_J000_003.png,straight,h4_exc,463,12.812888,12.812888,25.712595
235,straight_high_BL_0_J000_003.png,straight,h4_exc,274,12.212386,12.212386,36.015133
236,straight_high_BL_0_J000_003.png,straight,h4_exc,29,12.001537,12.001537,35.168312
237,straight_high_BL_0_J000_003.png,straight,h4_exc,505,11.309087,11.309087,26.711567
238,straight_high_BL_0_J000_003.png,straight,h4_exc,479,11.203854,11.203854,20.966476
239,straight_high_BL_0_J000_003.png,straight,h4_exc,102,10.8563595,10.8563595,21.446598
240,straight_high_BL_0_J000_003.png,straight,h4_exc,320,10.433656,10.433656,29.7533
241,straight_high_BL_0_J000_003.png,straight,h4_exc,296,9.83429,9.83429,42.67698
242,straight_high_BL_0_J000_003.png,straight,h4_exc,157,9.297284,9.297284,20.729353
243,straight_high_BL_0_J000_003.png,straight,h4_exc,122,8.742304,8.742304,1991.2384
244,straight_high_BL_0_J000_003.png,straight,h4_exc,194,8.326349,8.326349,21.69169
245,straight_high_BL_0_J000_003.png,straight,h4_exc,150,8.083346,8.083346,15.785524
246,straight_high_BL_0_J000_003.png,straight,h4_exc,371,8.052759,8.052759,15.23108
247,straight_high_BL_0_J000_003.png,straight,h4_exc,426,7.485763,7.485763,15.866731
248,straight_high_BL_0_J000_003.png,straight,h4_exc,48,7.1451874,7.1451874,33.548492
249,straight_high_BL_0_J000_003.png,straight,h4_exc,490,6.782203,6.782203,20.282478
250,straight_high_BL_0_J000_003.png,straight,h4_exc,411,6.73483,6.73483,11.840221
251,straight_high_BL_0_J000_003.png,straight,h4_exc,393,6.601139,6.601139,385.84656
252,straight_high_BL_0_J000_003.png,straight,h4_exc,166,6.3497596,6.3497596,11.858869
253,straight_high_BL_0_J000_003.png,straight,h4_exc,292,6.319422,6.319422,13.712706
254,straight_high_BL_0_J000_003.png,straight,h4_exc,501,6.1587095,6.1587095,14.873491
255,straight_high_BL_0_J000_003.png,straight,h4_exc,260,6.0819683,6.0819683,17.906782
256,straight_high_BL_0_J000_003.png,straight,h4_exc,299,5.8007507,5.8007507,28.120214
257,straight_high_BL_0_J000_003.png,straight,h4_exc,344,5.727498,5.727498,14.971483
258,straight_high_BL_0_J000_003.png,straight,h4_exc,333,5.5153193,5.5153193,15.851506
259,straight_high_BL_0_J000_003.png,straight,h4_exc,457,5.32317,5.32317,11.081827
260,straight_high_BL_0_J000_003.png,straight,h4_exc,71,5.2292333,5.2292333,22.247849
261,straight_high_BL_0_J000_003.png,straight,h4_exc,265,5.098674,5.098674,18.824987
262,straight_high_BL_0_J000_003.png,straight,h4_exc,258,4.865918,4.865918,15.762498
263,straight_high_BL_0_J000_003.png,straight,h4_exc,410,4.6817217,4.6817217,16.271446
264,straight_high_BL_0_J000_003.png,straight,h4_exc,206,4.202848,4.202848,96.90694
265,straight_high_BL_0_J000_003.png,straight,h4_exc,59,4.1668606,4.1668606,6.6002398
266,straight_high_BL_0_J000_003.png,straight,h4_exc,365,3.8579998,3.8579998,338.04105
267,straight_high_BL_0_J000_003.png,straight,h4_exc,279,3.5178874,3.5178874,13.837849
268,straight_high_BL_0_J000_003.png,straight,h4_exc,261,3.4823463,3.4823463,8.826847
269,straight_high_BL_0_J000_003.png,straight,h4_exc,244,3.46737,3.46737,6.956992
270,straight_high_BL_0_J000_003.png,straight,h4_exc,190,3.4382725,3.4382725,149.82626
271,straight_high_BL_0_J000_003.png,straight,h4_exc,277,3.0200071,3.0200071,9.925125
272,straight_high_BL_0_J000_003.png,straight,h4_exc,218,2.975711,2.975711,6.806536
273,straight_high_BL_0_J000_003.png,straight,h4_exc,436,2.8446226,2.8446226,26.211153
274,straight_high_BL_0_J000_003.png,straight,h4_exc,9,2.8261755,2.8261755,23.592674
275,straight_high_BL_0_J000_003.png,straight,h4_exc,183,2.6891677,2.6891677,12.5038
276,straight_high_BL_0_J000_003.png,straight,h4_exc,120,2.6413887,2.6413887,82.84291
277,straight_high_BL_0_J000_003.png,straight,h4_exc,17,2.6024156,2.6024156,12.422712
278,straight_high_BL_0_J000_003.png,straight,h4_exc,307,2.4850216,2.4850216,978.22217
279,straight_high_BL_0_J000_003.png,straight,h4_exc,289,2.4521928,2.4521928,22.26558
280,straight_high_BL_0_J000_003.png,straight,h4_exc,471,1.980303,1.980303,4.9962792
281,straight_high_BL_0_J000_003.png,straight,h4_exc,302,1.8969243,1.8969243,12.212443
282,straight_high_BL_0_J000_003.png,straight,h4_exc,435,1.5262963,1.5262963,7.2107716
283,straight_high_BL_0_J000_003.png,straight,h4_exc,191,1.4089644,1.4089644,4.484649
284,straight_high_BL_0_J000_003.png,straight,h4_exc,268,1.3027922,1.3027922,12.698099
285,straight_high_BL_0_J000_003.png,straight,h4_exc,79,1.293767,1.293767,25.430584
286,straight_high_BL_0_J000_003.png,straight,h4_exc,263,1.1745633,1.1745633,5.0051584
287,straight_high_BL_0_J000_003.png,straight,h4_exc,63,1.1692089,1.1692089,9.6656065
288,straight_high_BL_0_J000_003.png,straight,h4_exc,141,1.1531484,1.1531484,4.183297
289,straight_high_BL_0_J000_003.png,straight,h4_exc,207,1.1476423,1.1476423,3.3742766
290,straight_high_BL_0_J000_003.png,straight,h4_exc,72,1.1430527,1.1430527,6.0568943
291,straight_high_BL_0_J000_003.png,straight,h4_exc,213,1.0824208,1.0824208,1.6566551
292,straight_high_BL_0_J000_003.png,straight,h4_exc,173,1.0572598,1.0572598,15.259115
293,straight_high_BL_0_J000_003.png,straight,h4_exc,54,1.0119834,1.0119834,2.6116476
294,straight_high_BL_0_J000_003.png,straight,h4_exc,219,0.91582674,0.91582674,5.8548384
295,straight_high_BL_0_J000_003.png,straight,h4_exc,409,0.85070384,0.85070384,7.930702
296,straight_high_BL_0_J000_003.png,straight,h4_exc,20,0.83550185,0.83550185,3.3364925
297,straight_high_BL_0_J000_003.png,straight,h4_exc,378,0.8348858,0.8348858,1.3775184
298,straight_high_BL_0_J000_003.png,straight,h4_exc,276,0.83132875,0.83132875,2.9288392
299,straight_high_BL_0_J000_003.png,straight,h4_exc,491,0.805147,0.805147,40.27192
300,straight_high_BL_0_J000_003.png,straight,h4_exc,473,0.78937036,0.78937036,2.2787874
301,straight_high_BL_0_J000_003.png,straight,h4_exc,68,0.7779358,0.7779358,92.07395
302,straight_high_BL_0_J000_003.png,straight,h4_exc,217,0.708218,0.708218,3.2249842
303,straight_high_BL_0_J000_003.png,straight,h4_exc,94,0.68564254,0.68564254,1.7724805
304,straight_high_BL_0_J000_003.png,straight,h4_exc,172,0.6846254,0.6846254,16.833506
305,straight_high_BL_0_J000_003.png,straight,h4_exc,211,0.68325645,0.68325645,1.2953784
306,straight_high_BL_0_J000_003.png,straight,h4_exc,321,0.6694674,0.6694674,1.2702701
307,straight_high_BL_0_J000_003.png,straight,h4_exc,484,0.6591525,0.6591525,11.459986
308,straight_high_BL_0_J000_003.png,straight,h4_exc,10,0.6561769,0.6561769,2.9814885
309,straight_high_BL_0_J000_003.png,straight,h4_exc,186,0.6335607,0.6335607,135.3
310,straight_high_BL_0_J000_003.png,straight,h4_exc,178,0.6219223,0.6219223,1.026109
311,straight_high_BL_0_J000_003.png,straight,h4_exc,42,0.621582,0.621582,2.4360623
312,straight_high_BL_0_J000_003.png,straight,h4_exc,363,0.5852225,0.5852225,2.6645129
313,straight_high_BL_0_J000_003.png,straight,h4_exc,131,0.58428603,0.58428603,0.87143433
314,straight_high_BL_0_J000_003.png,straight,h4_exc,0,0.57880265,0.57880265,23.69903
315,straight_high_BL_0_J000_003.png,straight,h4_exc,208,0.57473963,0.57473963,6.5646753
316,straight_high_BL_0_J000_003.png,straight,h4_exc,394,0.574719,0.574719,1.3299901
317,straight_high_BL_0_J000_003.png,straight,h4_exc,160,0.5580376,0.5580376,3.2183623
318,straight_high_BL_0_J000_003.png,straight,h4_exc,3,0.5404716,0.5404716,1.9504036
319,straight_high_BL_0_J000_003.png,straight,h4_exc,33,0.5401579,0.5401579,1.2824273
320,straight_high_BL_0_J000_003.png,straight,h4_exc,151,0.5367514,0.5367514,0.7716423
321,straight_high_BL_0_J000_003.png,straight,h4_exc,476,0.5350325,0.5350325,1.2164544
322,straight_high_BL_0_J000_003.png,straight,h4_exc,466,0.5101114,0.5101114,3.384122
323,straight_high_BL_0_J000_003.png,straight,h4_exc,408,0.49749538,0.49749538,1.053876
324,straight_high_BL_0_J000_003.png,straight,h4_exc,250,0.49423686,0.49423686,2.400688
325,straight_high_BL_0_J000_003.png,straight,h4_exc,343,0.47654784,0.47654784,0.6635895
326,straight_high_BL_0_J000_003.png,straight,h4_exc,184,0.47457972,0.47457972,0.61400074
327,straight_high_BL_0_J000_003.png,straight,h4_exc,494,0.47170323,0.47170323,0.9550029
328,straight_high_BL_0_J000_003.png,straight,h4_exc,507,0.45631,0.45631,4.3160887
329,straight_high_BL_0_J000_003.png,straight,h4_exc,495,0.45372203,0.45372203,0.52752495
330,straight_high_BL_0_J000_003.png,straight,h4_exc,451,0.44175488,0.44175488,1.2466838
331,straight_high_BL_0_J000_003.png,straight,h4_exc,454,0.4288717,0.4288717,0.9193443
332,straight_high_BL_0_J000_003.png,straight,h4_exc,449,0.42067647,0.42067647,0.57596546
333,straight_high_BL_0_J000_003.png,straight,h4_exc,152,0.41276017,0.41276017,0.84838015
334,straight_high_BL_0_J000_003.png,straight,h4_exc,401,0.39794195,0.39794195,2.5792925
335,straight_high_BL_0_J000_003.png,straight,h4_exc,397,0.3920329,0.3920329,7.6605077
336,straight_high_BL_0_J000_003.png,straight,h4_exc,326,0.3917971,0.3917971,1.334251
337,straight_high_BL_0_J000_003.png,straight,h4_exc,496,0.38019904,0.38019904,0.6804652
338,straight_high_BL_0_J000_003.png,straight,h4_exc,232,0.37545308,0.37545308,2.5795429
339,straight_high_BL_0_J000_003.png,straight,h4_exc,337,0.3610493,0.3610493,18.24796
340,straight_high_BL_0_J000_003.png,straight,h4_exc,336,0.35887727,0.35887727,2.6583793
341,straight_high_BL_0_J000_003.png,straight,h4_exc,306,0.354546,0.354546,0.67988724
342,straight_high_BL_0_J000_003.png,straight,h4_exc,340,0.3517955,0.3517955,0.645777
343,straight_high_BL_0_J000_003.png,straight,h4_exc,456,0.3440008,0.3440008,0.6106072
344,straight_high_BL_0_J000_003.png,straight,h4_exc,437,0.33991295,0.33991295,5.71635
345,straight_high_BL_0_J000_003.png,straight,h4_exc,253,0.33853722,0.33853722,1.1685145
346,straight_high_BL_0_J000_003.png,straight,h4_exc,380,0.32508254,0.32508254,2.5050936
347,straight_high_BL_0_J000_003.png,straight,h4_exc,308,0.3225185,0.3225185,0.41172796
348,straight_high_BL_0_J000_003.png,straight,h4_exc,203,0.32107463,0.32107463,1.2892187
349,straight_high_BL_0_J000_003.png,straight,h4_exc,434,0.31280544,0.31280544,0.7414567
350,straight_high_BL_0_J000_003.png,straight,h4_exc,114,0.31090605,0.31090605,1.8604763
351,straight_high_BL_0_J000_003.png,straight,h4_exc,18,0.3014362,0.3014362,0.97208416
352,straight_high_BL_0_J000_003.png,straight,h4_exc,342,0.29141217,0.29141217,2.449494
353,straight_high_BL_0_J000_003.png,straight,h4_exc,396,0.28948316,0.28948316,0.6168732
354,straight_high_BL_0_J000_003.png,straight,h4_exc,509,0.28542042,0.28542042,0.51618713
355,straight_high_BL_0_J000_003.png,straight,h4_exc,138,0.2822511,0.2822511,7.2471056
356,straight_high_BL_0_J000_003.png,straight,h4_exc,93,0.27401412,0.27401412,3.2410297
357,straight_high_BL_0_J000_003.png,straight,h4_exc,241,0.27349433,0.27349433,0.34771574
358,straight_high_BL_0_J000_003.png,straight,h4_exc,422,0.2703436,0.2703436,0.36613396
359,straight_high_BL_0_J000_003.png,straight,h4_exc,468,0.26713237,0.26713237,1.9622428
360,straight_high_BL_0_J000_003.png,straight,h4_exc,51,0.25811976,0.25811976,0.5035769
361,straight_high_BL_0_J000_003.png,straight,h4_exc,80,0.25682822,0.25682822,3.7899253
362,straight_high_BL_0_J000_003.png,straight,h4_exc,294,0.25492993,0.25492993,1.4595292
363,straight_high_BL_0_J000_003.png,straight,h4_exc,28,0.25258836,0.25258836,0.9063255
364,straight_high_BL_0_J000_003.png,straight,h4_exc,212,0.24583863,0.24583863,0.5384061
365,straight_high_BL_0_J000_003.png,straight,h4_exc,202,0.24401693,0.24401693,1.4011681
366,straight_high_BL_0_J000_003.png,straight,h4_exc,417,0.23938559,0.23938559,0.96728575
367,straight_high_BL_0_J000_003.png,straight,h4_exc,185,0.23837298,0.23837298,0.53013456
368,straight_high_BL_0_J000_003.png,straight,h4_exc,251,0.23487025,0.23487025,2.227527
369,straight_high_BL_0_J000_003.png,straight,h4_exc,441,0.23458637,0.23458637,0.46154648
370,straight_high_BL_0_J000_003.png,straight,h4_exc,382,0.23189594,0.23189594,0.41492048
371,straight_high_BL_0_J000_003.png,straight,h4_exc,125,0.22474363,0.22474363,0.9804482
372,straight_high_BL_0_J000_003.png,straight,h4_exc,358,0.21066585,0.21066585,2.7222054
373,straight_high_BL_0_J000_003.png,straight,h4_exc,392,0.2074529,0.2074529,0.34073362
374,straight_high_BL_0_J000_003.png,straight,h4_exc,2,0.20560746,0.20560746,0.33966234
375,straight_high_BL_0_J000_003.png,straight,h4_exc,170,0.20528793,0.20528793,0.473073
376,straight_high_BL_0_J000_003.png,straight,h4_exc,384,0.20347439,0.20347439,0.3047714
377,straight_high_BL_0_J000_003.png,straight,h4_exc,192,0.203462,0.203462,0.34065896
378,straight_high_BL_0_J000_003.png,straight,h4_exc,425,0.20237167,0.20237167,1.4240525
379,straight_high_BL_0_J000_003.png,straight,h4_exc,32,0.20131637,0.20131637,1.1036923
380,straight_high_BL_0_J000_003.png,straight,h4_exc,385,0.19869001,0.19869001,0.95971715
381,straight_high_BL_0_J000_003.png,straight,h4_exc,41,0.19409288,0.19409288,2.1139958
382,straight_high_BL_0_J000_003.png,straight,h4_exc,4,0.19376339,0.19376339,4.7752295
383,straight_high_BL_0_J000_003.png,straight,h4_exc,503,0.1904408,0.1904408,0.46226788
384,straight_high_BL_0_J000_003.png,straight,h4_exc,502,0.18676253,0.18676253,1.3783169
385,straight_high_BL_0_J000_003.png,straight,h4_exc,391,0.17331089,0.17331089,16.98966
386,straight_high_BL_0_J000_003.png,straight,h4_exc,182,0.16971493,0.16971493,0.40365863
387,straight_high_BL_0_J000_003.png,straight,h4_exc,319,0.16810967,0.16810967,0.36967278
388,straight_high_BL_0_J000_003.png,straight,h4_exc,486,0.1668926,0.1668926,5.35701
389,straight_high_BL_0_J000_003.png,straight,h4_exc,304,0.16606691,0.16606691,1.092811
390,straight_high_BL_0_J000_003.png,straight,h4_exc,43,0.16110466,0.16110466,0.4028091
391,straight_high_BL_0_J000_003.png,straight,h4_exc,179,0.16002542,0.16002542,0.7750834
392,straight_high_BL_0_J000_003.png,straight,h4_exc,113,0.15625302,0.15625302,0.3726637
393,straight_high_BL_0_J000_003.png,straight,h4_exc,100,0.15346208,0.15346208,1.4138259
394,straight_high_BL_0_J000_003.png,straight,h4_exc,12,0.15310831,0.15310831,0.60127187
395,straight_high_BL_0_J000_003.png,straight,h4_exc,427,0.15227824,0.15227824,0.5499017
396,straight_high_BL_0_J000_003.png,straight,h4_exc,455,0.1516166,0.1516166,0.7288081
397,straight_high_BL_0_J000_003.png,straight,h4_exc,222,0.15096135,0.15096135,0.26423916
398,straight_high_BL_0_J000_003.png,straight,h4_exc,237,0.14879274,0.14879274,0.29049024
399,straight_high_BL_0_J000_003.png,straight,h4_exc,1,0.14835832,0.14835832,0.22090992
400,straight_high_BL_0_J000_003.png,straight,h4_exc,128,0.14775045,0.14775045,0.28397402
401,straight_high_BL_0_J000_003.png,straight,h4_exc,368,0.1457874,0.1457874,0.28393677
402,straight_high_BL_0_J000_003.png,straight,h4_exc,83,0.1398122,0.1398122,0.39305702
403,straight_high_BL_0_J000_003.png,straight,h4_exc,239,0.13804853,0.13804853,6.9914365
404,straight_high_BL_0_J000_003.png,straight,h4_exc,431,0.13649166,0.13649166,0.19754548
405,straight_high_BL_0_J000_003.png,straight,h4_exc,372,0.13399753,0.13399753,0.42969933
406,straight_high_BL_0_J000_003.png,straight,h4_exc,204,0.13394022,0.13394022,11.911382
407,straight_high_BL_0_J000_003.png,straight,h4_exc,249,0.1329897,0.1329897,16.159334
408,straight_high_BL_0_J000_003.png,straight,h4_exc,415,0.12951359,0.12951359,0.24446857
409,straight_high_BL_0_J000_003.png,straight,h4_exc,13,0.12808764,0.12808764,0.37276182
410,straight_high_BL_0_J000_003.png,straight,h4_exc,488,0.1278184,0.1278184,3.9104912
411,straight_high_BL_0_J000_003.png,straight,h4_exc,461,0.1274633,0.1274633,1.539669
412,straight_high_BL_0_J000_003.png,straight,h4_exc,223,0.12686989,0.12686989,3.1899135
413,straight_high_BL_0_J000_003.png,straight,h4_exc,252,0.12534334,0.12534334,0.2899009
414,straight_high_BL_0_J000_003.png,straight,h4_exc,62,0.12343089,0.12343089,0.32116616
415,straight_high_BL_0_J000_003.png,straight,h4_exc,87,0.12313355,0.12313355,0.33990395
416,straight_high_BL_0_J000_003.png,straight,h4_exc,234,0.12243444,0.12243444,0.2598077
417,straight_high_BL_0_J000_003.png,straight,h4_exc,24,0.12241838,0.12241838,0.2676988
418,straight_high_BL_0_J000_003.png,straight,h4_exc,335,0.11993862,0.11993862,0.22245006
419,straight_high_BL_0_J000_003.png,straight,h4_exc,255,0.11815828,0.11815828,0.52827156
420,straight_high_BL_0_J000_003.png,straight,h4_exc,56,0.115148194,0.115148194,1.0335739
421,straight_high_BL_0_J000_003.png,straight,h4_exc,438,0.11514206,0.11514206,0.47370288
422,straight_high_BL_0_J000_003.png,straight,h4_exc,351,0.112927094,0.112927094,0.3355455
423,straight_high_BL_0_J000_003.png,straight,h4_exc,432,0.11252457,0.11252457,0.23786436
424,straight_high_BL_0_J000_003.png,straight,h4_exc,235,0.111631334,0.111631334,0.7206251
425,straight_high_BL_0_J000_003.png,straight,h4_exc,156,0.109582245,0.109582245,0.27806187
426,straight_high_BL_0_J000_003.png,straight,h4_exc,7,0.10835027,0.10835027,0.49951378
427,straight_high_BL_0_J000_003.png,straight,h4_exc,8,0.10821407,0.10821407,0.21976757
428,straight_high_BL_0_J000_003.png,straight,h4_exc,492,0.10790729,0.10790729,0.21991801
429,straight_high_BL_0_J000_003.png,straight,h4_exc,366,0.107548274,0.107548274,0.71275485
430,straight_high_BL_0_J000_003.png,straight,h4_exc,88,0.106901094,0.106901094,0.37706503
431,straight_high_BL_0_J000_003.png,straight,h4_exc,161,0.10623264,0.10623264,0.45209938
432,straight_high_BL_0_J000_003.png,straight,h4_exc,119,0.104367286,0.104367286,1.0652778
433,straight_high_BL_0_J000_003.png,straight,h4_exc,16,0.1035383,0.1035383,0.23347723
434,straight_high_BL_0_J000_003.png,straight,h4_exc,19,0.10130587,0.10130587,0.76191825
435,straight_high_BL_0_J000_003.png,straight,h4_exc,293,0.09964453,0.09964453,5.2425766
436,straight_high_BL_0_J000_003.png,straight,h4_exc,387,0.0958194,0.0958194,0.34255922
437,straight_high_BL_0_J000_003.png,straight,h4_exc,348,0.09477146,0.09477146,1.5476198
438,straight_high_BL_0_J000_003.png,straight,h4_exc,472,0.09148649,0.09148649,1.1113924
439,straight_high_BL_0_J000_003.png,straight,h4_exc,323,0.09085702,0.09085702,0.18238838
440,straight_high_BL_0_J000_003.png,straight,h4_exc,123,0.0896995,0.0896995,4.8156333
441,straight_high_BL_0_J000_003.png,straight,h4_exc,167,0.088716686,0.088716686,0.43993482
442,straight_high_BL_0_J000_003.png,straight,h4_exc,450,0.08815979,0.08815979,0.3421846
443,straight_high_BL_0_J000_003.png,straight,h4_exc,175,0.08791891,0.08791891,0.2088827
444,straight_high_BL_0_J000_003.png,straight,h4_exc,412,0.08780939,0.08780939,0.47508365
445,straight_high_BL_0_J000_003.png,straight,h4_exc,153,0.08773404,0.08773404,0.24666294
446,straight_high_BL_0_J000_003.png,straight,h4_exc,162,0.08601189,0.08601189,0.14104265
447,straight_high_BL_0_J000_003.png,straight,h4_exc,40,0.085162714,0.085162714,0.13676631
448,straight_high_BL_0_J000_003.png,straight,h4_exc,189,0.0849184,0.0849184,0.39806724
449,straight_high_BL_0_J000_003.png,straight,h4_exc,332,0.08458931,0.08458931,0.15145183
450,straight_high_BL_0_J000_003.png,straight,h4_exc,106,0.08293583,0.08293583,0.16560009
451,straight_high_BL_0_J000_003.png,straight,h4_exc,452,0.08048155,0.08048155,0.2521223
452,straight_high_BL_0_J000_003.png,straight,h4_exc,356,0.07991187,0.07991187,2.5757334
453,straight_high_BL_0_J000_003.png,straight,h4_exc,269,0.07881395,0.07881395,0.32246342
454,straight_high_BL_0_J000_003.png,straight,h4_exc,389,0.07841998,0.07841998,0.13641745
455,straight_high_BL_0_J000_003.png,straight,h4_exc,283,0.07638807,0.07638807,1.6378819
456,straight_high_BL_0_J000_003.png,straight,h4_exc,27,0.07452598,0.07452598,0.43467218
457,straight_high_BL_0_J000_003.png,straight,h4_exc,74,0.07425091,0.07425091,0.17476001
458,straight_high_BL_0_J000_003.png,straight,h4_exc,14,0.07424989,0.07424989,1.8540062
459,straight_high_BL_0_J000_003.png,straight,h4_exc,430,0.07199569,0.07199569,0.15263438
460,straight_high_BL_0_J000_003.png,straight,h4_exc,301,0.06857386,0.06857386,0.17316043
461,straight_high_BL_0_J000_003.png,straight,h4_exc,96,0.06669661,0.06669661,0.17533231
462,straight_high_BL_0_J000_003.png,straight,h4_exc,381,0.06524518,0.06524518,0.1721671
463,straight_high_BL_0_J000_003.png,straight,h4_exc,460,0.062478837,0.062478837,0.16378362
464,straight_high_BL_0_J000_003.png,straight,h4_exc,478,0.062449742,0.062449742,0.3057441
465,straight_high_BL_0_J000_003.png,straight,h4_exc,353,0.06202408,0.06202408,0.13023408
466,straight_high_BL_0_J000_003.png,straight,h4_exc,318,0.0617302,0.0617302,0.82426804
467,straight_high_BL_0_J000_003.png,straight,h4_exc,118,0.061090577,0.061090577,0.120032765
468,straight_high_BL_0_J000_003.png,straight,h4_exc,76,0.06095185,0.06095185,0.13002837
469,straight_high_BL_0_J000_003.png,straight,h4_exc,325,0.059311975,0.059311975,0.2967051
470,straight_high_BL_0_J000_003.png,straight,h4_exc,132,0.05844986,0.05844986,0.17160983
471,straight_high_BL_0_J000_003.png,straight,h4_exc,424,0.057614673,0.057614673,0.36519724
472,straight_high_BL_0_J000_003.png,straight,h4_exc,349,0.056387052,0.056387052,0.23966603
473,straight_high_BL_0_J000_003.png,straight,h4_exc,199,0.05594305,0.05594305,0.4717566
474,straight_high_BL_0_J000_003.png,straight,h4_exc,44,0.0557137,0.0557137,0.13574094
475,straight_high_BL_0_J000_003.png,straight,h4_exc,209,0.054451328,0.054451328,0.3610695
476,straight_high_BL_0_J000_003.png,straight,h4_exc,124,0.05429697,0.05429697,1.7212093
477,straight_high_BL_0_J000_003.png,straight,h4_exc,399,0.054020956,0.054020956,0.13685699
478,straight_high_BL_0_J000_003.png,straight,h4_exc,286,0.053259496,0.053259496,0.26544112
479,straight_high_BL_0_J000_003.png,straight,h4_exc,245,0.053142536,0.053142536,0.16259693
480,straight_high_BL_0_J000_003.png,straight,h4_exc,406,0.05000513,0.05000513,1.9581599
481,straight_high_BL_0_J000_003.png,straight,h4_exc,442,0.047508955,0.047508955,0.19547118
482,straight_high_BL_0_J000_003.png,straight,h4_exc,414,0.043915678,0.043915678,0.104058556
483,straight_high_BL_0_J000_003.png,straight,h4_exc,49,0.04334632,0.04334632,0.09170728
484,straight_high_BL_0_J000_003.png,straight,h4_exc,469,0.040597025,0.040597025,4.1633234
485,straight_high_BL_0_J000_003.png,straight,h4_exc,57,0.039276995,0.039276995,0.10503186
486,straight_high_BL_0_J000_003.png,straight,h4_exc,31,0.038299486,0.038299486,0.13788623
487,straight_high_BL_0_J000_003.png,straight,h4_exc,483,0.034594648,0.034594648,0.23578857
488,straight_high_BL_0_J000_003.png,straight,h4_exc,228,0.03349899,0.03349899,0.24492033
489,straight_high_BL_0_J000_003.png,straight,h4_exc,65,0.03299487,0.03299487,0.12589788
490,straight_high_BL_0_J000_003.png,straight,h4_exc,70,0.03260624,0.03260624,0.2251432
491,straight_high_BL_0_J000_003.png,straight,h4_exc,347,0.03246946,0.03246946,1.6855606
492,straight_high_BL_0_J000_003.png,straight,h4_exc,404,0.031023,0.031023,0.10364279
493,straight_high_BL_0_J000_003.png,straight,h4_exc,413,0.030349264,0.030349264,0.11185105
494,straight_high_BL_0_J000_003.png,straight,h4_exc,168,0.024401953,0.024401953,0.07387623
495,straight_high_BL_0_J000_003.png,straight,h4_exc,481,0.023348128,0.023348128,0.038511775
496,straight_high_BL_0_J000_003.png,straight,h4_exc,201,0.021345729,0.021345729,0.27917537
497,straight_high_BL_0_J000_003.png,straight,h4_exc,331,0.020513134,0.020513134,0.09140491
498,straight_high_BL_0_J000_003.png,straight,h4_exc,311,0.020322615,0.020322615,0.17550899
499,straight_high_BL_0_J000_003.png,straight,h4_exc,95,0.020209668,0.020209668,0.061946426
500,straight_high_BL_0_J000_003.png,straight,h4_exc,105,0.019473946,0.019473946,0.28133827
501,straight_high_BL_0_J000_003.png,straight,h4_exc,84,0.018681426,0.018681426,0.075284675
502,straight_high_BL_0_J000_003.png,straight,h4_exc,405,0.016432747,0.016432747,0.11506031
503,straight_high_BL_0_J000_003.png,straight,h4_exc,373,0.01341537,0.01341537,0.12662387
504,straight_high_BL_0_J000_003.png,straight,h4_exc,210,0.012892199,0.012892199,0.16885394
505,straight_high_BL_0_J000_003.png,straight,h4_exc,324,0.00876899,0.00876899,0.06663366
506,straight_high_BL_0_J000_003.png,straight,h4_exc,144,0.008315764,0.008315764,0.022346029
507,straight_high_BL_0_J000_003.png,straight,h4_exc,339,0.008246203,0.008246203,0.06779368
508,straight_high_BL_0_J000_003.png,straight,h4_exc,214,0.008130306,0.008130306,0.021655401
509,straight_high_BL_0_J000_003.png,straight,h4_exc,418,0.0074692736,0.0074692736,0.051849626
510,straight_high_BL_0_J000_003.png,straight,h4_exc,130,0.0074322834,0.0074322834,0.06185263
511,straight_high_BL_0_J000_003.png,straight,h4_exc,254,0.003059472,0.003059472,0.027847258
512,straight_high_BL_0_J000_003.png,straight,h4_exc,216,0.00026494375,0.00026494375,0.010059463
1,straight_high_BL_0_J000_003.png,straight,td_h0_exc,45,6.0637417,6.0637417,131.6066
2,straight_high_BL_0_J000_003.png,straight,td_h0_exc,62,5.6527576,5.6527576,246.36246
3,straight_high_BL_0_J000_003.png,straight,td_h0_exc,12,5.549065,5.549065,242.08618
4,straight_high_BL_0_J000_003.png,straight,td_h0_exc,7,5.347639,5.347639,160.42072
5,straight_high_BL_0_J000_003.png,straight,td_h0_exc,2,4.8533125,4.8533125,145.43657
6,straight_high_BL_0_J000_003.png,straight,td_h0_exc,44,4.798007,4.798007,77.51492
7,straight_high_BL_0_J000_003.png,straight,td_h0_exc,1,4.6399674,4.6399674,104.0139
8,straight_high_BL_0_J000_003.png,straight,td_h0_exc,50,4.606321,4.606321,29.307293
9,straight_high_BL_0_J000_003.png,straight,td_h0_exc,31,4.4529867,4.4529867,20.754425
10,straight_high_BL_0_J000_003.png,straight,td_h0_exc,59,4.3771086,4.3771086,121.89862
11,straight_high_BL_0_J000_003.png,straight,td_h0_exc,53,4.2755632,4.2755632,247.55847
12,straight_high_BL_0_J000_003.png,straight,td_h0_exc,32,4.2303853,4.2303853,190.23683
13,straight_high_BL_0_J000_003.png,straight,td_h0_exc,26,4.1189723,4.1189723,102.5206
14,straight_high_BL_0_J000_003.png,straight,td_h0_exc,55,4.0254602,4.0254602,94.48455
15,straight_high_BL_0_J000_003.png,straight,td_h0_exc,21,4.0013313,4.0013313,79.658585
16,straight_high_BL_0_J000_003.png,straight,td_h0_exc,24,3.9977179,3.9977179,70.0164
17,straight_high_BL_0_J000_003.png,straight,td_h0_exc,4,3.6781151,3.6781151,79.20762
18,straight_high_BL_0_J000_003.png,straight,td_h0_exc,54,3.614938,3.614938,21.438503
19,straight_high_BL_0_J000_003.png,straight,td_h0_exc,61,3.5104635,3.5104635,66.57949
20,straight_high_BL_0_J000_003.png,straight,td_h0_exc,10,3.3872678,3.3872678,78.822624
21,straight_high_BL_0_J000_003.png,straight,td_h0_exc,47,3.3829434,3.3829434,22.566242
22,straight_high_BL_0_J000_003.png,straight,td_h0_exc,39,3.374112,3.374112,22.20245
23,straight_high_BL_0_J000_003.png,straight,td_h0_exc,36,3.236917,3.236917,42.12043
24,straight_high_BL_0_J000_003.png,straight,td_h0_exc,11,3.1995745,3.1995745,20.954573
25,straight_high_BL_0_J000_003.png,straight,td_h0_exc,17,3.0111432,3.0111432,139.19342
26,straight_high_BL_0_J000_003.png,straight,td_h0_exc,33,2.90231,2.90231,71.273895
27,straight_high_BL_0_J000_003.png,straight,td_h0_exc,9,2.8636696,2.8636696,43.0344
28,straight_high_BL_0_J000_003.png,straight,td_h0_exc,27,2.584631,2.584631,27.594265
29,straight_high_BL_0_J000_003.png,straight,td_h0_exc,28,2.4762237,2.4762237,71.493614
30,straight_high_BL_0_J000_003.png,straight,td_h0_exc,22,2.2379386,2.2379386,33.740788
31,straight_high_BL_0_J000_003.png,straight,td_h0_exc,18,2.1646225,2.1646225,20.316338
32,straight_high_BL_0_J000_003.png,straight,td_h0_exc,42,1.7576283,1.7576283,17.890438
33,straight_high_BL_0_J000_003.png,straight,td_h0_exc,5,0.9151464,0.9151464,28.298294
34,straight_high_BL_0_J000_003.png,straight,td_h0_exc,16,0.8925774,0.8925774,9.542915
35,straight_high_BL_0_J000_003.png,straight,td_h0_exc,48,0.86194336,0.86194336,13.359755
36,straight_high_BL_0_J000_003.png,straight,td_h0_exc,30,0.83918434,0.83918434,7.032417
37,straight_high_BL_0_J000_003.png,straight,td_h0_exc,56,0.7951168,0.7951168,39.006096
38,straight_high_BL_0_J000_003.png,straight,td_h0_exc,52,0.7875736,0.7875736,4.1110244
39,straight_high_BL_0_J000_003.png,straight,td_h0_exc,14,0.7739145,0.7739145,15.607834
40,straight_high_BL_0_J000_003.png,straight,td_h0_exc,15,0.73976165,0.73976165,7.8605967
41,straight_high_BL_0_J000_003.png,straight,td_h0_exc,43,0.71924955,0.71924955,9.330164
42,straight_high_BL_0_J000_003.png,straight,td_h0_exc,35,0.685916,0.685916,26.401415
43,straight_high_BL_0_J000_003.png,straight,td_h0_exc,6,0.6777839,0.6777839,9.205096
44,straight_high_BL_0_J000_003.png,straight,td_h0_exc,46,0.57738584,0.57738584,8.315897
45,straight_high_BL_0_J000_003.png,straight,td_h0_exc,58,0.56801414,0.56801414,3.9584897
46,straight_high_BL_0_J000_003.png,straight,td_h0_exc,41,0.5555183,0.5555183,2.6448283
47,straight_high_BL_0_J000_003.png,straight,td_h0_exc,8,0.5494388,0.5494388,3.0775237
48,straight_high_BL_0_J000_003.png,straight,td_h0_exc,13,0.53258365,0.53258365,7.8996954
49,straight_high_BL_0_J000_003.png,straight,td_h0_exc,25,0.52955985,0.52955985,2.4537635
50,straight_high_BL_0_J000_003.png,straight,td_h0_exc,60,0.52624685,0.52624685,4.8004165
51,straight_high_BL_0_J000_003.png,straight,td_h0_exc,23,0.51946753,0.51946753,25.962788
52,straight_high_BL_0_J000_003.png,straight,td_h0_exc,19,0.41002712,0.41002712,0.79851687
53,straight_high_BL_0_J000_003.png,straight,td_h0_exc,57,0.39989457,0.39989457,7.640119
54,straight_high_BL_0_J000_003.png,straight,td_h0_exc,49,0.39801487,0.39801487,6.69897
55,straight_high_BL_0_J000_003.png,straight,td_h0_exc,20,0.38759065,0.38759065,6.3979735
56,straight_high_BL_0_J000_003.png,straight,td_h0_exc,0,0.37055692,0.37055692,8.780724
57,straight_high_BL_0_J000_003.png,straight,td_h0_exc,34,0.33428496,0.33428496,15.773284
58,straight_high_BL_0_J000_003.png,straight,td_h0_exc,3,0.19558996,0.19558996,1.446678
59,straight_high_BL_0_J000_003.png,straight,td_h0_exc,37,0.18476355,0.18476355,1.0279274
60,straight_high_BL_0_J000_003.png,straight,td_h0_exc,63,0.17484812,0.17484812,2.3774781
61,straight_high_BL_0_J000_003.png,straight,td_h0_exc,38,0.16931267,0.16931267,1.0184697
62,straight_high_BL_0_J000_003.png,straight,td_h0_exc,40,0.16684934,0.16684934,2.3018317
63,straight_high_BL_0_J000_003.png,straight,td_h0_exc,51,0.15343796,0.15343796,2.436344
64,straight_high_BL_0_J000_003.png,straight,td_h0_exc,29,0.13151358,0.13151358,1.128166
1,straight_high_BL_0_J000_003.png,straight,td_h1_exc,29,3.6105413,3.6105413,23.189178
2,straight_high_BL_0_J000_003.png,straight,td_h1_exc,23,2.945491,2.945491,29.07289
3,straight_high_BL_0_J000_003.png,straight,td_h1_exc,102,2.7924,2.7924,18.23425
4,straight_high_BL_0_J000_003.png,straight,td_h1_exc,7,2.6574273,2.6574273,16.446054
5,straight_high_BL_0_J000_003.png,straight,td_h1_exc,78,2.4389963,2.4389963,23.654621
6,straight_high_BL_0_J000_003.png,straight,td_h1_exc,92,2.2773886,2.2773886,18.063192
7,straight_high_BL_0_J000_003.png,straight,td_h1_exc,65,2.1400785,2.1400785,9.166523
8,straight_high_BL_0_J000_003.png,straight,td_h1_exc,25,2.1383376,2.1383376,20.542715
9,straight_high_BL_0_J000_003.png,straight,td_h1_exc,62,2.064972,2.064972,8.57113
10,straight_high_BL_0_J000_003.png,straight,td_h1_exc,28,2.0489058,2.0489058,11.317036
11,straight_high_BL_0_J000_003.png,straight,td_h1_exc,105,2.0178685,2.0178685,9.2714405
12,straight_high_BL_0_J000_003.png,straight,td_h1_exc,61,1.9655228,1.9655228,24.809965
13,straight_high_BL_0_J000_003.png,straight,td_h1_exc,80,1.9328454,1.9328454,12.369021
14,straight_high_BL_0_J000_003.png,straight,td_h1_exc,0,1.8785309,1.8785309,21.524912
15,straight_high_BL_0_J000_003.png,straight,td_h1_exc,72,1.7069904,1.7069904,26.380774
16,straight_high_BL_0_J000_003.png,straight,td_h1_exc,121,1.7021312,1.7021312,14.890185
17,straight_high_BL_0_J000_003.png,straight,td_h1_exc,22,1.6526412,1.6526412,6.855822
18,straight_high_BL_0_J000_003.png,straight,td_h1_exc,45,1.6429002,1.6429002,11.67812
19,straight_high_BL_0_J000_003.png,straight,td_h1_exc,6,1.6105193,1.6105193,17.6918
20,straight_high_BL_0_J000_003.png,straight,td_h1_exc,20,1.5571774,1.5571774,10.425697
21,straight_high_BL_0_J000_003.png,straight,td_h1_exc,64,1.454537,1.454537,13.619179
22,straight_high_BL_0_J000_003.png,straight,td_h1_exc,21,1.4403149,1.4403149,16.935102
23,straight_high_BL_0_J000_003.png,straight,td_h1_exc,94,1.436625,1.436625,7.952068
24,straight_high_BL_0_J000_003.png,straight,td_h1_exc,82,1.4306599,1.4306599,36.061913
25,straight_high_BL_0_J000_003.png,straight,td_h1_exc,4,1.4091855,1.4091855,6.0415654
26,straight_high_BL_0_J000_003.png,straight,td_h1_exc,13,1.3856573,1.3856573,15.710601
27,straight_high_BL_0_J000_003.png,straight,td_h1_exc,93,1.3422949,1.3422949,6.034966
28,straight_high_BL_0_J000_003.png,straight,td_h1_exc,49,1.3298169,1.3298169,13.679598
29,straight_high_BL_0_J000_003.png,straight,td_h1_exc,54,1.3110187,1.3110187,17.483229
30,straight_high_BL_0_J000_003.png,straight,td_h1_exc,63,1.3012793,1.3012793,4.1373057
31,straight_high_BL_0_J000_003.png,straight,td_h1_exc,11,1.2886951,1.2886951,98.21971
32,straight_high_BL_0_J000_003.png,straight,td_h1_exc,1,1.2841269,1.2841269,6.3954587
33,straight_high_BL_0_J000_003.png,straight,td_h1_exc,90,1.2726007,1.2726007,10.22174
34,straight_high_BL_0_J000_003.png,straight,td_h1_exc,40,1.267702,1.267702,7.9983745
35,straight_high_BL_0_J000_003.png,straight,td_h1_exc,108,1.2603197,1.2603197,3.435362
36,straight_high_BL_0_J000_003.png,straight,td_h1_exc,57,1.2479783,1.2479783,7.886666
37,straight_high_BL_0_J000_003.png,straight,td_h1_exc,83,1.2477793,1.2477793,6.360713
38,straight_high_BL_0_J000_003.png,straight,td_h1_exc,26,1.2436048,1.2436048,11.430849
39,straight_high_BL_0_J000_003.png,straight,td_h1_exc,41,1.2098743,1.2098743,5.4513226
40,straight_high_BL_0_J000_003.png,straight,td_h1_exc,58,1.2020589,1.2020589,3.3326523
41,straight_high_BL_0_J000_003.png,straight,td_h1_exc,96,1.2003453,1.2003453,5.884879
42,straight_high_BL_0_J000_003.png,straight,td_h1_exc,37,1.1238755,1.1238755,7.1672835
43,straight_high_BL_0_J000_003.png,straight,td_h1_exc,48,1.0673196,1.0673196,11.224091
44,straight_high_BL_0_J000_003.png,straight,td_h1_exc,84,1.0619786,1.0619786,8.190583
45,straight_high_BL_0_J000_003.png,straight,td_h1_exc,2,1.0203745,1.0203745,6.1168623
46,straight_high_BL_0_J000_003.png,straight,td_h1_exc,35,0.9981472,0.9981472,28.380323
47,straight_high_BL_0_J000_003.png,straight,td_h1_exc,24,0.9794638,0.9794638,3.3142169
48,straight_high_BL_0_J000_003.png,straight,td_h1_exc,55,0.9760576,0.9760576,5.7451134
49,straight_high_BL_0_J000_003.png,straight,td_h1_exc,15,0.97271055,0.97271055,1.8884017
50,straight_high_BL_0_J000_003.png,straight,td_h1_exc,36,0.96138465,0.96138465,5.957862
51,straight_high_BL_0_J000_003.png,straight,td_h1_exc,50,0.9566459,0.9566459,6.850294
52,straight_high_BL_0_J000_003.png,straight,td_h1_exc,98,0.9500964,0.9500964,32.567966
53,straight_high_BL_0_J000_003.png,straight,td_h1_exc,47,0.93617976,0.93617976,4.460825
54,straight_high_BL_0_J000_003.png,straight,td_h1_exc,99,0.9348888,0.9348888,7.386066
55,straight_high_BL_0_J000_003.png,straight,td_h1_exc,113,0.91457856,0.91457856,62.52048
56,straight_high_BL_0_J000_003.png,straight,td_h1_exc,110,0.9096138,0.9096138,9.276118
57,straight_high_BL_0_J000_003.png,straight,td_h1_exc,17,0.90076673,0.90076673,4.7808113
58,straight_high_BL_0_J000_003.png,straight,td_h1_exc,43,0.8769221,0.8769221,3.7850363
59,straight_high_BL_0_J000_003.png,straight,td_h1_exc,88,0.86584234,0.86584234,2.8917162
60,straight_high_BL_0_J000_003.png,straight,td_h1_exc,86,0.83168024,0.83168024,18.920475
61,straight_high_BL_0_J000_003.png,straight,td_h1_exc,14,0.8154979,0.8154979,3.8731441
62,straight_high_BL_0_J000_003.png,straight,td_h1_exc,79,0.81380427,0.81380427,22.657057
63,straight_high_BL_0_J000_003.png,straight,td_h1_exc,95,0.81244874,0.81244874,3.6007495
64,straight_high_BL_0_J000_003.png,straight,td_h1_exc,53,0.8066935,0.8066935,7.9776015
65,straight_high_BL_0_J000_003.png,straight,td_h1_exc,91,0.790429,0.790429,2.2912068
66,straight_high_BL_0_J000_003.png,straight,td_h1_exc,60,0.7614346,0.7614346,3.4555364
67,straight_high_BL_0_J000_003.png,straight,td_h1_exc,114,0.757988,0.757988,3.5876286
68,straight_high_BL_0_J000_003.png,straight,td_h1_exc,123,0.75758773,0.75758773,4.044856
69,straight_high_BL_0_J000_003.png,straight,td_h1_exc,39,0.7495934,0.7495934,3.9910583
70,straight_high_BL_0_J000_003.png,straight,td_h1_exc,27,0.7482469,0.7482469,4.8703704
71,straight_high_BL_0_J000_003.png,straight,td_h1_exc,18,0.7388641,0.7388641,3.9226859
72,straight_high_BL_0_J000_003.png,straight,td_h1_exc,68,0.73170835,0.73170835,5.3594275
73,straight_high_BL_0_J000_003.png,straight,td_h1_exc,12,0.72960985,0.72960985,3.0463243
74,straight_high_BL_0_J000_003.png,straight,td_h1_exc,10,0.6939183,0.6939183,3.9623847
75,straight_high_BL_0_J000_003.png,straight,td_h1_exc,124,0.69359887,0.69359887,11.670055
76,straight_high_BL_0_J000_003.png,straight,td_h1_exc,75,0.68939555,0.68939555,2.0105176
77,straight_high_BL_0_J000_003.png,straight,td_h1_exc,52,0.6811379,0.6811379,1.4787855
78,straight_high_BL_0_J000_003.png,straight,td_h1_exc,71,0.67858696,0.67858696,3.905642
79,straight_high_BL_0_J000_003.png,straight,td_h1_exc,38,0.672021,0.672021,1.7490687
80,straight_high_BL_0_J000_003.png,straight,td_h1_exc,3,0.6555626,0.6555626,3.1440475
81,straight_high_BL_0_J000_003.png,straight,td_h1_exc,51,0.65309644,0.65309644,3.138022
82,straight_high_BL_0_J000_003.png,straight,td_h1_exc,81,0.6462001,0.6462001,3.439776
83,straight_high_BL_0_J000_003.png,straight,td_h1_exc,89,0.636699,0.636699,3.6207442
84,straight_high_BL_0_J000_003.png,straight,td_h1_exc,97,0.6359726,0.6359726,1.51747
85,straight_high_BL_0_J000_003.png,straight,td_h1_exc,100,0.6316862,0.6316862,3.4391527
86,straight_high_BL_0_J000_003.png,straight,td_h1_exc,107,0.62632495,0.62632495,1.6957734
87,straight_high_BL_0_J000_003.png,straight,td_h1_exc,16,0.62408525,0.62408525,1.866272
88,straight_high_BL_0_J000_003.png,straight,td_h1_exc,74,0.6195346,0.6195346,2.5777845
89,straight_high_BL_0_J000_003.png,straight,td_h1_exc,8,0.6063537,0.6063537,2.6046736
90,straight_high_BL_0_J000_003.png,straight,td_h1_exc,122,0.5999175,0.5999175,1.4432505
91,straight_high_BL_0_J000_003.png,straight,td_h1_exc,66,0.5869179,0.5869179,1.9330295
92,straight_high_BL_0_J000_003.png,straight,td_h1_exc,104,0.57297266,0.57297266,3.2362685
93,straight_high_BL_0_J000_003.png,straight,td_h1_exc,31,0.5673318,0.5673318,2.7146788
94,straight_high_BL_0_J000_003.png,straight,td_h1_exc,85,0.5656776,0.5656776,1.4300361
95,straight_high_BL_0_J000_003.png,straight,td_h1_exc,126,0.5600772,0.5600772,2.3810322
96,straight_high_BL_0_J000_003.png,straight,td_h1_exc,118,0.5573915,0.5573915,3.2233226
97,straight_high_BL_0_J000_003.png,straight,td_h1_exc,42,0.5491571,0.5491571,1.970675
98,straight_high_BL_0_J000_003.png,straight,td_h1_exc,87,0.5480156,0.5480156,1.6015053
99,straight_high_BL_0_J000_003.png,straight,td_h1_exc,101,0.543535,0.543535,2.8991148
100,straight_high_BL_0_J000_003.png,straight,td_h1_exc,77,0.54047793,0.54047793,1.5433187
101,straight_high_BL_0_J000_003.png,straight,td_h1_exc,117,0.5306082,0.5306082,0.8657604
102,straight_high_BL_0_J000_003.png,straight,td_h1_exc,56,0.51144606,0.51144606,2.0841773
103,straight_high_BL_0_J000_003.png,straight,td_h1_exc,34,0.5097316,0.5097316,1.2903471
104,straight_high_BL_0_J000_003.png,straight,td_h1_exc,46,0.50899935,0.50899935,2.0983136
105,straight_high_BL_0_J000_003.png,straight,td_h1_exc,106,0.4938507,0.4938507,3.5750277
106,straight_high_BL_0_J000_003.png,straight,td_h1_exc,111,0.49366197,0.49366197,3.697868
107,straight_high_BL_0_J000_003.png,straight,td_h1_exc,125,0.4834202,0.4834202,10.088833
108,straight_high_BL_0_J000_003.png,straight,td_h1_exc,76,0.48242268,0.48242268,8.108902
109,straight_high_BL_0_J000_003.png,straight,td_h1_exc,115,0.46193418,0.46193418,2.6356218
110,straight_high_BL_0_J000_003.png,straight,td_h1_exc,119,0.4406987,0.4406987,5.405215
111,straight_high_BL_0_J000_003.png,straight,td_h1_exc,67,0.42865697,0.42865697,0.88082945
112,straight_high_BL_0_J000_003.png,straight,td_h1_exc,112,0.4047804,0.4047804,2.4747176
113,straight_high_BL_0_J000_003.png,straight,td_h1_exc,127,0.3892279,0.3892279,1.5161036
114,straight_high_BL_0_J000_003.png,straight,td_h1_exc,69,0.3723605,0.3723605,3.7610786
115,straight_high_BL_0_J000_003.png,straight,td_h1_exc,9,0.35967773,0.35967773,1.0099621
116,straight_high_BL_0_J000_003.png,straight,td_h1_exc,33,0.35786557,0.35786557,1.3791429
117,straight_high_BL_0_J000_003.png,straight,td_h1_exc,109,0.3465569,0.3465569,0.89645714
118,straight_high_BL_0_J000_003.png,straight,td_h1_exc,116,0.34141788,0.34141788,2.5508063
119,straight_high_BL_0_J000_003.png,straight,td_h1_exc,30,0.3303389,0.3303389,1.3111793
120,straight_high_BL_0_J000_003.png,straight,td_h1_exc,19,0.31285435,0.31285435,1.5121682
121,straight_high_BL_0_J000_003.png,straight,td_h1_exc,120,0.29709533,0.29709533,0.74491155
122,straight_high_BL_0_J000_003.png,straight,td_h1_exc,59,0.26771092,0.26771092,1.0122163
123,straight_high_BL_0_J000_003.png,straight,td_h1_exc,73,0.25386432,0.25386432,0.50261086
124,straight_high_BL_0_J000_003.png,straight,td_h1_exc,103,0.24046476,0.24046476,0.41988572
125,straight_high_BL_0_J000_003.png,straight,td_h1_exc,5,0.22410803,0.22410803,2.2374392
126,straight_high_BL_0_J000_003.png,straight,td_h1_exc,70,0.20816612,0.20816612,1.5248071
127,straight_high_BL_0_J000_003.png,straight,td_h1_exc,32,0.20212546,0.20212546,0.5694547
128,straight_high_BL_0_J000_003.png,straight,td_h1_exc,44,0.1797777,0.1797777,3.2661304
1,straight_high_BL_0_J000_003.png,straight,td_h2_exc,102,2.8138287,2.8138287,16.662798
2,straight_high_BL_0_J000_003.png,straight,td_h2_exc,207,2.676869,2.676869,13.987305
3,straight_high_BL_0_J000_003.png,straight,td_h2_exc,236,2.305012,2.305012,9.120435
4,straight_high_BL_0_J000_003.png,straight,td_h2_exc,180,2.2656593,2.2656593,10.100726
5,straight_high_BL_0_J000_003.png,straight,td_h2_exc,134,2.123911,2.123911,9.843298
6,straight_high_BL_0_J000_003.png,straight,td_h2_exc,87,2.0680573,2.0680573,15.588012
7,straight_high_BL_0_J000_003.png,straight,td_h2_exc,135,2.042903,2.042903,6.2661486
8,straight_high_BL_0_J000_003.png,straight,td_h2_exc,249,2.0021555,2.0021555,15.007611
9,straight_high_BL_0_J000_003.png,straight,td_h2_exc,147,1.9785147,1.9785147,6.7258344
10,straight_high_BL_0_J000_003.png,straight,td_h2_exc,113,1.9761122,1.9761122,7.166533
11,straight_high_BL_0_J000_003.png,straight,td_h2_exc,151,1.9750526,1.9750526,9.55942
12,straight_high_BL_0_J000_003.png,straight,td_h2_exc,51,1.9094324,1.9094324,12.56378
13,straight_high_BL_0_J000_003.png,straight,td_h2_exc,30,1.8598475,1.8598475,7.378736
14,straight_high_BL_0_J000_003.png,straight,td_h2_exc,50,1.8415668,1.8415668,5.483588
15,straight_high_BL_0_J000_003.png,straight,td_h2_exc,121,1.7256504,1.7256504,5.1743803
16,straight_high_BL_0_J000_003.png,straight,td_h2_exc,197,1.7131659,1.7131659,9.189994
17,straight_high_BL_0_J000_003.png,straight,td_h2_exc,165,1.6156113,1.6156113,5.6815424
18,straight_high_BL_0_J000_003.png,straight,td_h2_exc,141,1.585524,1.585524,7.2149644
19,straight_high_BL_0_J000_003.png,straight,td_h2_exc,196,1.5212262,1.5212262,6.4274096
20,straight_high_BL_0_J000_003.png,straight,td_h2_exc,124,1.488254,1.488254,4.9150987
21,straight_high_BL_0_J000_003.png,straight,td_h2_exc,57,1.4820386,1.4820386,12.760737
22,straight_high_BL_0_J000_003.png,straight,td_h2_exc,244,1.4817641,1.4817641,9.529437
23,straight_high_BL_0_J000_003.png,straight,td_h2_exc,33,1.4404918,1.4404918,8.45133
24,straight_high_BL_0_J000_003.png,straight,td_h2_exc,46,1.4171242,1.4171242,9.660025
25,straight_high_BL_0_J000_003.png,straight,td_h2_exc,218,1.4126323,1.4126323,8.298379
26,straight_high_BL_0_J000_003.png,straight,td_h2_exc,39,1.3841618,1.3841618,3.8727808
27,straight_high_BL_0_J000_003.png,straight,td_h2_exc,240,1.3698922,1.3698922,5.5285287
28,straight_high_BL_0_J000_003.png,straight,td_h2_exc,206,1.3614491,1.3614491,2.90418
29,straight_high_BL_0_J000_003.png,straight,td_h2_exc,215,1.3189181,1.3189181,4.2286706
30,straight_high_BL_0_J000_003.png,straight,td_h2_exc,198,1.3061672,1.3061672,3.067824
31,straight_high_BL_0_J000_003.png,straight,td_h2_exc,111,1.2548854,1.2548854,8.778781
32,straight_high_BL_0_J000_003.png,straight,td_h2_exc,238,1.238656,1.238656,3.8049467
33,straight_high_BL_0_J000_003.png,straight,td_h2_exc,35,1.2318628,1.2318628,6.2828627
34,straight_high_BL_0_J000_003.png,straight,td_h2_exc,6,1.225397,1.225397,2.6970298
35,straight_high_BL_0_J000_003.png,straight,td_h2_exc,223,1.2225971,1.2225971,5.6963563
36,straight_high_BL_0_J000_003.png,straight,td_h2_exc,114,1.2138046,1.2138046,3.1804047
37,straight_high_BL_0_J000_003.png,straight,td_h2_exc,120,1.2015557,1.2015557,2.0227532
38,straight_high_BL_0_J000_003.png,straight,td_h2_exc,97,1.2010695,1.2010695,6.157065
39,straight_high_BL_0_J000_003.png,straight,td_h2_exc,227,1.1992303,1.1992303,6.971807
40,straight_high_BL_0_J000_003.png,straight,td_h2_exc,232,1.1604236,1.1604236,5.0317273
41,straight_high_BL_0_J000_003.png,straight,td_h2_exc,22,1.1353558,1.1353558,6.267045
42,straight_high_BL_0_J000_003.png,straight,td_h2_exc,219,1.1309118,1.1309118,7.7592235
43,straight_high_BL_0_J000_003.png,straight,td_h2_exc,11,1.1301758,1.1301758,6.6881833
44,straight_high_BL_0_J000_003.png,straight,td_h2_exc,21,1.1216023,1.1216023,4.798608
45,straight_high_BL_0_J000_003.png,straight,td_h2_exc,9,1.1034092,1.1034092,7.656306
46,straight_high_BL_0_J000_003.png,straight,td_h2_exc,69,1.1026753,1.1026753,4.7072573
47,straight_high_BL_0_J000_003.png,straight,td_h2_exc,199,1.0930686,1.0930686,3.8550227
48,straight_high_BL_0_J000_003.png,straight,td_h2_exc,14,1.0793064,1.0793064,2.510193
49,straight_high_BL_0_J000_003.png,straight,td_h2_exc,155,1.0536009,1.0536009,2.9018767
50,straight_high_BL_0_J000_003.png,straight,td_h2_exc,188,1.052976,1.052976,3.0458832
51,straight_high_BL_0_J000_003.png,straight,td_h2_exc,41,1.0312735,1.0312735,1.622294
52,straight_high_BL_0_J000_003.png,straight,td_h2_exc,148,1.0055242,1.0055242,2.5947018
53,straight_high_BL_0_J000_003.png,straight,td_h2_exc,186,0.987617,0.987617,1.8178535
54,straight_high_BL_0_J000_003.png,straight,td_h2_exc,143,0.9852073,0.9852073,3.2915645
55,straight_high_BL_0_J000_003.png,straight,td_h2_exc,213,0.97777367,0.97777367,3.855206
56,straight_high_BL_0_J000_003.png,straight,td_h2_exc,127,0.9738837,0.9738837,2.4141645
57,straight_high_BL_0_J000_003.png,straight,td_h2_exc,153,0.9610688,0.9610688,3.7814698
58,straight_high_BL_0_J000_003.png,straight,td_h2_exc,73,0.9531471,0.9531471,3.476312
59,straight_high_BL_0_J000_003.png,straight,td_h2_exc,205,0.9528229,0.9528229,4.7038755
60,straight_high_BL_0_J000_003.png,straight,td_h2_exc,1,0.94457483,0.94457483,3.6270483
61,straight_high_BL_0_J000_003.png,straight,td_h2_exc,159,0.9409155,0.9409155,5.233308
62,straight_high_BL_0_J000_003.png,straight,td_h2_exc,53,0.9032423,0.9032423,6.1891313
63,straight_high_BL_0_J000_003.png,straight,td_h2_exc,250,0.9027952,0.9027952,1.6991383
64,straight_high_BL_0_J000_003.png,straight,td_h2_exc,191,0.8964031,0.8964031,1.7916392
65,straight_high_BL_0_J000_003.png,straight,td_h2_exc,75,0.8916868,0.8916868,3.3072996
66,straight_high_BL_0_J000_003.png,straight,td_h2_exc,125,0.8789465,0.8789465,3.994244
67,straight_high_BL_0_J000_003.png,straight,td_h2_exc,226,0.8741092,0.8741092,1.9198552
68,straight_high_BL_0_J000_003.png,straight,td_h2_exc,77,0.85324126,0.85324126,5.125068
69,straight_high_BL_0_J000_003.png,straight,td_h2_exc,91,0.84710884,0.84710884,1.6767821
70,straight_high_BL_0_J000_003.png,straight,td_h2_exc,171,0.84592134,0.84592134,3.197501
71,straight_high_BL_0_J000_003.png,straight,td_h2_exc,129,0.8407451,0.8407451,1.6201173
72,straight_high_BL_0_J000_003.png,straight,td_h2_exc,54,0.8354996,0.8354996,3.8305333
73,straight_high_BL_0_J000_003.png,straight,td_h2_exc,253,0.8327167,0.8327167,1.9511191
74,straight_high_BL_0_J000_003.png,straight,td_h2_exc,204,0.8310353,0.8310353,3.258779
75,straight_high_BL_0_J000_003.png,straight,td_h2_exc,106,0.8181561,0.8181561,1.9242808
76,straight_high_BL_0_J000_003.png,straight,td_h2_exc,152,0.8009524,0.8009524,2.093333
77,straight_high_BL_0_J000_003.png,straight,td_h2_exc,99,0.7902695,0.7902695,2.9334164
78,straight_high_BL_0_J000_003.png,straight,td_h2_exc,100,0.78983396,0.78983396,2.6394858
79,straight_high_BL_0_J000_003.png,straight,td_h2_exc,36,0.78504455,0.78504455,2.9188788
80,straight_high_BL_0_J000_003.png,straight,td_h2_exc,144,0.7845333,0.7845333,2.574045
81,straight_high_BL_0_J000_003.png,straight,td_h2_exc,156,0.7738225,0.7738225,2.190002
82,straight_high_BL_0_J000_003.png,straight,td_h2_exc,0,0.77096575,0.77096575,1.4760891
83,straight_high_BL_0_J000_003.png,straight,td_h2_exc,139,0.76716155,0.76716155,1.7662418
84,straight_high_BL_0_J000_003.png,straight,td_h2_exc,58,0.76705194,0.76705194,2.2572103
85,straight_high_BL_0_J000_003.png,straight,td_h2_exc,160,0.76131356,0.76131356,1.7332735
86,straight_high_BL_0_J000_003.png,straight,td_h2_exc,136,0.755372,0.755372,1.2955649
87,straight_high_BL_0_J000_003.png,straight,td_h2_exc,193,0.74122643,0.74122643,5.207414
88,straight_high_BL_0_J000_003.png,straight,td_h2_exc,84,0.7387574,0.7387574,4.297255
89,straight_high_BL_0_J000_003.png,straight,td_h2_exc,101,0.7350351,0.7350351,3.0195694
90,straight_high_BL_0_J000_003.png,straight,td_h2_exc,19,0.7320591,0.7320591,5.698323
91,straight_high_BL_0_J000_003.png,straight,td_h2_exc,38,0.7309633,0.7309633,1.571545
92,straight_high_BL_0_J000_003.png,straight,td_h2_exc,55,0.72824454,0.72824454,1.9987048
93,straight_high_BL_0_J000_003.png,straight,td_h2_exc,123,0.7229034,0.7229034,1.4853879
94,straight_high_BL_0_J000_003.png,straight,td_h2_exc,110,0.7153345,0.7153345,3.7093563
95,straight_high_BL_0_J000_003.png,straight,td_h2_exc,24,0.7131193,0.7131193,2.7504222
96,straight_high_BL_0_J000_003.png,straight,td_h2_exc,63,0.7129539,0.7129539,2.0992286
97,straight_high_BL_0_J000_003.png,straight,td_h2_exc,5,0.707088,0.707088,2.9161024
98,straight_high_BL_0_J000_003.png,straight,td_h2_exc,27,0.6980877,0.6980877,2.2546
99,straight_high_BL_0_J000_003.png,straight,td_h2_exc,105,0.6894962,0.6894962,2.3406909
100,straight_high_BL_0_J000_003.png,straight,td_h2_exc,179,0.6876104,0.6876104,1.5309687
101,straight_high_BL_0_J000_003.png,straight,td_h2_exc,220,0.6865308,0.6865308,1.9748353
102,straight_high_BL_0_J000_003.png,straight,td_h2_exc,79,0.6821318,0.6821318,1.5448775
103,straight_high_BL_0_J000_003.png,straight,td_h2_exc,42,0.6812656,0.6812656,2.2527647
104,straight_high_BL_0_J000_003.png,straight,td_h2_exc,116,0.67919904,0.67919904,1.8143916
105,straight_high_BL_0_J000_003.png,straight,td_h2_exc,189,0.67209184,0.67209184,1.6868396
106,straight_high_BL_0_J000_003.png,straight,td_h2_exc,235,0.6673587,0.6673587,2.2996273
107,straight_high_BL_0_J000_003.png,straight,td_h2_exc,187,0.6631274,0.6631274,1.3495399
108,straight_high_BL_0_J000_003.png,straight,td_h2_exc,201,0.6558522,0.6558522,2.0008297
109,straight_high_BL_0_J000_003.png,straight,td_h2_exc,72,0.6549405,0.6549405,1.6272728
110,straight_high_BL_0_J000_003.png,straight,td_h2_exc,94,0.6466275,0.6466275,1.0011132
111,straight_high_BL_0_J000_003.png,straight,td_h2_exc,241,0.6430763,0.6430763,2.4977791
112,straight_high_BL_0_J000_003.png,straight,td_h2_exc,56,0.64209944,0.64209944,2.7223964
113,straight_high_BL_0_J000_003.png,straight,td_h2_exc,43,0.6362879,0.6362879,1.7213429
114,straight_high_BL_0_J000_003.png,straight,td_h2_exc,48,0.633165,0.633165,3.1168392
115,straight_high_BL_0_J000_003.png,straight,td_h2_exc,217,0.63204384,0.63204384,1.693269
116,straight_high_BL_0_J000_003.png,straight,td_h2_exc,195,0.6228739,0.6228739,1.2582046
117,straight_high_BL_0_J000_003.png,straight,td_h2_exc,138,0.6188573,0.6188573,3.278659
118,straight_high_BL_0_J000_003.png,straight,td_h2_exc,208,0.61798704,0.61798704,1.6567854
119,straight_high_BL_0_J000_003.png,straight,td_h2_exc,126,0.61622334,0.61622334,1.7788413
120,straight_high_BL_0_J000_003.png,straight,td_h2_exc,68,0.6094522,0.6094522,3.0630045
121,straight_high_BL_0_J000_003.png,straight,td_h2_exc,168,0.60663533,0.60663533,1.4353516
122,straight_high_BL_0_J000_003.png,straight,td_h2_exc,59,0.60560954,0.60560954,1.0577662
123,straight_high_BL_0_J000_003.png,straight,td_h2_exc,131,0.58863723,0.58863723,1.8364527
124,straight_high_BL_0_J000_003.png,straight,td_h2_exc,182,0.5879582,0.5879582,1.6367607
125,straight_high_BL_0_J000_003.png,straight,td_h2_exc,119,0.5879554,0.5879554,1.5267761
126,straight_high_BL_0_J000_003.png,straight,td_h2_exc,194,0.58732295,0.58732295,2.4662478
127,straight_high_BL_0_J000_003.png,straight,td_h2_exc,81,0.58206666,0.58206666,1.0677893
128,straight_high_BL_0_J000_003.png,straight,td_h2_exc,23,0.57922035,0.57922035,1.5963454
129,straight_high_BL_0_J000_003.png,straight,td_h2_exc,65,0.57675433,0.57675433,1.0841901
130,straight_high_BL_0_J000_003.png,straight,td_h2_exc,80,0.5765612,0.5765612,2.2372208
131,straight_high_BL_0_J000_003.png,straight,td_h2_exc,86,0.5739477,0.5739477,4.2993813
132,straight_high_BL_0_J000_003.png,straight,td_h2_exc,76,0.56655765,0.56655765,2.0041142
133,straight_high_BL_0_J000_003.png,straight,td_h2_exc,248,0.56522834,0.56522834,2.1504674
134,straight_high_BL_0_J000_003.png,straight,td_h2_exc,224,0.5624916,0.5624916,1.3003668
135,straight_high_BL_0_J000_003.png,straight,td_h2_exc,118,0.5568478,0.5568478,1.2024037
136,straight_high_BL_0_J000_003.png,straight,td_h2_exc,246,0.55656785,0.55656785,2.5866885
137,straight_high_BL_0_J000_003.png,straight,td_h2_exc,89,0.554616,0.554616,2.4310153
138,straight_high_BL_0_J000_003.png,straight,td_h2_exc,185,0.5522287,0.5522287,1.8834395
139,straight_high_BL_0_J000_003.png,straight,td_h2_exc,167,0.5519995,0.5519995,1.0984765
140,straight_high_BL_0_J000_003.png,straight,td_h2_exc,158,0.54793143,0.54793143,0.84196913
141,straight_high_BL_0_J000_003.png,straight,td_h2_exc,242,0.54506487,0.54506487,1.662217
142,straight_high_BL_0_J000_003.png,straight,td_h2_exc,130,0.5428431,0.5428431,1.447206
143,straight_high_BL_0_J000_003.png,straight,td_h2_exc,140,0.5427261,0.5427261,1.3371344
144,straight_high_BL_0_J000_003.png,straight,td_h2_exc,154,0.5397182,0.5397182,1.0713167
145,straight_high_BL_0_J000_003.png,straight,td_h2_exc,176,0.5355013,0.5355013,1.5625019
146,straight_high_BL_0_J000_003.png,straight,td_h2_exc,67,0.530186,0.530186,3.1710253
147,straight_high_BL_0_J000_003.png,straight,td_h2_exc,145,0.52984583,0.52984583,3.1652706
148,straight_high_BL_0_J000_003.png,straight,td_h2_exc,157,0.5286278,0.5286278,1.5085778
149,straight_high_BL_0_J000_003.png,straight,td_h2_exc,117,0.52220136,0.52220136,1.0470006
150,straight_high_BL_0_J000_003.png,straight,td_h2_exc,178,0.5155906,0.5155906,0.89727664
151,straight_high_BL_0_J000_003.png,straight,td_h2_exc,128,0.5126159,0.5126159,1.0760834
152,straight_high_BL_0_J000_003.png,straight,td_h2_exc,95,0.5115894,0.5115894,1.2154326
153,straight_high_BL_0_J000_003.png,straight,td_h2_exc,66,0.509239,0.509239,1.3748524
154,straight_high_BL_0_J000_003.png,straight,td_h2_exc,32,0.50687903,0.50687903,0.8998013
155,straight_high_BL_0_J000_003.png,straight,td_h2_exc,254,0.5058967,0.5058967,0.9669027
156,straight_high_BL_0_J000_003.png,straight,td_h2_exc,13,0.49488708,0.49488708,1.1819797
157,straight_high_BL_0_J000_003.png,straight,td_h2_exc,62,0.49423656,0.49423656,1.6400136
158,straight_high_BL_0_J000_003.png,straight,td_h2_exc,12,0.49387255,0.49387255,1.2134556
159,straight_high_BL_0_J000_003.png,straight,td_h2_exc,239,0.4897887,0.4897887,0.85903907
160,straight_high_BL_0_J000_003.png,straight,td_h2_exc,10,0.48901722,0.48901722,2.8454123
161,straight_high_BL_0_J000_003.png,straight,td_h2_exc,211,0.48726517,0.48726517,2.335475
162,straight_high_BL_0_J000_003.png,straight,td_h2_exc,82,0.48647422,0.48647422,3.1047568
163,straight_high_BL_0_J000_003.png,straight,td_h2_exc,170,0.47780114,0.47780114,0.987582
164,straight_high_BL_0_J000_003.png,straight,td_h2_exc,17,0.47458404,0.47458404,1.6639575
165,straight_high_BL_0_J000_003.png,straight,td_h2_exc,174,0.4743544,0.4743544,0.7455665
166,straight_high_BL_0_J000_003.png,straight,td_h2_exc,64,0.46518016,0.46518016,1.0407281
167,straight_high_BL_0_J000_003.png,straight,td_h2_exc,103,0.45924544,0.45924544,2.0679066
168,straight_high_BL_0_J000_003.png,straight,td_h2_exc,237,0.44904312,0.44904312,0.8114675
169,straight_high_BL_0_J000_003.png,straight,td_h2_exc,212,0.44719467,0.44719467,0.6672478
170,straight_high_BL_0_J000_003.png,straight,td_h2_exc,8,0.44165477,0.44165477,0.6097648
171,straight_high_BL_0_J000_003.png,straight,td_h2_exc,225,0.43482265,0.43482265,0.7995807
172,straight_high_BL_0_J000_003.png,straight,td_h2_exc,255,0.42273518,0.42273518,0.7498369
173,straight_high_BL_0_J000_003.png,straight,td_h2_exc,45,0.41758853,0.41758853,1.3998086
174,straight_high_BL_0_J000_003.png,straight,td_h2_exc,209,0.41630417,0.41630417,0.6774083
175,straight_high_BL_0_J000_003.png,straight,td_h2_exc,177,0.41540405,0.41540405,1.24727
176,straight_high_BL_0_J000_003.png,straight,td_h2_exc,166,0.4109907,0.4109907,1.0962911
177,straight_high_BL_0_J000_003.png,straight,td_h2_exc,172,0.40835345,0.40835345,0.7795471
178,straight_high_BL_0_J000_003.png,straight,td_h2_exc,49,0.4082614,0.4082614,2.1549335
179,straight_high_BL_0_J000_003.png,straight,td_h2_exc,161,0.40560672,0.40560672,0.93171203
180,straight_high_BL_0_J000_003.png,straight,td_h2_exc,20,0.4041665,0.4041665,0.8354504
181,straight_high_BL_0_J000_003.png,straight,td_h2_exc,173,0.40403035,0.40403035,0.70216453
182,straight_high_BL_0_J000_003.png,straight,td_h2_exc,247,0.40067005,0.40067005,0.99971354
183,straight_high_BL_0_J000_003.png,straight,td_h2_exc,31,0.39744377,0.39744377,1.028699
184,straight_high_BL_0_J000_003.png,straight,td_h2_exc,107,0.3900621,0.3900621,0.6514089
185,straight_high_BL_0_J000_003.png,straight,td_h2_exc,70,0.38445342,0.38445342,2.321453
186,straight_high_BL_0_J000_003.png,straight,td_h2_exc,192,0.37993976,0.37993976,0.74202883
187,straight_high_BL_0_J000_003.png,straight,td_h2_exc,243,0.3778727,0.3778727,1.9533788
188,straight_high_BL_0_J000_003.png,straight,td_h2_exc,190,0.3757541,0.3757541,1.8907721
189,straight_high_BL_0_J000_003.png,straight,td_h2_exc,251,0.37561917,0.37561917,1.0192819
190,straight_high_BL_0_J000_003.png,straight,td_h2_exc,202,0.37094104,0.37094104,0.8940788
191,straight_high_BL_0_J000_003.png,straight,td_h2_exc,29,0.36899602,0.36899602,1.0383282
192,straight_high_BL_0_J000_003.png,straight,td_h2_exc,233,0.36637908,0.36637908,4.858649
193,straight_high_BL_0_J000_003.png,straight,td_h2_exc,88,0.35513175,0.35513175,1.2504797
194,straight_high_BL_0_J000_003.png,straight,td_h2_exc,93,0.35094002,0.35094002,0.59660685
195,straight_high_BL_0_J000_003.png,straight,td_h2_exc,146,0.34894928,0.34894928,0.55558693
196,straight_high_BL_0_J000_003.png,straight,td_h2_exc,133,0.3429858,0.3429858,0.808812
197,straight_high_BL_0_J000_003.png,straight,td_h2_exc,71,0.3309308,0.3309308,0.65509903
198,straight_high_BL_0_J000_003.png,straight,td_h2_exc,164,0.3134296,0.3134296,0.90410435
199,straight_high_BL_0_J000_003.png,straight,td_h2_exc,28,0.3109575,0.3109575,0.708186
200,straight_high_BL_0_J000_003.png,straight,td_h2_exc,104,0.30268845,0.30268845,1.6600932
201,straight_high_BL_0_J000_003.png,straight,td_h2_exc,230,0.3018454,0.3018454,0.6874635
202,straight_high_BL_0_J000_003.png,straight,td_h2_exc,184,0.3016901,0.3016901,0.6074213
203,straight_high_BL_0_J000_003.png,straight,td_h2_exc,47,0.2917632,0.2917632,0.8233418
204,straight_high_BL_0_J000_003.png,straight,td_h2_exc,92,0.28451747,0.28451747,2.3534727
205,straight_high_BL_0_J000_003.png,straight,td_h2_exc,3,0.28088456,0.28088456,0.5121879
206,straight_high_BL_0_J000_003.png,straight,td_h2_exc,245,0.27760988,0.27760988,0.46327198
207,straight_high_BL_0_J000_003.png,straight,td_h2_exc,210,0.26956233,0.26956233,0.7290019
208,straight_high_BL_0_J000_003.png,straight,td_h2_exc,34,0.26813042,0.26813042,0.5351804
209,straight_high_BL_0_J000_003.png,straight,td_h2_exc,228,0.26439178,0.26439178,0.52421176
210,straight_high_BL_0_J000_003.png,straight,td_h2_exc,44,0.25457695,0.25457695,0.97879845
211,straight_high_BL_0_J000_003.png,straight,td_h2_exc,18,0.25378498,0.25378498,0.78582734
212,straight_high_BL_0_J000_003.png,straight,td_h2_exc,26,0.25193095,0.25193095,0.7762627
213,straight_high_BL_0_J000_003.png,straight,td_h2_exc,60,0.24929014,0.24929014,1.2433861
214,straight_high_BL_0_J000_003.png,straight,td_h2_exc,25,0.24471694,0.24471694,1.0028125
215,straight_high_BL_0_J000_003.png,straight,td_h2_exc,83,0.24446133,0.24446133,0.45531985
216,straight_high_BL_0_J000_003.png,straight,td_h2_exc,181,0.24201964,0.24201964,2.0191092
217,straight_high_BL_0_J000_003.png,straight,td_h2_exc,214,0.23855673,0.23855673,0.49174696
218,straight_high_BL_0_J000_003.png,straight,td_h2_exc,229,0.2341408,0.2341408,1.15531
219,straight_high_BL_0_J000_003.png,straight,td_h2_exc,115,0.22889525,0.22889525,0.40726674
220,straight_high_BL_0_J000_003.png,straight,td_h2_exc,200,0.2278172,0.2278172,0.6268124
221,straight_high_BL_0_J000_003.png,straight,td_h2_exc,142,0.22653979,0.22653979,0.9441161
222,straight_high_BL_0_J000_003.png,straight,td_h2_exc,74,0.22569099,0.22569099,0.34317183
223,straight_high_BL_0_J000_003.png,straight,td_h2_exc,169,0.21829392,0.21829392,0.38018262
224,straight_high_BL_0_J000_003.png,straight,td_h2_exc,203,0.21558784,0.21558784,0.46592444
225,straight_high_BL_0_J000_003.png,straight,td_h2_exc,61,0.21308522,0.21308522,0.40304682
226,straight_high_BL_0_J000_003.png,straight,td_h2_exc,90,0.20715979,0.20715979,0.40900588
227,straight_high_BL_0_J000_003.png,straight,td_h2_exc,4,0.19622616,0.19622616,1.1830178
228,straight_high_BL_0_J000_003.png,straight,td_h2_exc,175,0.19416651,0.19416651,0.37127206
229,straight_high_BL_0_J000_003.png,straight,td_h2_exc,78,0.19020088,0.19020088,0.8648964
230,straight_high_BL_0_J000_003.png,straight,td_h2_exc,109,0.18782315,0.18782315,0.6372123
231,straight_high_BL_0_J000_003.png,straight,td_h2_exc,122,0.18649891,0.18649891,0.3035039
232,straight_high_BL_0_J000_003.png,straight,td_h2_exc,150,0.1833571,0.1833571,0.927068
233,straight_high_BL_0_J000_003.png,straight,td_h2_exc,96,0.17011301,0.17011301,0.50262105
234,straight_high_BL_0_J000_003.png,straight,td_h2_exc,52,0.16670139,0.16670139,0.7342531
235,straight_high_BL_0_J000_003.png,straight,td_h2_exc,231,0.16072667,0.16072667,0.5051489
236,straight_high_BL_0_J000_003.png,straight,td_h2_exc,221,0.15559372,0.15559372,0.5377215
237,straight_high_BL_0_J000_003.png,straight,td_h2_exc,163,0.14779182,0.14779182,0.4280655
238,straight_high_BL_0_J000_003.png,straight,td_h2_exc,40,0.14532793,0.14532793,0.6746867
239,straight_high_BL_0_J000_003.png,straight,td_h2_exc,112,0.13906181,0.13906181,0.39830732
240,straight_high_BL_0_J000_003.png,straight,td_h2_exc,98,0.13070306,0.13070306,0.29261824
241,straight_high_BL_0_J000_003.png,straight,td_h2_exc,37,0.12831096,0.12831096,0.36461127
242,straight_high_BL_0_J000_003.png,straight,td_h2_exc,16,0.12494955,0.12494955,0.55774426
243,straight_high_BL_0_J000_003.png,straight,td_h2_exc,137,0.11482542,0.11482542,0.5591853
244,straight_high_BL_0_J000_003.png,straight,td_h2_exc,216,0.10394726,0.10394726,0.26144624
245,straight_high_BL_0_J000_003.png,straight,td_h2_exc,183,0.09914088,0.09914088,0.6260922
246,straight_high_BL_0_J000_003.png,straight,td_h2_exc,162,0.09848179,0.09848179,1.0073304
247,straight_high_BL_0_J000_003.png,straight,td_h2_exc,222,0.08237891,0.08237891,0.27204633
248,straight_high_BL_0_J000_003.png,straight,td_h2_exc,234,0.07958777,0.07958777,0.4408719
249,straight_high_BL_0_J000_003.png,straight,td_h2_exc,2,0.055643644,0.055643644,0.20556389
250,straight_high_BL_0_J000_003.png,straight,td_h2_exc,132,0.05492684,0.05492684,0.29500532
251,straight_high_BL_0_J000_003.png,straight,td_h2_exc,149,0.048953444,0.048953444,0.35863873
252,straight_high_BL_0_J000_003.png,straight,td_h2_exc,15,0.047001272,0.047001272,0.15514839
253,straight_high_BL_0_J000_003.png,straight,td_h2_exc,108,0.036180057,0.036180057,0.2108378
254,straight_high_BL_0_J000_003.png,straight,td_h2_exc,252,0.02793881,0.02793881,0.105408445
255,straight_high_BL_0_J000_003.png,straight,td_h2_exc,85,0.023638535,0.023638535,0.13667582
256,straight_high_BL_0_J000_003.png,straight,td_h2_exc,7,0.016939988,0.016939988,0.092204966
1,straight_high_BL_0_J000_003.png,straight,td_h3_exc,269,7.858278,7.858278,38.533627
2,straight_high_BL_0_J000_003.png,straight,td_h3_exc,143,7.3422256,7.3422256,37.06086
3,straight_high_BL_0_J000_003.png,straight,td_h3_exc,181,4.149646,4.149646,18.802322
4,straight_high_BL_0_J000_003.png,straight,td_h3_exc,427,4.0051126,4.0051126,17.992817
5,straight_high_BL_0_J000_003.png,straight,td_h3_exc,445,3.8614197,3.8614197,10.946978
6,straight_high_BL_0_J000_003.png,straight,td_h3_exc,431,3.490155,3.490155,15.347208
7,straight_high_BL_0_J000_003.png,straight,td_h3_exc,433,3.4440296,3.4440296,16.064646
8,straight_high_BL_0_J000_003.png,straight,td_h3_exc,461,3.4092333,3.4092333,16.769384
9,straight_high_BL_0_J000_003.png,straight,td_h3_exc,329,3.3830214,3.3830214,13.544411
10,straight_high_BL_0_J000_003.png,straight,td_h3_exc,169,3.1844141,3.1844141,24.435772
11,straight_high_BL_0_J000_003.png,straight,td_h3_exc,383,3.0249612,3.0249612,24.143955
12,straight_high_BL_0_J000_003.png,straight,td_h3_exc,359,2.306755,2.306755,9.916349
13,straight_high_BL_0_J000_003.png,straight,td_h3_exc,117,2.2563336,2.2563336,7.006966
14,straight_high_BL_0_J000_003.png,straight,td_h3_exc,239,2.1526008,2.1526008,6.381799
15,straight_high_BL_0_J000_003.png,straight,td_h3_exc,426,2.1419926,2.1419926,8.211042
16,straight_high_BL_0_J000_003.png,straight,td_h3_exc,502,1.9482965,1.9482965,10.569639
17,straight_high_BL_0_J000_003.png,straight,td_h3_exc,292,1.9329903,1.9329903,10.704042
18,straight_high_BL_0_J000_003.png,straight,td_h3_exc,94,1.8930571,1.8930571,3.2442946
19,straight_high_BL_0_J000_003.png,straight,td_h3_exc,403,1.8183552,1.8183552,6.700137
20,straight_high_BL_0_J000_003.png,straight,td_h3_exc,156,1.8039274,1.8039274,5.205153
21,straight_high_BL_0_J000_003.png,straight,td_h3_exc,140,1.5969504,1.5969504,5.967
22,straight_high_BL_0_J000_003.png,straight,td_h3_exc,504,1.5924224,1.5924224,5.464824
23,straight_high_BL_0_J000_003.png,straight,td_h3_exc,2,1.5825871,1.5825871,4.6185555
24,straight_high_BL_0_J000_003.png,straight,td_h3_exc,216,1.5305221,1.5305221,2.5367465
25,straight_high_BL_0_J000_003.png,straight,td_h3_exc,17,1.453736,1.453736,7.776
26,straight_high_BL_0_J000_003.png,straight,td_h3_exc,218,1.3771564,1.3771564,3.1426291
27,straight_high_BL_0_J000_003.png,straight,td_h3_exc,245,1.3532758,1.3532758,3.2388024
28,straight_high_BL_0_J000_003.png,straight,td_h3_exc,5,1.350531,1.350531,3.5737362
29,straight_high_BL_0_J000_003.png,straight,td_h3_exc,447,1.3371843,1.3371843,3.2493544
30,straight_high_BL_0_J000_003.png,straight,td_h3_exc,98,1.3264488,1.3264488,3.710441
31,straight_high_BL_0_J000_003.png,straight,td_h3_exc,58,1.2813185,1.2813185,2.7856176
32,straight_high_BL_0_J000_003.png,straight,td_h3_exc,231,1.272126,1.272126,2.0136235
33,straight_high_BL_0_J000_003.png,straight,td_h3_exc,105,1.2659676,1.2659676,2.797276
34,straight_high_BL_0_J000_003.png,straight,td_h3_exc,78,1.2581524,1.2581524,3.6805017
35,straight_high_BL_0_J000_003.png,straight,td_h3_exc,498,1.2388173,1.2388173,2.8840091
36,straight_high_BL_0_J000_003.png,straight,td_h3_exc,391,1.2317526,1.2317526,2.4708061
37,straight_high_BL_0_J000_003.png,straight,td_h3_exc,182,1.2197969,1.2197969,3.4591594
38,straight_high_BL_0_J000_003.png,straight,td_h3_exc,303,1.2163278,1.2163278,5.5549974
39,straight_high_BL_0_J000_003.png,straight,td_h3_exc,429,1.2159134,1.2159134,2.2384722
40,straight_high_BL_0_J000_003.png,straight,td_h3_exc,324,1.1964335,1.1964335,2.1525116
41,straight_high_BL_0_J000_003.png,straight,td_h3_exc,248,1.1746225,1.1746225,4.493744
42,straight_high_BL_0_J000_003.png,straight,td_h3_exc,10,1.1670282,1.1670282,2.8364375
43,straight_high_BL_0_J000_003.png,straight,td_h3_exc,316,1.1622506,1.1622506,6.366164
44,straight_high_BL_0_J000_003.png,straight,td_h3_exc,203,1.1416506,1.1416506,2.6164312
45,straight_high_BL_0_J000_003.png,straight,td_h3_exc,397,1.1343147,1.1343147,3.3308387
46,straight_high_BL_0_J000_003.png,straight,td_h3_exc,436,1.1292628,1.1292628,1.9598787
47,straight_high_BL_0_J000_003.png,straight,td_h3_exc,289,1.1096379,1.1096379,2.070542
48,straight_high_BL_0_J000_003.png,straight,td_h3_exc,290,1.1059945,1.1059945,1.840928
49,straight_high_BL_0_J000_003.png,straight,td_h3_exc,260,1.0985991,1.0985991,3.1118731
50,straight_high_BL_0_J000_003.png,straight,td_h3_exc,79,1.0964687,1.0964687,1.7432748
51,straight_high_BL_0_J000_003.png,straight,td_h3_exc,362,1.0456299,1.0456299,3.1799817
52,straight_high_BL_0_J000_003.png,straight,td_h3_exc,313,1.0390548,1.0390548,2.6200902
53,straight_high_BL_0_J000_003.png,straight,td_h3_exc,175,1.033794,1.033794,2.2405474
54,straight_high_BL_0_J000_003.png,straight,td_h3_exc,138,1.0140755,1.0140755,2.2206175
55,straight_high_BL_0_J000_003.png,straight,td_h3_exc,101,0.9906299,0.9906299,2.3416622
56,straight_high_BL_0_J000_003.png,straight,td_h3_exc,417,0.9713388,0.9713388,1.8197726
57,straight_high_BL_0_J000_003.png,straight,td_h3_exc,372,0.9709845,0.9709845,2.1298532
58,straight_high_BL_0_J000_003.png,straight,td_h3_exc,400,0.96952474,0.96952474,2.5406313
59,straight_high_BL_0_J000_003.png,straight,td_h3_exc,339,0.9666216,0.9666216,1.7512959
60,straight_high_BL_0_J000_003.png,straight,td_h3_exc,449,0.9576928,0.9576928,2.593669
61,straight_high_BL_0_J000_003.png,straight,td_h3_exc,43,0.95398664,0.95398664,2.4928262
62,straight_high_BL_0_J000_003.png,straight,td_h3_exc,450,0.9458247,0.9458247,3.1349883
63,straight_high_BL_0_J000_003.png,straight,td_h3_exc,265,0.94575304,0.94575304,4.387259
64,straight_high_BL_0_J000_003.png,straight,td_h3_exc,233,0.93586487,0.93586487,2.758879
65,straight_high_BL_0_J000_003.png,straight,td_h3_exc,360,0.93411136,0.93411136,1.9208508
66,straight_high_BL_0_J000_003.png,straight,td_h3_exc,452,0.9182034,0.9182034,2.3020597
67,straight_high_BL_0_J000_003.png,straight,td_h3_exc,32,0.9140026,0.9140026,1.5953091
68,straight_high_BL_0_J000_003.png,straight,td_h3_exc,321,0.91188,0.91188,1.7302935
69,straight_high_BL_0_J000_003.png,straight,td_h3_exc,291,0.89018106,0.89018106,1.7983847
70,straight_high_BL_0_J000_003.png,straight,td_h3_exc,225,0.8820722,0.8820722,1.4365226
71,straight_high_BL_0_J000_003.png,straight,td_h3_exc,487,0.8796774,0.8796774,3.2023776
72,straight_high_BL_0_J000_003.png,straight,td_h3_exc,402,0.87472963,0.87472963,2.3687835
73,straight_high_BL_0_J000_003.png,straight,td_h3_exc,480,0.8736932,0.8736932,1.4924091
74,straight_high_BL_0_J000_003.png,straight,td_h3_exc,312,0.86735076,0.86735076,1.5453444
75,straight_high_BL_0_J000_003.png,straight,td_h3_exc,85,0.8544617,0.8544617,2.5560317
76,straight_high_BL_0_J000_003.png,straight,td_h3_exc,363,0.8425538,0.8425538,5.0149174
77,straight_high_BL_0_J000_003.png,straight,td_h3_exc,15,0.829627,0.829627,3.066188
78,straight_high_BL_0_J000_003.png,straight,td_h3_exc,60,0.8251896,0.8251896,1.2825756
79,straight_high_BL_0_J000_003.png,straight,td_h3_exc,134,0.824363,0.824363,1.2718077
80,straight_high_BL_0_J000_003.png,straight,td_h3_exc,132,0.82341456,0.82341456,1.1379566
81,straight_high_BL_0_J000_003.png,straight,td_h3_exc,278,0.814346,0.814346,1.3883
82,straight_high_BL_0_J000_003.png,straight,td_h3_exc,299,0.8101257,0.8101257,1.3539342
83,straight_high_BL_0_J000_003.png,straight,td_h3_exc,258,0.80963117,0.80963117,2.0999722
84,straight_high_BL_0_J000_003.png,straight,td_h3_exc,22,0.8034896,0.8034896,1.17359
85,straight_high_BL_0_J000_003.png,straight,td_h3_exc,158,0.7851751,0.7851751,2.2763214
86,straight_high_BL_0_J000_003.png,straight,td_h3_exc,206,0.7831198,0.7831198,1.1881721
87,straight_high_BL_0_J000_003.png,straight,td_h3_exc,393,0.77761686,0.77761686,1.8738108
88,straight_high_BL_0_J000_003.png,straight,td_h3_exc,190,0.774732,0.774732,2.8623319
89,straight_high_BL_0_J000_003.png,straight,td_h3_exc,19,0.773502,0.773502,1.880227
90,straight_high_BL_0_J000_003.png,straight,td_h3_exc,104,0.77031326,0.77031326,1.4276377
91,straight_high_BL_0_J000_003.png,straight,td_h3_exc,472,0.76956373,0.76956373,4.1019373
92,straight_high_BL_0_J000_003.png,straight,td_h3_exc,146,0.7676298,0.7676298,2.7894535
93,straight_high_BL_0_J000_003.png,straight,td_h3_exc,115,0.76604754,0.76604754,1.1199721
94,straight_high_BL_0_J000_003.png,straight,td_h3_exc,212,0.76359755,0.76359755,1.7928969
95,straight_high_BL_0_J000_003.png,straight,td_h3_exc,75,0.75384176,0.75384176,1.461788
96,straight_high_BL_0_J000_003.png,straight,td_h3_exc,62,0.75064796,0.75064796,1.9363729
97,straight_high_BL_0_J000_003.png,straight,td_h3_exc,344,0.7425506,0.7425506,1.0955919
98,straight_high_BL_0_J000_003.png,straight,td_h3_exc,343,0.7285391,0.7285391,1.1776686
99,straight_high_BL_0_J000_003.png,straight,td_h3_exc,224,0.7250871,0.7250871,1.6229252
100,straight_high_BL_0_J000_003.png,straight,td_h3_exc,122,0.72261983,0.72261983,0.97922635
101,straight_high_BL_0_J000_003.png,straight,td_h3_exc,59,0.71801114,0.71801114,1.4898067
102,straight_high_BL_0_J000_003.png,straight,td_h3_exc,478,0.7123049,0.7123049,1.0680817
103,straight_high_BL_0_J000_003.png,straight,td_h3_exc,398,0.71143967,0.71143967,0.87108994
104,straight_high_BL_0_J000_003.png,straight,td_h3_exc,264,0.71111655,0.71111655,1.3439655
105,straight_high_BL_0_J000_003.png,straight,td_h3_exc,284,0.7088538,0.7088538,1.5744609
106,straight_high_BL_0_J000_003.png,straight,td_h3_exc,52,0.70709646,0.70709646,2.0710433
107,straight_high_BL_0_J000_003.png,straight,td_h3_exc,157,0.7063591,0.7063591,1.419764
108,straight_high_BL_0_J000_003.png,straight,td_h3_exc,176,0.70625013,0.70625013,2.8516686
109,straight_high_BL_0_J000_003.png,straight,td_h3_exc,96,0.70581466,0.70581466,1.8091166
110,straight_high_BL_0_J000_003.png,straight,td_h3_exc,310,0.69921184,0.69921184,1.4743717
111,straight_high_BL_0_J000_003.png,straight,td_h3_exc,500,0.6936515,0.6936515,2.0650694
112,straight_high_BL_0_J000_003.png,straight,td_h3_exc,346,0.69061583,0.69061583,1.6973944
113,straight_high_BL_0_J000_003.png,straight,td_h3_exc,229,0.68690413,0.68690413,1.4963137
114,straight_high_BL_0_J000_003.png,straight,td_h3_exc,77,0.68170977,0.68170977,0.91306233
115,straight_high_BL_0_J000_003.png,straight,td_h3_exc,465,0.6809628,0.6809628,1.2405453
116,straight_high_BL_0_J000_003.png,straight,td_h3_exc,137,0.6803407,0.6803407,1.0687933
117,straight_high_BL_0_J000_003.png,straight,td_h3_exc,414,0.68016785,0.68016785,0.87007
118,straight_high_BL_0_J000_003.png,straight,td_h3_exc,448,0.67708075,0.67708075,0.978019
119,straight_high_BL_0_J000_003.png,straight,td_h3_exc,508,0.67099196,0.67099196,1.1358175
120,straight_high_BL_0_J000_003.png,straight,td_h3_exc,369,0.66719186,0.66719186,1.0691005
121,straight_high_BL_0_J000_003.png,straight,td_h3_exc,401,0.6668347,0.6668347,1.6810522
122,straight_high_BL_0_J000_003.png,straight,td_h3_exc,279,0.6658865,0.6658865,1.0896964
123,straight_high_BL_0_J000_003.png,straight,td_h3_exc,168,0.66563815,0.66563815,1.6119746
124,straight_high_BL_0_J000_003.png,straight,td_h3_exc,368,0.6653444,0.6653444,2.4222023
125,straight_high_BL_0_J000_003.png,straight,td_h3_exc,251,0.6642659,0.6642659,1.6165261
126,straight_high_BL_0_J000_003.png,straight,td_h3_exc,342,0.66062,0.66062,3.8666296
127,straight_high_BL_0_J000_003.png,straight,td_h3_exc,413,0.6573532,0.6573532,1.6373222
128,straight_high_BL_0_J000_003.png,straight,td_h3_exc,345,0.6454486,0.6454486,0.85901535
129,straight_high_BL_0_J000_003.png,straight,td_h3_exc,322,0.6453152,0.6453152,1.149004
130,straight_high_BL_0_J000_003.png,straight,td_h3_exc,463,0.63911664,0.63911664,1.1049058
131,straight_high_BL_0_J000_003.png,straight,td_h3_exc,93,0.6380511,0.6380511,2.0214574
132,straight_high_BL_0_J000_003.png,straight,td_h3_exc,399,0.6352619,0.6352619,1.1042283
133,straight_high_BL_0_J000_003.png,straight,td_h3_exc,162,0.6325885,0.6325885,0.8990613
134,straight_high_BL_0_J000_003.png,straight,td_h3_exc,409,0.62684244,0.62684244,0.9961885
135,straight_high_BL_0_J000_003.png,straight,td_h3_exc,1,0.626498,0.626498,1.7308205
136,straight_high_BL_0_J000_003.png,straight,td_h3_exc,171,0.6248146,0.6248146,1.2432204
137,straight_high_BL_0_J000_003.png,straight,td_h3_exc,473,0.6241094,0.6241094,3.7705238
138,straight_high_BL_0_J000_003.png,straight,td_h3_exc,309,0.62329954,0.62329954,0.92385733
139,straight_high_BL_0_J000_003.png,straight,td_h3_exc,422,0.6211098,0.6211098,0.74942976
140,straight_high_BL_0_J000_003.png,straight,td_h3_exc,46,0.6208114,0.6208114,0.8600447
141,straight_high_BL_0_J000_003.png,straight,td_h3_exc,246,0.6204314,0.6204314,2.3923316
142,straight_high_BL_0_J000_003.png,straight,td_h3_exc,161,0.61997944,0.61997944,1.1749388
143,straight_high_BL_0_J000_003.png,straight,td_h3_exc,408,0.6197601,0.6197601,1.4903429
144,straight_high_BL_0_J000_003.png,straight,td_h3_exc,193,0.6153318,0.6153318,1.7022301
145,straight_high_BL_0_J000_003.png,straight,td_h3_exc,82,0.6150335,0.6150335,0.9205755
146,straight_high_BL_0_J000_003.png,straight,td_h3_exc,469,0.6130619,0.6130619,1.3010039
147,straight_high_BL_0_J000_003.png,straight,td_h3_exc,283,0.6115025,0.6115025,4.0812535
148,straight_high_BL_0_J000_003.png,straight,td_h3_exc,119,0.6109439,0.6109439,1.065779
149,straight_high_BL_0_J000_003.png,straight,td_h3_exc,477,0.610814,0.610814,1.0182947
150,straight_high_BL_0_J000_003.png,straight,td_h3_exc,207,0.60741913,0.60741913,1.2361388
151,straight_high_BL_0_J000_003.png,straight,td_h3_exc,250,0.6020558,0.6020558,0.7204071
152,straight_high_BL_0_J000_003.png,straight,td_h3_exc,358,0.6009169,0.6009169,1.0715184
153,straight_high_BL_0_J000_003.png,straight,td_h3_exc,444,0.59786296,0.59786296,3.3288164
154,straight_high_BL_0_J000_003.png,straight,td_h3_exc,164,0.5966629,0.5966629,0.94394267
155,straight_high_BL_0_J000_003.png,straight,td_h3_exc,254,0.59380674,0.59380674,0.7348757
156,straight_high_BL_0_J000_003.png,straight,td_h3_exc,48,0.5919687,0.5919687,1.0241662
157,straight_high_BL_0_J000_003.png,straight,td_h3_exc,333,0.59100866,0.59100866,1.244399
158,straight_high_BL_0_J000_003.png,straight,td_h3_exc,49,0.5908205,0.5908205,1.3868667
159,straight_high_BL_0_J000_003.png,straight,td_h3_exc,66,0.5903901,0.5903901,0.94881445
160,straight_high_BL_0_J000_003.png,straight,td_h3_exc,466,0.58926654,0.58926654,1.7891428
161,straight_high_BL_0_J000_003.png,straight,td_h3_exc,411,0.58865774,0.58865774,1.4557122
162,straight_high_BL_0_J000_003.png,straight,td_h3_exc,242,0.5879357,0.5879357,1.0755109
163,straight_high_BL_0_J000_003.png,straight,td_h3_exc,509,0.58672214,0.58672214,1.0437039
164,straight_high_BL_0_J000_003.png,straight,td_h3_exc,261,0.5863171,0.5863171,0.7761175
165,straight_high_BL_0_J000_003.png,straight,td_h3_exc,56,0.58269584,0.58269584,1.2042466
166,straight_high_BL_0_J000_003.png,straight,td_h3_exc,108,0.58155787,0.58155787,1.2953335
167,straight_high_BL_0_J000_003.png,straight,td_h3_exc,113,0.5763998,0.5763998,1.0859745
168,straight_high_BL_0_J000_003.png,straight,td_h3_exc,189,0.57586884,0.57586884,0.7319315
169,straight_high_BL_0_J000_003.png,straight,td_h3_exc,14,0.5753933,0.5753933,1.4682221
170,straight_high_BL_0_J000_003.png,straight,td_h3_exc,286,0.57402796,0.57402796,0.7799772
171,straight_high_BL_0_J000_003.png,straight,td_h3_exc,276,0.5735352,0.5735352,1.1018295
172,straight_high_BL_0_J000_003.png,straight,td_h3_exc,432,0.57241607,0.57241607,1.6321657
173,straight_high_BL_0_J000_003.png,straight,td_h3_exc,474,0.56983066,0.56983066,1.6176634
174,straight_high_BL_0_J000_003.png,straight,td_h3_exc,220,0.56867695,0.56867695,1.0436953
175,straight_high_BL_0_J000_003.png,straight,td_h3_exc,434,0.56849694,0.56849694,2.1488357
176,straight_high_BL_0_J000_003.png,straight,td_h3_exc,153,0.56759894,0.56759894,1.4784384
177,straight_high_BL_0_J000_003.png,straight,td_h3_exc,144,0.5607469,0.5607469,1.031352
178,straight_high_BL_0_J000_003.png,straight,td_h3_exc,377,0.56062484,0.56062484,0.8538295
179,straight_high_BL_0_J000_003.png,straight,td_h3_exc,437,0.55916023,0.55916023,0.83719873
180,straight_high_BL_0_J000_003.png,straight,td_h3_exc,209,0.5588735,0.5588735,1.7096307
181,straight_high_BL_0_J000_003.png,straight,td_h3_exc,170,0.5541895,0.5541895,0.9443218
182,straight_high_BL_0_J000_003.png,straight,td_h3_exc,50,0.5517957,0.5517957,1.2959116
183,straight_high_BL_0_J000_003.png,straight,td_h3_exc,306,0.5514224,0.5514224,0.8249424
184,straight_high_BL_0_J000_003.png,straight,td_h3_exc,315,0.54879385,0.54879385,0.9837239
185,straight_high_BL_0_J000_003.png,straight,td_h3_exc,499,0.54777163,0.54777163,2.1943774
186,straight_high_BL_0_J000_003.png,straight,td_h3_exc,232,0.54597336,0.54597336,0.7966832
187,straight_high_BL_0_J000_003.png,straight,td_h3_exc,244,0.5453886,0.5453886,0.7000532
188,straight_high_BL_0_J000_003.png,straight,td_h3_exc,326,0.5451913,0.5451913,0.89272976
189,straight_high_BL_0_J000_003.png,straight,td_h3_exc,111,0.54419655,0.54419655,1.0817177
190,straight_high_BL_0_J000_003.png,straight,td_h3_exc,8,0.5434911,0.5434911,1.2775666
191,straight_high_BL_0_J000_003.png,straight,td_h3_exc,42,0.54305625,0.54305625,1.8422581
192,straight_high_BL_0_J000_003.png,straight,td_h3_exc,211,0.5415012,0.5415012,1.029988
193,straight_high_BL_0_J000_003.png,straight,td_h3_exc,197,0.54044473,0.54044473,1.0493873
194,straight_high_BL_0_J000_003.png,straight,td_h3_exc,327,0.54021364,0.54021364,1.2337465
195,straight_high_BL_0_J000_003.png,straight,td_h3_exc,311,0.5384884,0.5384884,0.9304018
196,straight_high_BL_0_J000_003.png,straight,td_h3_exc,259,0.5380857,0.5380857,1.1277399
197,straight_high_BL_0_J000_003.png,straight,td_h3_exc,353,0.53742814,0.53742814,1.5159918
198,straight_high_BL_0_J000_003.png,straight,td_h3_exc,420,0.5325781,0.5325781,1.1216042
199,straight_high_BL_0_J000_003.png,straight,td_h3_exc,484,0.5319408,0.5319408,1.2399265
200,straight_high_BL_0_J000_003.png,straight,td_h3_exc,305,0.5240697,0.5240697,1.8944387
201,straight_high_BL_0_J000_003.png,straight,td_h3_exc,354,0.5236153,0.5236153,1.3575685
202,straight_high_BL_0_J000_003.png,straight,td_h3_exc,129,0.52196985,0.52196985,1.0410441
203,straight_high_BL_0_J000_003.png,straight,td_h3_exc,81,0.5217287,0.5217287,1.0409726
204,straight_high_BL_0_J000_003.png,straight,td_h3_exc,381,0.5206463,0.5206463,0.89319605
205,straight_high_BL_0_J000_003.png,straight,td_h3_exc,482,0.5188132,0.5188132,0.70506024
206,straight_high_BL_0_J000_003.png,straight,td_h3_exc,467,0.51693076,0.51693076,0.70961565
207,straight_high_BL_0_J000_003.png,straight,td_h3_exc,177,0.5143177,0.5143177,4.509954
208,straight_high_BL_0_J000_003.png,straight,td_h3_exc,390,0.5134332,0.5134332,1.4427502
209,straight_high_BL_0_J000_003.png,straight,td_h3_exc,468,0.5113741,0.5113741,1.9593012
210,straight_high_BL_0_J000_003.png,straight,td_h3_exc,506,0.51010585,0.51010585,0.85989255
211,straight_high_BL_0_J000_003.png,straight,td_h3_exc,114,0.508538,0.508538,0.78643477
212,straight_high_BL_0_J000_003.png,straight,td_h3_exc,24,0.5070007,0.5070007,2.5106757
213,straight_high_BL_0_J000_003.png,straight,td_h3_exc,492,0.50329244,0.50329244,0.86738455
214,straight_high_BL_0_J000_003.png,straight,td_h3_exc,347,0.5011332,0.5011332,0.6884863
215,straight_high_BL_0_J000_003.png,straight,td_h3_exc,462,0.5003453,0.5003453,0.71509516
216,straight_high_BL_0_J000_003.png,straight,td_h3_exc,123,0.4998378,0.4998378,1.0482507
217,straight_high_BL_0_J000_003.png,straight,td_h3_exc,204,0.4971478,0.4971478,0.95712316
218,straight_high_BL_0_J000_003.png,straight,td_h3_exc,72,0.4952241,0.4952241,1.5545061
219,straight_high_BL_0_J000_003.png,straight,td_h3_exc,88,0.49305055,0.49305055,0.61669374
220,straight_high_BL_0_J000_003.png,straight,td_h3_exc,373,0.4911947,0.4911947,1.1639946
221,straight_high_BL_0_J000_003.png,straight,td_h3_exc,202,0.48979428,0.48979428,0.77013487
222,straight_high_BL_0_J000_003.png,straight,td_h3_exc,11,0.4896241,0.4896241,1.2017541
223,straight_high_BL_0_J000_003.png,straight,td_h3_exc,16,0.48841232,0.48841232,0.621356
224,straight_high_BL_0_J000_003.png,straight,td_h3_exc,9,0.48545152,0.48545152,0.6748309
225,straight_high_BL_0_J000_003.png,straight,td_h3_exc,76,0.48351824,0.48351824,0.9819837
226,straight_high_BL_0_J000_003.png,straight,td_h3_exc,4,0.48194888,0.48194888,0.8033087
227,straight_high_BL_0_J000_003.png,straight,td_h3_exc,159,0.48145238,0.48145238,0.6945624
228,straight_high_BL_0_J000_003.png,straight,td_h3_exc,380,0.4767595,0.4767595,1.1340781
229,straight_high_BL_0_J000_003.png,straight,td_h3_exc,83,0.47543836,0.47543836,0.8445412
230,straight_high_BL_0_J000_003.png,straight,td_h3_exc,338,0.47313994,0.47313994,0.8121652
231,straight_high_BL_0_J000_003.png,straight,td_h3_exc,479,0.4727945,0.4727945,0.8439872
232,straight_high_BL_0_J000_003.png,straight,td_h3_exc,470,0.4710623,0.4710623,0.5981507
233,straight_high_BL_0_J000_003.png,straight,td_h3_exc,394,0.46920967,0.46920967,1.3304052
234,straight_high_BL_0_J000_003.png,straight,td_h3_exc,439,0.46906054,0.46906054,1.0949397
235,straight_high_BL_0_J000_003.png,straight,td_h3_exc,296,0.4638385,0.4638385,0.94493943
236,straight_high_BL_0_J000_003.png,straight,td_h3_exc,282,0.46202335,0.46202335,0.8806324
237,straight_high_BL_0_J000_003.png,straight,td_h3_exc,28,0.4619508,0.4619508,0.6068996
238,straight_high_BL_0_J000_003.png,straight,td_h3_exc,213,0.4588923,0.4588923,2.4635863
239,straight_high_BL_0_J000_003.png,straight,td_h3_exc,44,0.45684597,0.45684597,1.4342953
240,straight_high_BL_0_J000_003.png,straight,td_h3_exc,330,0.45660636,0.45660636,1.1297277
241,straight_high_BL_0_J000_003.png,straight,td_h3_exc,51,0.45587376,0.45587376,1.6105669
242,straight_high_BL_0_J000_003.png,straight,td_h3_exc,352,0.45169505,0.45169505,0.7491367
243,straight_high_BL_0_J000_003.png,straight,td_h3_exc,443,0.4495164,0.4495164,1.0138611
244,straight_high_BL_0_J000_003.png,straight,td_h3_exc,35,0.4492562,0.4492562,0.87407136
245,straight_high_BL_0_J000_003.png,straight,td_h3_exc,332,0.44917655,0.44917655,0.5934769
246,straight_high_BL_0_J000_003.png,straight,td_h3_exc,483,0.44889545,0.44889545,0.78845745
247,straight_high_BL_0_J000_003.png,straight,td_h3_exc,27,0.44789368,0.44789368,0.78930134
248,straight_high_BL_0_J000_003.png,straight,td_h3_exc,267,0.44645363,0.44645363,0.7162454
249,straight_high_BL_0_J000_003.png,straight,td_h3_exc,416,0.4464531,0.4464531,0.90810287
250,straight_high_BL_0_J000_003.png,straight,td_h3_exc,430,0.44425288,0.44425288,0.5475911
251,straight_high_BL_0_J000_003.png,straight,td_h3_exc,255,0.4414982,0.4414982,0.71043265
252,straight_high_BL_0_J000_003.png,straight,td_h3_exc,227,0.44115597,0.44115597,1.0934743
253,straight_high_BL_0_J000_003.png,straight,td_h3_exc,64,0.44059226,0.44059226,0.61744803
254,straight_high_BL_0_J000_003.png,straight,td_h3_exc,110,0.4403547,0.4403547,1.0918719
255,straight_high_BL_0_J000_003.png,straight,td_h3_exc,496,0.43889007,0.43889007,0.6687331
256,straight_high_BL_0_J000_003.png,straight,td_h3_exc,287,0.43876016,0.43876016,0.63091147
257,straight_high_BL_0_J000_003.png,straight,td_h3_exc,458,0.4384372,0.4384372,0.65360385
258,straight_high_BL_0_J000_003.png,straight,td_h3_exc,446,0.43749166,0.43749166,0.6784976
259,straight_high_BL_0_J000_003.png,straight,td_h3_exc,131,0.43520945,0.43520945,0.66328466
260,straight_high_BL_0_J000_003.png,straight,td_h3_exc,270,0.4323278,0.4323278,0.6618386
261,straight_high_BL_0_J000_003.png,straight,td_h3_exc,493,0.4314646,0.4314646,0.86657345
262,straight_high_BL_0_J000_003.png,straight,td_h3_exc,297,0.42885372,0.42885372,1.4943241
263,straight_high_BL_0_J000_003.png,straight,td_h3_exc,192,0.4256149,0.4256149,0.8086534
264,straight_high_BL_0_J000_003.png,straight,td_h3_exc,384,0.42068335,0.42068335,0.9315173
265,straight_high_BL_0_J000_003.png,straight,td_h3_exc,395,0.4179561,0.4179561,0.59146386
266,straight_high_BL_0_J000_003.png,straight,td_h3_exc,237,0.41448623,0.41448623,0.7875177
267,straight_high_BL_0_J000_003.png,straight,td_h3_exc,127,0.40869647,0.40869647,0.5368014
268,straight_high_BL_0_J000_003.png,straight,td_h3_exc,188,0.40770927,0.40770927,0.9802374
269,straight_high_BL_0_J000_003.png,straight,td_h3_exc,243,0.40702492,0.40702492,0.67522895
270,straight_high_BL_0_J000_003.png,straight,td_h3_exc,223,0.40626052,0.40626052,0.7058259
271,straight_high_BL_0_J000_003.png,straight,td_h3_exc,40,0.40338805,0.40338805,0.62643886
272,straight_high_BL_0_J000_003.png,straight,td_h3_exc,41,0.40303093,0.40303093,0.721272
273,straight_high_BL_0_J000_003.png,straight,td_h3_exc,355,0.40239438,0.40239438,0.5791291
274,straight_high_BL_0_J000_003.png,straight,td_h3_exc,364,0.40173548,0.40173548,0.956276
275,straight_high_BL_0_J000_003.png,straight,td_h3_exc,456,0.3976564,0.3976564,0.9790554
276,straight_high_BL_0_J000_003.png,straight,td_h3_exc,307,0.3971965,0.3971965,0.82797086
277,straight_high_BL_0_J000_003.png,straight,td_h3_exc,349,0.3967267,0.3967267,1.1893497
278,straight_high_BL_0_J000_003.png,straight,td_h3_exc,376,0.3960561,0.3960561,0.80537194
279,straight_high_BL_0_J000_003.png,straight,td_h3_exc,219,0.39524662,0.39524662,0.5534158
280,straight_high_BL_0_J000_003.png,straight,td_h3_exc,406,0.3948333,0.3948333,0.6244521
281,straight_high_BL_0_J000_003.png,straight,td_h3_exc,293,0.39341474,0.39341474,0.98960197
282,straight_high_BL_0_J000_003.png,straight,td_h3_exc,335,0.39339316,0.39339316,0.82402897
283,straight_high_BL_0_J000_003.png,straight,td_h3_exc,511,0.3929556,0.3929556,0.669187
284,straight_high_BL_0_J000_003.png,straight,td_h3_exc,125,0.39281,0.39281,0.5428403
285,straight_high_BL_0_J000_003.png,straight,td_h3_exc,163,0.3918273,0.3918273,0.482589
286,straight_high_BL_0_J000_003.png,straight,td_h3_exc,300,0.39135253,0.39135253,0.8184538
287,straight_high_BL_0_J000_003.png,straight,td_h3_exc,262,0.39114097,0.39114097,0.7201617
288,straight_high_BL_0_J000_003.png,straight,td_h3_exc,3,0.38904172,0.38904172,0.50010204
289,straight_high_BL_0_J000_003.png,straight,td_h3_exc,210,0.38594192,0.38594192,0.7070303
290,straight_high_BL_0_J000_003.png,straight,td_h3_exc,183,0.3819648,0.3819648,0.51898134
291,straight_high_BL_0_J000_003.png,straight,td_h3_exc,485,0.3799859,0.3799859,0.7742313
292,straight_high_BL_0_J000_003.png,straight,td_h3_exc,350,0.37866393,0.37866393,0.54403085
293,straight_high_BL_0_J000_003.png,straight,td_h3_exc,200,0.3778764,0.3778764,0.7940265
294,straight_high_BL_0_J000_003.png,straight,td_h3_exc,118,0.37712476,0.37712476,0.7187288
295,straight_high_BL_0_J000_003.png,straight,td_h3_exc,407,0.37599152,0.37599152,0.65081614
296,straight_high_BL_0_J000_003.png,straight,td_h3_exc,133,0.37560427,0.37560427,3.4298215
297,straight_high_BL_0_J000_003.png,straight,td_h3_exc,53,0.37460446,0.37460446,0.6632285
298,straight_high_BL_0_J000_003.png,straight,td_h3_exc,294,0.37216336,0.37216336,0.5326664
299,straight_high_BL_0_J000_003.png,straight,td_h3_exc,274,0.37191448,0.37191448,0.54778206
300,straight_high_BL_0_J000_003.png,straight,td_h3_exc,145,0.3704493,0.3704493,0.91765463
301,straight_high_BL_0_J000_003.png,straight,td_h3_exc,166,0.36925888,0.36925888,1.3625917
302,straight_high_BL_0_J000_003.png,straight,td_h3_exc,257,0.36898217,0.36898217,0.65740454
303,straight_high_BL_0_J000_003.png,straight,td_h3_exc,396,0.3670825,0.3670825,0.7485639
304,straight_high_BL_0_J000_003.png,straight,td_h3_exc,99,0.3666342,0.3666342,0.6111349
305,straight_high_BL_0_J000_003.png,straight,td_h3_exc,320,0.36474457,0.36474457,0.5792349
306,straight_high_BL_0_J000_003.png,straight,td_h3_exc,386,0.36407363,0.36407363,0.47977543
307,straight_high_BL_0_J000_003.png,straight,td_h3_exc,37,0.36220697,0.36220697,0.754902
308,straight_high_BL_0_J000_003.png,straight,td_h3_exc,6,0.36015138,0.36015138,0.7041374
309,straight_high_BL_0_J000_003.png,straight,td_h3_exc,173,0.35990033,0.35990033,1.5454383
310,straight_high_BL_0_J000_003.png,straight,td_h3_exc,337,0.35943982,0.35943982,0.5492058
311,straight_high_BL_0_J000_003.png,straight,td_h3_exc,100,0.35853195,0.35853195,0.737954
312,straight_high_BL_0_J000_003.png,straight,td_h3_exc,249,0.3562577,0.3562577,0.46632424
313,straight_high_BL_0_J000_003.png,straight,td_h3_exc,272,0.35350445,0.35350445,0.91013813
314,straight_high_BL_0_J000_003.png,straight,td_h3_exc,179,0.35275224,0.35275224,0.6026126
315,straight_high_BL_0_J000_003.png,straight,td_h3_exc,501,0.35125652,0.35125652,0.5047231
316,straight_high_BL_0_J000_003.png,straight,td_h3_exc,318,0.34931028,0.34931028,0.5231147
317,straight_high_BL_0_J000_003.png,straight,td_h3_exc,174,0.3475131,0.3475131,0.45776498
318,straight_high_BL_0_J000_003.png,straight,td_h3_exc,148,0.34666318,0.34666318,0.4904303
319,straight_high_BL_0_J000_003.png,straight,td_h3_exc,121,0.34369004,0.34369004,0.6113383
320,straight_high_BL_0_J000_003.png,straight,td_h3_exc,374,0.3428486,0.3428486,0.60939014
321,straight_high_BL_0_J000_003.png,straight,td_h3_exc,167,0.34135747,0.34135747,0.48167074
322,straight_high_BL_0_J000_003.png,straight,td_h3_exc,222,0.34115195,0.34115195,0.55214983
323,straight_high_BL_0_J000_003.png,straight,td_h3_exc,503,0.33974743,0.33974743,0.9525223
324,straight_high_BL_0_J000_003.png,straight,td_h3_exc,268,0.33942777,0.33942777,0.62706685
325,straight_high_BL_0_J000_003.png,straight,td_h3_exc,187,0.33864915,0.33864915,0.6500851
326,straight_high_BL_0_J000_003.png,straight,td_h3_exc,208,0.33759195,0.33759195,0.92068076
327,straight_high_BL_0_J000_003.png,straight,td_h3_exc,336,0.33743432,0.33743432,0.73292094
328,straight_high_BL_0_J000_003.png,straight,td_h3_exc,228,0.33618078,0.33618078,0.5143255
329,straight_high_BL_0_J000_003.png,straight,td_h3_exc,256,0.3360793,0.3360793,0.65845656
330,straight_high_BL_0_J000_003.png,straight,td_h3_exc,252,0.3360668,0.3360668,0.59940416
331,straight_high_BL_0_J000_003.png,straight,td_h3_exc,317,0.33495304,0.33495304,0.6956744
332,straight_high_BL_0_J000_003.png,straight,td_h3_exc,301,0.3330021,0.3330021,0.542687
333,straight_high_BL_0_J000_003.png,straight,td_h3_exc,141,0.33247262,0.33247262,0.46163863
334,straight_high_BL_0_J000_003.png,straight,td_h3_exc,184,0.33092195,0.33092195,0.9121448
335,straight_high_BL_0_J000_003.png,straight,td_h3_exc,29,0.32833916,0.32833916,0.50759405
336,straight_high_BL_0_J000_003.png,straight,td_h3_exc,356,0.327491,0.327491,0.93058145
337,straight_high_BL_0_J000_003.png,straight,td_h3_exc,102,0.3262284,0.3262284,0.5898839
338,straight_high_BL_0_J000_003.png,straight,td_h3_exc,441,0.32301617,0.32301617,0.91092837
339,straight_high_BL_0_J000_003.png,straight,td_h3_exc,73,0.32276708,0.32276708,0.5376886
340,straight_high_BL_0_J000_003.png,straight,td_h3_exc,214,0.32234427,0.32234427,0.7253493
341,straight_high_BL_0_J000_003.png,straight,td_h3_exc,18,0.32189655,0.32189655,0.5971056
342,straight_high_BL_0_J000_003.png,straight,td_h3_exc,68,0.32187232,0.32187232,0.6564215
343,straight_high_BL_0_J000_003.png,straight,td_h3_exc,471,0.32182255,0.32182255,0.74873686
344,straight_high_BL_0_J000_003.png,straight,td_h3_exc,191,0.31953862,0.31953862,0.4907918
345,straight_high_BL_0_J000_003.png,straight,td_h3_exc,371,0.31800798,0.31800798,0.6559431
346,straight_high_BL_0_J000_003.png,straight,td_h3_exc,151,0.31797764,0.31797764,0.6714616
347,straight_high_BL_0_J000_003.png,straight,td_h3_exc,26,0.3151246,0.3151246,0.48638958
348,straight_high_BL_0_J000_003.png,straight,td_h3_exc,348,0.31373975,0.31373975,0.6436877
349,straight_high_BL_0_J000_003.png,straight,td_h3_exc,31,0.3125291,0.3125291,0.9786503
350,straight_high_BL_0_J000_003.png,straight,td_h3_exc,331,0.3120921,0.3120921,0.46291924
351,straight_high_BL_0_J000_003.png,straight,td_h3_exc,366,0.31203207,0.31203207,0.62730324
352,straight_high_BL_0_J000_003.png,straight,td_h3_exc,194,0.31098002,0.31098002,0.537472
353,straight_high_BL_0_J000_003.png,straight,td_h3_exc,304,0.3102056,0.3102056,0.5032141
354,straight_high_BL_0_J000_003.png,straight,td_h3_exc,236,0.30818963,0.30818963,0.5601831
355,straight_high_BL_0_J000_003.png,straight,td_h3_exc,351,0.30794576,0.30794576,0.41854712
356,straight_high_BL_0_J000_003.png,straight,td_h3_exc,421,0.3062133,0.3062133,0.4436602
357,straight_high_BL_0_J000_003.png,straight,td_h3_exc,273,0.30158976,0.30158976,0.8009348
358,straight_high_BL_0_J000_003.png,straight,td_h3_exc,476,0.2989193,0.2989193,0.5073201
359,straight_high_BL_0_J000_003.png,straight,td_h3_exc,84,0.29859117,0.29859117,0.66407603
360,straight_high_BL_0_J000_003.png,straight,td_h3_exc,325,0.29795066,0.29795066,0.5111886
361,straight_high_BL_0_J000_003.png,straight,td_h3_exc,139,0.29421714,0.29421714,0.5433378
362,straight_high_BL_0_J000_003.png,straight,td_h3_exc,12,0.29163644,0.29163644,0.53256357
363,straight_high_BL_0_J000_003.png,straight,td_h3_exc,378,0.29077002,0.29077002,0.5852749
364,straight_high_BL_0_J000_003.png,straight,td_h3_exc,33,0.29018706,0.29018706,0.5754511
365,straight_high_BL_0_J000_003.png,straight,td_h3_exc,201,0.28855872,0.28855872,0.52438897
366,straight_high_BL_0_J000_003.png,straight,td_h3_exc,308,0.28837568,0.28837568,0.50976753
367,straight_high_BL_0_J000_003.png,straight,td_h3_exc,453,0.2880801,0.2880801,0.50288194
368,straight_high_BL_0_J000_003.png,straight,td_h3_exc,150,0.28719604,0.28719604,0.5690881
369,straight_high_BL_0_J000_003.png,straight,td_h3_exc,165,0.28660566,0.28660566,0.857164
370,straight_high_BL_0_J000_003.png,straight,td_h3_exc,415,0.28657854,0.28657854,0.4216335
371,straight_high_BL_0_J000_003.png,straight,td_h3_exc,215,0.2842867,0.2842867,0.44195855
372,straight_high_BL_0_J000_003.png,straight,td_h3_exc,69,0.28417087,0.28417087,0.6365114
373,straight_high_BL_0_J000_003.png,straight,td_h3_exc,92,0.28332305,0.28332305,0.49181044
374,straight_high_BL_0_J000_003.png,straight,td_h3_exc,365,0.28132492,0.28132492,0.7203947
375,straight_high_BL_0_J000_003.png,straight,td_h3_exc,155,0.28124905,0.28124905,0.507285
376,straight_high_BL_0_J000_003.png,straight,td_h3_exc,412,0.27987117,0.27987117,0.58126915
377,straight_high_BL_0_J000_003.png,straight,td_h3_exc,39,0.27952445,0.27952445,0.59740424
378,straight_high_BL_0_J000_003.png,straight,td_h3_exc,13,0.2792666,0.2792666,0.50032854
379,straight_high_BL_0_J000_003.png,straight,td_h3_exc,195,0.2760028,0.2760028,0.48669976
380,straight_high_BL_0_J000_003.png,straight,td_h3_exc,240,0.27588248,0.27588248,0.46986586
381,straight_high_BL_0_J000_003.png,straight,td_h3_exc,280,0.27560252,0.27560252,0.5013959
382,straight_high_BL_0_J000_003.png,straight,td_h3_exc,196,0.27421114,0.27421114,0.3558355
383,straight_high_BL_0_J000_003.png,straight,td_h3_exc,152,0.27310768,0.27310768,0.39843124
384,straight_high_BL_0_J000_003.png,straight,td_h3_exc,86,0.27296773,0.27296773,0.41069847
385,straight_high_BL_0_J000_003.png,straight,td_h3_exc,361,0.2729152,0.2729152,0.49880058
386,straight_high_BL_0_J000_003.png,straight,td_h3_exc,95,0.27251297,0.27251297,0.41893584
387,straight_high_BL_0_J000_003.png,straight,td_h3_exc,281,0.27217785,0.27217785,0.51318026
388,straight_high_BL_0_J000_003.png,straight,td_h3_exc,490,0.271179,0.271179,0.71907955
389,straight_high_BL_0_J000_003.png,straight,td_h3_exc,63,0.26947024,0.26947024,0.431149
390,straight_high_BL_0_J000_003.png,straight,td_h3_exc,253,0.26922774,0.26922774,0.4577647
391,straight_high_BL_0_J000_003.png,straight,td_h3_exc,392,0.2685207,0.2685207,0.43871558
392,straight_high_BL_0_J000_003.png,straight,td_h3_exc,67,0.26822856,0.26822856,0.37583163
393,straight_high_BL_0_J000_003.png,straight,td_h3_exc,90,0.26810724,0.26810724,0.41886008
394,straight_high_BL_0_J000_003.png,straight,td_h3_exc,454,0.2677992,0.2677992,0.47038043
395,straight_high_BL_0_J000_003.png,straight,td_h3_exc,238,0.26539043,0.26539043,0.7224942
396,straight_high_BL_0_J000_003.png,straight,td_h3_exc,405,0.2648478,0.2648478,0.40577874
397,straight_high_BL_0_J000_003.png,straight,td_h3_exc,481,0.26417845,0.26417845,1.0613135
398,straight_high_BL_0_J000_003.png,straight,td_h3_exc,45,0.26376778,0.26376778,0.5072708
399,straight_high_BL_0_J000_003.png,straight,td_h3_exc,457,0.26357347,0.26357347,0.80000913
400,straight_high_BL_0_J000_003.png,straight,td_h3_exc,128,0.2634654,0.2634654,0.5019859
401,straight_high_BL_0_J000_003.png,straight,td_h3_exc,217,0.26038885,0.26038885,0.58623487
402,straight_high_BL_0_J000_003.png,straight,td_h3_exc,266,0.2598403,0.2598403,0.5710685
403,straight_high_BL_0_J000_003.png,straight,td_h3_exc,130,0.25912344,0.25912344,0.36603433
404,straight_high_BL_0_J000_003.png,straight,td_h3_exc,241,0.25894272,0.25894272,0.51342297
405,straight_high_BL_0_J000_003.png,straight,td_h3_exc,375,0.2589079,0.2589079,0.42714107
406,straight_high_BL_0_J000_003.png,straight,td_h3_exc,178,0.25851765,0.25851765,0.6299834
407,straight_high_BL_0_J000_003.png,straight,td_h3_exc,120,0.25831026,0.25831026,1.0182594
408,straight_high_BL_0_J000_003.png,straight,td_h3_exc,20,0.25668338,0.25668338,0.4461776
409,straight_high_BL_0_J000_003.png,straight,td_h3_exc,488,0.2534097,0.2534097,0.44106227
410,straight_high_BL_0_J000_003.png,straight,td_h3_exc,80,0.25302416,0.25302416,0.580145
411,straight_high_BL_0_J000_003.png,straight,td_h3_exc,91,0.25291348,0.25291348,0.5833492
412,straight_high_BL_0_J000_003.png,straight,td_h3_exc,172,0.2501566,0.2501566,0.40321586
413,straight_high_BL_0_J000_003.png,straight,td_h3_exc,36,0.2491901,0.2491901,0.6501676
414,straight_high_BL_0_J000_003.png,straight,td_h3_exc,149,0.24822247,0.24822247,0.39249083
415,straight_high_BL_0_J000_003.png,straight,td_h3_exc,103,0.24471466,0.24471466,0.59856755
416,straight_high_BL_0_J000_003.png,straight,td_h3_exc,277,0.24404946,0.24404946,0.44742674
417,straight_high_BL_0_J000_003.png,straight,td_h3_exc,235,0.24387926,0.24387926,0.5954317
418,straight_high_BL_0_J000_003.png,straight,td_h3_exc,70,0.24286482,0.24286482,0.43139482
419,straight_high_BL_0_J000_003.png,straight,td_h3_exc,107,0.24213527,0.24213527,0.5948389
420,straight_high_BL_0_J000_003.png,straight,td_h3_exc,226,0.24123394,0.24123394,0.631382
421,straight_high_BL_0_J000_003.png,straight,td_h3_exc,71,0.24015415,0.24015415,0.46920508
422,straight_high_BL_0_J000_003.png,straight,td_h3_exc,30,0.23604514,0.23604514,0.39505568
423,straight_high_BL_0_J000_003.png,straight,td_h3_exc,34,0.23511456,0.23511456,0.5341017
424,straight_high_BL_0_J000_003.png,straight,td_h3_exc,442,0.2347352,0.2347352,0.43951365
425,straight_high_BL_0_J000_003.png,straight,td_h3_exc,205,0.23452076,0.23452076,0.6149405
426,straight_high_BL_0_J000_003.png,straight,td_h3_exc,23,0.2340886,0.2340886,0.43125623
427,straight_high_BL_0_J000_003.png,straight,td_h3_exc,494,0.2325112,0.2325112,0.46023843
428,straight_high_BL_0_J000_003.png,straight,td_h3_exc,497,0.2322298,0.2322298,0.5940958
429,straight_high_BL_0_J000_003.png,straight,td_h3_exc,295,0.23018223,0.23018223,0.4278657
430,straight_high_BL_0_J000_003.png,straight,td_h3_exc,425,0.22978908,0.22978908,0.4304949
431,straight_high_BL_0_J000_003.png,straight,td_h3_exc,418,0.22959548,0.22959548,0.39380935
432,straight_high_BL_0_J000_003.png,straight,td_h3_exc,74,0.22919594,0.22919594,0.42863446
433,straight_high_BL_0_J000_003.png,straight,td_h3_exc,475,0.22788723,0.22788723,0.46035188
434,straight_high_BL_0_J000_003.png,straight,td_h3_exc,455,0.22490741,0.22490741,0.7304749
435,straight_high_BL_0_J000_003.png,straight,td_h3_exc,230,0.2248846,0.2248846,0.5476993
436,straight_high_BL_0_J000_003.png,straight,td_h3_exc,323,0.22300547,0.22300547,0.63395584
437,straight_high_BL_0_J000_003.png,straight,td_h3_exc,459,0.2208305,0.2208305,0.46049947
438,straight_high_BL_0_J000_003.png,straight,td_h3_exc,379,0.22016136,0.22016136,0.40373304
439,straight_high_BL_0_J000_003.png,straight,td_h3_exc,340,0.2187381,0.2187381,0.47997302
440,straight_high_BL_0_J000_003.png,straight,td_h3_exc,109,0.21736518,0.21736518,0.828341
441,straight_high_BL_0_J000_003.png,straight,td_h3_exc,438,0.21495503,0.21495503,0.46983016
442,straight_high_BL_0_J000_003.png,straight,td_h3_exc,186,0.20870979,0.20870979,0.4594925
443,straight_high_BL_0_J000_003.png,straight,td_h3_exc,135,0.20722191,0.20722191,0.33565044
444,straight_high_BL_0_J000_003.png,straight,td_h3_exc,428,0.206311,0.206311,0.81832105
445,straight_high_BL_0_J000_003.png,straight,td_h3_exc,55,0.2034927,0.2034927,0.887244
446,straight_high_BL_0_J000_003.png,straight,td_h3_exc,221,0.2031615,0.2031615,0.4119522
447,straight_high_BL_0_J000_003.png,straight,td_h3_exc,275,0.20272952,0.20272952,0.4904404
448,straight_high_BL_0_J000_003.png,straight,td_h3_exc,87,0.20097238,0.20097238,0.30952287
449,straight_high_BL_0_J000_003.png,straight,td_h3_exc,285,0.19938157,0.19938157,0.35753942
450,straight_high_BL_0_J000_003.png,straight,td_h3_exc,199,0.19813147,0.19813147,0.58183503
451,straight_high_BL_0_J000_003.png,straight,td_h3_exc,298,0.19807976,0.19807976,0.5338237
452,straight_high_BL_0_J000_003.png,straight,td_h3_exc,314,0.19434027,0.19434027,0.43978044
453,straight_high_BL_0_J000_003.png,straight,td_h3_exc,489,0.19388002,0.19388002,0.39789873
454,straight_high_BL_0_J000_003.png,straight,td_h3_exc,57,0.19262928,0.19262928,0.46489307
455,straight_high_BL_0_J000_003.png,straight,td_h3_exc,419,0.19072357,0.19072357,0.37682965
456,straight_high_BL_0_J000_003.png,straight,td_h3_exc,25,0.1903977,0.1903977,0.56744635
457,straight_high_BL_0_J000_003.png,straight,td_h3_exc,288,0.18869613,0.18869613,0.4424133
458,straight_high_BL_0_J000_003.png,straight,td_h3_exc,142,0.18759774,0.18759774,0.35436705
459,straight_high_BL_0_J000_003.png,straight,td_h3_exc,507,0.18255988,0.18255988,0.38552204
460,straight_high_BL_0_J000_003.png,straight,td_h3_exc,388,0.18130177,0.18130177,0.31437486
461,straight_high_BL_0_J000_003.png,straight,td_h3_exc,180,0.18126579,0.18126579,0.34379497
462,straight_high_BL_0_J000_003.png,straight,td_h3_exc,97,0.17838821,0.17838821,0.5568233
463,straight_high_BL_0_J000_003.png,straight,td_h3_exc,160,0.17246926,0.17246926,0.398327
464,straight_high_BL_0_J000_003.png,straight,td_h3_exc,334,0.17004803,0.17004803,0.52930474
465,straight_high_BL_0_J000_003.png,straight,td_h3_exc,404,0.16636801,0.16636801,0.57288617
466,straight_high_BL_0_J000_003.png,straight,td_h3_exc,435,0.16538388,0.16538388,0.41712645
467,straight_high_BL_0_J000_003.png,straight,td_h3_exc,486,0.1643972,0.1643972,0.4821918
468,straight_high_BL_0_J000_003.png,straight,td_h3_exc,505,0.16371433,0.16371433,0.34914586
469,straight_high_BL_0_J000_003.png,straight,td_h3_exc,185,0.16302472,0.16302472,0.3474605
470,straight_high_BL_0_J000_003.png,straight,td_h3_exc,61,0.1622789,0.1622789,0.303908
471,straight_high_BL_0_J000_003.png,straight,td_h3_exc,116,0.16134624,0.16134624,0.44028687
472,straight_high_BL_0_J000_003.png,straight,td_h3_exc,154,0.16095272,0.16095272,0.7548069
473,straight_high_BL_0_J000_003.png,straight,td_h3_exc,491,0.15788798,0.15788798,0.33029383
474,straight_high_BL_0_J000_003.png,straight,td_h3_exc,382,0.157523,0.157523,0.42181608
475,straight_high_BL_0_J000_003.png,straight,td_h3_exc,495,0.15599424,0.15599424,0.311584
476,straight_high_BL_0_J000_003.png,straight,td_h3_exc,124,0.15363546,0.15363546,0.21881746
477,straight_high_BL_0_J000_003.png,straight,td_h3_exc,89,0.14891122,0.14891122,0.2759496
478,straight_high_BL_0_J000_003.png,straight,td_h3_exc,385,0.14808732,0.14808732,0.47857335
479,straight_high_BL_0_J000_003.png,straight,td_h3_exc,440,0.14666642,0.14666642,0.51919997
480,straight_high_BL_0_J000_003.png,straight,td_h3_exc,112,0.1438051,0.1438051,0.3849703
481,straight_high_BL_0_J000_003.png,straight,td_h3_exc,0,0.13853168,0.13853168,0.25072443
482,straight_high_BL_0_J000_003.png,straight,td_h3_exc,302,0.1374504,0.1374504,0.44010776
483,straight_high_BL_0_J000_003.png,straight,td_h3_exc,319,0.13707605,0.13707605,0.31418723
484,straight_high_BL_0_J000_003.png,straight,td_h3_exc,147,0.13009876,0.13009876,0.44231564
485,straight_high_BL_0_J000_003.png,straight,td_h3_exc,423,0.12975296,0.12975296,0.45707434
486,straight_high_BL_0_J000_003.png,straight,td_h3_exc,234,0.1294438,0.1294438,0.6578362
487,straight_high_BL_0_J000_003.png,straight,td_h3_exc,106,0.12628575,0.12628575,0.23396514
488,straight_high_BL_0_J000_003.png,straight,td_h3_exc,136,0.12557401,0.12557401,0.21625227
489,straight_high_BL_0_J000_003.png,straight,td_h3_exc,464,0.1255455,0.1255455,0.28346646
490,straight_high_BL_0_J000_003.png,straight,td_h3_exc,389,0.11912618,0.11912618,0.30370742
491,straight_high_BL_0_J000_003.png,straight,td_h3_exc,271,0.11476987,0.11476987,0.32832825
492,straight_high_BL_0_J000_003.png,straight,td_h3_exc,510,0.10948616,0.10948616,0.24433763
493,straight_high_BL_0_J000_003.png,straight,td_h3_exc,38,0.10830521,0.10830521,0.3555832
494,straight_high_BL_0_J000_003.png,straight,td_h3_exc,263,0.10453395,0.10453395,0.32284075
495,straight_high_BL_0_J000_003.png,straight,td_h3_exc,328,0.099820524,0.099820524,0.4680192
496,straight_high_BL_0_J000_003.png,straight,td_h3_exc,7,0.09884958,0.09884958,0.47435337
497,straight_high_BL_0_J000_003.png,straight,td_h3_exc,367,0.098790854,0.098790854,0.36489758
498,straight_high_BL_0_J000_003.png,straight,td_h3_exc,387,0.096811295,0.096811295,0.23682633
499,straight_high_BL_0_J000_003.png,straight,td_h3_exc,424,0.093505666,0.093505666,0.29438663
500,straight_high_BL_0_J000_003.png,straight,td_h3_exc,198,0.08645388,0.08645388,0.17921093
501,straight_high_BL_0_J000_003.png,straight,td_h3_exc,54,0.083828524,0.083828524,0.24751619
502,straight_high_BL_0_J000_003.png,straight,td_h3_exc,410,0.08148165,0.08148165,0.36962384
503,straight_high_BL_0_J000_003.png,straight,td_h3_exc,47,0.07732956,0.07732956,0.129237
504,straight_high_BL_0_J000_003.png,straight,td_h3_exc,357,0.075893894,0.075893894,0.17425445
505,straight_high_BL_0_J000_003.png,straight,td_h3_exc,451,0.074098304,0.074098304,0.14388174
506,straight_high_BL_0_J000_003.png,straight,td_h3_exc,370,0.07401921,0.07401921,0.20942
507,straight_high_BL_0_J000_003.png,straight,td_h3_exc,247,0.06661918,0.06661918,0.19534884
508,straight_high_BL_0_J000_003.png,straight,td_h3_exc,341,0.053579856,0.053579856,0.11180501
509,straight_high_BL_0_J000_003.png,straight,td_h3_exc,460,0.051953424,0.051953424,0.17347361
510,straight_high_BL_0_J000_003.png,straight,td_h3_exc,126,0.0473398,0.0473398,0.21496034
511,straight_high_BL_0_J000_003.png,straight,td_h3_exc,21,0.046024624,0.046024624,0.12215012
512,straight_high_BL_0_J000_003.png,straight,td_h3_exc,65,0.009280308,0.009280308,0.035102606
