bias_condition,contour_type,layer,channel,n_images,mean_contour_preference_ratio,sem_contour_preference_ratio,mean_activation_on_contour_pct,sem_activation_on_contour_pct,mean_contour_area_pct,mean_contour_enrichment,sem_contour_enrichment,mean_dice_top_activation,sem_dice_top_activation,rank_mean_contour_enrichment
C_bias,C,h1_exc,0,25,4.95854,0.10992615,7.688042,0.1570656,1.6533203125,4.650061922738256,0.0950001058172098,0.2321092767952467,0.0020282047562983603,5
C_bias,C,h1_exc,1,25,1.9826765,0.018788872,3.2253766,0.029602481,1.6533203125,1.9508480459197082,0.01790486764065586,0.20970346823992597,0.0018117611273049008,45
C_bias,C,h1_exc,2,25,2.2101796,0.031872842,3.581839,0.04980127,1.6533203125,2.1664519271005065,0.030121974416320065,0.17623062096691844,0.004393913945891375,39
C_bias,C,h1_exc,3,25,0.9505092,0.018618405,1.5725588,0.030346058,1.6533203125,0.9511518592333609,0.018354615132037087,0.02523416374908633,0.0019697498575980124,94
C_bias,C,h1_exc,4,25,0.60866255,0.007855901,1.0128268,0.012938608,1.6533203125,0.6126017018469927,0.007825832692376267,0.0,0.0,115
C_bias,C,h1_exc,5,25,0.7200973,0.0087600555,1.1960363,0.014378104,1.6533203125,0.723414748582425,0.008696502459113844,0.0034727109046934425,0.00035256580132886464,108
C_bias,C,h1_exc,6,25,2.655283,0.051477235,4.2715135,0.07932056,1.6533203125,2.583597247229527,0.04797652052315465,0.20431408698549877,0.002760331060615245,28
C_bias,C,h1_exc,7,25,2.8458197,0.027242504,4.5652804,0.041749023,1.6533203125,2.7612800358126064,0.025251623923811726,0.21894842483384774,0.0019997151733421085,21
C_bias,C,h1_exc,8,25,1.4083679,0.027460977,2.3123915,0.044007406,1.6533203125,1.3986348777215987,0.026617590980588225,0.05865415235057516,0.0022629946957552194,72
C_bias,C,h1_exc,9,25,0.70551443,0.0072478387,1.1721139,0.011900999,1.6533203125,0.7089454322290822,0.007198241163350539,0.007870610910912703,0.0005902271934525237,111
C_bias,C,h1_exc,10,25,1.0753921,0.006195243,1.7757295,0.010049733,1.6533203125,1.0740384341878155,0.006078515561782913,0.04013743400650286,0.0007352330482888744,88
C_bias,C,h1_exc,11,25,0.86145353,0.022119364,1.4272107,0.036130477,1.6533203125,0.8632390674308518,0.02185328388355371,0.046962205648163106,0.0025596210001459204,101
C_bias,C,h1_exc,12,25,1.6969807,0.015591708,2.773539,0.02477749,1.6533203125,1.6775570319476913,0.014986503082129666,0.13944523590032729,0.002017133340247583,56
C_bias,C,h1_exc,13,25,8.366699,0.2574993,12.300798,0.3314253,1.6533203125,7.440057522003137,0.20046043842202924,0.2369287383857938,0.0023974929955615076,1
C_bias,C,h1_exc,14,25,1.6740223,0.032366738,2.736539,0.05147295,1.6533203125,1.6551776978298762,0.031133077193237588,0.07603787815295732,0.002115129600341567,57
C_bias,C,h1_exc,15,25,0.99933916,0.0046398896,1.6522319,0.0075411154,1.6533203125,0.9993416968082862,0.004561194427244445,0.009271767367795801,0.0010056947555102036,92
C_bias,C,h1_exc,16,25,2.228076,0.040921904,3.6094,0.06391263,1.6533203125,2.183121952702942,0.0386571374698233,0.1635732841698118,0.0016408921539296,38
C_bias,C,h1_exc,17,25,1.0033405,0.008592032,1.6587039,0.013972496,1.6533203125,1.0032562386250923,0.008451172767690668,0.02600519567583507,0.0008391667791945997,91
C_bias,C,h1_exc,18,25,1.7741319,0.02889604,2.895623,0.045781456,1.6533203125,1.7513985330423383,0.027690613711025814,0.1582569345511118,0.0025288219479690107,55
C_bias,C,h1_exc,19,25,1.5822328,0.022961007,2.5906665,0.036549296,1.6533203125,1.5669476645385891,0.022106602383566147,0.14631604920095623,0.0020145481720595273,62
C_bias,C,h1_exc,20,25,3.4120626,0.059429437,5.422865,0.08941843,1.6533203125,3.2799843828487654,0.05408415664585745,0.1980323472721042,0.0015250005340328903,14
C_bias,C,h1_exc,21,25,3.989995,0.09126724,6.281352,0.13459645,1.6533203125,3.7992347396460935,0.08140978097732608,0.2364937568086512,0.003254041973605257,10
C_bias,C,h1_exc,22,25,2.3030298,0.026801353,3.726912,0.04176228,1.6533203125,2.2541983398800998,0.025259643435736532,0.24414901023178853,0.0024799455300268058,33
C_bias,C,h1_exc,23,25,3.4355094,0.044899784,5.4589787,0.06752603,1.6533203125,3.301827588195089,0.040842678913091436,0.2088192407607401,0.0034822464805701198,13
C_bias,C,h1_exc,24,25,1.484987,0.01381873,2.435509,0.022117043,1.6533203125,1.473101745095504,0.013377348909503204,0.11423071537149936,0.0022654105021109702,66
C_bias,C,h1_exc,25,25,3.2771766,0.04149529,5.2206383,0.06270506,1.6533203125,3.1576688979491854,0.03792674653555553,0.23013156792069878,0.002264058654534938,15
C_bias,C,h1_exc,26,25,3.1227548,0.04582662,4.986638,0.069583654,1.6533203125,3.0161354361095825,0.042087217713381024,0.21544288946600568,0.004366872884777682,17
C_bias,C,h1_exc,27,25,1.8500372,0.054246657,3.014496,0.085617185,1.6533203125,1.8232982552706296,0.05178499340500994,0.13587823001074883,0.0035709794236653087,50
C_bias,C,h1_exc,28,25,2.3388424,0.022940563,3.7827973,0.03570588,1.6533203125,2.2880002134297124,0.021596468932893898,0.19305790664527522,0.002146212868192313,32
C_bias,C,h1_exc,29,25,4.543511,0.06089812,7.0941334,0.088236615,1.6533203125,4.290840106208977,0.0533693404297299,0.25356155972270894,0.0019029004247297756,7
C_bias,C,h1_exc,30,25,0.7474221,0.0058045443,1.2408881,0.009515524,1.6533203125,0.7505430691923,0.005755402611989031,0.012630479958541305,0.00046385828456608694,106
C_bias,C,h1_exc,31,25,0.50170404,0.0038698155,0.83635795,0.006396005,1.6533203125,0.5058656463399466,0.0038685818120093186,0.0028492241842245814,0.0004194530251773535,122
C_bias,C,h1_exc,32,25,0.95420945,0.005812855,1.5787873,0.009462704,1.6533203125,0.95491919564645,0.0057234546948771465,0.019924519351795233,0.0007047567932048987,93
C_bias,C,h1_exc,33,25,1.2875464,0.0067819986,2.1186252,0.010921053,1.6533203125,1.2814365831751857,0.006605527348453682,0.08971362044858058,0.0007943693021797215,80
C_bias,C,h1_exc,34,25,0.61029553,0.0062529435,1.0155317,0.010298943,1.6533203125,0.6142376689858351,0.006229248275584792,0.01672660455431494,0.00076578486177054,114
C_bias,C,h1_exc,35,25,0.77467865,0.0155385025,1.2854236,0.025455663,1.6533203125,0.7774800934382443,0.015396691435144775,0.03244772419426238,0.0015105613866451008,104
C_bias,C,h1_exc,36,25,8.139813,0.3090777,11.993269,0.39738968,1.6533203125,7.254050250535161,0.24035854575340912,0.22030336042887766,0.0018031115460981947,2
C_bias,C,h1_exc,37,25,1.2823074,0.020586729,2.1099463,0.033144478,1.6533203125,1.2761871588769749,0.020047220859620206,0.04599657511825045,0.0027325912566120883,81
C_bias,C,h1_exc,38,25,0.806452,0.004591191,1.33759,0.007511441,1.6533203125,0.8090325723779201,0.00454324616831503,0.013770165924585251,0.0003977528499327426,103
C_bias,C,h1_exc,39,25,0.5874544,0.004956577,0.9779042,0.008171327,1.6533203125,0.5914789608163056,0.004942373893853906,0.0020179255971234564,0.00019533121499368863,116
C_bias,C,h1_exc,40,25,1.8582116,0.025514899,3.0288343,0.040375747,1.6533203125,1.8319705859088873,0.024421006009206544,0.09537249643836807,0.0044680800591437465,49
C_bias,C,h1_exc,41,25,2.140523,0.041885585,3.4724026,0.06559692,1.6533203125,2.100260030950731,0.03967587000021723,0.15623848876003524,0.0030410115243975225,41
C_bias,C,h1_exc,42,25,0.7317372,0.006104514,1.2151613,0.010016422,1.6533203125,0.7349823908956175,0.006058367409352683,0.0061811782451972,0.0006655259411816386,107
C_bias,C,h1_exc,43,25,3.134937,0.057057563,5.0044503,0.086608954,1.6533203125,3.0269091065811877,0.05238486048203992,0.2210266316972013,0.0034381937009657325,16
C_bias,C,h1_exc,44,25,0.63239104,0.0067814873,1.0519081,0.0111551415,1.6533203125,0.6362398166557505,0.006747114538692808,0.0004961032431069337,0.0001567717608617551,113
C_bias,C,h1_exc,45,25,2.0748315,0.027237665,3.3700125,0.04275911,1.6533203125,2.0383301292468987,0.025862569009824116,0.155327243777629,0.003392149313616863,43
C_bias,C,h1_exc,46,25,1.4093497,0.018910382,2.3142169,0.030296754,1.6533203125,1.3997389211335933,0.018324794234691664,0.10189558367543627,0.0024012129871169687,71
C_bias,C,h1_exc,47,25,1.4532709,0.011777063,2.3847625,0.018854233,1.6533203125,1.4424080398119414,0.01140385944238754,0.08047599094940042,0.0018442281561784608,69
C_bias,C,h1_exc,48,25,2.7010465,0.06490512,4.3410463,0.09950526,1.6533203125,2.625653335003063,0.0601851057477998,0.2223749266737431,0.004834906972005468,26
C_bias,C,h1_exc,49,25,0.5312402,0.0068153013,0.8851397,0.0112562785,1.6533203125,0.5353709636106329,0.006808286513195703,0.007448252744483828,0.0006444221458174151,120
C_bias,C,h1_exc,50,25,0.7588484,0.01493274,1.2594962,0.024478123,1.6533203125,0.7617980326920412,0.014805432958368163,0.015412721025714058,0.0017833057880731417,105
C_bias,C,h1_exc,51,25,2.2521563,0.060444336,3.6457958,0.09439739,1.6533203125,2.205135794030957,0.05709564404651742,0.1741315619660417,0.00506810912952111,35
C_bias,C,h1_exc,52,25,0.65203345,0.0063577257,1.0842314,0.010458124,1.6533203125,0.6557903093756577,0.006325527866855855,0.0037811112042204125,0.0003267287800749237,112
C_bias,C,h1_exc,53,25,2.701457,0.054833647,4.342385,0.084323764,1.6533203125,2.6264632185259256,0.05100267992317359,0.18578326273412277,0.0026952090641250937,25
C_bias,C,h1_exc,54,25,2.2735264,0.067382775,3.6786084,0.10489182,1.6533203125,2.2249822895916607,0.06344313118397063,0.14356155199853884,0.0043767786572101,34
C_bias,C,h1_exc,55,25,1.289909,0.009720888,2.1223993,0.015664767,1.6533203125,1.2837194148119246,0.009474732361220088,0.0397485963294731,0.0017515506202049921,79
C_bias,C,h1_exc,56,25,0.5763643,0.014452614,0.95949864,0.023810238,1.6533203125,0.5803464944778511,0.014401466211234849,0.015667381806942077,0.0015419746706122437,117
C_bias,C,h1_exc,57,25,2.7147176,0.033396035,4.3639016,0.051356178,1.6533203125,2.6394773817759902,0.031062448749635395,0.21214447330913253,0.0026643742952739994,24
C_bias,C,h1_exc,58,25,2.2364156,0.017673375,3.6232517,0.02760822,1.6533203125,2.1915000282761605,0.01669865145853038,0.2287639319532148,0.001702517503218122,36
C_bias,C,h1_exc,59,25,0.45189342,0.0068073114,0.75392616,0.011269678,1.6533203125,0.4560073188649129,0.006816391156134478,0.002158698170251071,0.000445776302344355,126
C_bias,C,h1_exc,60,25,1.5808096,0.01773469,2.5885286,0.028287498,1.6533203125,1.5656547950100828,0.017109508064720398,0.09108187379528107,0.002305738646689417,63
C_bias,C,h1_exc,61,25,5.108069,0.10446023,7.902377,0.14888716,1.6533203125,4.779701176421064,0.09005342347097647,0.25558617593536354,0.0024452660153096175,3
C_bias,C,h1_exc,62,25,2.7258217,0.026910575,4.381205,0.04131781,1.6533203125,2.6499432360577857,0.024990807904283322,0.2310232129387153,0.002451907899465974,23
C_bias,C,h1_exc,63,25,1.0164505,0.009109746,1.6800079,0.014794782,1.6533203125,1.0161418365287331,0.008948526947169588,0.026601860387139357,0.0018631663803847153,90
C_bias,C,h1_exc,64,25,2.8817556,0.05736594,4.6187735,0.08763307,1.6533203125,2.7936349240822818,0.05300428999038129,0.22726891812601416,0.0032196396622959757,20
C_bias,C,h1_exc,65,25,1.6271026,0.018261874,2.6623085,0.029062597,1.6533203125,1.610279824735003,0.01757832217275554,0.12050615938982609,0.00429022980686841,60
C_bias,C,h1_exc,66,25,1.0829779,0.0069993534,1.7880249,0.011343572,1.6533203125,1.0814751623527434,0.006861085493527087,0.06658510014240628,0.0008525524244215695,87
C_bias,C,h1_exc,67,25,1.6375557,0.020346168,2.678905,0.032377243,1.6533203125,1.6203181488399687,0.019583163910249213,0.1316148495766935,0.002056223615603274,59
C_bias,C,h1_exc,68,25,1.3097663,0.023840256,2.1540687,0.03833081,1.6533203125,1.3028744083740793,0.023184138336637482,0.07021849255510759,0.0017107738335646156,77
C_bias,C,h1_exc,69,25,2.0797827,0.031459425,3.377632,0.049393784,1.6533203125,2.0429386505199694,0.02987550704310289,0.18127210257254564,0.004296696987241376,42
C_bias,C,h1_exc,70,25,1.4708695,0.011696266,2.412947,0.018726422,1.6533203125,1.4594551927378492,0.011326554071593064,0.13176233973004964,0.001303234496637601,67
C_bias,C,h1_exc,71,25,1.6380899,0.010535914,2.6799448,0.016786879,1.6533203125,1.62094701355486,0.010153434274406249,0.1483817983741319,0.0021808876239222024,58
C_bias,C,h1_exc,72,25,4.2333083,0.06483462,6.641536,0.094938725,1.6533203125,4.017089830989368,0.05742306877792055,0.24011396966375587,0.002372169351562708,8
C_bias,C,h1_exc,73,25,0.8411061,0.004492333,1.3942674,0.0073416433,1.6533203125,0.8433135787509783,0.004440545139141026,0.020273191988586046,0.00045039863926670415,102
C_bias,C,h1_exc,74,25,2.3683052,0.025808735,3.8285449,0.0401176,1.6533203125,2.315670468541441,0.02426486876911103,0.17835581999482245,0.0017166963752643391,31
C_bias,C,h1_exc,75,25,1.8089703,0.022935547,2.9510074,0.03631839,1.6533203125,1.784897545317572,0.02196694304591452,0.15274568353816723,0.0023353673747530225,52
C_bias,C,h1_exc,76,25,4.848472,0.15082261,7.524416,0.21560082,1.6533203125,4.5510936994000595,0.13040474445469605,0.21393373377857153,0.0019820563350575944,6
C_bias,C,h1_exc,77,25,1.9779145,0.012615078,3.2179978,0.019875035,1.6533203125,1.946384982274597,0.012021284931653189,0.19878320623464443,0.0015755366975647475,46
C_bias,C,h1_exc,78,25,3.7410073,0.052726354,5.915372,0.07843467,1.6533203125,3.5778738985455236,0.0474406967876894,0.23426799631254983,0.002575726271060794,11
C_bias,C,h1_exc,79,25,1.5934381,0.008814053,2.608818,0.014062207,1.6533203125,1.5779265861810583,0.008505434154306702,0.1623649612519449,0.0017102216741571737,61
C_bias,C,h1_exc,80,25,2.5071151,0.033309307,4.0436263,0.051553488,1.6533203125,2.44576108675563,0.031181790827193624,0.2150398981316873,0.0034856285617087786,29
C_bias,C,h1_exc,81,25,0.93244916,0.013497632,1.5432429,0.021982433,1.6533203125,0.93342040018434,0.013295931504579856,0.050910919299379104,0.0012608220150341202,97
C_bias,C,h1_exc,82,25,1.3043414,0.029806582,2.145133,0.047978655,1.6533203125,1.297469726213547,0.029019576536400176,0.053331098633995364,0.0021389075559677738,78
C_bias,C,h1_exc,83,25,1.8188175,0.016599383,2.966752,0.026274377,1.6533203125,1.7944205005353717,0.015891885320660052,0.1392095818601472,0.0029188753873447847,51
C_bias,C,h1_exc,84,25,2.8438914,0.052221756,4.561158,0.079925895,1.6533203125,2.7587867731283366,0.048342656233879705,0.16902984122652398,0.002403722751390149,22
C_bias,C,h1_exc,85,25,1.3834475,0.013040757,2.2727652,0.020932034,1.6533203125,1.3746672278693342,0.012660604273508945,0.08701248638222825,0.0024785653712775363,73
C_bias,C,h1_exc,86,25,0.44202235,0.0067807497,0.73757863,0.011227786,1.6533203125,0.4461196192860404,0.006791052621057785,0.0015553507081190352,0.0002845163640761918,127
C_bias,C,h1_exc,87,25,2.659122,0.040652987,4.2780223,0.062581316,1.6533203125,2.5875338900457194,0.037851898423109355,0.19485460487706793,0.001598181099205109,27
C_bias,C,h1_exc,88,25,1.3180581,0.017982248,2.1675677,0.028908415,1.6533203125,1.3110392235796047,0.017485065396159197,0.12638565323043124,0.003181532994087402,76
C_bias,C,h1_exc,89,25,2.177983,0.06902823,3.5292187,0.107710734,1.6533203125,2.1346248959507186,0.06514813587574261,0.10923618997749278,0.0015687562415193023,40
C_bias,C,h1_exc,90,25,2.942677,0.062195707,4.7115126,0.09510614,1.6533203125,2.849727785434532,0.057524325942578336,0.17849660605029874,0.0035715579404169864,19
C_bias,C,h1_exc,91,25,1.4152956,0.013472896,2.3238652,0.021612627,1.6533203125,1.405574709777785,0.013072256516091481,0.09717510443299768,0.0031740472565523975,70
C_bias,C,h1_exc,92,25,3.449788,0.080728695,5.4778595,0.12101162,1.6533203125,3.313247693430947,0.07319309058808844,0.23054722198924782,0.002435875021305175,12
C_bias,C,h1_exc,93,25,2.0229855,0.021771913,3.2887244,0.03425284,1.6533203125,1.9891633859677893,0.020717606375382124,0.1676426715828646,0.0034381015666218213,44
C_bias,C,h1_exc,94,25,1.7976238,0.020829838,2.9330957,0.033013508,1.6533203125,1.7740637005994315,0.019968005117914963,0.13428308053286325,0.002103683352148095,54
C_bias,C,h1_exc,95,25,1.2116736,0.013854492,1.9961759,0.0223654,1.6533203125,1.20737391634428,0.013527566293385742,0.05715243442549472,0.0020263729627233297,85
C_bias,C,h1_exc,96,25,0.5415414,0.0073926905,0.9021437,0.012204957,1.6533203125,0.5456557082347264,0.007382088460367983,0.005383390597498212,0.0006662993068642644,118
C_bias,C,h1_exc,97,25,1.9451419,0.06606197,3.1637864,0.103704564,1.6533203125,1.9135954112144318,0.06272502650165486,0.09841615687580792,0.0035585963683409817,48
C_bias,C,h1_exc,98,25,0.46725056,0.0049232505,0.7793636,0.008144913,1.6533203125,0.4713929758778601,0.004926397698699075,0.001320707282325215,0.0003051285288920671,124
C_bias,C,h1_exc,99,25,5.096066,0.14896734,7.8792634,0.21273138,1.6533203125,4.765720804662002,0.12866918756160164,0.1953976368053336,0.0020011872541339255,4
C_bias,C,h1_exc,100,25,0.70599616,0.0074885148,1.1729026,0.012293211,1.6533203125,0.7094224481096141,0.007435468336518037,0.019763620440914943,0.0011536202741508805,110
C_bias,C,h1_exc,101,25,1.1052631,0.021610131,1.8238796,0.034995046,1.6533203125,1.1031616533569477,0.021166525151107174,0.03284337551325497,0.0014321750866098698,86
C_bias,C,h1_exc,102,25,1.8055849,0.018694771,2.9457564,0.029577462,1.6533203125,1.7817215195135392,0.017889735297431826,0.13387413056219402,0.0031198717187075923,53
C_bias,C,h1_exc,103,25,0.51365966,0.008954055,0.8560748,0.014798565,1.6533203125,0.51779128273507,0.008950815065451225,0.006563311824347135,0.0003657524216175164,121
C_bias,C,h1_exc,104,25,0.71286714,0.0057395953,1.1841979,0.009420676,1.6533203125,0.7162543852960307,0.005698034682441191,0.022800636889279472,0.0011397574349145331,109
C_bias,C,h1_exc,105,25,4.089839,0.06991194,6.4304643,0.10271651,1.6533203125,3.889424560239098,0.062127410993478065,0.24352635548458598,0.0016992717198920332,9
C_bias,C,h1_exc,106,25,0.5367729,0.0055667236,0.8942863,0.00918963,1.6533203125,0.5409032189808556,0.005558287427207719,0.0038280398893791767,0.0004174030060542271,119
C_bias,C,h1_exc,107,25,0.4559859,0.008111692,0.7606894,0.013424733,1.6533203125,0.46009803272870053,0.008119861922438739,0.0011195641224074964,0.0002612003269659718,125
C_bias,C,h1_exc,108,25,1.5154641,0.0092100445,2.4843216,0.014720099,1.6533203125,1.5026256807925948,0.008903355509405339,0.14221351150132838,0.0020142442372400116,64
C_bias,C,h1_exc,109,25,1.3544368,0.027931154,2.2257786,0.044786487,1.6533203125,1.3462476643737369,0.027088814941240835,0.07167351043319226,0.001454054023440344,74
C_bias,C,h1_exc,110,25,1.4935827,0.014908757,2.4492426,0.023837233,1.6533203125,1.4814084964204088,0.014417794425176298,0.10333026062171849,0.002219960052196015,65
C_bias,C,h1_exc,111,25,0.9480741,0.012148664,1.5687217,0.019795856,1.6533203125,0.9488310062636048,0.011973394027385115,0.03653718907155392,0.0013683710966636766,95
C_bias,C,h1_exc,112,25,0.8808382,0.012028732,1.4590888,0.01962708,1.6533203125,0.8825202930876357,0.011871310232820917,0.04131722097162953,0.0006494294423082793,100
C_bias,C,h1_exc,113,25,0.46796444,0.011300949,0.7804765,0.018695537,1.6533203125,0.47206615074596436,0.011307873890839953,0.006060504483360378,0.0007919211186613013,123
C_bias,C,h1_exc,114,25,0.9444463,0.006048292,1.5628841,0.009853249,1.6533203125,0.9453002483155645,0.005959673507770933,0.013314338389329326,0.0004397320981376591,96
C_bias,C,h1_exc,115,25,1.2630873,0.029760092,2.0786796,0.04797693,1.6533203125,1.257275832942924,0.029018531859697046,0.047887371155578735,0.0036269252143402895,82
C_bias,C,h1_exc,116,25,0.88374174,0.0061637713,1.4638973,0.01006065,1.6533203125,0.8854287996043025,0.006085118452629384,0.046439286013536876,0.0007230201984901135,99
C_bias,C,h1_exc,117,25,1.2620969,0.0060101678,2.0776243,0.009689258,1.6533203125,1.2566374852466966,0.0058604847720566565,0.10076862336125018,0.00113217887727213,83
C_bias,C,h1_exc,118,25,2.9658659,0.065002754,4.7466917,0.09915314,1.6533203125,2.871005357478016,0.0599721302748542,0.21590547221971346,0.0019387143346128552,18
C_bias,C,h1_exc,119,25,1.2581642,0.03313367,2.070609,0.05334998,1.6533203125,1.2523944394587159,0.03226838717971951,0.06037710550568978,0.0025444546598575825,84
C_bias,C,h1_exc,120,25,1.9603375,0.024085501,3.1900535,0.03793581,1.6533203125,1.9294830274059915,0.022945225131073173,0.15652727729811736,0.0013815742601874174,47
C_bias,C,h1_exc,121,25,2.4493964,0.061338454,3.952605,0.0951152,1.6533203125,2.3907072463657904,0.05752980842504608,0.1740786055474951,0.0034673982668981126,30
C_bias,C,h1_exc,122,25,1.3222282,0.012512995,2.174383,0.02012827,1.6533203125,1.3151613123255306,0.012174452569458608,0.0915371120395469,0.002311085141442404,75
C_bias,C,h1_exc,123,25,2.2283337,0.030441422,3.610256,0.047609545,1.6533203125,2.1836398365413636,0.028796322044785196,0.1858107768371861,0.0023520318876985914,37
C_bias,C,h1_exc,124,25,0.36706388,0.0066314302,0.61326265,0.011013592,1.6533203125,0.3709279015734245,0.0066614988326989,7.37450766780577e-05,6.049186930865251e-05,128
C_bias,C,h1_exc,125,25,1.462459,0.009798147,2.3995056,0.015685597,1.6533203125,1.4513253474680619,0.009487331634738702,0.11416408279551314,0.001386876238508654,68
C_bias,C,h1_exc,126,25,0.9128326,0.011753341,1.5112935,0.019157737,1.6533203125,0.9140959560131615,0.011587431964751323,0.03298416156873126,0.0019681218825089316,98
C_bias,C,h1_exc,127,25,1.0530108,0.012825827,1.739334,0.02081081,1.6533203125,1.0520247803274978,0.01258728309942807,0.06560630185195206,0.0019635034997025277,89
C_bias,C,td_h1_exc,0,25,4.1767507,0.08881015,6.556553,0.13030048,1.6533203125,3.965688149743859,0.07881139671072865,0.22608899689916523,0.0028840850645345853,9
C_bias,C,td_h1_exc,1,25,2.2044435,0.020614007,3.5732324,0.032245178,1.6533203125,2.161246364475096,0.019503285839653016,0.219720103913333,0.00175853441483592,35
C_bias,C,td_h1_exc,2,25,2.374892,0.034538813,3.8384676,0.053706057,1.6533203125,2.321672059384866,0.032483758671081546,0.19243442554245163,0.004065383601344206,32
C_bias,C,td_h1_exc,3,25,1.4877948,0.03441046,2.4393756,0.055124927,1.6533203125,1.475440433453516,0.03334195220718058,0.07624570518723184,0.0038760388979412774,56
C_bias,C,td_h1_exc,4,25,0.41779846,0.0059427903,0.69744486,0.009850393,1.6533203125,0.42184495214476603,0.005957945788957807,0.0,0.0,115
C_bias,C,td_h1_exc,5,25,0.65131766,0.0075767613,1.0830429,0.012463311,1.6533203125,0.6550714169045555,0.0075383519205230185,0.0026145925554858546,0.00029382334150582185,97
C_bias,C,td_h1_exc,6,25,3.6880503,0.0967391,5.832768,0.14434326,1.6533203125,3.527911484679082,0.0873050754820327,0.1996808149448926,0.002723011533621184,13
C_bias,C,td_h1_exc,7,25,3.3414285,0.035489447,5.3178368,0.05352062,1.6533203125,3.216459079131547,0.03237159776942026,0.24368054973582193,0.0024665842065204765,18
C_bias,C,td_h1_exc,8,25,1.3821605,0.025650123,2.27039,0.041161347,1.6533203125,1.373230544660363,0.024896172310313526,0.05845302941418046,0.0020815405230721644,62
C_bias,C,td_h1_exc,9,25,0.50496376,0.007880246,0.84171516,0.013021163,1.6533203125,0.5091059115554153,0.00787576543643998,0.0010793597586515717,0.0003290134647832156,107
C_bias,C,td_h1_exc,10,25,1.0543667,0.008735398,1.7415913,0.014176909,1.6533203125,1.0533901046787348,0.008574810575856216,0.03285007961113479,0.0011065569992612238,76
C_bias,C,td_h1_exc,11,25,0.20610082,0.005751698,0.3452606,0.009599082,1.6533203125,0.2088285996164546,0.00580594196505459,0.0006570015922226958,0.0001920541708972643,128
C_bias,C,td_h1_exc,12,25,1.2405062,0.0168705,2.0426495,0.02722266,1.6533203125,1.2354832727159044,0.016465447695787457,0.0453260636508885,0.0028681834619135108,67
C_bias,C,td_h1_exc,13,25,5.4433107,0.103406414,8.378049,0.14666654,1.6533203125,5.06740817362876,0.08871030103276736,0.23870610910899295,0.0025291736821759746,4
C_bias,C,td_h1_exc,14,25,1.3992387,0.03577884,2.2974107,0.057380233,1.6533203125,1.389573874633868,0.03470605840769112,0.08840023464335171,0.004368405731505919,61
C_bias,C,td_h1_exc,15,25,1.1406044,0.0072992723,1.8813766,0.011809315,1.6533203125,1.137938376234317,0.007142786736070947,0.03991619877646869,0.0027667720710038116,70
C_bias,C,td_h1_exc,16,25,0.49518126,0.00723043,0.82554924,0.011953004,1.6533203125,0.4993280622785954,0.007229696150642175,0.002996731752281072,0.0004428342955927948,109
C_bias,C,td_h1_exc,17,25,1.240816,0.012099876,2.0432374,0.019507956,1.6533203125,1.2358388700954357,0.011799259149155708,0.03184446492916128,0.0012410128441043102,66
C_bias,C,td_h1_exc,18,25,2.6850107,0.06227643,4.3165617,0.095809974,1.6533203125,2.6108441714408333,0.05795003704318118,0.169412553423138,0.00265960316776008,27
C_bias,C,td_h1_exc,19,25,1.5061803,0.027390802,2.4690597,0.043782316,1.6533203125,1.4933947079545264,0.026481448316534477,0.08846727562214994,0.002392250812265963,54
C_bias,C,td_h1_exc,20,25,2.728117,0.0442762,4.383998,0.06812942,1.6533203125,2.651632360383068,0.04120763477929637,0.1831291376852567,0.002202912565349384,24
C_bias,C,td_h1_exc,21,25,4.9791636,0.11830011,7.7165575,0.16905908,1.6533203125,4.667309654563201,0.10225428347141854,0.24195089248282747,0.004222872176350898,5
C_bias,C,td_h1_exc,22,25,2.4318147,0.035144307,3.92685,0.054534998,1.6533203125,2.3751295690751912,0.03298513689395797,0.24681054495478186,0.002480401301951549,29
C_bias,C,td_h1_exc,23,25,3.6708686,0.05666382,5.8106327,0.08463191,1.6533203125,3.51452332625814,0.05118905918004369,0.20013743400636877,0.0033022122798958263,14
C_bias,C,td_h1_exc,24,25,1.7524278,0.041425712,2.860658,0.06569339,1.6533203125,1.7302502733319478,0.03973422198177031,0.1409670661190472,0.0056610433561790794,50
C_bias,C,td_h1_exc,25,25,4.4344583,0.0721979,6.9347935,0.10509012,1.6533203125,4.19446476300498,0.06356307358734815,0.24216542361498183,0.0022283210185209956,7
C_bias,C,td_h1_exc,26,25,3.9051151,0.06179469,6.1583705,0.0915209,1.6533203125,3.7248500263851367,0.055355819519934873,0.23111707030903283,0.004072170171644118,11
C_bias,C,td_h1_exc,27,25,0.6099004,0.03279065,1.0142002,0.05392568,1.6533203125,0.613432389958016,0.03261659706909781,0.01659928736516734,0.0025475466750293006,101
C_bias,C,td_h1_exc,28,25,2.014326,0.014904356,3.2752612,0.023440795,1.6533203125,1.9810203891180456,0.014178011356023269,0.17772563479411904,0.0024282696921777867,41
C_bias,C,td_h1_exc,29,25,4.071057,0.051166177,6.40407,0.075256266,1.6533203125,3.8734598804035856,0.04551825924448553,0.26709125953216534,0.0015144004113747185,10
C_bias,C,td_h1_exc,30,25,0.46362233,0.008466987,0.7733271,0.0140050715,1.6533203125,0.4677418276170326,0.008470875959703618,0.0,0.0,110
C_bias,C,td_h1_exc,31,25,0.63388973,0.008402587,1.0543587,0.013822471,1.6533203125,0.6377219578970628,0.00836043111713245,0.008024805162148643,0.0006482063007964289,99
C_bias,C,td_h1_exc,32,25,0.96072006,0.008840363,1.5893598,0.014390282,1.6533203125,0.9613138658722806,0.008703868330261173,0.010773485292876249,0.0013028335210767998,82
C_bias,C,td_h1_exc,33,25,0.36110887,0.0073299133,0.60336655,0.012168867,1.6533203125,0.36494230965585694,0.0073602596445875475,0.0,0.0,120
C_bias,C,td_h1_exc,34,25,0.8843589,0.011067234,1.4648498,0.018063707,1.6533203125,0.8860049137934493,0.010925715102376268,0.05003255495657433,0.0026768596296269853,84
C_bias,C,td_h1_exc,35,25,0.4436361,0.010044971,0.7402151,0.016640652,1.6533203125,0.44771427863893576,0.010064989953724185,0.007468365038123298,0.0006455835083854996,114
C_bias,C,td_h1_exc,36,25,1.429276,0.038799714,2.3454475,0.062158547,1.6533203125,1.4186286219477955,0.03759619143882245,0.06653124602414356,0.002441126010872655,59
C_bias,C,td_h1_exc,37,25,1.1305151,0.030289559,1.8644912,0.04901186,1.6533203125,1.1277253322359895,0.02964450275047595,0.03710047766694284,0.002546819783861181,71
C_bias,C,td_h1_exc,38,25,0.92757505,0.0064996444,1.5353899,0.010594598,1.6533203125,0.9286705282679276,0.006408073569027428,0.006355484790072609,0.0006701946636603006,83
C_bias,C,td_h1_exc,39,25,0.45601875,0.0062219794,0.76076174,0.010300128,1.6533203125,0.46014177038440907,0.006229964815012044,0.0001743065448754091,8.946475653987747e-05,111
C_bias,C,td_h1_exc,40,25,1.9308405,0.02452549,3.1435423,0.03872751,1.6533203125,1.9013510422413118,0.023424082924723765,0.1270292466268943,0.003856895147718535,43
C_bias,C,td_h1_exc,41,25,2.003221,0.031125307,3.257333,0.049005967,1.6533203125,1.9701766807149386,0.02964093823273963,0.15393216785999939,0.003072527670852878,42
C_bias,C,td_h1_exc,42,25,0.77057207,0.006496608,1.2788259,0.010644309,1.6533203125,0.7734894700198054,0.006438141153369481,0.005343165448454743,0.0008705825982748448,88
C_bias,C,td_h1_exc,43,25,2.7236023,0.05812539,4.3762183,0.08936575,1.6533203125,2.646926984645507,0.054052289202731085,0.17869772898669345,0.0033865372918966178,25
C_bias,C,td_h1_exc,44,25,0.40192387,0.013637436,0.6710218,0.022596985,1.6533203125,0.4058631565085418,0.013667639301365608,0.0009050481578954086,0.0002965185693341118,117
C_bias,C,td_h1_exc,45,25,2.6270382,0.04152252,4.2285347,0.06391144,1.6533203125,2.5576015228039193,0.03865641516473628,0.15288695214937326,0.0031891623331372554,28
C_bias,C,td_h1_exc,46,25,1.5223184,0.028973117,2.494804,0.04628423,1.6533203125,1.5089658267598582,0.02799471403294511,0.10097041816802063,0.0030895740097632808,53
C_bias,C,td_h1_exc,47,25,1.2723036,0.014266495,2.0939682,0.02297307,1.6533203125,1.266522933771149,0.013895111469859764,0.053605966647068126,0.001957882593871062,64
C_bias,C,td_h1_exc,48,25,4.533669,0.11879007,7.07421,0.17187889,1.6533203125,4.278789924928494,0.10395982373234952,0.2450548898011857,0.003734957261495078,6
C_bias,C,td_h1_exc,49,25,0.44897118,0.0078115826,0.7490774,0.012936753,1.6533203125,0.4530745583544656,0.007824710761478377,0.0038280398893791767,0.00042628170364225956,113
C_bias,C,td_h1_exc,50,25,1.0132384,0.022784434,1.6745062,0.037035123,1.6533203125,1.0128141407056828,0.022400451103132175,0.04310064526938481,0.0024196105337099556,78
C_bias,C,td_h1_exc,51,25,2.2480798,0.061168,3.6393783,0.09558249,1.6533203125,2.201254157121106,0.057812448048424746,0.16662981631788681,0.005300188475540414,33
C_bias,C,td_h1_exc,52,25,1.0073372,0.0120865805,1.6651547,0.0196645,1.6533203125,1.007158003797336,0.011893944228632455,0.05291525693609388,0.003022069473657192,79
C_bias,C,td_h1_exc,53,25,3.4086378,0.07326823,5.416667,0.110002995,1.6533203125,3.276235409617602,0.06653459192183152,0.18423470993855975,0.0025309905804757303,17
C_bias,C,td_h1_exc,54,25,2.2459178,0.07430977,3.6349294,0.115857534,1.6533203125,2.1985632746432886,0.07007567463420064,0.11734813324443687,0.0038781336989384897,34
C_bias,C,td_h1_exc,55,25,1.4183362,0.012709752,2.3287544,0.020399678,1.6533203125,1.4085319232861833,0.01233861195301188,0.048859465348153136,0.0018815348597552525,60
C_bias,C,td_h1_exc,56,25,0.41727284,0.016462691,0.6964171,0.027257325,1.6533203125,0.4212233424297389,0.016486414878345495,0.011296404927502475,0.0014101864452545868,116
C_bias,C,td_h1_exc,57,25,2.7708101,0.03231839,4.450114,0.049617488,1.6533203125,2.6916222138125594,0.030010813749028125,0.20199389780455465,0.0030054946600632996,23
C_bias,C,td_h1_exc,58,25,1.7806164,0.010663881,2.9063482,0.016907455,1.6533203125,1.757885745975635,0.010226363978974203,0.22089176888691062,0.0023201026976374622,49
C_bias,C,td_h1_exc,59,25,0.45405507,0.008392288,0.75748956,0.013885663,1.6533203125,0.45816258738637555,0.008398652358536204,0.00046928685158763994,0.00021332308826526756,112
C_bias,C,td_h1_exc,60,25,1.7833986,0.033005476,2.9101522,0.052253135,1.6533203125,1.7601866552665764,0.03160496698484673,0.09944816213178832,0.0025075556312801933,48
C_bias,C,td_h1_exc,61,25,5.6621027,0.12507261,8.6832695,0.17528194,1.6533203125,5.252018689623053,0.10601813624642624,0.2667895751275733,0.0022660239258235865,3
C_bias,C,td_h1_exc,62,25,2.1502604,0.018553182,3.4885125,0.029044734,1.6533203125,2.110004082685947,0.017567517499967045,0.20974440626815574,0.0025375600877587706,36
C_bias,C,td_h1_exc,63,25,1.855943,0.021136133,3.0253747,0.033384204,1.6533203125,1.8298781810743783,0.020192217045639428,0.13626749350529097,0.002261960041566407,46
C_bias,C,td_h1_exc,64,25,6.321861,0.15629591,9.594566,0.21438208,1.6533203125,5.803210461706365,0.12966760427735052,0.248117079612464,0.0026110841317232287,2
C_bias,C,td_h1_exc,65,25,2.149215,0.03670898,3.4862664,0.05728305,1.6533203125,2.108645599463582,0.03464727985037629,0.15263219642993994,0.004207786414102894,37
C_bias,C,td_h1_exc,66,25,0.3795795,0.011964888,0.63397527,0.01985338,1.6533203125,0.3834557952490347,0.012008187415241784,0.0015285169018993663,0.0004942864094351584,118
C_bias,C,td_h1_exc,67,25,0.842175,0.010272845,1.3959591,0.016785307,1.6533203125,0.8443368178174415,0.01015248291615621,0.025328081789972905,0.0019662017320284265,85
C_bias,C,td_h1_exc,68,25,0.35198754,0.009220136,0.58819383,0.015322271,1.6533203125,0.3557652107076539,0.009267575175215774,0.0035665800720660634,0.0005644429734245071,121
C_bias,C,td_h1_exc,69,25,2.712945,0.044812422,4.3606453,0.06897538,1.6533203125,2.6375076673387015,0.041719310927887936,0.18886114137250576,0.004269606463514964,26
C_bias,C,td_h1_exc,70,25,0.30186495,0.009643395,0.50484526,0.01604108,1.6533203125,0.3053523372019833,0.009702342504448555,0.0003351936587006069,0.00013649393304497883,125
C_bias,C,td_h1_exc,71,25,0.7944845,0.006723439,1.3179862,0.011007535,1.6533203125,0.7971753963015277,0.006657835656718659,0.002004488753820441,0.00031732794466525743,87
C_bias,C,td_h1_exc,72,25,6.5118036,0.13495971,9.857905,0.18417224,1.6533203125,5.962489811839401,0.1113953795325684,0.25332104248700804,0.002198342765613031,1
C_bias,C,td_h1_exc,73,25,0.5376936,0.008513166,0.8957792,0.014056331,1.6533203125,0.54180621626663,0.008501879476330403,0.0,0.0,105
C_bias,C,td_h1_exc,74,25,0.75046766,0.010677827,1.245829,0.017504111,1.6533203125,0.7535315436601592,0.01058724705165788,0.010518729573442957,0.0013542056458080043,90
C_bias,C,td_h1_exc,75,25,1.4650654,0.015786331,2.4035828,0.02528211,1.6533203125,1.4537913494651074,0.015291718478432735,0.1648330512361153,0.004262520244056912,57
C_bias,C,td_h1_exc,76,25,2.427096,0.06803876,3.9174893,0.10543763,1.6533203125,2.3694678600500736,0.06377326014590678,0.13782284421341,0.0027640809378111186,30
C_bias,C,td_h1_exc,77,25,1.2848157,0.007404363,2.114221,0.011920326,1.6533203125,1.27877287486104,0.00720993168549542,0.1470007542108883,0.0030266502326646407,63
C_bias,C,td_h1_exc,78,25,4.384265,0.0659125,6.8621235,0.09623049,1.6533203125,4.150510602295494,0.05820438527159524,0.24285594569660365,0.0020974873162310967,8
C_bias,C,td_h1_exc,79,25,1.0190827,0.012558802,1.684237,0.020401916,1.6533203125,1.0186997899889703,0.012339965685570173,0.0833922735271236,0.00348261161849944,77
C_bias,C,td_h1_exc,80,25,2.8354964,0.049273998,4.5484786,0.07543807,1.6533203125,2.7511173773629256,0.04562822243968294,0.2275840107263659,0.003194506157099026,22
C_bias,C,td_h1_exc,81,25,0.52791536,0.012219033,0.8795806,0.020169608,1.6533203125,0.5320085819375079,0.012199455834158837,0.0017698818402733846,0.000656941731478895,106
C_bias,C,td_h1_exc,82,25,2.1039345,0.06401728,3.413624,0.10038227,1.6533203125,2.064708108958514,0.06071556046571934,0.07564233637804772,0.0026270085458468895,39
C_bias,C,td_h1_exc,83,25,2.119802,0.019096265,3.440782,0.029967805,1.6533203125,2.081134582297582,0.018125831505839168,0.20196765272756056,0.0022848191124303615,38
C_bias,C,td_h1_exc,84,25,2.4053657,0.030959155,3.885959,0.04803081,1.6533203125,2.350396892393716,0.029051121313609596,0.16168943266558142,0.0025800348552462763,31
C_bias,C,td_h1_exc,85,25,1.5012172,0.017086651,2.4614108,0.02731541,1.6533203125,1.4887682647696474,0.01652154681990556,0.15041934865328435,0.0034165731303452615,55
C_bias,C,td_h1_exc,86,25,0.49913925,0.0072189244,0.8320933,0.011934236,1.6533203125,0.5032861946610709,0.007218344771001432,0.006489566747669078,0.0005299630717896284,108
C_bias,C,td_h1_exc,87,25,1.5655867,0.02212507,2.564129,0.03532742,1.6533203125,1.5508967553308137,0.021367559473284232,0.1790262297828048,0.005157733775535307,52
C_bias,C,td_h1_exc,88,25,1.1447238,0.013975685,1.8879524,0.02260135,1.6533203125,1.141915693772465,0.013670278626954937,0.09692784714648711,0.003056462729514514,69
C_bias,C,td_h1_exc,89,25,1.1289935,0.0070256446,1.8625839,0.011373777,1.6533203125,1.126571731017332,0.006879354776632899,0.06098679753640358,0.001875091456245308,72
C_bias,C,td_h1_exc,90,25,3.0481045,0.08249841,4.870455,0.12576501,1.6533203125,2.945862656613625,0.07606814253992021,0.14891763578408465,0.003659370303521112,20
C_bias,C,td_h1_exc,91,25,1.5808133,0.014786751,2.5885947,0.023602363,1.6533203125,1.5656945150888442,0.014275735456250277,0.15563563228010086,0.00443363649889294,51
C_bias,C,td_h1_exc,92,25,3.6629117,0.08477615,5.796524,0.1261106,1.6533203125,3.5059895659730755,0.07627717623843316,0.23982569345492344,0.002683522621336567,15
C_bias,C,td_h1_exc,93,25,3.72086,0.05300362,5.8853593,0.07911602,1.6533203125,3.5597211303630867,0.04785280704677972,0.21229866756036844,0.002284455167906982,12
C_bias,C,td_h1_exc,94,25,1.9012717,0.024740333,3.0968816,0.03903513,1.6533203125,1.873128634196198,0.023610144452517193,0.1390161736360186,0.0025964693552768692,44
C_bias,C,td_h1_exc,95,25,0.7295532,0.011585672,1.211515,0.018997092,1.6533203125,0.7327768795893693,0.011490266594338255,0.01826866672251884,0.0010547863518247126,92
C_bias,C,td_h1_exc,96,25,0.6219219,0.012565102,1.0346,0.020695077,1.6533203125,0.6257710796976029,0.012517282192457742,0.017457470879060202,0.0014887928291401685,100
C_bias,C,td_h1_exc,97,25,1.0606538,0.010180124,1.751777,0.016518349,1.6533203125,1.0595509161631784,0.009991015359115738,0.03142198205100714,0.0016708341099990838,74
C_bias,C,td_h1_exc,98,25,0.25353998,0.006811503,0.42438966,0.01135049,1.6533203125,0.2566893109716581,0.006865269789011514,4.0224587278940566e-05,2.2234977225191454e-05,127
C_bias,C,td_h1_exc,99,25,2.0265718,0.023612922,3.2943115,0.037121456,1.6533203125,1.9925429036304552,0.022452670616067854,0.19343333612654534,0.0017962239209684044,40
C_bias,C,td_h1_exc,100,25,0.64155275,0.017366845,1.0668175,0.028571011,1.6533203125,0.645257583924376,0.01728098945819159,0.026481186625302536,0.0013487571969304517,98
C_bias,C,td_h1_exc,101,25,1.239399,0.019175002,2.0408106,0.030904662,1.6533203125,1.234371021102911,0.018692482395879853,0.061328658216525146,0.0020507603138671783,68
C_bias,C,td_h1_exc,102,25,1.4445827,0.01563102,2.3707764,0.025028704,1.6533203125,1.433948701318364,0.015138447942329422,0.061556704841464034,0.0032267980122851455,58
C_bias,C,td_h1_exc,103,25,0.7189593,0.009848667,1.1941556,0.016166408,1.6533203125,0.7222771945986085,0.009778145557333726,0.0026145908701922698,0.0007519109057548078,93
C_bias,C,td_h1_exc,104,25,0.7001103,0.0058879745,1.1632515,0.009670474,1.6533203125,0.7035851222303091,0.0058491230943451,0.008514204307375752,0.0007610086262709654,94
C_bias,C,td_h1_exc,105,25,3.0900204,0.03911753,4.937265,0.059436638,1.6533203125,2.9862725242073656,0.035949862068366784,0.23926846124291332,0.002480480092743043,19
C_bias,C,td_h1_exc,106,25,0.66484034,0.005559251,1.1052986,0.009137855,1.6533203125,0.6685326805169303,0.005526971739765928,0.013160144138093388,0.0006245764648808551,96
C_bias,C,td_h1_exc,107,25,0.60611284,0.007703694,1.0086282,0.01268933,1.6533203125,0.610062225491358,0.007675058412241401,0.001930780189389147,0.00030966716021276007,102
C_bias,C,td_h1_exc,108,25,1.8572186,0.014427806,3.0275388,0.022803567,1.6533203125,1.8311871266789095,0.013792589170090975,0.19192491410358506,0.0022945895172626404,45
C_bias,C,td_h1_exc,109,25,0.37225243,0.006984237,0.6218746,0.011594778,1.6533203125,0.37613678598221534,0.007013025462053196,0.004290605228386619,0.0004021278326304224,119
C_bias,C,td_h1_exc,110,25,0.690398,0.008272233,1.1472769,0.01359101,1.6533203125,0.6939229736897394,0.008220433682886734,0.0012938835878670545,0.00028253389126815565,95
C_bias,C,td_h1_exc,111,25,1.2714746,0.030394964,2.0921736,0.048979424,1.6533203125,1.265437536184684,0.029624885678095514,0.07403335288689011,0.0038880699686573215,65
C_bias,C,td_h1_exc,112,25,0.2600981,0.0068066064,0.43532008,0.01134438,1.6533203125,0.2633005121554598,0.00686157396058812,0.0004156467656101856,0.0001776661149146433,126
C_bias,C,td_h1_exc,113,25,0.32849774,0.0050418577,0.54919237,0.008380384,1.6533203125,0.3321754200239084,0.0050688207303063925,0.00040894997066922905,0.0001593193280925995,123
C_bias,C,td_h1_exc,114,25,0.7431977,0.0060907784,1.2339588,0.009988331,1.6533203125,0.7463519461880795,0.00604137677806064,0.0,0.0,91
C_bias,C,td_h1_exc,115,25,0.97605616,0.026414901,1.6139221,0.042941086,1.6533203125,0.9761703001352724,0.025972635174961622,0.015533394787550881,0.002322019248078834,81
C_bias,C,td_h1_exc,116,25,0.57618123,0.012143674,0.95923716,0.020016987,1.6533203125,0.5801882962568093,0.012107144284575837,0.015372450935508333,0.0009988690004936374,103
C_bias,C,td_h1_exc,117,25,0.9779551,0.006536517,1.617435,0.010634085,1.6533203125,0.978295001327752,0.006431957071623718,0.05473875133588284,0.001499071080713035,80
C_bias,C,td_h1_exc,118,25,2.9518442,0.042152718,4.7267356,0.06429358,1.6533203125,2.8589351085016275,0.03888755314626205,0.22042403419071444,0.0017461161518769284,21
C_bias,C,td_h1_exc,119,25,0.32661915,0.008363069,0.5460391,0.013901996,1.6533203125,0.3302681676600843,0.008408531850797991,0.002976595302766888,0.0004855896421596315,124
C_bias,C,td_h1_exc,120,25,1.0603073,0.0066151093,1.7512532,0.010732537,1.6533203125,1.059234078450978,0.006491505032873977,0.058915420044419624,0.0023791164539882725,75
C_bias,C,td_h1_exc,121,25,3.6397247,0.107373506,5.7594414,0.16030018,1.6533203125,3.483560423130296,0.09695651720766563,0.1906980641915774,0.0032555741728111437,16
C_bias,C,td_h1_exc,122,25,0.7683076,0.008421177,1.2750969,0.013810768,1.6533203125,0.7712340317397378,0.008353352505620245,0.0010659515628919248,0.0002858887060783042,89
C_bias,C,td_h1_exc,123,25,1.7977877,0.032957405,2.9329517,0.052122,1.6533203125,1.7739765771504608,0.031525650779007736,0.12025810776827264,0.0025735958337502756,47
C_bias,C,td_h1_exc,124,25,0.33774987,0.006325874,0.5645638,0.010520842,1.6533203125,0.3414727196541129,0.006363462665843203,0.00010726556607717482,7.673190743149253e-05,122
C_bias,C,td_h1_exc,125,25,1.0757109,0.009435739,1.776214,0.015301039,1.6533203125,1.0743314519660563,0.009254733791130032,0.018060699808876785,0.0022122013493235176,73
C_bias,C,td_h1_exc,126,25,0.5546057,0.015682297,0.923581,0.025868416,1.6533203125,0.5586219633938599,0.01564634219612736,0.01590212017094117,0.0017421605904256205,104
C_bias,C,td_h1_exc,127,25,0.803111,0.017559508,1.3319354,0.028721897,1.6533203125,0.8056124319074298,0.017372251536818418,0.03383542976128169,0.0017027328252596705,86
C_bias,straight,h1_exc,0,25,4.379685,0.22253251,3.516704,0.17286079,0.8271484375000001,4.251599625999329,0.208983998845609,0.12541535131223466,0.00320490308204629,5
C_bias,straight,h1_exc,1,25,1.9840981,0.039701983,1.627642,0.032050993,0.8271484375000001,1.9677749702147096,0.038748778718993,0.10491532469605445,0.0031217909760016117,36
C_bias,straight,h1_exc,2,25,1.8798685,0.073991716,1.5428228,0.059845358,0.8271484375000001,1.8652309454342944,0.07235141391192411,0.06925588527097569,0.006008361602167145,40
C_bias,straight,h1_exc,3,25,0.833025,0.03574119,0.68977934,0.02940633,0.8271484375000001,0.8339244985814683,0.03555145388309525,0.0038603770181258584,0.0008267230769377069,101
C_bias,straight,h1_exc,4,25,0.724089,0.014799098,0.60026324,0.012192663,0.8271484375000001,0.7257019084942072,0.01474059855290795,0.0004257238206905152,0.00020325882234675666,108
C_bias,straight,h1_exc,5,25,0.7051893,0.011976399,0.58469856,0.009871488,0.8271484375000001,0.7068846864597669,0.011934360965141045,0.0005483900063132061,0.00020421714365396798,110
C_bias,straight,h1_exc,6,25,2.5220237,0.108905226,2.0582912,0.08715507,0.8271484375000001,2.488418025138178,0.10536810289671669,0.11736938116741726,0.0052039237362857685,23
C_bias,straight,h1_exc,7,25,2.8125935,0.054471668,2.2916048,0.043439806,0.8271484375000001,2.770487861511826,0.0525175440959167,0.11840894741578568,0.001987037267892535,18
C_bias,straight,h1_exc,8,25,1.10955,0.036887027,0.91671103,0.030165302,0.8271484375000001,1.1082787317818115,0.036469029093164525,0.015318826268573433,0.0031716088566917902,85
C_bias,straight,h1_exc,9,25,0.90153384,0.020569304,0.7462411,0.016898705,0.8271484375000001,0.9021851543359638,0.020430073986503747,0.010426548987917774,0.0011594214934278545,98
C_bias,straight,h1_exc,10,25,1.1950979,0.012203001,0.9869066,0.009980559,0.8271484375000001,1.1931432139732447,0.012066224579564567,0.03383409661299637,0.0012237419787998016,76
C_bias,straight,h1_exc,11,25,0.869954,0.0366564,0.7201368,0.030090598,0.8271484375000001,0.8706257763739057,0.036378715270595156,0.0243095517272262,0.002753206928263389,99
C_bias,straight,h1_exc,12,25,1.805767,0.023659782,1.483659,0.019154655,0.8271484375000001,1.7937035195354643,0.02315745828339842,0.09040465732709765,0.003067591824596722,45
C_bias,straight,h1_exc,13,25,6.8793697,0.53682315,5.386032,0.39707342,0.8271484375000001,6.511566664193101,0.4800509878786819,0.11633083791817773,0.004224888416045498,1
C_bias,straight,h1_exc,14,25,1.7191818,0.08313431,1.4125051,0.06730774,0.8271484375000001,1.7076804531776586,0.08137323127297767,0.047991144680016334,0.0020706681003755173,50
C_bias,straight,h1_exc,15,25,1.049507,0.008372837,0.86773133,0.006861765,0.8271484375000001,1.049063625871378,0.0082956871990984,0.00894020023450082,0.00122679802652775,90
C_bias,straight,h1_exc,16,25,1.7439675,0.08253542,1.4326118,0.066668116,0.8271484375000001,1.7319887508979088,0.08059994420322676,0.07283485162796713,0.0037137758606802206,48
C_bias,straight,h1_exc,17,25,0.9800951,0.017418971,0.8107681,0.01429918,0.8271484375000001,0.9801966467379043,0.017287321081817183,0.002799675295388473,0.0005203410042499782,93
C_bias,straight,h1_exc,18,25,1.4059483,0.039666083,1.1587826,0.032310516,0.8271484375000001,1.4009366212207084,0.03906253588923132,0.04178575821216591,0.00453453679560753,65
C_bias,straight,h1_exc,19,25,1.1489693,0.035060216,0.94899935,0.028664619,0.8271484375000001,1.147314436371864,0.03465474460128522,0.03809145846483441,0.002566902926180681,82
C_bias,straight,h1_exc,20,25,3.4162197,0.12512355,2.7679458,0.0988596,0.8271484375000001,3.3463712400738284,0.11951857577644642,0.12180030666535419,0.0032857499088747764,12
C_bias,straight,h1_exc,21,25,3.6764975,0.23217021,2.9669428,0.18188497,0.8271484375000001,3.5869531911665127,0.21989398489986176,0.11125101470180278,0.005167677392242352,8
C_bias,straight,h1_exc,22,25,1.9525305,0.06233324,1.6017897,0.050313696,0.8271484375000001,1.9365202895491818,0.060827891489146343,0.11309100748614315,0.005351791226692409,38
C_bias,straight,h1_exc,23,25,2.7939765,0.122809,2.2748895,0.09791318,0.8271484375000001,2.7502793939100663,0.11837438282569267,0.10241904933696905,0.005579233506128478,19
C_bias,straight,h1_exc,24,25,1.679192,0.021385092,1.3811084,0.017349081,0.8271484375000001,1.6697225588147617,0.020974566803919067,0.08299449806071707,0.0022211093551692124,52
C_bias,straight,h1_exc,25,25,3.2956944,0.12349209,2.672881,0.09760258,0.8271484375000001,3.2314403560312726,0.11799887480743704,0.12949941372767249,0.00248661875801952,13
C_bias,straight,h1_exc,26,25,2.4233842,0.13506141,1.9783041,0.10826567,0.8271484375000001,2.3917159020820735,0.13089024918076098,0.08388923964996492,0.007813153864059575,26
C_bias,straight,h1_exc,27,25,1.5210515,0.08948755,1.2514523,0.07258763,0.8271484375000001,1.5129718764243052,0.08775647737160838,0.052392679777407476,0.004698530722814853,57
C_bias,straight,h1_exc,28,25,2.5116208,0.06922642,2.0510764,0.055400833,0.8271484375000001,2.4796957944382108,0.06697810380120126,0.12275954080082992,0.0020934890770552272,24
C_bias,straight,h1_exc,29,25,3.611813,0.155873,2.92061,0.12280045,0.8271484375000001,3.530938183680717,0.1484624045613623,0.12111434930671773,0.004150058195004618,9
C_bias,straight,h1_exc,30,25,0.8177304,0.011001434,0.67738587,0.009054485,0.8271484375000001,0.8189411202137827,0.010946626138394467,0.004415980730128456,0.0004137386874613594,102
C_bias,straight,h1_exc,31,25,0.58514535,0.013039634,0.48564062,0.01076822,0.8271484375000001,0.5871262934478473,0.013018485141351104,0.000779291061602977,0.00021839537169602828,118
C_bias,straight,h1_exc,32,25,0.9405747,0.009352919,0.77836317,0.007681799,0.8271484375000001,0.9410199603064704,0.00928708631184756,0.007771263642096354,0.0005745139628101924,94
C_bias,straight,h1_exc,33,25,1.3551896,0.009338261,1.1176451,0.007615153,0.8271484375000001,1.351202706279069,0.00920651356539617,0.06491927482631467,0.0012909996527559143,67
C_bias,straight,h1_exc,34,25,0.7445339,0.015579677,0.61710435,0.012833469,0.8271484375000001,0.746062426414192,0.015515314544257077,0.005801334350079906,0.0006481184113734353,106
C_bias,straight,h1_exc,35,25,0.45537177,0.015170983,0.37832654,0.012557035,0.8271484375000001,0.45738649790385516,0.01518111468588967,0.0026986560836991984,0.0005753214743122408,125
C_bias,straight,h1_exc,36,25,4.8382616,0.54857993,3.8350143,0.415144,0.8271484375000001,4.6364283136063,0.5018977990570977,0.08443762965627812,0.005624163750938964,3
C_bias,straight,h1_exc,37,25,1.0632718,0.028488234,0.87889177,0.023310179,0.8271484375000001,1.0625562519119525,0.028181371862892386,0.007930008117608071,0.0015135147199605073,88
C_bias,straight,h1_exc,38,25,0.6629205,0.0070505,0.54985857,0.005815538,0.8271484375000001,0.6647640633410238,0.007030827473753932,9.380355371146947e-05,4.55406541685323e-05,112
C_bias,straight,h1_exc,39,25,0.66859764,0.009071287,0.5545361,0.0074835657,0.8271484375000001,0.6704190764280022,0.00904742741132889,0.0037882204383478052,0.00044431504048331687,111
C_bias,straight,h1_exc,40,25,2.0076332,0.053260714,1.6464338,0.042981505,0.8271484375000001,1.9904938144832858,0.05196347181030168,0.07372237755923719,0.004500525291737422,34
C_bias,straight,h1_exc,41,25,2.8335695,0.0943745,2.3073804,0.075133234,0.8271484375000001,2.7895603805588416,0.09083404218706566,0.12169928745366491,0.0030812436717863614,17
C_bias,straight,h1_exc,42,25,0.71684575,0.009674032,0.5943145,0.007970526,0.8271484375000001,0.7185100763100876,0.00963614934360149,0.0017606205465845036,0.00041454462708353634,109
C_bias,straight,h1_exc,43,25,2.4825776,0.117648914,2.0264094,0.09422603,0.8271484375000001,2.449873979983592,0.11391671422368906,0.10677009109758567,0.005122135927107822,25
C_bias,straight,h1_exc,44,25,0.637821,0.013054461,0.5291299,0.010771816,0.8271484375000001,0.6397036640604487,0.013022832581579344,0.00014431315955610685,6.908466548249118e-05,114
C_bias,straight,h1_exc,45,25,1.8626407,0.06642896,1.529062,0.05367759,0.8271484375000001,1.8485945059032816,0.06489474852892531,0.08596013348959505,0.006367035569335737,42
C_bias,straight,h1_exc,46,25,1.1706855,0.021755183,0.9668888,0.017788606,0.8271484375000001,1.1689422977728743,0.02150594065620682,0.029923333633958757,0.003650321307050716,80
C_bias,straight,h1_exc,47,25,1.7343535,0.033380393,1.4257283,0.02706519,0.8271484375000001,1.7236667522852298,0.032721078296589406,0.07009982961721926,0.003186397173272832,49
C_bias,straight,h1_exc,48,25,1.8250794,0.11596504,1.4972345,0.09379121,0.8271484375000001,1.8101157388203317,0.1133910264715284,0.07031643146140276,0.00742213035648833,44
C_bias,straight,h1_exc,49,25,0.50612307,0.006649707,0.42034882,0.0054997266,0.8271484375000001,0.5081902993114927,0.0066490198997183605,0.0005483900063132061,0.00015109870364465075,122
C_bias,straight,h1_exc,50,25,1.0204958,0.034540437,0.8437644,0.028290642,0.8271484375000001,1.020088253006474,0.03420261849251389,0.015650762153859788,0.0025064304053822456,92
C_bias,straight,h1_exc,51,25,1.3871967,0.087862484,1.1425102,0.07156139,0.8271484375000001,1.3812638477212758,0.08651577067294904,0.05560386037696797,0.00660833966029619,66
C_bias,straight,h1_exc,52,25,0.80304605,0.012755893,0.6652955,0.010493913,0.8271484375000001,0.804324173283982,0.01268685580700278,0.004134559006026369,0.0005921792063742781,103
C_bias,straight,h1_exc,53,25,3.1064768,0.12534879,2.5230808,0.09946747,0.8271484375000001,3.050336208464279,0.12025346730803872,0.11944754663062641,0.003034551893973943,14
C_bias,straight,h1_exc,54,25,1.9286473,0.08227979,1.5820416,0.06636055,0.8271484375000001,1.9126452852259588,0.08022809946729961,0.0666939635632098,0.004328606079575417,39
C_bias,straight,h1_exc,55,25,1.1476064,0.018673977,0.94802666,0.015284898,0.8271484375000001,1.146138453943453,0.01847902623685357,0.01115540723368706,0.0011130644573757594,83
C_bias,straight,h1_exc,56,25,0.5368788,0.023132639,0.44569808,0.019108417,0.8271484375000001,0.538836885353506,0.023101555638883955,0.0022440696310974616,0.000506712699297854,119
C_bias,straight,h1_exc,57,25,2.3749578,0.035231724,1.9421567,0.028277095,0.8271484375000001,2.3480147192057457,0.03418623896547501,0.11783169477756125,0.002432053194007702,29
C_bias,straight,h1_exc,58,25,1.9747522,0.0330345,1.6201754,0.026686396,0.8271484375000001,1.9587478894501726,0.032263128492436746,0.10863173085585943,0.0026932751503675498,37
C_bias,straight,h1_exc,59,25,0.51944005,0.020757943,0.43129772,0.0171612,0.8271484375000001,0.5214272377721451,0.020747423752660695,6.49409218002481e-05,4.0175083343194726e-05,120
C_bias,straight,h1_exc,60,25,1.1943158,0.013699372,0.9862608,0.011199576,0.8271484375000001,1.1923624914647895,0.013539983139852347,0.02290959954527835,0.002097035857622343,77
C_bias,straight,h1_exc,61,25,4.7527604,0.25002027,3.8035963,0.19293317,0.8271484375000001,4.598444431382147,0.23325096288628802,0.1322264554341471,0.003950174627383131,4
C_bias,straight,h1_exc,62,25,2.7771137,0.05483903,2.2633398,0.043708637,0.8271484375000001,2.736316297072899,0.052842557195010346,0.13099262933020397,0.002310206695481593,20
C_bias,straight,h1_exc,63,25,1.2848282,0.021511942,1.0601709,0.017564185,0.8271484375000001,1.2817178611323674,0.02123462315971416,0.018472055789618275,0.0023630415027604177,73
C_bias,straight,h1_exc,64,25,2.2493436,0.10230214,1.8398604,0.08211368,0.8271484375000001,2.224341243077695,0.09927321452321301,0.0962132672053334,0.0051809516831450375,30
C_bias,straight,h1_exc,65,25,1.3458908,0.026071569,1.1099658,0.021260558,0.8271484375000001,1.341918470784945,0.02570343549552994,0.023155046450777345,0.0023259512415445024,69
C_bias,straight,h1_exc,66,25,1.2918648,0.021838482,1.0659132,0.017828662,0.8271484375000001,1.2886601942833833,0.021554367083480578,0.05394425904207274,0.0014539327012823833,72
C_bias,straight,h1_exc,67,25,1.2317669,0.039428428,1.0166532,0.032183442,0.8271484375000001,1.2291060989751146,0.03890890741115684,0.04475151077834874,0.003272450718492546,74
C_bias,straight,h1_exc,68,25,1.509619,0.055242985,1.2429467,0.04494233,0.8271484375000001,1.5026888665454878,0.054334058061809166,0.05302765182258911,0.0033956297671667987,59
C_bias,straight,h1_exc,69,25,1.6152667,0.052896746,1.3288516,0.042954862,0.8271484375000001,1.606545431087374,0.05193125999454804,0.059687849256208875,0.006260974117934061,54
C_bias,straight,h1_exc,70,25,1.3355685,0.027596444,1.1015327,0.022501454,0.8271484375000001,1.3317231382312926,0.02720364690916801,0.055819980656676045,0.002079434229792039,70
C_bias,straight,h1_exc,71,25,1.3256786,0.024384568,1.093491,0.019893123,0.8271484375000001,1.3220008331770867,0.024050245571180476,0.045386488680395604,0.003831128218077116,71
C_bias,straight,h1_exc,72,25,4.095518,0.17721052,3.2982876,0.13823351,0.8271484375000001,3.9875400519614397,0.16712055929821484,0.13027870478927547,0.002749495519390215,6
C_bias,straight,h1_exc,73,25,0.6375387,0.005740835,0.52891946,0.0047377856,0.8271484375000001,0.6394492879797355,0.005727854151913897,0.00035356724091246185,8.988250234707528e-05,115
C_bias,straight,h1_exc,74,25,1.877426,0.04901524,1.5413381,0.039623886,0.8271484375000001,1.8634357710813665,0.04790420348268599,0.07168034635151828,0.0032390000160438487,41
C_bias,straight,h1_exc,75,25,1.433519,0.04818608,1.1811223,0.039233644,0.8271484375000001,1.4279448288616452,0.04743240832263608,0.05849714725104055,0.004567019640123834,63
C_bias,straight,h1_exc,76,25,3.541431,0.3071009,2.8546047,0.24075894,0.8271484375000001,3.45113981251865,0.291071026366799,0.10178407143492217,0.005854930309115162,10
C_bias,straight,h1_exc,77,25,1.751588,0.032717615,1.439701,0.026510648,0.8271484375000001,1.7405592195212347,0.03205065256809441,0.09020294038054459,0.003110283403727926,47
C_bias,straight,h1_exc,78,25,2.9288528,0.11056901,2.382652,0.08792768,0.8271484375000001,2.880561575084769,0.10630216856633833,0.11188599260384965,0.003944366465626307,16
C_bias,straight,h1_exc,79,25,1.556277,0.020720365,1.2813072,0.01684265,0.8271484375000001,1.5490655942813671,0.020362305863676305,0.08303779200858388,0.0031835678707751677,56
C_bias,straight,h1_exc,80,25,2.4129097,0.093735926,1.9713974,0.07510481,0.8271484375000001,2.383365900799463,0.09079967447546805,0.11582574185973137,0.004181502332782622,27
C_bias,straight,h1_exc,81,25,1.0372142,0.018673029,0.8576094,0.015301063,0.8271484375000001,1.0368264792882118,0.018498568743145087,0.033920622035500794,0.0019903086439276726,91
C_bias,straight,h1_exc,82,25,1.1997533,0.06870193,0.98997307,0.056116857,0.8271484375000001,1.1968505022899212,0.06784375611241562,0.023429165965448612,0.0026639459660884584,75
C_bias,straight,h1_exc,83,25,1.801701,0.037749466,1.4802294,0.030553732,0.8271484375000001,1.7895570029275365,0.03693863240234269,0.07851321133085495,0.003965646666431482,46
C_bias,straight,h1_exc,84,25,3.7725484,0.145129,3.0473015,0.11357067,0.8271484375000001,3.6841047462659584,0.13730385037202758,0.12938396320002762,0.0022470210443556837,7
C_bias,straight,h1_exc,85,25,1.5707496,0.034222133,1.2929502,0.027824692,0.8271484375000001,1.5631415953471721,0.033639297262675366,0.0582014972489779,0.0029421117267323144,55
C_bias,straight,h1_exc,86,25,0.48198673,0.016292294,0.40034637,0.013475387,0.8271484375000001,0.48400787236755816,0.016291377063535367,0.0002669793451787977,0.00010316540573644727,123
C_bias,straight,h1_exc,87,25,2.2030313,0.10034383,1.8026887,0.08066761,0.8271484375000001,2.179401705176492,0.09752494149569046,0.09063587985921291,0.004428797819268831,32
C_bias,straight,h1_exc,88,25,1.347406,0.035199817,1.1111114,0.028702263,0.8271484375000001,1.3433034687159207,0.03470025667427442,0.05976686032060816,0.005141748174905794,68
C_bias,straight,h1_exc,89,25,2.3980482,0.1338988,1.9580548,0.10699977,0.8271484375000001,2.3672351638339126,0.12935981065956909,0.07087940831598188,0.0028779253308603967,28
C_bias,straight,h1_exc,90,25,2.6298308,0.113428384,2.1443107,0.09068809,0.8271484375000001,2.592413513476532,0.10963943431946674,0.10268602868214784,0.004124687473024976,22
C_bias,straight,h1_exc,91,25,1.4178048,0.04473401,1.1683736,0.036458515,0.8271484375000001,1.4125318883842437,0.04407735520621362,0.05641201407048217,0.005451747954197274,64
C_bias,straight,h1_exc,92,25,2.6644416,0.14963359,2.1704683,0.11912636,0.8271484375000001,2.6240372529019873,0.1440205329881124,0.1069504825470308,0.005176923671142881,21
C_bias,straight,h1_exc,93,25,1.8397609,0.039206788,1.5110127,0.03173812,0.8271484375000001,1.8267732747529117,0.03837052381599714,0.07366465229541475,0.0035355325109471245,43
C_bias,straight,h1_exc,94,25,2.240747,0.043050066,1.8343093,0.034602728,0.8271484375000001,2.217630298741031,0.04183375631719921,0.11117885812202472,0.002566903771325475,31
C_bias,straight,h1_exc,95,25,0.9373307,0.025524795,0.77560747,0.020958893,0.8271484375000001,0.9376883343644216,0.02533873260101122,0.013514927392429408,0.0017946583125731555,96
C_bias,straight,h1_exc,96,25,0.50972486,0.0096243145,0.42331964,0.007958418,0.8271484375000001,0.5117819119566964,0.00962151030003649,0.0009235905551401866,0.00023756257785876846,121
C_bias,straight,h1_exc,97,25,1.4440248,0.08501093,1.1888939,0.06887729,0.8271484375000001,1.4373404466688413,0.08327077331843495,0.04207450166858296,0.00383284472621577,61
C_bias,straight,h1_exc,98,25,0.468144,0.009628808,0.38892028,0.00796761,0.8271484375000001,0.47019407746510855,0.009632624265898587,0.0,0.0,124
C_bias,straight,h1_exc,99,25,5.468252,0.32824537,4.346179,0.24936736,0.8271484375000001,5.254412073521776,0.3014783541946241,0.11571029133208648,0.003195273222933754,2
C_bias,straight,h1_exc,100,25,0.7331569,0.010395545,0.60775334,0.008564825,0.8271484375000001,0.7347572571109333,0.010354641082993575,0.0038315143862146374,0.000886692023458701,107
C_bias,straight,h1_exc,101,25,1.1738797,0.043968666,0.96926534,0.03590494,0.8271484375000001,1.17181549565173,0.04340809662714877,0.01775764577963752,0.001994382808171595,79
C_bias,straight,h1_exc,102,25,1.5190499,0.03944132,1.2508584,0.032057494,0.8271484375000001,1.5122538522253044,0.03875663895570731,0.03977270677366305,0.004481473556208393,58
C_bias,straight,h1_exc,103,25,0.6201318,0.013150174,0.5145294,0.010852705,0.8271484375000001,0.6220520852287843,0.01312062567154478,0.005837467304044522,0.0002713637473843681,116
C_bias,straight,h1_exc,104,25,0.64281195,0.018698834,0.53321904,0.015433521,0.8271484375000001,0.6446473315059386,0.01865870749387521,0.0023017948949199045,0.0004618255984522095,113
C_bias,straight,h1_exc,105,25,3.435463,0.13496408,2.7827268,0.10650182,0.8271484375000001,3.36424099616682,0.12875780122038943,0.12766663660130992,0.002877616252717886,11
C_bias,straight,h1_exc,106,25,0.5880271,0.0074731093,0.4880396,0.0061703175,0.8271484375000001,0.5900266263894655,0.007459746113937571,0.0016090917290505916,0.00039465757504138953,117
C_bias,straight,h1_exc,107,25,0.45074493,0.022789022,0.3744488,0.01885829,0.8271484375000001,0.45269846399299046,0.022799158836910315,2.8862631911221374e-05,2.8862631911221374e-05,126
C_bias,straight,h1_exc,108,25,1.4421685,0.020569144,1.1884723,0.016747808,0.8271484375000001,1.436830639543216,0.020247644672258164,0.07182449747113603,0.0030477975737032165,62
C_bias,straight,h1_exc,109,25,1.0827953,0.036727894,0.89480054,0.030047024,0.8271484375000001,1.081789537702708,0.036326036264450516,0.02780914584646179,0.001600668943711246,87
C_bias,straight,h1_exc,110,25,1.6818347,0.03519739,1.383127,0.02854231,0.8271484375000001,1.6721628985413832,0.034506877365784894,0.06437810047797927,0.004180314089175173,51
C_bias,straight,h1_exc,111,25,0.9361867,0.02430909,0.774678,0.019946843,0.8271484375000001,0.9365646130176912,0.02411519263721609,0.02483629475960599,0.0015745022053295556,97
C_bias,straight,h1_exc,112,25,1.1755944,0.017319685,0.9709322,0.014165188,0.8271484375000001,1.1738306329226007,0.01712532739105551,0.03831514386214637,0.0008697537147176733,78
C_bias,straight,h1_exc,113,25,0.3435779,0.010185101,0.28572422,0.008441467,0.8271484375000001,0.34543281506866413,0.010205504050322339,0.0010462684544933609,0.0003887147290508608,128
C_bias,straight,h1_exc,114,25,1.0531957,0.0105337575,0.870748,0.008633606,0.8271484375000001,1.052710680344147,0.010437795192136105,0.007403265085228282,0.0008711543694935232,89
C_bias,straight,h1_exc,115,25,0.938516,0.021537345,0.7766114,0.017677145,0.8271484375000001,0.9389021254414679,0.02137118763410867,0.007230056104857917,0.0011032855577990423,95
C_bias,straight,h1_exc,116,25,0.8602534,0.0110922465,0.7123606,0.009117142,0.8271484375000001,0.8612246445051988,0.011022377468702417,0.018089654550357995,0.0011685375102713734,100
C_bias,straight,h1_exc,117,25,1.1492469,0.00791304,0.9494157,0.006472987,0.8271484375000001,1.1478177378849275,0.00782566545313206,0.045227614052322965,0.001028939661836252,81
C_bias,straight,h1_exc,118,25,2.9870715,0.13728443,2.4278817,0.10879831,0.8271484375000001,2.935243125117308,0.13153420323665452,0.10360963290330692,0.0035864022043449826,15
C_bias,straight,h1_exc,119,25,1.1075933,0.08111031,0.91426253,0.06632255,0.8271484375000001,1.1053185670932963,0.0801821596221913,0.02314037565410963,0.003727758869062763,86
C_bias,straight,h1_exc,120,25,1.6399564,0.05788551,1.3488083,0.046923183,0.8271484375000001,1.6306726122080206,0.05672885386809874,0.06609542707669695,0.003162411831160852,53
C_bias,straight,h1_exc,121,25,2.1461804,0.13845277,1.7555119,0.1111376,0.8271484375000001,2.1223661985377817,0.1343623408504635,0.08398275751880516,0.008243824321657526,33
C_bias,straight,h1_exc,122,25,1.1209327,0.022321932,0.92617035,0.018264368,0.8271484375000001,1.119714831942401,0.022081124713203743,0.028819274188599687,0.0025153629566733457,84
C_bias,straight,h1_exc,123,25,1.9937835,0.038442634,1.6354744,0.031026201,0.8271484375000001,1.9772440982731938,0.037509834408629046,0.09420727719402365,0.002537740014143892,35
C_bias,straight,h1_exc,124,25,0.3916365,0.014166499,0.32554668,0.011736456,0.8271484375000001,0.3935771086579066,0.014189056994199424,5.772526382244275e-05,2.699851997308968e-05,127
C_bias,straight,h1_exc,125,25,1.4684691,0.019790817,1.2098904,0.016112382,0.8271484375000001,1.4627245571020666,0.019479431593653947,0.07309441227717307,0.0020260302983373885,60
C_bias,straight,h1_exc,126,25,0.7467693,0.008547344,0.6189737,0.0070389244,0.8271484375000001,0.7483223269089336,0.008509868131128718,0.002677009109765782,0.0004780293992017083,105
C_bias,straight,h1_exc,127,25,0.7752405,0.015922476,0.64239174,0.013112828,0.8271484375000001,0.7766341935881236,0.0158530527103545,0.005707552922303794,0.0006906737030753251,104
C_bias,straight,td_h1_exc,0,25,4.0651813,0.18187732,3.2743618,0.1420756,0.8271484375000001,3.958614726482848,0.17176553382495188,0.1281645170017785,0.002746873146745638,7
C_bias,straight,td_h1_exc,1,25,2.1829882,0.047041308,1.7878078,0.037862614,0.8271484375000001,2.161411031738814,0.04577487215272479,0.11045007666626638,0.0032628174285115447,34
C_bias,straight,td_h1_exc,2,25,2.0580738,0.08471088,1.6864247,0.0682913,0.8271484375000001,2.0388416361759285,0.08256232075748632,0.0810246234327762,0.005773716467318954,39
C_bias,straight,td_h1_exc,3,25,1.4886298,0.06349568,1.2257122,0.051692266,0.8271484375000001,1.4818527846001133,0.06249454496576108,0.04358257418594427,0.005512073197693694,52
C_bias,straight,td_h1_exc,4,25,0.5516892,0.01939135,0.45796546,0.01601444,0.8271484375000001,0.5536678040999162,0.01936102307650407,0.0004040768467570992,0.00022368539731196566,103
C_bias,straight,td_h1_exc,5,25,0.4472452,0.011824382,0.3716143,0.0097871935,0.8271484375000001,0.4492715778102932,0.011832450790248741,0.00019482276540074426,0.00018744514775139074,111
C_bias,straight,td_h1_exc,6,25,3.1607327,0.18140599,2.5634148,0.14344402,0.8271484375000001,3.0990990000364236,0.17341992300805403,0.10384774961657449,0.005336007533833812,16
C_bias,straight,td_h1_exc,7,25,3.1129816,0.07661102,2.5297587,0.060851514,0.8271484375000001,3.05840941135332,0.07356782722836422,0.12080370507887346,0.0025180453591648,17
C_bias,straight,td_h1_exc,8,25,1.1043183,0.031816386,0.9124834,0.026023263,0.8271484375000001,1.1031676175938616,0.03146141866719009,0.014424087933139594,0.0026619117218120818,70
C_bias,straight,td_h1_exc,9,25,0.6418996,0.025018508,0.53242075,0.020636592,0.8271484375000001,0.6436822251795198,0.0249490780395246,0.0013132497519605724,0.0005947923084050902,97
C_bias,straight,td_h1_exc,10,25,1.226346,0.019887535,1.0124105,0.016259313,0.8271484375000001,1.2239767967431847,0.019657066612811414,0.031149995490185666,0.0019923177359159067,62
C_bias,straight,td_h1_exc,11,25,0.25864843,0.008025086,0.21524996,0.006663074,0.8271484375000001,0.260231347479012,0.00805547519005613,6.49409218002481e-05,3.273661667130614e-05,126
C_bias,straight,td_h1_exc,12,25,1.0884902,0.034846563,0.8994873,0.028523505,0.8271484375000001,1.0874557561812828,0.03448414125203758,0.011703797240000266,0.0020855654556090346,72
C_bias,straight,td_h1_exc,13,25,4.4680357,0.2501002,3.5832837,0.1944895,0.8271484375000001,4.332092518141598,0.23513251466878649,0.11630919094424431,0.004321724863704608,5
C_bias,straight,td_h1_exc,14,25,1.2372397,0.073033445,1.0205145,0.059578575,0.8271484375000001,1.233774367439928,0.07202887828621178,0.03348056451327536,0.006081971205927525,61
C_bias,straight,td_h1_exc,15,25,1.0743076,0.007852461,0.888056,0.00643345,0.8271484375000001,1.0736355003437172,0.007777866349478137,0.006003427437534046,0.0008119966654469334,74
C_bias,straight,td_h1_exc,16,25,0.3644449,0.015338535,0.30300424,0.012714225,0.8271484375000001,0.36632388341990063,0.015371152254650583,2.8862631911221374e-05,2.8862631911221374e-05,120
C_bias,straight,td_h1_exc,17,25,1.1891385,0.031358145,0.9818982,0.025664037,0.8271484375000001,1.1870882238927805,0.031027123609042223,0.011941913953267842,0.0014328351000120992,68
C_bias,straight,td_h1_exc,18,25,1.6898072,0.08812402,1.3885499,0.071374215,0.8271484375000001,1.6787192156800574,0.08628948326001563,0.05312888969058074,0.005717167507034649,44
C_bias,straight,td_h1_exc,19,25,0.81152886,0.03114119,0.6721442,0.02564385,0.8271484375000001,0.8126040367418428,0.031002716772895803,0.014077748714698224,0.0014318688009185348,86
C_bias,straight,td_h1_exc,20,25,2.8320937,0.08099317,2.3065693,0.064598195,0.8271484375000001,2.7885796616269998,0.07809746565916664,0.11031297916468809,0.0031776577221506895,22
C_bias,straight,td_h1_exc,21,25,4.582305,0.29180893,3.6684797,0.22557962,0.8271484375000001,4.435092235572571,0.2727196380220753,0.12081897718037267,0.005020484278400422,4
C_bias,straight,td_h1_exc,22,25,2.0518088,0.0747897,1.6816258,0.060245868,0.8271484375000001,2.033039846150513,0.07283561648900778,0.11325696761963266,0.0045770952497693656,40
C_bias,straight,td_h1_exc,23,25,3.1672928,0.14363907,2.5704935,0.11388766,0.8271484375000001,3.1076568062069434,0.1376870881351891,0.1025200685486583,0.0047412501232605925,15
C_bias,straight,td_h1_exc,24,25,1.6727774,0.057560008,1.3754481,0.046635486,0.8271484375000001,1.6628794240050422,0.05638103370372354,0.07272661675830006,0.0059893373342387105,47
C_bias,straight,td_h1_exc,25,25,4.4515157,0.18856241,3.5745323,0.14646529,0.8271484375000001,4.321512143832161,0.1770725609082579,0.1338143771984001,0.002475769959669131,6
C_bias,straight,td_h1_exc,26,25,3.0907102,0.18453543,2.507744,0.14646026,0.8271484375000001,3.0317942614666338,0.17706647997993863,0.09717326598710456,0.0073729637705991224,19
C_bias,straight,td_h1_exc,27,25,0.23167291,0.011193065,0.19283274,0.009296208,0.8271484375000001,0.23312953482472562,0.011238862604574705,0.00047623342653515264,0.00027434528817920847,127
C_bias,straight,td_h1_exc,28,25,2.3078933,0.05772372,1.8880143,0.046341684,0.8271484375000001,2.2825580703789607,0.05602583629022181,0.11509661680121218,0.002272305127423635,33
C_bias,straight,td_h1_exc,29,25,3.352073,0.13830426,2.7168002,0.10948727,0.8271484375000001,3.284537753374876,0.13236713368094,0.12163434653186467,0.003984508070243969,11
C_bias,straight,td_h1_exc,30,25,0.5426204,0.023993807,0.4504373,0.01981671,0.8271484375000001,0.544566496803754,0.02395786350498737,0.0013565436998274043,0.0007915410166654406,104
C_bias,straight,td_h1_exc,31,25,0.6488157,0.012052782,0.53820646,0.009948173,0.8271484375000001,0.6506770298285731,0.012027070099273214,0.0034490845133909537,0.000554374358210112,96
C_bias,straight,td_h1_exc,32,25,0.8312155,0.012637168,0.6884738,0.01039594,0.8271484375000001,0.8323461496368363,0.012568409521378358,0.0003319202669790458,0.00017448618799434064,82
C_bias,straight,td_h1_exc,33,25,0.44544324,0.023001913,0.3700582,0.019034315,0.8271484375000001,0.4473903229905784,0.02301196963494525,0.0,0.0,112
C_bias,straight,td_h1_exc,34,25,1.1210904,0.018378902,0.92632544,0.015048999,0.8271484375000001,1.1199022985041105,0.018193831158673946,0.054911157211098655,0.003302214819447748,69
C_bias,straight,td_h1_exc,35,25,0.2053358,0.014352646,0.17093277,0.011921652,0.8271484375000001,0.20665307706033403,0.014412953354526666,0.0003391359249568511,0.00014629883715071035,128
C_bias,straight,td_h1_exc,36,25,0.5985051,0.025484527,0.4965955,0.02100327,0.8271484375000001,0.6003704581250223,0.02539238350703895,0.004228375574993931,0.0011046223432034387,99
C_bias,straight,td_h1_exc,37,25,0.6709097,0.022155838,0.5563761,0.018261002,0.8271484375000001,0.6726435880622103,0.02207705670243866,0.0028501849012331102,0.0006260215760230796,93
C_bias,straight,td_h1_exc,38,25,0.90188736,0.013898503,0.74656904,0.0114165265,0.8271484375000001,0.9025817315199606,0.01380227068602051,0.0014575629115166793,0.00037723240916435677,78
C_bias,straight,td_h1_exc,39,25,0.420846,0.012362482,0.34975246,0.010239376,0.8271484375000001,0.42284120951495685,0.01237912758778854,0.0,0.0,114
C_bias,straight,td_h1_exc,40,25,2.0635629,0.049918912,1.6915927,0.040243987,0.8271484375000001,2.045089647233435,0.048653884902098946,0.08275638134744949,0.00369271592783866,38
C_bias,straight,td_h1_exc,41,25,2.6843302,0.07131602,2.1890364,0.056912813,0.8271484375000001,2.6464854440875754,0.06880604341014178,0.11789663569936151,0.0033312734840966313,26
C_bias,straight,td_h1_exc,42,25,0.84118545,0.011360124,0.6966793,0.009341075,0.8271484375000001,0.8422663786574361,0.011293105451413618,0.0027996277897037345,0.0007389257129526359,81
C_bias,straight,td_h1_exc,43,25,2.5069823,0.109918535,2.0462196,0.08802845,0.8271484375000001,2.473823777233154,0.10642400922896585,0.10991611797590879,0.005060644335456241,28
C_bias,straight,td_h1_exc,44,25,0.5418951,0.02682054,0.4498142,0.022150204,0.8271484375000001,0.5438131514809919,0.026778994198116943,0.0001298818436004962,5.463608041413211e-05,105
C_bias,straight,td_h1_exc,45,25,2.4168868,0.11877442,1.9737511,0.09505128,0.8271484375000001,2.3862113928972195,0.11491441614874373,0.09274285198873207,0.006517586755690222,29
C_bias,straight,td_h1_exc,46,25,1.0915455,0.035359077,0.90198404,0.028939344,0.8271484375000001,1.0904741989945546,0.034986881382322754,0.018746241682095613,0.0030290397743111025,71
C_bias,straight,td_h1_exc,47,25,1.6883976,0.042077303,1.3883649,0.03414924,0.8271484375000001,1.678495352853477,0.041285504222452314,0.05896635699462527,0.004088501266190159,45
C_bias,straight,td_h1_exc,48,25,3.108539,0.21715558,2.5198586,0.17204732,0.8271484375000001,3.0464406465094567,0.2080005326461725,0.09173987552981712,0.007645796621674033,18
C_bias,straight,td_h1_exc,49,25,0.32467166,0.011781369,0.27003726,0.009772429,0.8271484375000001,0.32646769195360703,0.011814601681267486,0.00014431315955610685,6.586964402810163e-05,123
C_bias,straight,td_h1_exc,50,25,1.4291639,0.06511174,1.1772677,0.05291725,0.8271484375000001,1.4232846426908605,0.0639755163222111,0.03762241596729048,0.00359562688870598,54
C_bias,straight,td_h1_exc,51,25,1.4348451,0.08498818,1.1814126,0.06923186,0.8271484375000001,1.4282957284017508,0.08369944265852738,0.053525725499610655,0.005749069423111907,53
C_bias,straight,td_h1_exc,52,25,0.99497724,0.022102503,0.8229485,0.018135501,0.8271484375000001,0.994922450984497,0.021925327502367156,0.03819234361938593,0.00277182534891525,77
C_bias,straight,td_h1_exc,53,25,3.8384585,0.1567462,3.098404,0.12295906,0.8271484375000001,3.7458861015919434,0.14865416598077294,0.11578244791186453,0.002594935441601835,8
C_bias,straight,td_h1_exc,54,25,1.6665659,0.0682251,1.3701947,0.055234082,0.8271484375000001,1.656528208048215,0.06677650314729519,0.04505456841341657,0.0036741045885459833,48
C_bias,straight,td_h1_exc,55,25,1.2184505,0.024420032,1.005925,0.019959737,0.8271484375000001,1.216136112575506,0.024130779822731083,0.012389284747891773,0.00145815070242438,65
C_bias,straight,td_h1_exc,56,25,0.41966906,0.032719396,0.3486263,0.02707016,0.8271484375000001,0.4214796946258682,0.032727087809133894,0.0010823486966708015,0.0004441929591400361,115
C_bias,straight,td_h1_exc,57,25,2.5050294,0.035918783,2.0463517,0.028754737,0.8271484375000001,2.4739834918951105,0.03476369506736225,0.12036439072777093,0.0024630816998846596,27
C_bias,straight,td_h1_exc,58,25,1.6571614,0.023007646,1.3632231,0.018677305,0.8271484375000001,1.6480996321096777,0.022580354254323448,0.11362459003559966,0.0030752558408928114,49
C_bias,straight,td_h1_exc,59,25,0.47936845,0.014053329,0.3981912,0.011628538,0.8271484375000001,0.4814023572421625,0.014058586566068995,0.00017317579146732822,8.42771141958747e-05,108
C_bias,straight,td_h1_exc,60,25,1.2085308,0.025902752,0.99780446,0.02116605,0.8271484375000001,1.2063185263831366,0.025589180858547098,0.02429497984650479,0.0022266262543527626,66
C_bias,straight,td_h1_exc,61,25,5.255546,0.29426536,4.186596,0.22520392,0.8271484375000001,5.061480451370796,0.2722654134723661,0.13514205826631628,0.0037464960421997023,2
C_bias,straight,td_h1_exc,62,25,2.125396,0.03257661,1.7416359,0.026238397,0.8271484375000001,2.1055905584983794,0.031721508304834264,0.11470661335086815,0.0026339569264662876,35
C_bias,straight,td_h1_exc,63,25,2.352992,0.056951586,1.9242231,0.04566196,0.8271484375000001,2.3263333544018256,0.05520407049113876,0.11634526923413334,0.0022182153978361073,31
C_bias,straight,td_h1_exc,64,25,4.5941515,0.2686108,3.6796007,0.20731843,0.8271484375000001,4.448537321928618,0.2506423495610595,0.11609993686288796,0.004336516896228141,3
C_bias,straight,td_h1_exc,65,25,1.6879877,0.050308056,1.3879111,0.040763743,0.8271484375000001,1.6779468118237302,0.049282258928397736,0.0488065921230449,0.005391849162541983,46
C_bias,straight,td_h1_exc,66,25,0.7005773,0.03871956,0.58067423,0.031919934,0.8271484375000001,0.7020193659593525,0.038590333843900745,0.010881206373665216,0.0019017902530096822,92
C_bias,straight,td_h1_exc,67,25,0.70121634,0.019146426,0.58138686,0.015782764,0.8271484375000001,0.7028809459970842,0.019080933581233146,0.0025543429241430913,0.0006511340086332941,91
C_bias,straight,td_h1_exc,68,25,0.3990248,0.013025073,0.3316736,0.010788878,0.8271484375000001,0.40098436755803346,0.013043461067821496,2.8862631911221374e-05,2.8862631911221374e-05,117
C_bias,straight,td_h1_exc,69,25,2.100912,0.077997565,1.7211201,0.06285752,0.8271484375000001,2.080787496980798,0.07599303474512491,0.08142870027953329,0.0068444630153604216,36
C_bias,straight,td_h1_exc,70,25,0.3874584,0.023483861,0.3220266,0.019448293,0.8271484375000001,0.38932139316690945,0.023512459295254293,0.0002453323712453817,0.0001568748875534048,118
C_bias,straight,td_h1_exc,71,25,0.8241956,0.014989884,0.6826881,0.012332002,0.8271484375000001,0.8253514285778424,0.014909055155289707,0.001558582123205954,0.0003517833693413861,83
C_bias,straight,td_h1_exc,72,25,6.0190578,0.32325882,4.7651563,0.24425282,0.8271484375000001,5.7609445672134605,0.29529501218402876,0.12704510606185807,0.0029306526318328453,1
C_bias,straight,td_h1_exc,73,25,0.558997,0.018622667,0.46400926,0.015383195,0.8271484375000001,0.5609745798218841,0.01859786463230617,0.00021646973933416033,0.00016825794269108687,102
C_bias,straight,td_h1_exc,74,25,0.78165895,0.022589138,0.6476342,0.018592188,0.8271484375000001,0.7829721763738072,0.02247744980914526,0.0034923660967644977,0.0007124800496503924,89
C_bias,straight,td_h1_exc,75,25,1.3169107,0.030123932,1.0862861,0.024582976,0.8271484375000001,1.3132903540865188,0.029720151697620142,0.06206159508986056,0.00566640902705856,55
C_bias,straight,td_h1_exc,76,25,3.6462908,0.25077146,2.9418066,0.1973629,0.8271484375000001,3.5565643766910773,0.2386063800534401,0.10176964011896655,0.0047319062404509935,9
C_bias,straight,td_h1_exc,77,25,1.2756441,0.014905213,1.0527109,0.012168196,0.8271484375000001,1.2726988338377005,0.01471101798207093,0.08237332023470531,0.002955258701640887,58
C_bias,straight,td_h1_exc,78,25,3.3077598,0.14516155,2.6815162,0.11471283,0.8271484375000001,3.2418801952737852,0.13868468977185158,0.1107382396422617,0.004136527391336838,13
C_bias,straight,td_h1_exc,79,25,1.0862097,0.022938311,0.89773095,0.018780459,0.8271484375000001,1.0853323121350464,0.022705063640757268,0.05916839541800381,0.004553041113307582,73
C_bias,straight,td_h1_exc,80,25,2.7784889,0.12803206,2.2623506,0.10195438,0.8271484375000001,2.735120198264308,0.12326007166417952,0.1186826829804022,0.00435713954232082,23
C_bias,straight,td_h1_exc,81,25,0.5872868,0.012711217,0.48741072,0.010498938,0.8271484375000001,0.589266344532973,0.01269293152384289,0.0002020384233785496,0.00013471912354361,100
C_bias,straight,td_h1_exc,82,25,1.8265179,0.13815111,1.4975029,0.111610405,0.8271484375000001,1.8104402988444477,0.13493394494015065,0.034837196716844196,0.0039049133908326465,42
C_bias,straight,td_h1_exc,83,25,2.0900025,0.048390877,1.7129244,0.038981795,0.8271484375000001,2.0708789330971213,0.047127930454117235,0.11350229999087805,0.0036216924944379053,37
C_bias,straight,td_h1_exc,84,25,3.3842545,0.10568843,2.743429,0.08329237,0.8271484375000001,3.3167312426458637,0.10069821318431628,0.129527782430615,0.002305900427304764,10
C_bias,straight,td_h1_exc,85,25,1.5814518,0.04260464,1.3015426,0.03463357,0.8271484375000001,1.5735298018746584,0.04187104241993722,0.0909745732654626,0.006522532985113662,50
C_bias,straight,td_h1_exc,86,25,0.47452506,0.010499383,0.39419788,0.008686381,0.8271484375000001,0.47657454994275933,0.010501598759968598,0.00036799530305404933,0.00010335416641676489,110
C_bias,straight,td_h1_exc,87,25,1.3030136,0.03738083,1.0748652,0.030512288,0.8271484375000001,1.2994828817632247,0.03688852645495918,0.05444198521175662,0.006737086406436274,56
C_bias,straight,td_h1_exc,88,25,1.2578927,0.025318982,1.0381455,0.020680098,0.8271484375000001,1.2550897605512905,0.025001675346163287,0.04489551417480984,0.0040874166958714455,59
C_bias,straight,td_h1_exc,89,25,1.0514762,0.0116142435,0.8693348,0.009519109,0.8271484375000001,1.0510021341170164,0.011508343722864293,0.008904121944611793,0.001110391064700712,75
C_bias,straight,td_h1_exc,90,25,3.0051587,0.13520965,2.4423225,0.10738177,0.8271484375000001,2.9527016815307223,0.12982163869156954,0.09190583566330666,0.0030326358357842587,20
C_bias,straight,td_h1_exc,91,25,1.5746322,0.045505475,1.2959605,0.036982134,0.8271484375000001,1.5667811411266657,0.04471039406499605,0.08147920988537793,0.005244499113228243,51
C_bias,straight,td_h1_exc,92,25,2.7713122,0.16273442,2.2550716,0.12924097,0.8271484375000001,2.7263204017539597,0.15624882426434672,0.10985117705410855,0.004861468458231146,24
C_bias,straight,td_h1_exc,93,25,3.2249868,0.08098639,2.618324,0.06416478,0.8271484375000001,3.1654823916759414,0.07757347734150316,0.12372688734542821,0.0038462643918085347,14
C_bias,straight,td_h1_exc,94,25,2.3728237,0.06201669,1.9400357,0.049710505,0.8271484375000001,2.3454504355978005,0.06009864765762864,0.10726075584007642,0.002784482897701604,30
C_bias,straight,td_h1_exc,95,25,0.74370325,0.027603678,0.61633503,0.022722857,0.8271484375000001,0.7451323082925044,0.02747131638161889,0.0030160955767494814,0.0008984697739062226,90
C_bias,straight,td_h1_exc,96,25,0.5048439,0.012679689,0.41927162,0.010484647,0.8271484375000001,0.5068880166268053,0.012675653361749091,5.772526382244275e-05,5.772526382244275e-05,106
C_bias,straight,td_h1_exc,97,25,1.0358871,0.013385839,0.8565491,0.010972326,0.8271484375000001,1.035544513311606,0.01326524379955594,0.011350229999087804,0.0010447099975514735,76
C_bias,straight,td_h1_exc,98,25,0.28095612,0.0054219235,0.23377798,0.004501075,0.8271484375000001,0.28263122144839875,0.005441677337748496,0.0,0.0,125
C_bias,straight,td_h1_exc,99,25,2.3448234,0.038150754,1.9179506,0.030607121,0.8271484375000001,2.318750150676724,0.037003177735836786,0.12847479029482411,0.002246459077382615,32
C_bias,straight,td_h1_exc,100,25,0.62682825,0.028151613,0.5199551,0.023233047,0.8271484375000001,0.6286115773485115,0.028088122121092338,0.004661220042292775,0.0012610251721302513,98
C_bias,straight,td_h1_exc,101,25,1.2232305,0.048792496,1.0095433,0.039834935,0.8271484375000001,1.2205103919186522,0.048159353891011385,0.026062956615832897,0.003283754037658323,64
C_bias,straight,td_h1_exc,102,25,1.3008857,0.034899514,1.0731574,0.028466266,0.8271484375000001,1.2974182130584782,0.03441494116165376,0.018508162713070705,0.002164070943496813,57
C_bias,straight,td_h1_exc,103,25,0.81179965,0.024591208,0.6724268,0.02023181,0.8271484375000001,0.8129457701995619,0.02445970740782228,0.006118850633141136,0.00162705652251476,85
C_bias,straight,td_h1_exc,104,25,0.6564717,0.024926992,0.54444486,0.020557966,0.8271484375000001,0.6582190222131341,0.024854023404648616,0.006075584017312099,0.001324279665366773,95
C_bias,straight,td_h1_exc,105,25,2.8463192,0.08260273,2.3178518,0.065797195,0.8271484375000001,2.802219806828092,0.07954702110393537,0.12973031478296226,0.0024275595786161417,21
C_bias,straight,td_h1_exc,106,25,0.6568555,0.011715156,0.544841,0.009663746,0.8271484375000001,0.6586979471353989,0.011683205697338899,0.007013619554426793,0.0010360250167422216,94
C_bias,straight,td_h1_exc,107,25,0.56819564,0.011332402,0.47164565,0.009361189,0.8271484375000001,0.5702067660918921,0.011317422987164228,0.00015874447551171754,7.816037670187793e-05,101
C_bias,straight,td_h1_exc,108,25,1.810051,0.033513237,1.4870367,0.027128672,0.8271484375000001,1.797786991944036,0.03279782796775519,0.10814106611336868,0.003524412533706102,43
C_bias,straight,td_h1_exc,109,25,0.40638325,0.01958952,0.3377345,0.016222714,0.8271484375000001,0.40831182965791496,0.019612820235705132,2.1646973933416028e-05,2.164697393341603e-05,116
C_bias,straight,td_h1_exc,110,25,0.88295615,0.02479676,0.73094314,0.020366533,0.8271484375000001,0.883690447251598,0.02462258545781839,0.0035068097772133966,0.0011453119279029884,79
C_bias,straight,td_h1_exc,111,25,1.2418879,0.04201215,1.0248886,0.03434228,0.8271484375000001,1.239062513844229,0.04151888566943067,0.0340362586813078,0.0029025412114390145,60
C_bias,straight,td_h1_exc,112,25,0.37115455,0.027410252,0.30848098,0.022693593,0.8271484375000001,0.3729451212106457,0.027435937627664907,0.0012771714620715456,0.0006973259306965922,119
C_bias,straight,td_h1_exc,113,25,0.3336656,0.005916459,0.27751476,0.0049073333,0.8271484375000001,0.3355078113262175,0.0059328325961235644,0.0,0.0,122
C_bias,straight,td_h1_exc,114,25,0.7844282,0.011199969,0.649977,0.0092200525,0.8271484375000001,0.7858045765387969,0.011146792824432743,4.3293947866832055e-05,4.329394786683206e-05,87
C_bias,straight,td_h1_exc,115,25,0.78406227,0.014086928,0.64966375,0.011598035,0.8271484375000001,0.7854258876275325,0.01402170900796503,0.0025832055560543127,0.00056237787798767,88
C_bias,straight,td_h1_exc,116,25,0.49780408,0.027419707,0.4133515,0.022666076,0.8271484375000001,0.4997307518147035,0.027402669244743556,0.003932497805949658,0.0009880356213782383,107
C_bias,straight,td_h1_exc,117,25,0.877531,0.013651966,0.726554,0.011223078,0.8271484375000001,0.8783840032715143,0.01356839645087368,0.0025904212140321183,0.0006329041137685747,80
C_bias,straight,td_h1_exc,118,25,2.753065,0.10400072,2.2429588,0.08287587,0.8271484375000001,2.7116760459318914,0.1001946726867885,0.10765729750431864,0.0035499504316330362,25
C_bias,straight,td_h1_exc,119,25,0.35522234,0.015544194,0.2953571,0.01287632,0.8271484375000001,0.35707872916100725,0.015567120766691206,0.002229638315141851,0.0005511915766113576,121
C_bias,straight,td_h1_exc,120,25,1.1979144,0.013117565,0.9892056,0.01072652,0.8271484375000001,1.195922753514058,0.012968070962888536,0.03483701190020768,0.002946497843835508,67
C_bias,straight,td_h1_exc,121,25,3.321628,0.24507745,2.686522,0.19255659,0.8271484375000001,3.247931925341929,0.2327956800169556,0.10394876882826377,0.007376019974193591,12
C_bias,straight,td_h1_exc,122,25,0.81725067,0.014564768,0.67697626,0.0119856335,0.8271484375000001,0.8184459269364903,0.014490305351825482,9.380355371146947e-05,5.7158760774747247e-05,84
C_bias,straight,td_h1_exc,123,25,1.8656696,0.043993626,1.5319058,0.035584327,0.8271484375000001,1.852032582344892,0.043020483183040054,0.07411892117576782,0.002839488372311038,41
C_bias,straight,td_h1_exc,124,25,0.42707592,0.017768763,0.35488507,0.014711729,0.8271484375000001,0.4290464044469017,0.017786081512511268,0.0004257238206905152,0.0002098235094419436,113
C_bias,straight,td_h1_exc,125,25,1.2236931,0.01993877,1.0102421,0.016302528,0.8271484375000001,1.221355225120326,0.019709312862667163,0.03597707154391922,0.003152903798687939,63
C_bias,straight,td_h1_exc,126,25,0.3138265,0.015949456,0.2610207,0.013226945,0.8271484375000001,0.3155669263139676,0.01599101762314546,0.00034635158293465644,0.0001666124437371942,124
C_bias,straight,td_h1_exc,127,25,0.47582662,0.015453961,0.39525372,0.012787044,0.8271484375000001,0.4778509975342305,0.01545918874732326,0.00027419500315660304,0.00014208618141966234,109
baseline,C,h1_exc,0,25,4.6499205,0.09865735,7.245043,0.14212556,1.6533203125,4.382116847202967,0.08596372133143053,0.22765775580304393,0.002146963140995906,5
baseline,C,h1_exc,1,25,2.0334585,0.019066509,3.3052564,0.029987412,1.6533203125,1.9991627167918333,0.01813769043877527,0.20921344216548532,0.0017477198983434207,42
baseline,C,h1_exc,2,25,2.091972,0.029971408,3.3968158,0.047016095,1.6533203125,2.054541793446688,0.02843737862125979,0.17212100896658666,0.0045316395778845445,38
baseline,C,h1_exc,3,25,0.97935873,0.020967456,1.6194625,0.03414256,1.6533203125,0.9795212390686002,0.02065090590910987,0.02644766613590342,0.0019666226690853356,92
baseline,C,h1_exc,4,25,0.6293065,0.008114738,1.0468179,0.013356115,1.6533203125,0.6331609784318851,0.00807835874156349,6.704097879823427e-06,6.7040978798234265e-06,115
baseline,C,h1_exc,5,25,0.80148625,0.009632321,1.3294165,0.015767734,1.6533203125,0.804088922313684,0.009537011101034477,0.0039353054554563515,0.0004211370712809176,102
baseline,C,h1_exc,6,25,2.5419314,0.049193595,4.0967045,0.07608093,1.6533203125,2.477864877908174,0.04601705584717357,0.19459859249038497,0.002863492988277996,25
baseline,C,h1_exc,7,25,2.8457649,0.026612615,4.5652165,0.04077457,1.6533203125,2.7612413078705784,0.024662230674509802,0.21389424285576644,0.002028820524937384,18
baseline,C,h1_exc,8,25,1.3516152,0.022680547,2.2214112,0.036425013,1.6533203125,1.3436060224495565,0.02203143168981928,0.05959919870464463,0.002435739967185768,74
baseline,C,h1_exc,9,25,0.70295197,0.0070005655,1.1679087,0.011495542,1.6533203125,0.7064019080132573,0.006953003556264727,0.006134249560038436,0.0005485834026163831,109
baseline,C,h1_exc,10,25,1.0765908,0.005692836,1.7776777,0.00923433,1.6533203125,1.0752167032712454,0.005585323726196604,0.03924578898848634,0.0007176751653976355,86
baseline,C,h1_exc,11,25,0.77499944,0.01862225,1.2858804,0.030506236,1.6533203125,0.7777563790035217,0.01845149756095773,0.0361149752786088,0.0025224051340624843,103
baseline,C,h1_exc,12,25,1.6846462,0.014872856,2.7539475,0.02364374,1.6533203125,1.6657071584591163,0.014300761333068021,0.1382246519098674,0.0019231104543892563,57
baseline,C,h1_exc,13,25,7.106635,0.21244977,10.650325,0.28400776,1.6533203125,6.441779623618533,0.1717802447610303,0.2331081873793404,0.0024063587112404775,1
baseline,C,h1_exc,14,25,1.6631263,0.031588577,2.7192383,0.050247133,1.6533203125,1.6447134644226282,0.030391649065818704,0.07582983315404583,0.002089731572568274,58
baseline,C,h1_exc,15,25,0.97927934,0.0043349857,1.6196051,0.0070499936,1.6533203125,0.9796075607326528,0.004264142629760338,0.007086177529578653,0.0007727589670343522,91
baseline,C,h1_exc,16,25,2.1004534,0.03583266,3.4098835,0.05620539,1.6533203125,2.0624457372577853,0.03399546170171033,0.15503792774265482,0.0017137081244630828,37
baseline,C,h1_exc,17,25,0.9755835,0.0088920435,1.6135522,0.014474004,1.6533203125,0.97594658195422,0.008754506639230735,0.022384982820730422,0.0006769479225061934,94
baseline,C,h1_exc,18,25,1.6983197,0.025637848,2.7754087,0.040733844,1.6533203125,1.6786877851802935,0.024637598828056335,0.15320204474972496,0.0025758106085412747,55
baseline,C,h1_exc,19,25,1.4598621,0.020386597,2.3951457,0.032589905,1.6533203125,1.4486882364939058,0.019711790480687556,0.13104451757764973,0.002033007186566844,65
baseline,C,h1_exc,20,25,3.3087173,0.057134245,5.2673573,0.08623014,1.6533203125,3.1859265326165755,0.05215573689571446,0.19506913600922224,0.0016039510394124427,13
baseline,C,h1_exc,21,25,3.6171677,0.08006051,5.7286696,0.11922105,1.6533203125,3.464948191811979,0.07211007312578561,0.2316533981394187,0.002998018178023249,10
baseline,C,h1_exc,22,25,2.2724261,0.024645215,3.6792703,0.038461722,1.6533203125,2.225382685982476,0.023263320849412607,0.2417296572527933,0.0026750057625851225,33
baseline,C,h1_exc,23,25,3.4113455,0.0463396,5.4225807,0.069764555,1.6533203125,3.2798123278808164,0.04219663298961533,0.20476326154344693,0.0037280717147623525,12
baseline,C,h1_exc,24,25,1.5260255,0.012843312,2.501152,0.020533636,1.6533203125,1.512805511283297,0.012419635810475674,0.11397636805487808,0.0019689181428300066,63
baseline,C,h1_exc,25,25,3.1895862,0.04093516,5.088203,0.062030923,1.6533203125,3.077566246890562,0.037518999000513156,0.2274432246708896,0.002375593086983758,14
baseline,C,h1_exc,26,25,3.1067648,0.044264723,4.962446,0.06728049,1.6533203125,3.0015032305166023,0.04069416632213209,0.20981071863836084,0.004261353631647647,15
baseline,C,h1_exc,27,25,1.7035649,0.04590737,2.7828405,0.07286032,1.6533203125,1.6831830125139284,0.044069090250688316,0.12493756808838938,0.0035383847125259943,54
baseline,C,h1_exc,28,25,2.282652,0.020650003,3.6953263,0.03220364,1.6533203125,2.2350939741325386,0.01947816114063391,0.18609841488151446,0.002099839586303946,32
baseline,C,h1_exc,29,25,4.388046,0.057129104,6.868232,0.08326292,1.6533203125,4.154205296418156,0.050361033198925376,0.25004273862377435,0.0018481750147292199,6
baseline,C,h1_exc,30,25,0.74012184,0.005821657,1.2289165,0.009546258,1.6533203125,0.7433021553627944,0.005773991518380551,0.01198017403773051,0.0004621500725911359,105
baseline,C,h1_exc,31,25,0.49667513,0.003966101,0.82804346,0.006555886,1.6533203125,0.5008366710745689,0.003965284755153063,0.0026749350540495476,0.0004006691819444198,122
baseline,C,h1_exc,32,25,0.9843788,0.0061753616,1.6278893,0.010042684,1.6533203125,0.9846182117517038,0.006074251649116552,0.021077683734164854,0.000777880014025923,90
baseline,C,h1_exc,33,25,1.2686555,0.006770967,2.0881894,0.010909679,1.6533203125,1.2630277456554762,0.006598648511147422,0.08656331182428008,0.0006813625263498007,78
baseline,C,h1_exc,34,25,0.63797575,0.0060658264,1.0611054,0.009982019,1.6533203125,0.6418026667540812,0.006037558749200339,0.01664622447679403,0.0008623408028007387,114
baseline,C,h1_exc,35,25,0.6675451,0.012697375,1.1096599,0.02087531,1.6533203125,0.6711705947180637,0.012626295788518795,0.021312327159958674,0.0013322964392397866,111
baseline,C,h1_exc,36,25,6.8093147,0.24792393,10.24153,0.3333359,1.6533203125,6.194523079318863,0.20161604632188793,0.21543618536812584,0.001927646739940378,2
baseline,C,h1_exc,37,25,1.2646306,0.021094317,2.0814483,0.033978958,1.6533203125,1.2589504155431763,0.020551951065289915,0.04418000502803638,0.002769821655687538,79
baseline,C,h1_exc,38,25,0.7611383,0.0043474752,1.2633824,0.0071226354,1.6533203125,0.7641485834290792,0.004308079355040364,0.009211430486877389,0.0003790533540501466,104
baseline,C,h1_exc,39,25,0.597287,0.0045707636,0.994112,0.007532363,1.6533203125,0.6012821672621984,0.00455590040009008,0.0021386072236636734,0.00020257952765197047,116
baseline,C,h1_exc,40,25,1.7829212,0.025079137,2.9096801,0.039791305,1.6533203125,1.7599010929344288,0.024067510049848608,0.08606015731281488,0.004325991006530713,52
baseline,C,h1_exc,41,25,2.0880098,0.04175348,3.3900821,0.065493345,1.6533203125,2.050469072155609,0.03961322043933324,0.15136512193065332,0.003224860396875211,39
baseline,C,h1_exc,42,25,0.6402334,0.0065136054,1.0648167,0.010720298,1.6533203125,0.6440474756157435,0.006484102174928808,0.00419005218665719,0.0005530890965475747,113
baseline,C,h1_exc,43,25,2.6332998,0.044931136,4.2380104,0.069325835,1.6533203125,2.5633328371427773,0.041931276710661096,0.20152518226749222,0.003972991171377963,22
baseline,C,h1_exc,44,25,0.6727771,0.0067968485,1.1183362,0.011165956,1.6533203125,0.6764183534378919,0.0067536558089345295,0.0004893991452271101,0.00015236159460124343,110
baseline,C,h1_exc,45,25,2.1363451,0.02920282,3.4664075,0.04576495,1.6533203125,2.09663385194505,0.02768063017959893,0.15912125028659477,0.003296358347635964,36
baseline,C,h1_exc,46,25,1.4343411,0.02040288,2.354255,0.032656424,1.6533203125,1.4239557905419036,0.01975202465899773,0.09903293388075167,0.0023652603003473135,69
baseline,C,h1_exc,47,25,1.443525,0.010935691,2.3691604,0.017515307,1.6533203125,1.4329711005416426,0.010594018693666548,0.07954412134410496,0.0018283524506225626,68
baseline,C,h1_exc,48,25,2.3790045,0.05356157,3.8438544,0.08301764,1.6533203125,2.324930213344781,0.05021267762258969,0.20600351965121427,0.00506340945182217,29
baseline,C,h1_exc,49,25,0.50941515,0.0064852955,0.8490857,0.010719021,1.6533203125,0.5135639265512473,0.006483329636345508,0.00599342698986781,0.0005421675815866877,121
baseline,C,h1_exc,50,25,0.7151242,0.013857948,1.1877987,0.022746699,1.6533203125,0.7184323157779109,0.013758192087207976,0.010022578580351126,0.0014606698464617312,107
baseline,C,h1_exc,51,25,1.9916961,0.05172961,3.2381475,0.08144742,1.6533203125,1.9585724591279345,0.049262943298361325,0.15514623313487375,0.005189533290631585,43
baseline,C,h1_exc,52,25,0.65681463,0.0063265297,1.0920954,0.010405523,1.6533203125,0.6605467830391138,0.006293712366612962,0.003318512159341278,0.00030338523164984675,112
baseline,C,h1_exc,53,25,2.4774778,0.048717678,3.99697,0.07544299,1.6533203125,2.4175411994300076,0.045631202268111064,0.17366965557682587,0.0028004658714043907,27
baseline,C,h1_exc,54,25,2.2512217,0.06812243,3.6437452,0.10612816,1.6533203125,2.203895426994011,0.06419092539514991,0.14649794686990153,0.004367021262131459,35
baseline,C,h1_exc,55,25,1.2730097,0.009778568,2.0951746,0.015766287,1.6533203125,1.2672526416862937,0.009536136014967302,0.03333277465848208,0.0014892217004688667,77
baseline,C,h1_exc,56,25,0.5768429,0.013579102,0.96030396,0.022374758,1.6533203125,0.5808335687213426,0.013533226398345427,0.013354522529562233,0.0014111079760971855,117
baseline,C,h1_exc,57,25,2.5819404,0.031419687,4.1593823,0.048545636,1.6533203125,2.5157752819630606,0.029362510110358335,0.20923427127066282,0.0025147419693429623,24
baseline,C,h1_exc,58,25,2.3151274,0.01872407,3.7459803,0.02918472,1.6533203125,2.2657317217506834,0.017652186507844284,0.226115045920339,0.0016841445287066642,31
baseline,C,h1_exc,59,25,0.45218033,0.0068227006,0.7544011,0.011294743,1.6533203125,0.45629459292133767,0.0068315513870884255,0.00240677113885661,0.00048400847405845906,123
baseline,C,h1_exc,60,25,1.5681939,0.017907102,2.5683963,0.02856856,1.6533203125,1.5534777586653945,0.017279507250166266,0.0885468108058204,0.002161102277823648,62
baseline,C,h1_exc,61,25,4.802799,0.09796825,7.465696,0.14104831,1.6533203125,4.515577327051381,0.08531215280538465,0.25102153691422857,0.0025878078336745384,3
baseline,C,h1_exc,62,25,2.6805935,0.025112877,4.311692,0.03861547,1.6533203125,2.607898857805001,0.023356314946520306,0.22632364032495908,0.0026269401098094215,21
baseline,C,h1_exc,63,25,0.9785653,0.008017207,1.6184138,0.013037016,1.6533203125,0.9788870791123059,0.007885353667421418,0.018577055224990716,0.0015224687460705546,93
baseline,C,h1_exc,64,25,2.7985108,0.05572395,4.491396,0.08533109,1.6533203125,2.7165913708990574,0.05161195154585368,0.2249895248468742,0.0032860766804258634,20
baseline,C,h1_exc,65,25,1.6967894,0.019792305,2.7731423,0.031426877,1.6533203125,1.6773171021370485,0.019008341367554624,0.1271560627220827,0.00414186648824615,56
baseline,C,h1_exc,66,25,1.0973592,0.006950139,1.8113396,0.011258371,1.6533203125,1.0955769035827925,0.006809552238699706,0.06856951311483402,0.0007617661818130064,85
baseline,C,h1_exc,67,25,1.6301991,0.019282714,2.6672163,0.03069716,1.6533203125,1.613248240159311,0.01856697596419576,0.12711597913770034,0.0018914507152154798,59
baseline,C,h1_exc,68,25,1.2810711,0.023028854,2.1078866,0.03706481,1.6533203125,1.2749414619892052,0.022418407081703708,0.06892483030246466,0.0016922115610730182,76
baseline,C,h1_exc,69,25,2.0752425,0.030424805,3.3705451,0.047772422,1.6533203125,2.0386521410675296,0.028894836769194947,0.17798039051355233,0.004262080247047597,40
baseline,C,h1_exc,70,25,1.3902807,0.010273402,2.283776,0.016492305,1.6533203125,1.3813269629977625,0.009975262781977395,0.12125701835236632,0.0011856464509517664,71
baseline,C,h1_exc,71,25,1.5732085,0.008525752,2.5765536,0.013608591,1.6533203125,1.558411637336453,0.008231067216683029,0.13402162071555013,0.002098444214655023,61
baseline,C,h1_exc,72,25,4.0426064,0.059057135,6.361666,0.08702362,1.6533203125,3.8478123152161263,0.05263566858838572,0.2353473560712014,0.002282061854060629,8
baseline,C,h1_exc,73,25,0.826328,0.0047129793,1.3701046,0.0077054617,1.6533203125,0.8286987557396632,0.004660598066365999,0.02090329685696191,0.0004816251076290951,101
baseline,C,h1_exc,74,25,2.3168962,0.026200162,3.7485328,0.04078113,1.6533203125,2.2672754980445062,0.02466619868152767,0.17257018352453482,0.0016303701225514149,30
baseline,C,h1_exc,75,25,1.9578004,0.027010873,3.1859636,0.042569876,1.6533203125,1.9270093363492615,0.025748110965173477,0.15628592977444372,0.002416094931015665,44
baseline,C,h1_exc,76,25,4.235081,0.13601777,6.6362996,0.19818735,1.6533203125,4.013922296029938,0.1198723265598398,0.20808849409183935,0.0021535899235462738,7
baseline,C,h1_exc,77,25,1.9420347,0.01044297,3.161497,0.016474893,1.6533203125,1.912211017072259,0.009964731712443367,0.19593265066848797,0.0014420432987396195,45
baseline,C,h1_exc,78,25,3.6057105,0.050251875,5.713745,0.075091235,1.6533203125,3.4559212357420948,0.04541844256589257,0.23133160144118714,0.0027305533615282727,11
baseline,C,h1_exc,79,25,1.6012013,0.008562041,2.6211982,0.013653213,1.6533203125,1.5854146055078144,0.008258056546233971,0.15748493077172926,0.00175962768172086,60
baseline,C,h1_exc,80,25,2.4779577,0.031235382,3.9985518,0.04839114,1.6533203125,2.4184980922365353,0.029269065067456045,0.21275319461074155,0.0035731992033318544,26
baseline,C,h1_exc,81,25,0.94559497,0.013504517,1.5646609,0.021984857,1.6533203125,0.9463749112133024,0.013297396375522241,0.051634788846925336,0.0012262087331954264,97
baseline,C,h1_exc,82,25,1.2569741,0.03104805,2.068775,0.050038863,1.6533203125,1.25128506042766,0.030265680558350886,0.05173552333859739,0.002099778858933513,81
baseline,C,h1_exc,83,25,1.7901524,0.01617049,2.921367,0.025620881,1.6533203125,1.7669696691523809,0.015496622381762191,0.13327746585088973,0.003070267623726849,49
baseline,C,h1_exc,84,25,2.8128226,0.05038226,4.513671,0.077192634,1.6533203125,2.730064380083663,0.046689461270346136,0.16578563647015354,0.0024095279196887105,19
baseline,C,h1_exc,85,25,1.3837036,0.013659581,2.2731657,0.021924585,1.6533203125,1.3749094534382322,0.013260942310126419,0.08699237408858879,0.0024303603131559715,72
baseline,C,h1_exc,86,25,0.4467771,0.0068313796,0.74545336,0.011309909,1.6533203125,0.45088259375239575,0.006840724575343388,0.0014480710979286545,0.00027925972192563165,124
baseline,C,h1_exc,87,25,2.4683933,0.0361911,3.98353,0.056099065,1.6533203125,2.4094121617133752,0.03393115257473457,0.19030252241666779,0.0016466909853652557,28
baseline,C,h1_exc,88,25,1.258764,0.01595925,2.0721123,0.025709577,1.6533203125,1.2533036837449694,0.01555026971153347,0.11531048353296294,0.0033485693831791733,80
baseline,C,h1_exc,89,25,1.9170272,0.05705911,3.1201208,0.08984046,1.6533203125,1.8871846621494266,0.054339412818515426,0.1021905639821485,0.001531875363151324,46
baseline,C,h1_exc,90,25,2.615731,0.055466294,4.210283,0.08576893,1.6533203125,2.546562132734837,0.05187677946289482,0.1770015922230981,0.003695623441496134,23
baseline,C,h1_exc,91,25,1.4460405,0.0133453235,2.3731542,0.021383831,1.6533203125,1.435386763135936,0.012933870624168583,0.09988435431148923,0.0032799372088944756,67
baseline,C,h1_exc,92,25,3.0386846,0.065530136,4.857603,0.099461615,1.6533203125,2.938089369134799,0.060158709362498945,0.22566663873273637,0.0024696791650122315,16
baseline,C,h1_exc,93,25,1.8096123,0.021634424,2.95206,0.034254678,1.6533203125,1.7855340933239108,0.020718716998526576,0.14691207799481457,0.003338830128883604,48
baseline,C,h1_exc,94,25,1.7657083,0.019956172,2.882539,0.03166339,1.6533203125,1.7434848812886679,0.019151395109309317,0.13259274679684446,0.0019964759911400383,53
baseline,C,h1_exc,95,25,1.0042988,0.01221799,1.6602134,0.019854806,1.6533203125,1.0041691630464384,0.012009050051687026,0.035082544205115994,0.0018466646211828923,89
baseline,C,h1_exc,96,25,0.5319194,0.007003684,0.8862597,0.011567311,1.6533203125,0.5360483925533939,0.006996412659193672,0.003955417749095822,0.000493503121237681,120
baseline,C,h1_exc,97,25,1.8489468,0.058130287,3.0125065,0.09156417,1.6533203125,1.8220949145458496,0.05538199109519641,0.0957278136259987,0.003459460667825803,47
baseline,C,h1_exc,98,25,0.4063887,0.0050536213,0.67853326,0.008378106,1.6533203125,0.41040639864548933,0.005067442964456124,0.0011396966395699826,0.0002906183257326529,126
baseline,C,h1_exc,99,25,4.6811433,0.13147601,7.286072,0.19014171,1.6533203125,4.406932909515953,0.11500597389074477,0.1900812871866336,0.0020563556700911177,4
baseline,C,h1_exc,100,25,0.71363664,0.00712332,1.1854495,0.0116907535,1.6533203125,0.7170113481301632,0.007071075919904238,0.020118997737350104,0.0010807642070600695,108
baseline,C,h1_exc,101,25,1.145421,0.021821762,1.8889009,0.035283823,1.6533203125,1.142489347808607,0.02134119013091045,0.03567250481854046,0.001459831745158635,84
baseline,C,h1_exc,102,25,1.7880784,0.017421862,2.918055,0.027586125,1.6533203125,1.76496662584273,0.016685287072067123,0.13208413642828115,0.0029772271442230595,50
baseline,C,h1_exc,103,25,0.5477614,0.008912934,0.91239494,0.014714513,1.6533203125,0.5518561114546624,0.008899977039340508,0.0068582747163589905,0.00035723912420721095,119
baseline,C,h1_exc,104,25,0.7180369,0.0060923537,1.1926808,0.0099983355,1.6533203125,0.7213851800357447,0.0060474279432446675,0.024885498415234387,0.0011579633357269184,106
baseline,C,h1_exc,105,25,3.8187695,0.06250133,6.030321,0.092574105,1.6533203125,3.64740015283188,0.05599284144950724,0.2387530377941517,0.0016878856252904562,9
baseline,C,h1_exc,106,25,0.54836273,0.0058370125,0.91341734,0.009632196,1.6533203125,0.5524745457553186,0.005825971119827536,0.0038347400549073023,0.00042996145576633393,118
baseline,C,h1_exc,107,25,0.44514203,0.008477704,0.74272865,0.0140351,1.6533203125,0.44923455657800176,0.00848903883593243,0.0010793372880704428,0.00024210707803626796,125
baseline,C,h1_exc,108,25,1.4242913,0.007557839,2.33837,0.012114487,1.6533203125,1.4143478172815733,0.007327368001858166,0.13437693790318078,0.0019568684462791166,70
baseline,C,h1_exc,109,25,1.366011,0.026998365,2.2444084,0.04328482,1.6533203125,1.3575157275393024,0.026180539173690627,0.07132489734344144,0.0013046850263691097,73
baseline,C,h1_exc,110,25,1.4586685,0.013302033,2.3933842,0.02129759,1.6533203125,1.4476228027750841,0.012881708563154778,0.0999175371804069,0.0020782576705521646,66
baseline,C,h1_exc,111,25,0.9291687,0.011619817,1.5379272,0.018944751,1.6533203125,0.9302051503699125,0.011458609566776565,0.035967393557634585,0.0013603601696502757,98
baseline,C,h1_exc,112,25,0.91502565,0.012295774,1.514861,0.020040661,1.6533203125,0.9162537784214774,0.012121462527212313,0.042497276460200704,0.0006571554948114468,99
baseline,C,h1_exc,113,25,0.38575786,0.008944861,0.6442715,0.0148359565,1.6533203125,0.38968340796309325,0.008973431248132376,0.003050364535319659,0.00048072012657964576,127
baseline,C,h1_exc,114,25,0.94798434,0.005876779,1.5686483,0.009573053,1.6533203125,0.9487867465824639,0.00579019860548881,0.012556775328909277,0.0004072107167740356,95
baseline,C,h1_exc,115,25,1.2478147,0.026450794,2.0541732,0.04266241,1.6533203125,1.2424532784189108,0.02580407954115467,0.04261795022203753,0.003234995264037383,82
baseline,C,h1_exc,116,25,0.86764556,0.005720685,1.4376206,0.009341067,1.6533203125,0.8695354728582881,0.0056498831438509855,0.04567471157004008,0.0007234184595364715,100
baseline,C,h1_exc,117,25,1.2973807,0.005761361,2.1344702,0.00927774,1.6533203125,1.2910203990597022,0.005611580249885512,0.09882445800844702,0.0010240240670697045,75
baseline,C,h1_exc,118,25,2.8754265,0.062361874,4.6087384,0.09540753,1.6533203125,2.7875652507396382,0.05770662339404633,0.20993882510667064,0.0020566671029543845,17
baseline,C,h1_exc,119,25,1.2012811,0.030675111,1.9789146,0.04948725,1.6533203125,1.19693363265632,0.02993204110776918,0.055402490731857046,0.0025378282311679192,83
baseline,C,h1_exc,120,25,1.7855148,0.020170763,2.9139287,0.031965002,1.6533203125,1.7624707501471795,0.019333823783707772,0.14964887287341855,0.0013645735202089124,51
baseline,C,h1_exc,121,25,2.2610028,0.057250008,3.6598313,0.08931928,1.6533203125,2.213625011991276,0.054024183950638904,0.16724712980795503,0.0034075178165008605,34
baseline,C,h1_exc,122,25,1.0418512,0.010679355,1.7212491,0.01735252,1.6533203125,1.0410862969092742,0.010495558161633754,0.04566161065947736,0.00160607342263449,88
baseline,C,h1_exc,123,25,2.0597904,0.025682794,3.346446,0.040391326,1.6533203125,2.0240760142729397,0.02443042892843839,0.17544624151497906,0.002269141546442587,41
baseline,C,h1_exc,124,25,0.36493638,0.0063394904,0.60973215,0.010529592,1.6533203125,0.3687925313059115,0.006368754753151709,7.37450766780577e-05,6.709682302182674e-05,128
baseline,C,h1_exc,125,25,1.4660056,0.01036481,2.4051778,0.016590752,1.6533203125,1.4547560755372404,0.010034808118442286,0.11291041649198615,0.0014513417099268405,64
baseline,C,h1_exc,126,25,0.94587326,0.0115446905,1.565146,0.018796893,1.6533203125,0.9466683125792922,0.011369177467741529,0.03256850750018221,0.0019522080930078217,96
baseline,C,h1_exc,127,25,1.0558654,0.012336816,1.7439749,0.020017087,1.6533203125,1.0548318235584524,0.012107204774596677,0.0672954806001008,0.001997148225692277,87
baseline,C,td_h1_exc,0,25,3.9356203,0.0787975,6.2021775,0.116410434,1.6533203125,3.7513466068140646,0.07041009218863113,0.2243325232546515,0.0029557666064157317,9
baseline,C,td_h1_exc,1,25,2.2783246,0.021701256,3.688552,0.0338608,1.6533203125,2.2309964782643066,0.020480483158237157,0.2211212603702161,0.001782550583709459,29
baseline,C,td_h1_exc,2,25,2.1927786,0.030693581,3.5546808,0.04798927,1.6533203125,2.150025546053227,0.02902599697179743,0.18739294393682443,0.004293141614404698,32
baseline,C,td_h1_exc,3,25,1.4925683,0.032219917,2.4471052,0.051602874,1.6533203125,1.4801155490207054,0.031211660480000358,0.07257856364696842,0.004035374573034191,54
baseline,C,td_h1_exc,4,25,0.42763054,0.005991152,0.7137408,0.009927035,1.6533203125,0.4317014960344997,0.006004302480296975,0.0,0.0,113
baseline,C,td_h1_exc,5,25,0.7606289,0.009879281,1.2624962,0.016191905,1.6533203125,0.7636125786746795,0.009793567768188788,0.0027017514455688414,0.00031583464523973927,88
baseline,C,td_h1_exc,6,25,3.3487902,0.080670424,5.3259068,0.12169455,1.6533203125,3.221339930401494,0.07360615344449296,0.19122768792408343,0.0028849777467394666,14
baseline,C,td_h1_exc,7,25,3.3574107,0.034532923,5.341956,0.052036062,1.6533203125,3.2310473538328854,0.031473672293505874,0.237754127210058,0.002527262620902187,13
baseline,C,td_h1_exc,8,25,1.3295698,0.023515834,2.1859415,0.037799925,1.6533203125,1.3221523893976503,0.022863036731858,0.05456441220866479,0.0021429838487108978,60
baseline,C,td_h1_exc,9,25,0.507708,0.007559714,0.84625435,0.012490915,1.6533203125,0.5118514149097668,0.0075550482935764305,0.0007441509323087028,0.00026448609609914213,107
baseline,C,td_h1_exc,10,25,1.0658355,0.008039194,1.7602099,0.013042131,1.6533203125,1.0646514882260596,0.007888448285179681,0.03353389759487678,0.0011250989689850688,75
baseline,C,td_h1_exc,11,25,0.20005445,0.005250849,0.33516866,0.008765348,1.6533203125,0.2027245713763237,0.00530166347945763,0.0004759909494674633,0.00016469445734052394,127
baseline,C,td_h1_exc,12,25,1.2452923,0.017619498,2.0503533,0.028416717,1.6533203125,1.2401427967389622,0.01718766602297802,0.045232548395168666,0.002920426670098543,64
baseline,C,td_h1_exc,13,25,4.4079237,0.082542114,6.8952503,0.12074301,1.6533203125,4.170547080504193,0.07303062107299185,0.23226347104648262,0.0024510294011211593,5
baseline,C,td_h1_exc,14,25,1.4479599,0.034528144,2.3755903,0.05526056,1.6533203125,1.4368603024940863,0.03342398864955642,0.092717673677958,0.00431519073730262,57
baseline,C,td_h1_exc,15,25,1.1167353,0.0069025103,1.8427342,0.011175754,1.6533203125,1.114565789229162,0.006759581615816723,0.030020791326487817,0.002526406190864715,70
baseline,C,td_h1_exc,16,25,0.490871,0.006656251,0.818427,0.011006543,1.6533203125,0.4950202608219832,0.006657235678384875,0.002353138355818023,0.00037991695420039746,109
baseline,C,td_h1_exc,17,25,1.1644565,0.012222075,1.9199035,0.019754175,1.6533203125,1.1612411070074298,0.011948183303498078,0.027956088158863687,0.0011151127081640668,67
baseline,C,td_h1_exc,18,25,2.253439,0.043571882,3.648864,0.067992955,1.6533203125,2.2069916780827854,0.04112509567825896,0.16424369395779415,0.002574839106115282,30
baseline,C,td_h1_exc,19,25,1.2759066,0.024269143,2.0995286,0.03910403,1.6533203125,1.2698861965424486,0.02365181696036455,0.08087803233990154,0.0025435789818483837,63
baseline,C,td_h1_exc,20,25,2.6444147,0.04134773,4.2553263,0.06380291,1.6533203125,2.5738063458748366,0.03859077496164356,0.17997150758385988,0.00212989235362934,24
baseline,C,td_h1_exc,21,25,4.5540843,0.10999379,7.10493,0.15907367,1.6533203125,4.297370211751287,0.09621467130039373,0.23996647951039976,0.004311655392072083,4
baseline,C,td_h1_exc,22,25,2.316116,0.028571557,3.747239,0.044497434,1.6533203125,2.2664931059383404,0.026913982993263297,0.24486634252551984,0.0026862163714159544,28
baseline,C,td_h1_exc,23,25,3.6034493,0.056007884,5.710015,0.0838443,1.6533203125,3.453664966835925,0.05071267529541871,0.19951395290354518,0.0034956127887192496,12
baseline,C,td_h1_exc,24,25,1.6623013,0.035443455,2.7177644,0.05637481,1.6533203125,1.6438219315075389,0.034097936118100934,0.1327277298247442,0.005611153042303903,49
baseline,C,td_h1_exc,25,25,4.3668904,0.071254864,6.83638,0.103932224,1.6533203125,4.134939743060819,0.06286272749256058,0.24060336880898298,0.0023385012329405694,6
baseline,C,td_h1_exc,26,25,3.6090765,0.052477628,5.718643,0.078502014,1.6533203125,3.458884113659053,0.047481429747370796,0.22686667225322477,0.004295355674615289,11
baseline,C,td_h1_exc,27,25,0.55343604,0.027331386,0.92132086,0.045042552,1.6533203125,0.5572548941509842,0.02724369304053399,0.012529958937389984,0.001978070559750688,104
baseline,C,td_h1_exc,28,25,1.990061,0.014849576,3.2370832,0.023371032,1.6533203125,1.9579285220102256,0.014135816176078422,0.17089415905457897,0.0023816238915655196,39
baseline,C,td_h1_exc,29,25,3.7000802,0.044413608,5.854883,0.066211805,1.6533203125,3.541288002798116,0.04004777890936776,0.2644431408696351,0.0015872462021879912,10
baseline,C,td_h1_exc,30,25,0.4735924,0.008324225,0.78982854,0.013764035,1.6533203125,0.4777226496111718,0.008325086469646992,0.0,0.0,110
baseline,C,td_h1_exc,31,25,0.63198733,0.008161265,1.0512302,0.013425944,1.6533203125,0.635829693575593,0.008120594964285728,0.007716416659676765,0.0006438697647717299,95
baseline,C,td_h1_exc,32,25,1.0244454,0.0097134,1.6929915,0.01577764,1.6533203125,1.0239948871863438,0.009543002189672684,0.020755860633000504,0.0019618075267340412,76
baseline,C,td_h1_exc,33,25,0.3794235,0.0075080874,0.63377404,0.012456808,1.6533203125,0.3833340818469264,0.0075344193296599145,0.0,0.0,120
baseline,C,td_h1_exc,34,25,0.9241521,0.010437644,1.5297672,0.017012125,1.6533203125,0.9252696883178462,0.010289672775258364,0.05898908085641844,0.002675446553544784,83
baseline,C,td_h1_exc,35,25,0.39357045,0.0089156255,0.65723526,0.014793553,1.6533203125,0.39752446068811254,0.008947784127223902,0.0038548562808984705,0.00039055326230524694,119
baseline,C,td_h1_exc,36,25,1.1886146,0.029075665,1.9585115,0.04695553,1.6533203125,1.1845928908664833,0.02840074503998427,0.057554453345414716,0.0020814206172342317,66
baseline,C,td_h1_exc,37,25,1.0697129,0.02900981,1.7660012,0.04701945,1.6533203125,1.06815434232847,0.02843940737092348,0.03262865057233838,0.0024029650711512927,74
baseline,C,td_h1_exc,38,25,0.72741926,0.0068270336,1.2080711,0.011200868,1.6533203125,0.7306939115903023,0.006774771528602987,0.0009050532137761625,0.00020776394850997477,92
baseline,C,td_h1_exc,39,25,0.46167755,0.006340766,0.7701288,0.01049522,1.6533203125,0.46580735710673077,0.00634796527817706,0.0001206737618368217,6.159627454320478e-05,111
baseline,C,td_h1_exc,40,25,1.871456,0.024769265,3.0497894,0.039211437,1.6533203125,1.8446452595807488,0.02371678108486466,0.11974151079341157,0.00387572698786804,44
baseline,C,td_h1_exc,41,25,1.9331745,0.031326424,3.1469893,0.049418945,1.6533203125,1.9034360002820825,0.02989072617004338,0.14772428782324665,0.0031820805846470538,42
baseline,C,td_h1_exc,42,25,0.6014245,0.006709659,1.0009137,0.011052629,1.6533203125,0.605396115583908,0.006685110676654399,0.0035933964635853567,0.00069219878245321,99
baseline,C,td_h1_exc,43,25,2.2087982,0.043660924,3.5791373,0.06829183,1.6533203125,2.1648178836686442,0.041305865980778816,0.16295532858288783,0.0037585200495856,31
baseline,C,td_h1_exc,44,25,0.41861996,0.011786258,0.6987379,0.019522805,1.6533203125,0.4226270933326298,0.01180824068284361,0.00038213357914993536,0.00013144420699398563,114
baseline,C,td_h1_exc,45,25,2.589694,0.040591862,4.17096,0.06265947,1.6533203125,2.5227779906847334,0.037899174056850254,0.1624335875302418,0.0031000515073220398,25
baseline,C,td_h1_exc,46,25,1.4611478,0.026654657,2.3970187,0.042654242,1.6533203125,1.44982114704708,0.025799140804674138,0.09579485460479695,0.0030395722283568585,55
baseline,C,td_h1_exc,47,25,1.2815856,0.013414319,2.1089382,0.02159677,1.6533203125,1.2755775917983745,0.013062665444764704,0.056260789407478196,0.0020603224583936952,62
baseline,C,td_h1_exc,48,25,4.0151854,0.10479521,6.3170705,0.15407921,1.6533203125,3.820838863112587,0.09319380824904676,0.23788150506977465,0.004414447377252367,8
baseline,C,td_h1_exc,49,25,0.4024113,0.0073997118,0.6719173,0.012272535,1.6533203125,0.4064048141350279,0.007422962538309487,0.0030302455005058503,0.00031607263731301126,117
baseline,C,td_h1_exc,50,25,0.958134,0.021362618,1.5849044,0.034783613,1.6533203125,0.958619156169331,0.021038642210143888,0.037744071063405896,0.002417003172736489,82
baseline,C,td_h1_exc,51,25,1.9952589,0.050777663,3.2438145,0.07997857,1.6533203125,1.961999974289203,0.04837451540977384,0.15682896170270944,0.00524189900683896,38
baseline,C,td_h1_exc,52,25,1.018778,0.011708694,1.6837552,0.019042173,1.6533203125,1.0184083440552636,0.01151753455989154,0.05622009349976007,0.0030624945114812404,77
baseline,C,td_h1_exc,53,25,3.0360024,0.06435071,4.853609,0.09771648,1.6533203125,2.935673666162848,0.0591031737274663,0.17712168455864824,0.0027405758168526652,17
baseline,C,td_h1_exc,54,25,2.1784098,0.06929691,3.5298593,0.10831527,1.6533203125,2.1350124003322346,0.0655137820234454,0.1205329757813454,0.004083515676244557,34
baseline,C,td_h1_exc,55,25,1.3774348,0.011486955,2.2631345,0.018457044,1.6533203125,1.3688420989267909,0.011163622828855451,0.04285234422438082,0.0018660959731752872,59
baseline,C,td_h1_exc,56,25,0.40248418,0.015187664,0.6719214,0.02516102,1.6533203125,0.4064072540992039,0.015218478818962333,0.008494035275518931,0.0012089971337257174,116
baseline,C,td_h1_exc,57,25,2.6870563,0.031629093,4.3214183,0.048712727,1.6533203125,2.613781721029903,0.029463574012577667,0.19919215620531364,0.0027428507862835828,23
baseline,C,td_h1_exc,58,25,1.7697033,0.0099975895,2.889058,0.015858775,1.6533203125,1.7474279729936282,0.009592076834465443,0.21100404300508868,0.0023784855675651004,46
baseline,C,td_h1_exc,59,25,0.45763832,0.0080574285,0.76342565,0.013333606,1.6533203125,0.4617530480275909,0.008064744508300206,0.0007173384731411067,0.0002595620304378073,112
baseline,C,td_h1_exc,60,25,1.7229506,0.030226316,2.8143747,0.047964115,1.6533203125,1.7022560798084896,0.029010781356269465,0.09519818989349266,0.0025786277839874327,48
baseline,C,td_h1_exc,61,25,5.2792006,0.11695014,8.14431,0.1659176,1.6533203125,4.926032392310945,0.10035417786503535,0.2624788401908468,0.002557002606631326,2
baseline,C,td_h1_exc,62,25,2.088969,0.01690848,3.3924782,0.026523275,1.6533203125,2.0519183243526173,0.016042429617739124,0.20234978630671047,0.002789372031831778,36
baseline,C,td_h1_exc,63,25,1.7952636,0.017481962,2.9294372,0.027661087,1.6533203125,1.7718509011259578,0.01673062766847452,0.13199698315584346,0.0021386904103031837,45
baseline,C,td_h1_exc,64,25,5.092939,0.1289383,7.877784,0.1835444,1.6533203125,4.764826128057845,0.11101562720544081,0.24770300846371598,0.0025486948727061537,3
baseline,C,td_h1_exc,65,25,2.0907998,0.034911383,3.3947816,0.054670595,1.6533203125,2.0533114746782872,0.03306715227854254,0.14953490320946153,0.004076634528743387,35
baseline,C,td_h1_exc,66,25,0.39771298,0.011205125,0.664077,0.018586097,1.6533203125,0.401662644256833,0.011241679925635323,0.0012603704014068043,0.0003931959598133648,118
baseline,C,td_h1_exc,67,25,0.85872847,0.00991429,1.4230133,0.016194014,1.6533203125,0.8607003106627608,0.009794844085078433,0.029068798754026855,0.0023018316716448438,84
baseline,C,td_h1_exc,68,25,0.34692952,0.009026303,0.5797921,0.015000369,1.6533203125,0.35068345463328865,0.009072875304730051,0.002654822760410077,0.0004677559799462814,121
baseline,C,td_h1_exc,69,25,2.8926253,0.046965614,4.63603,0.071900725,1.6533203125,2.8040724563212778,0.04348868207443581,0.1910667895749677,0.004328709728440588,20
baseline,C,td_h1_exc,70,25,0.27265415,0.008991243,0.45621747,0.014970803,1.6533203125,0.2759401430675933,0.009054992114506265,0.00013408195759646854,9.431516531813728e-05,125
baseline,C,td_h1_exc,71,25,0.78545004,0.0071263122,1.3031901,0.011671867,1.6533203125,0.7882260893516332,0.007059652699365781,0.002909578479843367,0.0005162119089750635,86
baseline,C,td_h1_exc,72,25,6.213767,0.12540936,9.450151,0.17263803,1.6533203125,5.715862339911146,0.10441898201693815,0.250398055811405,0.0023042949273098428,1
baseline,C,td_h1_exc,73,25,0.62016237,0.009510747,1.0317473,0.015662562,1.6533203125,0.6240455981756265,0.00947339830400834,0.0003687253833902885,0.0001584116526019827,96
baseline,C,td_h1_exc,74,25,0.76935506,0.01143171,1.2767742,0.018725477,1.6533203125,0.7722484857815197,0.011325982566258367,0.013937808818626869,0.0013786182432034676,87
baseline,C,td_h1_exc,75,25,1.7404356,0.02291614,2.8423712,0.03637709,1.6533203125,1.7191896734560677,0.022002444912208107,0.19590044414632035,0.003967079229806569,47
baseline,C,td_h1_exc,76,25,2.18146,0.06452278,3.535021,0.10079266,1.6533203125,2.138134354684291,0.0609637812427406,0.13839216672159657,0.0029214773760483713,33
baseline,C,td_h1_exc,77,25,1.3265821,0.006797858,2.1814568,0.010930667,1.6533203125,1.319439965439418,0.006611342522403477,0.16508723901161054,0.0032035449905028924,61
baseline,C,td_h1_exc,78,25,4.219841,0.059744246,6.622145,0.08768577,1.6533203125,4.005361240448229,0.05303616652388512,0.24028157211075143,0.0023528279604445213,7
baseline,C,td_h1_exc,79,25,0.99046165,0.010403052,1.6377388,0.016915124,1.6533203125,0.9905756496263691,0.010231002677995614,0.07209586859962114,0.0036647196460580502,80
baseline,C,td_h1_exc,80,25,2.6979306,0.041466575,4.3377247,0.06377271,1.6533203125,2.6236444311648,0.038572505711098264,0.22790580742459737,0.003271698218861788,22
baseline,C,td_h1_exc,81,25,0.53076667,0.012142315,0.88429105,0.020039653,1.6533203125,0.5348576655204859,0.0121208537925025,0.0018168105254321486,0.0006539130700774044,105
baseline,C,td_h1_exc,82,25,1.9829205,0.062006384,3.2236161,0.09756289,1.6533203125,1.9497831025010166,0.05901027691871196,0.07535406016921532,0.0027485268315316762,40
baseline,C,td_h1_exc,83,25,2.0809011,0.01766619,3.379802,0.027759736,1.6533203125,2.0442511839678046,0.0167902949488568,0.19843389093923336,0.00241523147594018,37
baseline,C,td_h1_exc,84,25,2.3853428,0.029780684,3.8548958,0.04624764,1.6533203125,2.33160868370641,0.02797258301772259,0.1571708706945804,0.0024272530248510456,27
baseline,C,td_h1_exc,85,25,1.4593834,0.016065275,2.394478,0.025717005,1.6533203125,1.4482843791609972,0.015554762621632873,0.14903156837158277,0.0036012053166880084,56
baseline,C,td_h1_exc,86,25,0.49597684,0.007233756,0.8268646,0.011959655,1.6533203125,0.5001236578788482,0.007233719086569441,0.0061275454621586125,0.000526822952785667,108
baseline,C,td_h1_exc,87,25,1.6083962,0.016045177,2.632551,0.025596531,1.6533203125,1.5922812242181277,0.015481895028433428,0.18645367589269227,0.005320071748038933,53
baseline,C,td_h1_exc,88,25,1.1092596,0.012913273,1.8305475,0.020908816,1.6533203125,1.1071946978310405,0.012646561063717638,0.08754211011473431,0.0029561403931333326,72
baseline,C,td_h1_exc,89,25,1.1113604,0.0063380892,1.8340323,0.010267217,1.6533203125,1.10930246059609,0.006210058913660763,0.0587815302102918,0.0017087374287383039,71
baseline,C,td_h1_exc,90,25,2.5641305,0.06096529,4.1302366,0.09443873,1.6533203125,2.498146488877129,0.057120649714348305,0.15049316170347032,0.0038210007309727725,26
baseline,C,td_h1_exc,91,25,1.6582161,0.016032752,2.7118878,0.025526462,1.6533203125,1.6402676708785642,0.015439514458176188,0.1696203804574125,0.004312113591763465,50
baseline,C,td_h1_exc,92,25,3.0686584,0.064129315,4.9033,0.09726667,1.6533203125,2.9657289487631044,0.05883111023513268,0.2341658860595482,0.002788432958124386,16
baseline,C,td_h1_exc,93,25,2.920647,0.052328374,4.6785393,0.08001293,1.6533203125,2.829783829744471,0.04839529961271211,0.20519902790563546,0.002314142526755432,19
baseline,C,td_h1_exc,94,25,1.8934021,0.02356701,3.084492,0.03718927,1.6533203125,1.8656348293279086,0.022493688103116135,0.14203249804975052,0.0024282325048574803,43
baseline,C,td_h1_exc,95,25,0.574511,0.009926831,0.9565151,0.016370682,1.6533203125,0.5785418813990216,0.009901699765177706,0.0123824215958135,0.0007479307344468191,102
baseline,C,td_h1_exc,96,25,0.5809778,0.011378899,0.96715796,0.018765204,1.6533203125,0.5849791904314461,0.011350010637352569,0.011980222911244464,0.0013161193141317516,100
baseline,C,td_h1_exc,97,25,1.0105976,0.009242541,1.6704937,0.015023493,1.6533203125,1.0103872761954795,0.009086861553047557,0.02446981794375251,0.0015809941511641065,79
baseline,C,td_h1_exc,98,25,0.18682462,0.0036260763,0.3130814,0.0060568172,1.6533203125,0.1893652483712584,0.0036634262853924037,5.363278303858742e-05,2.8574455940185374e-05,128
baseline,C,td_h1_exc,99,25,1.939311,0.022024177,3.1569717,0.034720995,1.6533203125,1.9094738041162806,0.02100076598097351,0.18581683490585846,0.0019033701803219955,41
baseline,C,td_h1_exc,100,25,0.61753386,0.015326226,1.027324,0.025234008,1.6533203125,0.6213702236025067,0.015262625445322716,0.023330260621785524,0.0011559709779941963,97
baseline,C,td_h1_exc,101,25,1.2209406,0.01806015,2.0110512,0.029125901,1.6533203125,1.2163711573421718,0.017616611457662867,0.05935100495666554,0.002040841071501832,65
baseline,C,td_h1_exc,102,25,1.4440186,0.013386508,2.3699136,0.021439249,1.6533203125,1.4334268085553512,0.0129673898346624,0.06516383139188371,0.003125310052683679,58
baseline,C,td_h1_exc,103,25,0.74784255,0.010114556,1.2415328,0.016588036,1.6533203125,0.7509329702762162,0.010033164674963672,0.002990014172052571,0.0007968709185709595,90
baseline,C,td_h1_exc,104,25,0.7493541,0.005658218,1.2440568,0.009278222,1.6533203125,0.7524596754731618,0.005611872202803447,0.010096371407014082,0.000999088669253514,89
baseline,C,td_h1_exc,105,25,2.9469702,0.034824997,4.7196283,0.053134777,1.6533203125,2.8546363530824124,0.03213822327104195,0.23308137098782108,0.0026508349749004454,18
baseline,C,td_h1_exc,106,25,0.7048173,0.005775395,1.1709816,0.009480366,1.6533203125,0.7082606156170105,0.005734137033654021,0.012348948294634753,0.0006294745698029752,93
baseline,C,td_h1_exc,107,25,0.5771988,0.0083490815,0.9609663,0.013763661,1.6533203125,0.5812341626742689,0.008324860218845228,6.704097879823427e-05,4.7405130725615016e-05,101
baseline,C,td_h1_exc,108,25,1.6401055,0.0099507775,2.6831613,0.015839914,1.6533203125,1.6228925244704404,0.009580668818106479,0.18407321106316332,0.002176041995791341,52
baseline,C,td_h1_exc,109,25,0.41340142,0.007258861,0.6901436,0.012033753,1.6533203125,0.4174288203165041,0.007278536804327465,0.004196765272769466,0.00042317322259057216,115
baseline,C,td_h1_exc,110,25,0.652129,0.007386703,1.0843792,0.012149997,1.6533203125,0.6558796709005159,0.007348846388332873,0.0005095114388665805,0.00015587327930503754,94
baseline,C,td_h1_exc,111,25,1.125726,0.025340514,1.8569133,0.041029744,1.6533203125,1.123141911445453,0.02481657347371549,0.06079946367211866,0.0032785494881567784,69
baseline,C,td_h1_exc,112,25,0.28584206,0.0065137153,0.4782068,0.010847264,1.6533203125,0.28924026882123544,0.006560896944107131,0.00038213357914993536,0.00016549981401284012,124
baseline,C,td_h1_exc,113,25,0.24388295,0.0050127,0.40830424,0.008352865,1.6533203125,0.24696016363936235,0.005052176399324195,0.0003955417749095822,0.00015837618333573923,126
baseline,C,td_h1_exc,114,25,0.73383385,0.0060430844,1.2186012,0.009912354,1.6533203125,0.737062993917587,0.005995422500514597,0.0,0.0,91
baseline,C,td_h1_exc,115,25,1.0151825,0.022050139,1.6776874,0.03581369,1.6533203125,1.014738225505585,0.021661674980273566,0.013086383893773068,0.0020540028180377826,78
baseline,C,td_h1_exc,116,25,0.51467824,0.009396852,0.85775274,0.015518352,1.6533203125,0.5188061492057848,0.009386174056465637,0.010833822173794659,0.0007789385707026706,106
baseline,C,td_h1_exc,117,25,1.1601952,0.0053349975,1.9130892,0.008629213,1.6533203125,1.1571194710680945,0.005219323059275949,0.07892040542370858,0.00202388017230085,68
baseline,C,td_h1_exc,118,25,2.7804372,0.038335323,4.4646363,0.058794122,1.6533203125,2.7004062348204165,0.035561241606908295,0.2178690611428445,0.001760129491527858,21
baseline,C,td_h1_exc,119,25,0.34550464,0.008015966,0.57743585,0.01331656,1.6533203125,0.34925831078208136,0.008054433990430676,0.0023129137685390824,0.00043694657609038667,122
baseline,C,td_h1_exc,120,25,0.98035,0.007425549,1.6213238,0.012082285,1.6533203125,0.9806471181410875,0.007307891543708189,0.04829614023806988,0.00231596356534324,81
baseline,C,td_h1_exc,121,25,3.1899326,0.09041974,5.0849614,0.13684896,1.6533203125,3.0756056751086374,0.08277219344705168,0.18786223078841208,0.003308005859409436,15
baseline,C,td_h1_exc,122,25,0.60903955,0.008252271,1.0134436,0.013600069,1.6533203125,0.6129747394905575,0.008225913152799514,4.692868515876399e-05,3.423906465774289e-05,98
baseline,C,td_h1_exc,123,25,1.6501738,0.02618451,2.6988223,0.041629102,1.6533203125,1.632365076834883,0.025179089772682694,0.11448545030564511,0.002458405535169905,51
baseline,C,td_h1_exc,124,25,0.34320977,0.0060969493,0.5736402,0.010138183,1.6533203125,0.34696253954808987,0.006132013939534792,9.385737031752796e-05,6.77909944394192e-05,123
baseline,C,td_h1_exc,125,25,1.0850285,0.009188987,1.7913272,0.014895697,1.6533203125,1.0834725210650051,0.009009565167311691,0.017987094611566255,0.0022821997140381883,73
baseline,C,td_h1_exc,126,25,0.5708273,0.016298676,0.9503297,0.026869314,1.6533203125,0.5748007457596407,0.016251728445575455,0.01387073806630864,0.00182292465698146,103
baseline,C,td_h1_exc,127,25,0.8092142,0.016961785,1.3419363,0.027738253,1.6533203125,0.8116614318893012,0.01677730104944997,0.03435160597451112,0.0016115553484028823,85
baseline,straight,h1_exc,0,25,4.2218804,0.20948845,3.3948681,0.16307893,0.8271484375000001,4.104303368464133,0.19715800732372438,0.12346712365822723,0.0031344899093884936,4
baseline,straight,h1_exc,1,25,2.0314803,0.041364163,1.665849,0.033365604,0.8271484375000001,2.0139661395481685,0.04033810945447867,0.10392712185433035,0.0030006735413633107,34
baseline,straight,h1_exc,2,25,1.7641319,0.06613985,1.4493349,0.053589452,0.8271484375000001,1.7522064595248663,0.06478819305164513,0.0640026760667475,0.005852796122457531,44
baseline,straight,h1_exc,3,25,0.8886948,0.03510681,0.7355586,0.028858295,0.8271484375000001,0.8892704007887718,0.034888894621605375,0.004343826102638816,0.0008870369308410472,98
baseline,straight,h1_exc,4,25,0.7457685,0.014664076,0.6181259,0.012077318,0.8271484375000001,0.747297460896014,0.014601148274018169,0.0006494092180024809,0.0002216687242253707,108
baseline,straight,h1_exc,5,25,0.7733999,0.01378004,0.64088666,0.01134513,0.8271484375000001,0.7748145561719215,0.013715954158983433,0.000757644087669561,0.00025361951485456383,106
baseline,straight,h1_exc,6,25,2.4605558,0.10761036,2.009131,0.086216286,0.8271484375000001,2.428984772231783,0.1042331512922928,0.11311937618908564,0.005831453127378279,22
baseline,straight,h1_exc,7,25,2.8289983,0.054795947,2.3046606,0.04368223,0.8271484375000001,2.7862718380864235,0.052810627431297774,0.11723235329745905,0.0019918499658821117,16
baseline,straight,h1_exc,8,25,1.1347734,0.027273644,0.93746024,0.022302158,0.8271484375000001,1.133363999105087,0.026962703437481663,0.014106611346609446,0.0030472987450598063,82
baseline,straight,h1_exc,9,25,0.8960422,0.02082277,0.74172705,0.01710836,0.8271484375000001,0.8967278274160723,0.02068354373759818,0.009560722091605503,0.001059152917839732,97
baseline,straight,h1_exc,10,25,1.1988192,0.011751242,0.98995095,0.009610809,0.8271484375000001,1.196823828413694,0.01161920691999368,0.032484778332588844,0.0012163610663121676,76
baseline,straight,h1_exc,11,25,0.79526865,0.030926177,0.65876466,0.025422117,0.8271484375000001,0.7964285978301643,0.03073464895324034,0.019345179038496127,0.002633597369414274,104
baseline,straight,h1_exc,12,25,1.8106678,0.022923239,1.4876313,0.018559394,0.8271484375000001,1.798505866455711,0.022437802495606743,0.09060701722730169,0.00300441620579782,42
baseline,straight,h1_exc,13,25,5.899566,0.44379693,4.661511,0.33369172,0.8271484375000001,5.635639955018206,0.4034242024147136,0.11417335618281393,0.004188992428213487,1
baseline,straight,h1_exc,14,25,1.6784843,0.07821395,1.379629,0.063375875,0.8271484375000001,1.667934083196257,0.07661971458337964,0.046945070803601566,0.002143074714415181,48
baseline,straight,h1_exc,15,25,1.0502689,0.009133869,0.86835366,0.007485405,0.8271484375000001,1.049815968113426,0.009049651171742648,0.010368867975966044,0.0013178519836135748,86
baseline,straight,h1_exc,16,25,1.6572534,0.06985909,1.3626026,0.056551807,0.8271484375000001,1.6473494113256912,0.06836959633180875,0.06910418855663818,0.003665585481842869,49
baseline,straight,h1_exc,17,25,0.9281628,0.017826118,0.7681331,0.014644785,0.8271484375000001,0.92865205869334,0.01770514723709539,0.0020492468656967177,0.0003356896981350285,96
baseline,straight,h1_exc,18,25,1.3594121,0.034514602,1.1209104,0.028141014,0.8271484375000001,1.3551502266619084,0.03402172142063528,0.03622236226634511,0.004008858783425674,66
baseline,straight,h1_exc,19,25,1.0448016,0.02948861,0.86374456,0.024152845,0.8271484375000001,1.0442437250386367,0.02920013434828255,0.03196536484167767,0.002259794438641607,88
baseline,straight,h1_exc,20,25,3.3288848,0.11780327,2.6993048,0.09319835,0.8271484375000001,3.2633862630756925,0.11267427662430346,0.12056604845490877,0.0030593467891874295,10
baseline,straight,h1_exc,21,25,3.3527787,0.19583733,2.7144158,0.15445918,0.8271484375000001,3.28165520493902,0.1867369475039621,0.10782357716234524,0.005188551901904942,9
baseline,straight,h1_exc,22,25,1.9564127,0.05995268,1.6049708,0.048396282,0.8271484375000001,1.9403661586548409,0.05850979074738151,0.11254261747982994,0.005409501354476217,36
baseline,straight,h1_exc,23,25,2.6968787,0.118194826,2.1976593,0.09435905,0.8271484375000001,2.6569103639456757,0.11407752726808906,0.09936682601235738,0.006008621201805761,20
baseline,straight,h1_exc,24,25,1.7455564,0.022856534,1.4349012,0.018522596,0.8271484375000001,1.7347567146566893,0.02239331498843378,0.0850431019727628,0.002110118163106569,45
baseline,straight,h1_exc,25,25,3.20922,0.120522276,2.6046247,0.09534175,0.8271484375000001,3.148920474124178,0.11526558229408176,0.12915988148816762,0.002500225453342806,12
baseline,straight,h1_exc,26,25,2.3970406,0.13255648,1.9572937,0.10629641,0.8271484375000001,2.3663148603381767,0.1285094758496789,0.0798690320332064,0.007667609292468156,24
baseline,straight,h1_exc,27,25,1.4391518,0.07969942,1.1850631,0.06474745,0.8271484375000001,1.432709078891672,0.07827791317279402,0.0485756871631783,0.004474700695378085,62
baseline,straight,h1_exc,28,25,2.4805524,0.06496486,2.0262995,0.05201007,0.8271484375000001,2.4497410660241603,0.06287876169798391,0.12119419139521855,0.00209843359746602,21
baseline,straight,h1_exc,29,25,3.5233076,0.14799885,2.8513567,0.11672898,0.8271484375000001,3.447212852408031,0.1411221581957862,0.11999639217090285,0.004072933737526309,8
baseline,straight,h1_exc,30,25,0.81167203,0.010998723,0.67240095,0.009053047,0.8271484375000001,0.8129144873403991,0.010944887119167284,0.00406236793581967,0.0003994520562193877,100
baseline,straight,h1_exc,31,25,0.5826091,0.0125714885,0.48354772,0.010382135,0.8271484375000001,0.5845960583770683,0.01255171963477897,0.000757644087669561,0.00021771885379531994,118
baseline,straight,h1_exc,32,25,0.95370597,0.009606669,0.7891436,0.007888191,0.8271484375000001,0.9540531523207223,0.00953660922885942,0.008355731938298588,0.0006102921162908382,93
baseline,straight,h1_exc,33,25,1.3399994,0.008896801,1.1052574,0.0072568706,0.8271484375000001,1.3362261116770742,0.008773359177110297,0.06296360049353378,0.001207693008960388,67
baseline,straight,h1_exc,34,25,0.7964599,0.014414409,0.6598675,0.01186423,0.8271484375000001,0.7977619097214201,0.014343531270664133,0.0066167583656475,0.0007393643816704734,103
baseline,straight,h1_exc,35,25,0.39997265,0.011543729,0.3324649,0.009563827,0.8271484375000001,0.40194103272965104,0.011562407368930229,0.0012771714620715456,0.0003507086910876524,125
baseline,straight,h1_exc,36,25,3.9697776,0.44470763,3.1753995,0.34211096,0.8271484375000001,3.838971867904024,0.413602865701725,0.07932172815001413,0.005536876664062547,6
baseline,straight,h1_exc,37,25,1.0399239,0.029976055,0.8597415,0.024535304,0.8271484375000001,1.0394041459529237,0.02966251483949979,0.007778447412696733,0.0015075118914829766,89
baseline,straight,h1_exc,38,25,0.63536024,0.0091419,0.5271134,0.0075432654,0.8271484375000001,0.6372657369158892,0.009119602851433133,6.49409218002481e-05,4.017508334319473e-05,114
baseline,straight,h1_exc,39,25,0.6737331,0.008145988,0.5587744,0.006719777,0.8271484375000001,0.6755431067213523,0.008124027800711095,0.003117164246411908,0.00039446513557904754,110
baseline,straight,h1_exc,40,25,1.929293,0.050860588,1.583227,0.04108934,0.8271484375000001,1.9140786010937396,0.049675897796419226,0.06848363676444448,0.004503704223743176,38
baseline,straight,h1_exc,41,25,2.751073,0.08992595,2.241796,0.07168447,0.8271484375000001,2.7102704416100414,0.08666457844526695,0.12009694023032157,0.0030681660053999797,19
baseline,straight,h1_exc,42,25,0.62796044,0.01057661,0.52100146,0.008727235,0.8271484375000001,0.6298766091320296,0.010550989398771233,0.0013204654099383778,0.0003558972891974915,115
baseline,straight,h1_exc,43,25,2.1419036,0.0937466,1.7537035,0.07547492,0.8271484375000001,2.120179756410843,0.09124712339342572,0.09738973572643872,0.005371722174025573,30
baseline,straight,h1_exc,44,25,0.67278594,0.010495073,0.557986,0.008654681,0.8271484375000001,0.6745899566558574,0.010463274633176202,6.49409218002481e-05,3.273661667130615e-05,111
baseline,straight,h1_exc,45,25,1.9310242,0.07073406,1.5842421,0.057074673,0.8271484375000001,1.9153056339891765,0.06900172969492115,0.08800919814170648,0.006340663818432482,37
baseline,straight,h1_exc,46,25,1.1731104,0.022535805,0.96886665,0.018426267,0.8271484375000001,1.1713334807796796,0.022276857518753,0.028285379272996944,0.0034054988182689347,80
baseline,straight,h1_exc,47,25,1.741826,0.03406949,1.4317765,0.027621327,0.8271484375000001,1.730978939742946,0.03339343342442133,0.07190403174883024,0.0033983087144095108,46
baseline,straight,h1_exc,48,25,1.6191912,0.09762711,1.330959,0.07923815,0.8271484375000001,1.609093371397479,0.09579676341132057,0.061354739785278826,0.006922084159626172,52
baseline,straight,h1_exc,49,25,0.49816975,0.006600292,0.41377068,0.0054596197,0.8271484375000001,0.5002375237564443,0.006600531750992977,0.0003391359249568511,0.00010221474693295625,122
baseline,straight,h1_exc,50,25,0.9771276,0.030921308,0.80822694,0.025344254,0.8271484375000001,0.9771243603966531,0.030640515671806322,0.012533566670833258,0.002245836428501015,91
baseline,straight,h1_exc,51,25,1.1895564,0.07428615,0.9815056,0.06070123,0.8271484375000001,1.186613602417372,0.07338613638224258,0.042196595182937564,0.006026526385171911,78
baseline,straight,h1_exc,52,25,0.806504,0.012970525,0.6681404,0.010669779,0.8271484375000001,0.807763615990703,0.012899472715627504,0.0037881495070800335,0.0005900590355005907,101
baseline,straight,h1_exc,53,25,2.9069202,0.11632909,2.3650134,0.0925643,0.8271484375000001,2.859236840063653,0.11190772420502519,0.11622981870648846,0.0033284498829464562,15
baseline,straight,h1_exc,54,25,1.8926477,0.081304654,1.5529747,0.06563325,0.8271484375000001,1.8775043066901336,0.07934881781565371,0.06507801930182638,0.004496107212146748,39
baseline,straight,h1_exc,55,25,1.1310426,0.017708503,0.93447614,0.014499245,0.8271484375000001,1.1297563040206777,0.017529193447742432,0.00875259312707788,0.000959309448697803,83
baseline,straight,h1_exc,56,25,0.5542858,0.021103134,0.4600999,0.017429974,0.8271484375000001,0.5562483041794035,0.021072365191089223,0.0022584983440018538,0.0005950296179084925,119
baseline,straight,h1_exc,57,25,2.2997828,0.031847585,1.8818676,0.02558731,0.8271484375000001,2.275126833382026,0.030934362223191562,0.11789622246498055,0.0024864404372570877,27
baseline,straight,h1_exc,58,25,2.0442657,0.03575302,1.6762279,0.02884988,0.8271484375000001,2.0265139125572578,0.03487872010741297,0.1078957337421233,0.0026864060360972924,32
baseline,straight,h1_exc,59,25,0.52841574,0.021441631,0.43871412,0.017723791,0.8271484375000001,0.5303934202959224,0.02142758262497186,6.49409218002481e-05,4.0175083343194726e-05,120
baseline,straight,h1_exc,60,25,1.2043003,0.012671308,0.99442863,0.010357636,0.8271484375000001,1.2022371840798742,0.012522101104363827,0.021827299655817894,0.001963097249555543,75
baseline,straight,h1_exc,61,25,4.608459,0.23678258,3.6930444,0.18313883,0.8271484375000001,4.46479029062048,0.221409880540774,0.13235681428688342,0.003810795449702013,3
baseline,straight,h1_exc,62,25,2.7758124,0.053940374,2.2623181,0.042998187,0.8271484375000001,2.735081153059275,0.051983641864890476,0.1301776855775862,0.002282572782429991,18
baseline,straight,h1_exc,63,25,1.2518673,0.01987756,1.0332634,0.016237695,0.8271484375000001,1.249187368448062,0.01963093157069874,0.013514927392429408,0.0016710948241960265,72
baseline,straight,h1_exc,64,25,2.1721418,0.0955184,1.7779896,0.076777704,0.8271484375000001,2.1495412548198907,0.09282215788172556,0.09221610895635228,0.005117418537113204,29
baseline,straight,h1_exc,65,25,1.3927248,0.030577375,1.1481093,0.024912205,0.8271484375000001,1.3880330168580037,0.03011817881477536,0.02615662285859259,0.002806058005814799,64
baseline,straight,h1_exc,66,25,1.288231,0.019624691,1.0629616,0.016023329,0.8271484375000001,1.2850916741127196,0.01937176994425515,0.05354739785329345,0.0013633059176685282,69
baseline,straight,h1_exc,67,25,1.2061015,0.037442923,0.9957003,0.030574465,0.8271484375000001,1.203774644514541,0.036963696875911785,0.04043654730762114,0.0030676215277945836,74
baseline,straight,h1_exc,68,25,1.4858735,0.051784776,1.2236868,0.042140387,0.8271484375000001,1.4794041118092847,0.050946583086291956,0.05305673311080269,0.003187902274774098,59
baseline,straight,h1_exc,69,25,1.6443982,0.05277939,1.3525035,0.042839013,0.8271484375000001,1.6351399186401394,0.05179120484630708,0.05810047803728862,0.006322361482868805,50
baseline,straight,h1_exc,70,25,1.271969,0.024384268,1.0496495,0.019903693,0.8271484375000001,1.2689977628920015,0.024063024360931145,0.05100730338075787,0.0020657334974636286,71
baseline,straight,h1_exc,71,25,1.2835552,0.02100144,1.0591351,0.01714449,0.8271484375000001,1.280465494684071,0.02072722185201889,0.037506990168632175,0.003208076857408561,70
baseline,straight,h1_exc,72,25,3.9572918,0.16576284,3.1909492,0.12958494,0.8271484375000001,3.857770819745633,0.15666466873371923,0.1296509425452064,0.0026926612973718037,5
baseline,straight,h1_exc,73,25,0.62297994,0.0060658236,0.5169028,0.005007304,0.8271484375000001,0.6249214595830221,0.006053694301671225,0.0003968611887792939,0.00010773261698176698,116
baseline,straight,h1_exc,74,25,1.8389311,0.044409283,1.5102723,0.035927083,0.8271484375000001,1.82587810015851,0.04343486914679659,0.0702299990979794,0.002965226484136401,41
baseline,straight,h1_exc,75,25,1.5320431,0.05534869,1.2611824,0.04499937,0.8271484375000001,1.5247352576095685,0.054403012727264104,0.06205451674283454,0.004586929008993985,56
baseline,straight,h1_exc,76,25,3.0298045,0.26320118,2.4540277,0.20802808,0.8271484375000001,2.9668527551172033,0.25150030150254366,0.09562911517985422,0.006094520247304241,13
baseline,straight,h1_exc,77,25,1.7350588,0.02952022,1.4263387,0.02392759,0.8271484375000001,1.724404748743619,0.028927805389967764,0.0894164336609638,0.0029665248170176687,47
baseline,straight,h1_exc,78,25,2.7910898,0.100847654,2.2733564,0.08038138,0.8271484375000001,2.7484261907613523,0.09717890026439074,0.11002435284557587,0.0041761291976567345,17
baseline,straight,h1_exc,79,25,1.5918891,0.024775704,1.3102151,0.020124374,0.8271484375000001,1.584014540508785,0.024329821895721724,0.08243861061613163,0.003097028189549402,55
baseline,straight,h1_exc,80,25,2.375597,0.08925865,1.9416112,0.07156951,0.8271484375000001,2.347355205165977,0.08652559297889935,0.11556597817253036,0.0042063438721432755,25
baseline,straight,h1_exc,81,25,1.04527,0.01883353,0.8642121,0.015430648,0.8271484375000001,1.0448089754330354,0.01865523411073851,0.033985749075463166,0.0019643074445979637,87
baseline,straight,h1_exc,82,25,1.1463313,0.061541624,0.9464257,0.050325174,0.8271484375000001,1.144202975116867,0.060841766157318615,0.02182013150352483,0.0025124696484344964,81
baseline,straight,h1_exc,83,25,1.7939427,0.03801215,1.4739453,0.030765578,0.8271484375000001,1.78195975607244,0.03719474724717121,0.07751059799758499,0.0038195835202397906,43
baseline,straight,h1_exc,84,25,3.7466223,0.14027528,3.0271816,0.10980038,0.8271484375000001,3.659780592376147,0.13274568174510995,0.12920315851620154,0.0023630576229463542,7
baseline,straight,h1_exc,85,25,1.592151,0.03502338,1.3103294,0.028463382,0.8271484375000001,1.5841526716408958,0.03441145541189501,0.06062585941357419,0.0030217846112579484,54
baseline,straight,h1_exc,86,25,0.4828531,0.015906623,0.40106526,0.0131562,0.8271484375000001,0.4848769913639317,0.01590548849474823,0.000230901055289771,8.990663511763957e-05,123
baseline,straight,h1_exc,87,25,2.0370977,0.08684383,1.6694541,0.070011415,0.8271484375000001,2.0183245598393373,0.0846418967360526,0.08649409217995264,0.004431626235429349,33
baseline,straight,h1_exc,88,25,1.302941,0.031444393,1.074872,0.0256589,0.8271484375000001,1.2994910649418079,0.0310209134095524,0.051923874808287244,0.0047847584284034465,68
baseline,straight,h1_exc,89,25,2.0953245,0.106013276,1.7158067,0.085175075,0.8271484375000001,2.0743637334995753,0.10297435114285647,0.065907819969274,0.002846888758191686,31
baseline,straight,h1_exc,90,25,2.302416,0.089594506,1.8828753,0.07199371,0.8271484375000001,2.2763451094981266,0.08703843486343775,0.09834220257950901,0.004373065774129649,26
baseline,straight,h1_exc,91,25,1.4514734,0.04627488,1.1957723,0.03769315,0.8271484375000001,1.4456562596171174,0.04556999526595004,0.0578046360601986,0.005516352433732904,61
baseline,straight,h1_exc,92,25,2.4293456,0.12775648,1.9833918,0.1020689,0.8271484375000001,2.3978666834883056,0.1233985255768111,0.10658248399016271,0.004996210111376407,23
baseline,straight,h1_exc,93,25,1.615398,0.031979337,1.3292428,0.025984988,0.8271484375000001,1.6070185306472167,0.03141514507561285,0.05742942184535273,0.0032547516878842723,53
baseline,straight,h1_exc,94,25,2.2154675,0.041301932,1.8140106,0.033200458,0.8271484375000001,2.193089479417002,0.04013845254674804,0.1108830161449347,0.0025134841168128414,28
baseline,straight,h1_exc,95,25,0.7728296,0.019774385,0.64038414,0.016284533,0.8271484375000001,0.7742070120898333,0.01968755764656167,0.00829073505089714,0.0011510788365284342,107
baseline,straight,h1_exc,96,25,0.52790827,0.009852517,0.4383543,0.008144815,0.8271484375000001,0.5299584205087153,0.009846860994960113,0.0013421084792949658,0.0003007872183937248,121
baseline,straight,h1_exc,97,25,1.3997056,0.07445241,1.1530594,0.06040677,0.8271484375000001,1.3940174281040938,0.07303014216815226,0.040912780734156294,0.0036784819994377035,63
baseline,straight,h1_exc,98,25,0.39628407,0.010244955,0.32941344,0.008487692,0.8271484375000001,0.3982519238097073,0.010261389314362676,0.0,0.0,126
baseline,straight,h1_exc,99,25,5.048432,0.29044262,4.028107,0.22216779,0.8271484375000001,4.869872227041774,0.2685948289905071,0.1130332822223207,0.003235785504686769,2
baseline,straight,h1_exc,100,25,0.73677415,0.010547068,0.6107331,0.008688985,0.8271484375000001,0.7383597090809211,0.010504747405982763,0.0035068097772133966,0.000775618904313529,109
baseline,straight,h1_exc,101,25,1.1899638,0.043583076,0.98242515,0.035582185,0.8271484375000001,1.1877252867955348,0.043017893039653116,0.017663806433971793,0.0018447415851460688,77
baseline,straight,h1_exc,102,25,1.5126399,0.03878403,1.245653,0.031530492,0.8271484375000001,1.5059607255949965,0.03811950958844104,0.03827184991427954,0.004642883432100666,58
baseline,straight,h1_exc,103,25,0.6434103,0.0139127895,0.5337384,0.011478101,0.8271484375000001,0.6452752240026827,0.01387671254432532,0.005786957698199885,0.000285018490123311,113
baseline,straight,h1_exc,104,25,0.6537827,0.020293374,0.54226077,0.016747668,0.8271484375000001,0.6555785275302547,0.02024747516475676,0.002713082193552372,0.0004955005476338593,112
baseline,straight,h1_exc,105,25,3.2663617,0.11998629,2.6498296,0.094967775,0.8271484375000001,3.203572104680249,0.11481346339600103,0.12601425092439253,0.0028859452336790254,11
baseline,straight,h1_exc,106,25,0.59159434,0.0072193053,0.4909864,0.005960712,0.8271484375000001,0.5935892404900632,0.007206338902816031,0.0013132438950953307,0.00032943360975823605,117
baseline,straight,h1_exc,107,25,0.44643077,0.022923114,0.3708764,0.01897098,0.8271484375000001,0.4483794629003105,0.022935397820129117,2.886002886000283e-05,2.886002886000283e-05,124
baseline,straight,h1_exc,108,25,1.3752754,0.016255012,1.1339941,0.013251202,0.8271484375000001,1.3709680658578502,0.01602034289941708,0.06790655722912609,0.002942926400308144,65
baseline,straight,h1_exc,109,25,1.0985093,0.03530592,0.9076882,0.028880272,0.8271484375000001,1.097370427904134,0.03491546343412605,0.02824208532513011,0.0014990258099489085,84
baseline,straight,h1_exc,110,25,1.6394707,0.03176963,1.3487887,0.025784995,0.8271484375000001,1.6306488928080345,0.031173358269082466,0.062321637954304746,0.004022353422133096,51
baseline,straight,h1_exc,111,25,0.93758255,0.02321238,0.7758328,0.019046713,0.8271484375000001,0.9379606736606789,0.023026957195472656,0.025363037791985777,0.0015766116362358733,94
baseline,straight,h1_exc,112,25,1.2140021,0.018136395,1.0023323,0.014823059,0.8271484375000001,1.2117925338435218,0.017920675265171743,0.039851933891313474,0.0008853820098629284,73
baseline,straight,h1_exc,113,25,0.276942,0.0068769716,0.23044258,0.005708003,0.8271484375000001,0.27859881536014014,0.006900820652158706,0.0003679985568680725,0.00017750616398275198,128
baseline,straight,h1_exc,114,25,1.0524004,0.009839994,0.8700984,0.008064967,0.8271484375000001,1.0519253892065776,0.009750325760518564,0.006378641652379923,0.0007596372253606985,85
baseline,straight,h1_exc,115,25,0.96895635,0.019686444,0.80161345,0.016151225,0.8271484375000001,0.9691289394991819,0.019526392124991555,0.0067682871831814114,0.0010841070871315417,92
baseline,straight,h1_exc,116,25,0.8364769,0.010335166,0.6928101,0.008498382,0.8271484375000001,0.8375886587510679,0.010274313177649283,0.01710102480823406,0.0011156880531385676,99
baseline,straight,h1_exc,117,25,1.187538,0.0073194974,0.9807402,0.005983985,0.8271484375000001,1.1856882172225014,0.0072344753631792815,0.04594914796272607,0.0008021268088336411,79
baseline,straight,h1_exc,118,25,2.9471781,0.131065,2.3964524,0.10392466,0.8271484375000001,2.897245989545101,0.12564209619413055,0.10297465500126006,0.003473892835958968,14
baseline,straight,h1_exc,119,25,1.0402833,0.071713686,0.8593466,0.05870618,0.8271484375000001,1.0389266925039475,0.0709741748462081,0.01956866204857585,0.0034450270935681843,90
baseline,straight,h1_exc,120,25,1.5282493,0.04804721,1.258219,0.039023284,0.8271484375000001,1.521152567482612,0.04717809165113659,0.0629133219084848,0.003048976257176073,57
baseline,straight,h1_exc,121,25,1.9989803,0.11769268,1.6377069,0.09476458,0.8271484375000001,1.9799431059977213,0.11456780447470376,0.08123387751413254,0.008032199599072469,35
baseline,straight,h1_exc,122,25,0.9316777,0.013321277,0.7710426,0.010936569,0.8271484375000001,0.9321695283969776,0.013222015452116428,0.010101848283493363,0.0012463465961972922,95
baseline,straight,h1_exc,123,25,1.8774235,0.032954868,1.5415459,0.026640132,0.8271484375000001,1.8636869909167297,0.03220719493864585,0.09017407774863337,0.002542907823834934,40
baseline,straight,h1_exc,124,25,0.37984356,0.01306045,0.31577876,0.01082277,0.8271484375000001,0.3817679467823855,0.013084435537922781,7.215657977805343e-06,7.215657977805343e-06,127
baseline,straight,h1_exc,125,25,1.4815212,0.021529563,1.220502,0.017524198,0.8271484375000001,1.475553740370076,0.021186279125034402,0.07248850004503248,0.0021193162590947287,60
baseline,straight,h1_exc,126,25,0.7852063,0.008452048,0.6506264,0.0069555948,0.8271484375000001,0.7865896630248411,0.00840912493854294,0.0035068097772133966,0.0005832421297918151,105
baseline,straight,h1_exc,127,25,0.7978344,0.015944572,0.6609913,0.013126531,0.8271484375000001,0.7991204672518522,0.01586961869225756,0.006609542707669694,0.0007629854624492246,102
baseline,straight,td_h1_exc,0,25,3.9421518,0.17191269,3.1787949,0.1345203,0.8271484375000001,3.8430766096591147,0.16263140480464838,0.12671416974823962,0.0026462075020117245,5
baseline,straight,td_h1_exc,1,25,2.2532148,0.049835823,1.8442296,0.040066253,0.8271484375000001,2.229623437293277,0.04843900960483175,0.11133038693955863,0.0032053498061697886,34
baseline,straight,td_h1_exc,2,25,1.8701043,0.07100212,1.5349972,0.057414297,0.8271484375000001,1.855769934258829,0.06941232434050235,0.07372237755923719,0.005749223129520594,40
baseline,straight,td_h1_exc,3,25,1.5250539,0.056202903,1.2554833,0.04572386,0.8271484375000001,1.5178452201292234,0.055278904436078156,0.04412374853427967,0.005448976474718312,52
baseline,straight,td_h1_exc,4,25,0.5642996,0.019012528,0.4683883,0.015699133,0.8271484375000001,0.5662687259747661,0.018979825306561223,0.00046901776855734733,0.00023288435983307318,101
baseline,straight,td_h1_exc,5,25,0.52245367,0.014644476,0.43382514,0.012107665,0.8271484375000001,0.524482821954784,0.014637837154217006,0.0001515288175339122,0.00012483991964017222,105
baseline,straight,td_h1_exc,6,25,2.9770474,0.16736916,2.418499,0.13276722,0.8271484375000001,2.923899510151512,0.16051196199688736,0.10130062235040921,0.005778471353190704,15
baseline,straight,td_h1_exc,7,25,3.1398904,0.07780386,2.551048,0.061761353,0.8271484375000001,3.084147603513743,0.07466779745043717,0.11955623703425672,0.0024455137724963797,11
baseline,straight,td_h1_exc,8,25,1.1223737,0.026245289,0.9273191,0.02146339,0.8271484375000001,1.1211036231326283,0.025948655565028903,0.01116983854964267,0.002562996228835437,69
baseline,straight,td_h1_exc,9,25,0.6341453,0.024394192,0.52602667,0.020124989,0.8271484375000001,0.6359519778925159,0.02433056386334989,0.0009019572472256679,0.0004213855709793735,97
baseline,straight,td_h1_exc,10,25,1.2487345,0.01874828,1.0307112,0.015323139,0.8271484375000001,1.2461018287587569,0.018525259044026177,0.03260034274372454,0.0019656190483377488,60
baseline,straight,td_h1_exc,11,25,0.24831383,0.0068512014,0.20666963,0.005689398,0.8271484375000001,0.2498579774664823,0.006878327789118535,1.4431315955610687e-05,1.4431315955610687e-05,125
baseline,straight,td_h1_exc,12,25,1.0841547,0.03310864,0.895955,0.027104001,0.8271484375000001,1.0831853446931015,0.03276800197126541,0.011227563813465114,0.0020854603927716485,71
baseline,straight,td_h1_exc,13,25,3.6699305,0.19107871,2.9644067,0.15036786,0.8271484375000001,3.5838872115511298,0.1817906498207694,0.1123766573463404,0.004365528734185302,7
baseline,straight,td_h1_exc,14,25,1.2791362,0.074286856,1.054707,0.060564097,0.8271484375000001,1.2751122892717384,0.07322034907041161,0.035796879227892306,0.0062092759849776,58
baseline,straight,td_h1_exc,15,25,1.0555692,0.007342391,0.87270254,0.0060174614,0.8271484375000001,1.0550736790888227,0.007274947130801542,0.0036872012266585302,0.0005163608741855855,75
baseline,straight,td_h1_exc,16,25,0.375266,0.014682106,0.31197736,0.012168189,0.8271484375000001,0.3771721667524433,0.014711009523714083,2.8862631911221374e-05,2.8862631911221374e-05,118
baseline,straight,td_h1_exc,17,25,1.0960798,0.027446644,0.9057783,0.022487907,0.8271484375000001,1.095061341865418,0.02718726789524718,0.009315414449346698,0.0012233360226584526,70
baseline,straight,td_h1_exc,18,25,1.5356636,0.06658609,1.2639068,0.05408019,0.8271484375000001,1.5280291037271405,0.06538147953370248,0.04718318751686914,0.0051474722488734125,51
baseline,straight,td_h1_exc,19,25,0.6830365,0.023853976,0.5663643,0.01967263,0.8271484375000001,0.6847190556170217,0.023783676452248922,0.01049156669972897,0.0012736743501228823,90
baseline,straight,td_h1_exc,20,25,2.7806883,0.076721326,2.2657375,0.06123671,0.8271484375000001,2.739214946683664,0.07403351909847332,0.10921536096956931,0.0029896397795723963,18
baseline,straight,td_h1_exc,21,25,4.2025642,0.2517302,3.3768978,0.195977,0.8271484375000001,4.082577764341828,0.236930867511516,0.11833679083600762,0.005127381689453506,4
baseline,straight,td_h1_exc,22,25,1.9918752,0.06657447,1.6334654,0.05368307,0.8271484375000001,1.9748153400934363,0.06490137253009892,0.11335798683132194,0.0045444445567241806,39
baseline,straight,td_h1_exc,23,25,3.0568125,0.13870744,2.483159,0.11013886,0.8271484375000001,3.0020720690684404,0.13315489456375798,0.10167583656525508,0.005052065146565073,14
baseline,straight,td_h1_exc,24,25,1.6191397,0.05240108,1.3320053,0.042497832,0.8271484375000001,1.610358259060205,0.05137872646558053,0.07155768016589559,0.006125219225283352,48
baseline,straight,td_h1_exc,25,25,4.355796,0.18587309,3.500397,0.1444719,0.8271484375000001,4.231884991174583,0.1746626016384829,0.13367727969682178,0.0023576474635412675,3
baseline,straight,td_h1_exc,26,25,2.891354,0.16300215,2.3506064,0.1297696,0.8271484375000001,2.841819340781531,0.15688791688534967,0.09469107964273953,0.00727518156501392,17
baseline,straight,td_h1_exc,27,25,0.2518217,0.011588669,0.2095687,0.009622262,0.8271484375000001,0.25336285605710623,0.011633053258469117,0.0004185081627127099,0.0002737198771660294,124
baseline,straight,td_h1_exc,28,25,2.324687,0.05677101,1.9015126,0.04555571,0.8271484375000001,2.298877144395806,0.05507561669598775,0.1139785334174132,0.0022882397607804127,30
baseline,straight,td_h1_exc,29,25,3.1138422,0.12154602,2.5290601,0.09655669,0.8271484375000001,3.057564973042617,0.11673441669642659,0.1209993686298178,0.003804467786111589,12
baseline,straight,td_h1_exc,30,25,0.54736024,0.023667915,0.4543575,0.019548489,0.8271484375000001,0.5493058485257142,0.023633592098939702,0.0012843871200493512,0.0007497516565827696,103
baseline,straight,td_h1_exc,31,25,0.64374155,0.011820161,0.53402054,0.009757552,0.8271484375000001,0.645616303152005,0.011796615564803799,0.003016145034722633,0.0005475031557746632,94
baseline,straight,td_h1_exc,32,25,0.8594,0.013969422,0.7116472,0.011487676,0.8271484375000001,0.8603621247999017,0.013888288027386517,0.00052674303237979,0.00026428424745082957,80
baseline,straight,td_h1_exc,33,25,0.46392804,0.021993604,0.38536668,0.018194918,0.8271484375000001,0.46589784601639395,0.021997160149640135,0.0,0.0,112
baseline,straight,td_h1_exc,34,25,1.2034311,0.01997713,0.99367934,0.016334506,0.8271484375000001,1.2013313128402725,0.01974797325007663,0.06406034992030837,0.0027973400223200977,64
baseline,straight,td_h1_exc,35,25,0.19391945,0.0112820035,0.16145568,0.009375205,0.8271484375000001,0.19519551659317658,0.011334368702050117,8.658789573366411e-05,5.1149803837810186e-05,127
baseline,straight,td_h1_exc,36,25,0.5421511,0.016600857,0.45009884,0.013706767,0.8271484375000001,0.5441572499609116,0.01657110934233959,0.002373935205627842,0.0006125947084132129,104
baseline,straight,td_h1_exc,37,25,0.652217,0.019963153,0.5409713,0.016456585,0.8271484375000001,0.6540195541849311,0.01989556560351485,0.0024749472589262658,0.0005553642765397433,93
baseline,straight,td_h1_exc,38,25,0.71406126,0.014535085,0.59200025,0.011976814,0.8271484375000001,0.7157122507231555,0.014479642687706545,0.00031748895102343507,0.00015804597177804453,88
baseline,straight,td_h1_exc,39,25,0.42547005,0.011793028,0.35358432,0.0097661745,0.8271484375000001,0.4274738441138898,0.01180703924747966,0.0,0.0,115
baseline,straight,td_h1_exc,40,25,1.9932789,0.049793348,1.6349082,0.040170394,0.8271484375000001,1.976559449567259,0.04856491413827641,0.07844863353469969,0.0037084714885504094,38
baseline,straight,td_h1_exc,41,25,2.5796719,0.06693921,2.105549,0.053498507,0.8271484375000001,2.5455516463298267,0.06467824008945122,0.11604868799049725,0.003358503795975282,23
baseline,straight,td_h1_exc,42,25,0.6418482,0.013644238,0.5324506,0.011256689,0.8271484375000001,0.6437183548209255,0.013609031624031905,0.001991521601874275,0.0006253697445236662,96
baseline,straight,td_h1_exc,43,25,2.1835043,0.08829733,1.7873399,0.071045615,0.8271484375000001,2.160845461396257,0.0858922145384538,0.1031694777666608,0.005338438206531704,35
baseline,straight,td_h1_exc,44,25,0.51834077,0.02355789,0.43036833,0.019464212,0.8271484375000001,0.5203036475753356,0.02353170304614372,7.215657977805343e-05,3.7551474690434834e-05,106
baseline,straight,td_h1_exc,45,25,2.4010057,0.11107565,1.9612994,0.08891667,0.8271484375000001,2.371157682141715,0.10749783399599411,0.09621358347605645,0.0064083570917677826,28
baseline,straight,td_h1_exc,46,25,1.0753031,0.03210593,0.88871413,0.026286034,0.8271484375000001,1.074431269062882,0.031779100993206646,0.01694958058986475,0.002967123687239092,72
baseline,straight,td_h1_exc,47,25,1.7204971,0.044236608,1.4143624,0.0358805,0.8271484375000001,1.7099257917075528,0.04337854806618886,0.06445747271573513,0.004319244889439696,42
baseline,straight,td_h1_exc,48,25,2.7766507,0.1899251,2.2578173,0.15132087,0.8271484375000001,2.7296397745462526,0.1829428222449495,0.0865518174437751,0.007755342904900378,20
baseline,straight,td_h1_exc,49,25,0.3124359,0.009999956,0.25989243,0.008296179,0.8271484375000001,0.31420290876732176,0.010029854689920941,7.215657977805343e-05,4.2941754177784244e-05,123
baseline,straight,td_h1_exc,50,25,1.3654265,0.058894683,1.1254483,0.047915503,0.8271484375000001,1.3606365449203661,0.05792854102127672,0.03358888788668388,0.003343492780956437,54
baseline,straight,td_h1_exc,51,25,1.2725645,0.07421866,1.0493411,0.06060526,0.8271484375000001,1.2686248791662482,0.07327011547750877,0.045335979074550975,0.005604609925508086,59
baseline,straight,td_h1_exc,52,25,1.0020804,0.02189019,0.828777,0.01795962,0.8271484375000001,1.0019688652892502,0.02171269270410246,0.039144761665245886,0.002751444310001544,77
baseline,straight,td_h1_exc,53,25,3.5413013,0.14257708,2.8657632,0.11232742,0.8271484375000001,3.4646298962684496,0.13580079406420675,0.1142527284205698,0.002687749462027157,8
baseline,straight,td_h1_exc,54,25,1.6065668,0.06513028,1.321556,0.05281068,0.8271484375000001,1.5977252040135181,0.06384667807607415,0.04278885180838568,0.003946658203500229,49
baseline,straight,td_h1_exc,55,25,1.2032219,0.020616854,0.9935041,0.016856667,0.8271484375000001,1.2011194466284376,0.020379252374890914,0.009806079191837461,0.0011157022783113517,65
baseline,straight,td_h1_exc,56,25,0.4077087,0.03071171,0.3387402,0.02541554,0.8271484375000001,0.40952768958893393,0.03072669622371022,0.0005556056642910114,0.00024356631374229152,116
baseline,straight,td_h1_exc,57,25,2.4860568,0.03378038,2.0311894,0.027048191,0.8271484375000001,2.455652768330567,0.03270052858622384,0.12069580339976235,0.002449786718662257,26
baseline,straight,td_h1_exc,58,25,1.6646018,0.02245763,1.3692644,0.01822748,0.8271484375000001,1.6554033798538006,0.02203652781406373,0.11043564535031077,0.003055066470789305,45
baseline,straight,td_h1_exc,59,25,0.503361,0.016597586,0.41802627,0.013728312,0.8271484375000001,0.5053824285053418,0.01659715599137683,0.00014431315955610685,6.829510051766514e-05,108
baseline,straight,td_h1_exc,60,25,1.2105294,0.024489563,0.9994498,0.02000985,0.8271484375000001,1.2083076210268504,0.024191363785472694,0.022923927389948022,0.0020774423859498303,63
baseline,straight,td_h1_exc,61,25,5.0332537,0.27438742,4.017733,0.21076366,0.8271484375000001,4.857330040154592,0.2548075436838302,0.13507663057393815,0.003722189435924775,2
baseline,straight,td_h1_exc,62,25,2.1042511,0.030692361,1.724625,0.024727132,0.8271484375000001,2.085024630978052,0.02989443029921619,0.1131848110398546,0.002656660016168648,36
baseline,straight,td_h1_exc,63,25,2.2828097,0.051357973,1.8679816,0.041218806,0.8271484375000001,2.2583389401928677,0.04983241459559173,0.11674213042291263,0.002120186169789579,32
baseline,straight,td_h1_exc,64,25,3.745925,0.20380366,3.023307,0.15969811,0.8271484375000001,3.6550963726220482,0.19307067201453915,0.11270136195534165,0.004432240060995253,6
baseline,straight,td_h1_exc,65,25,1.6720196,0.05136041,1.3749413,0.04161535,0.8271484375000001,1.6622667866941563,0.05031182320450869,0.04770271489127112,0.005393091736892736,44
baseline,straight,td_h1_exc,66,25,0.68166536,0.03499586,0.565126,0.028859513,0.8271484375000001,0.6832219590926367,0.03489036601044604,0.008839181022811546,0.0016655384043323632,91
baseline,straight,td_h1_exc,67,25,0.73032266,0.015283716,0.60539746,0.012590531,0.8271484375000001,0.7319090786016098,0.015221610368395573,0.002713056163040186,0.000664625795598751,86
baseline,straight,td_h1_exc,68,25,0.40187272,0.01159754,0.33403888,0.009606119,0.8271484375000001,0.40384393233054783,0.011613537255191637,2.8862631911221374e-05,2.8862631911221374e-05,117
baseline,straight,td_h1_exc,69,25,2.3044398,0.08819033,1.8845402,0.07083311,0.8271484375000001,2.2783579350714898,0.08563530737835158,0.08600342743746188,0.006889704052637907,31
baseline,straight,td_h1_exc,70,25,0.35196868,0.022243824,0.29261747,0.01843203,0.8271484375000001,0.3537665768204053,0.02228382303197321,7.937223775585877e-05,6.593548077020141e-05,122
baseline,straight,td_h1_exc,71,25,0.8366599,0.013486519,0.69294846,0.011092045,0.8271484375000001,0.8377558648118046,0.01340998109773827,0.0015730121376359555,0.0003380469041070749,82
baseline,straight,td_h1_exc,72,25,5.8073063,0.30582535,4.6062684,0.23185115,0.8271484375000001,5.568853676586408,0.2803017361641231,0.12592766302865885,0.002813661764789426,1
baseline,straight,td_h1_exc,73,25,0.6430004,0.019587815,0.533369,0.016160036,0.8271484375000001,0.6448286181680768,0.019537043967910086,0.0003102641823663649,0.00017224140343224397,95
baseline,straight,td_h1_exc,74,25,0.7929704,0.022188867,0.6569488,0.018261213,0.8271484375000001,0.7942332259789385,0.02207730958105824,0.0033841351316742456,0.0006913400221681039,84
baseline,straight,td_h1_exc,75,25,1.5044342,0.046450354,1.2388729,0.03779598,0.8271484375000001,1.4977635903542952,0.04569431458530559,0.07398214124643818,0.005698041363843539,53
baseline,straight,td_h1_exc,76,25,3.111706,0.21505374,2.5224972,0.17064941,0.8271484375000001,3.049630552711668,0.2063105018312939,0.09946784522404664,0.00490828305513944,13
baseline,straight,td_h1_exc,77,25,1.3206531,0.013853481,1.0894555,0.011301028,0.8271484375000001,1.3171221224138656,0.01366263530105611,0.08956731041416749,0.002847817007289539,55
baseline,straight,td_h1_exc,78,25,3.1695185,0.13562422,2.572605,0.10740586,0.8271484375000001,3.1102093583824004,0.12985076698227577,0.10906467033452776,0.00436667800467789,10
baseline,straight,td_h1_exc,79,25,1.0679721,0.018241368,0.88282096,0.014945047,0.8271484375000001,1.0673065539317068,0.018068156019777827,0.056094525119458734,0.004221924070314399,73
baseline,straight,td_h1_exc,80,25,2.6528602,0.113839485,2.1626887,0.09084427,0.8271484375000001,2.614631872352325,0.10982825837414172,0.11926761071514452,0.00422951184740804,22
baseline,straight,td_h1_exc,81,25,0.5866492,0.012890079,0.4868834,0.010646797,0.8271484375000001,0.5886287815310699,0.012871688606024813,0.000230901055289771,0.00015675037816494707,100
baseline,straight,td_h1_exc,82,25,1.6898952,0.11733557,1.3876615,0.095053464,0.8271484375000001,1.677645008472708,0.11491705831558655,0.03413727789299708,0.0037529266536153903,43
baseline,straight,td_h1_exc,83,25,2.059314,0.047152746,1.6882102,0.03800193,0.8271484375000001,2.041000438817332,0.04594329863823659,0.11202309010542795,0.0036440412303762578,37
baseline,straight,td_h1_exc,84,25,3.3483396,0.09924331,2.7152896,0.07825747,0.8271484375000001,3.282711518108806,0.09461115679662391,0.12946333543778346,0.0024678209600759817,9
baseline,straight,td_h1_exc,85,25,1.5522456,0.040286973,1.2778385,0.032759707,0.8271484375000001,1.5448720510589329,0.03960559463540606,0.09179711597535013,0.0065163895139326595,50
baseline,straight,td_h1_exc,86,25,0.47078407,0.009829812,0.39110446,0.008133255,0.8271484375000001,0.4728346571792554,0.009832883727254015,0.000230901055289771,7.829903279224725e-05,110
baseline,straight,td_h1_exc,87,25,1.2932767,0.036421858,1.0669285,0.029733868,0.8271484375000001,1.2898876163049593,0.03594743818545151,0.05069721295206034,0.006357755648663057,57
baseline,straight,td_h1_exc,88,25,1.2351872,0.02299169,1.019614,0.018785944,0.8271484375000001,1.2326855838556516,0.022711696224599832,0.03935375348919197,0.0036857824837368013,62
baseline,straight,td_h1_exc,89,25,1.043664,0.011011253,0.86293364,0.009025627,0.8271484375000001,1.0432633347022013,0.010911737077308605,0.008463966807965666,0.0011039760199446416,76
baseline,straight,td_h1_exc,90,25,2.4919732,0.09814363,2.0345922,0.07858192,0.8271484375000001,2.459766655991132,0.095003405592166,0.08991401861511907,0.0030617500914431515,25
baseline,straight,td_h1_exc,91,25,1.6377199,0.04805507,1.3471591,0.03901202,0.8271484375000001,1.6286787385188364,0.04716446979019868,0.08526021466574793,0.005296241754437151,46
baseline,straight,td_h1_exc,92,25,2.4213357,0.12629148,1.9770317,0.10088869,0.8271484375000001,2.3901775567457424,0.12197168945322326,0.10890592585901604,0.0047321794766451595,27
baseline,straight,td_h1_exc,93,25,2.5020208,0.05720812,2.0436318,0.045851815,0.8271484375000001,2.4706954509630497,0.05543359865185334,0.1188346712364762,0.003909188290186073,24
baseline,straight,td_h1_exc,94,25,2.382107,0.059625886,1.9475265,0.047765806,0.8271484375000001,2.354506594173379,0.057747563055622515,0.10920865811268156,0.0026284949842247446,29
baseline,straight,td_h1_exc,95,25,0.6075935,0.029183608,0.5040666,0.024078414,0.8271484375000001,0.6094027978572679,0.029110147554879555,0.0022440696310974616,0.000791058500051031,98
baseline,straight,td_h1_exc,96,25,0.4867804,0.012461082,0.40433055,0.010307507,0.8271484375000001,0.4888246501027316,0.012461495372858485,0.0,0.0,109
baseline,straight,td_h1_exc,97,25,0.9959535,0.0116246035,0.823807,0.00953579,0.8271484375000001,0.9959602965159654,0.01152851122263384,0.008817483289379367,0.001096202692393924,78
baseline,straight,td_h1_exc,98,25,0.17119896,0.0053563667,0.14257964,0.0044544805,0.8271484375000001,0.17237492340558347,0.005385345848698457,0.0,0.0,128
baseline,straight,td_h1_exc,99,25,2.2727144,0.036382783,1.8600795,0.029221276,0.8271484375000001,2.2487856110027273,0.035327728617251614,0.12583385947494738,0.0023694557081846953,33
baseline,straight,td_h1_exc,100,25,0.59397596,0.025540834,0.49285454,0.021095326,0.8271484375000001,0.5958477631900311,0.025503677215104006,0.002900694507077748,0.0007970580764741205,99
baseline,straight,td_h1_exc,101,25,1.1706638,0.04146213,0.96666926,0.03388775,0.8271484375000001,1.1686768330384065,0.040969368553926744,0.0209326237936133,0.002752777458928552,66
baseline,straight,td_h1_exc,102,25,1.3120677,0.03171104,1.0823182,0.025866255,0.8271484375000001,1.308493319458674,0.031271599532091285,0.019172003247028797,0.0023862300211399843,56
baseline,straight,td_h1_exc,103,25,0.83394384,0.023761144,0.69065195,0.01954303,0.8271484375000001,0.834979377749371,0.023626991357889808,0.006595077552048243,0.0016316545589044017,83
baseline,straight,td_h1_exc,104,25,0.7179127,0.023596816,0.5951178,0.01944446,0.8271484375000001,0.7194812832696417,0.023507824155079796,0.00733829552986463,0.001339629981809408,87
baseline,straight,td_h1_exc,105,25,2.7752519,0.07488241,2.26145,0.059740875,0.8271484375000001,2.7340317346281906,0.07222509270553598,0.12861188779640245,0.0024390560597775464,19
baseline,straight,td_h1_exc,106,25,0.67599356,0.011875609,0.56062645,0.009794062,0.8271484375000001,0.6777821644671207,0.011840755081695626,0.005945702173711602,0.0009373113790831092,92
baseline,straight,td_h1_exc,107,25,0.5503499,0.009716895,0.45690492,0.008030547,0.8271484375000001,0.5523856075300428,0.009708712749946566,0.0,0.0,102
baseline,straight,td_h1_exc,108,25,1.6187793,0.02311485,1.3320668,0.018769216,0.8271484375000001,1.6104325735055138,0.022691472441691618,0.10407143501388645,0.0035259941079723808,47
baseline,straight,td_h1_exc,109,25,0.46541804,0.020784948,0.38660836,0.01719708,0.8271484375000001,0.4673990060265161,0.0207908013202384,8.658789573366411e-05,7.299355235491336e-05,111
baseline,straight,td_h1_exc,110,25,0.837252,0.024725828,0.69336534,0.020325784,0.8271484375000001,0.838259823515681,0.024573321026234947,0.002330657526831126,0.0008353325333876467,81
baseline,straight,td_h1_exc,111,25,1.1310916,0.035236597,0.93436563,0.02885332,0.8271484375000001,1.1296226463979577,0.03488288052871029,0.028566789934131354,0.002502307063772094,68
baseline,straight,td_h1_exc,112,25,0.37448207,0.024887314,0.3112609,0.020604612,0.8271484375000001,0.37630598205539967,0.02491041583220623,0.0008442319834032251,0.0005348963900788752,119
baseline,straight,td_h1_exc,113,25,0.24468444,0.004971374,0.20365866,0.004129394,0.8271484375000001,0.24621779034946328,0.004992325269049593,0.0,0.0,126
baseline,straight,td_h1_exc,114,25,0.77755785,0.011208288,0.64432067,0.009228214,0.8271484375000001,0.7789662236569638,0.011156660177712368,2.8862631911221374e-05,2.8862631911221374e-05,85
baseline,straight,td_h1_exc,115,25,0.8734447,0.013426418,0.723196,0.011038692,0.8271484375000001,0.8743243742068103,0.013345478893493573,0.0027419500315660305,0.0005749933237303095,79
baseline,straight,td_h1_exc,116,25,0.46153632,0.021957891,0.38338745,0.018163566,0.8271484375000001,0.46350500778228954,0.02195925792606934,0.00221520699918624,0.0005886513258122371,113
baseline,straight,td_h1_exc,117,25,1.057372,0.007770362,0.87417895,0.0063690995,0.8271484375000001,1.0568585949237592,0.00770006806828959,0.008536103864859583,0.00170329929591701,74
baseline,straight,td_h1_exc,118,25,2.6529148,0.09277753,2.163412,0.074047215,0.8271484375000001,2.615506431908605,0.08952106732938754,0.10840804545854747,0.0033380458412057487,21
baseline,straight,td_h1_exc,119,25,0.36690864,0.015007473,0.3050483,0.012429017,0.8271484375000001,0.36879508445236775,0.015026343345975067,0.0016090878244737635,0.0005125489630790086,120
baseline,straight,td_h1_exc,120,25,1.1648037,0.017102053,0.96210665,0.013995135,0.8271484375000001,1.1631607826605102,0.01691973766742333,0.02708758004868126,0.002497269278497663,67
baseline,straight,td_h1_exc,121,25,2.9320376,0.19388197,2.3812656,0.15356159,0.8271484375000001,2.878885461800723,0.18565178593175724,0.10355861244866064,0.007296947402283141,16
baseline,straight,td_h1_exc,122,25,0.69575584,0.017765837,0.5768935,0.014645187,0.8271484375000001,0.697448559180289,0.0177056337884151,1.4431315955610687e-05,9.989626124182173e-06,89
baseline,straight,td_h1_exc,123,25,1.72178,0.03519514,1.4155173,0.028528566,0.8271484375000001,1.7113219474702632,0.03449026026009461,0.07236583385940978,0.002879654048693696,41
baseline,straight,td_h1_exc,124,25,0.4300898,0.015790796,0.3573919,0.013074171,0.8271484375000001,0.4320770672621471,0.015806316872800222,0.00025976368720099233,0.0001366219625055969,114
baseline,straight,td_h1_exc,125,25,1.2391015,0.020733992,1.0228283,0.016948912,0.8271484375000001,1.2365716511326814,0.020490775300965776,0.03613601515284916,0.0029273428783622383,61
baseline,straight,td_h1_exc,126,25,0.36010274,0.016939308,0.2993959,0.014036798,0.8271484375000001,0.36196149980694564,0.016970107607127364,0.0003030576350678244,0.00014193341696153627,121
baseline,straight,td_h1_exc,127,25,0.5041139,0.01803773,0.4186408,0.014917453,0.8271484375000001,0.5061253423651617,0.01803479511218529,0.00021646973933416028,0.00010257492023220345,107
straight_bias,C,h1_exc,0,25,4.805589,0.098219305,7.4697,0.14100333,1.6533203125,4.517999167427312,0.0852849434763006,0.230426548227411,0.001983752267207403,4
straight_bias,C,h1_exc,1,25,2.0013323,0.017944198,3.2547593,0.028248984,1.6533203125,1.9686198162917652,0.01708621396930576,0.20695410893588373,0.0017391129481700378,43
straight_bias,C,h1_exc,2,25,2.1416085,0.03035425,3.4746103,0.047560904,1.6533203125,2.101595400848147,0.028766903006347214,0.17564736445137377,0.004330483125121276,38
straight_bias,C,h1_exc,3,25,1.0113372,0.02206509,1.6714367,0.03589489,1.6533203125,1.0109575500448433,0.021710790093184138,0.029605296237300252,0.0021994669484320956,90
straight_bias,C,h1_exc,4,25,0.6730922,0.008090387,1.1188413,0.013296955,1.6533203125,0.6767238868479791,0.008042576608119772,4.0224587278940566e-05,2.001896462711685e-05,111
straight_bias,C,h1_exc,5,25,0.77263504,0.008847015,1.2821822,0.014495148,1.6533203125,0.775519497141313,0.008767295593227468,0.0038950808681774115,0.0003615813203876485,103
straight_bias,C,h1_exc,6,25,2.6036887,0.051076118,4.1919866,0.0788477,1.6533203125,2.53549559157503,0.04769051737267995,0.1979579634691576,0.0029152955444638417,24
straight_bias,C,h1_exc,7,25,2.8539996,0.027857099,4.577783,0.04266651,1.6533203125,2.768842228896666,0.025806560474206774,0.20920066595481995,0.002141546846372197,21
straight_bias,C,h1_exc,8,25,1.3456491,0.023100354,2.2118092,0.037106074,1.6533203125,1.3377983654963495,0.02244336758169375,0.05871448923149357,0.002384214175475437,74
straight_bias,C,h1_exc,9,25,0.77031165,0.007087641,1.2783939,0.011610963,1.6533203125,0.7732281833123262,0.007022815228626997,0.009412553423272092,0.0006783021015946557,104
straight_bias,C,h1_exc,10,25,1.019381,0.006461196,1.6847968,0.010500645,1.6533203125,1.0190382758939667,0.006351246820031539,0.03697980390510602,0.0007247638334212644,89
straight_bias,C,h1_exc,11,25,0.85003775,0.020710204,1.4085991,0.033844724,1.6533203125,0.8519819350740653,0.02047076133615218,0.046043744238627296,0.002682224299965578,101
straight_bias,C,h1_exc,12,25,1.6968672,0.01367399,2.7733936,0.021729091,1.6533203125,1.677468997117302,0.013142698945262767,0.1430381660993542,0.0018347355628401856,55
straight_bias,C,h1_exc,13,25,7.3991785,0.21963638,11.039823,0.29133156,1.6533203125,6.677365052088767,0.17620999609135413,0.23395290371219812,0.002305560769507966,1
straight_bias,C,h1_exc,14,25,1.6542068,0.031347137,2.705055,0.049876057,1.6533203125,1.636134798413898,0.03016720804029234,0.07768038213351405,0.0023739891216187636,58
straight_bias,C,h1_exc,15,25,1.0106878,0.005564447,1.6706755,0.009039013,1.6533203125,1.0104971553387163,0.0054671876062549,0.008480683817976635,0.0008714252802880747,91
straight_bias,C,h1_exc,16,25,2.2146227,0.038824964,3.5884836,0.06067621,1.6533203125,2.1704709172655807,0.036699609703798375,0.16023464342565974,0.001621980708753834,37
straight_bias,C,h1_exc,17,25,0.98133177,0.008680243,1.622908,0.014127576,1.6533203125,0.981605320337374,0.008544971896143068,0.023035280315073296,0.0007034033296026055,95
straight_bias,C,h1_exc,18,25,1.7133058,0.026300946,2.7991955,0.041771796,1.6533203125,1.6930752271801743,0.025265397296090435,0.15290657514610864,0.0025526745567001994,54
straight_bias,C,h1_exc,19,25,1.470781,0.021403406,2.412603,0.034192644,1.6533203125,1.459247178581547,0.02068119857615645,0.13194959045318438,0.0021096357824499047,68
straight_bias,C,h1_exc,20,25,3.1893563,0.051645584,5.087279,0.07825887,1.6533203125,3.0770075931542777,0.04733436751561035,0.19862901198340852,0.0014518448502322105,13
straight_bias,C,h1_exc,21,25,3.8183541,0.085141845,6.0278306,0.1259835,1.6533203125,3.6458942392445617,0.07620030143461128,0.23645353222137228,0.0032801159137809625,9
straight_bias,C,h1_exc,22,25,2.2938151,0.024712797,3.712617,0.03854306,1.6533203125,2.2455521681958333,0.02331251858159187,0.2430436604372387,0.00259876264101281,31
straight_bias,C,h1_exc,23,25,3.2781353,0.043218628,5.2220016,0.06535343,1.6533203125,3.158493328965315,0.0395285957776728,0.20047191871823475,0.0036163453278558882,12
straight_bias,C,h1_exc,24,25,1.460706,0.011980848,2.3966684,0.019189766,1.6533203125,1.4496092681721064,0.011606804903584204,0.10595720525565092,0.001977440213541144,69
straight_bias,C,h1_exc,25,25,3.1394587,0.040166914,5.0122643,0.0609731,1.6533203125,3.031635369104285,0.036879182142436545,0.226933713232023,0.0024567149681768807,14
straight_bias,C,h1_exc,26,25,3.112818,0.043871332,4.9716563,0.06664614,1.6533203125,3.0070739744470245,0.04031048163003862,0.21097722829886298,0.004211739555076876,15
straight_bias,C,h1_exc,27,25,1.7678305,0.050126527,2.8845923,0.07937901,1.6533203125,1.7447267365307138,0.04801187592228311,0.12723707366116882,0.003494831606795829,51
straight_bias,C,h1_exc,28,25,2.2798853,0.020664273,3.6910124,0.032230385,1.6533203125,2.232484752583421,0.019494337445957678,0.18300112784044584,0.001990855635029924,33
straight_bias,C,h1_exc,29,25,4.196814,0.051634032,6.5888805,0.07571852,1.6533203125,3.985241457363336,0.04579785263626749,0.2510072720275634,0.0018582315320296212,8
straight_bias,C,h1_exc,30,25,0.75743777,0.005208192,1.2573118,0.008535263,1.6533203125,0.7604768440048537,0.005162498301163968,0.010706444314078013,0.0005033954678386956,106
straight_bias,C,h1_exc,31,25,0.5289333,0.0044435067,0.88134736,0.007337398,1.6533203125,0.5330771939548188,0.004437977213887589,0.002936394871362661,0.000414864866949636,120
straight_bias,C,h1_exc,32,25,0.99413836,0.006175945,1.6437638,0.010040801,1.6533203125,0.9942197274709111,0.006073112838326672,0.02241172786815463,0.0008186020801119638,93
straight_bias,C,h1_exc,33,25,1.3119454,0.0068770563,2.1579065,0.0110645965,1.6533203125,1.3051956680045314,0.00669234869235838,0.09188636554085988,0.0007368334266477878,78
straight_bias,C,h1_exc,34,25,0.6078475,0.0057061897,1.0115035,0.009400602,1.6533203125,0.6118012666960455,0.005685893038527711,0.01713567418082868,0.0007511183024927748,116
straight_bias,C,h1_exc,35,25,0.70252854,0.013851848,1.1671196,0.022745967,1.6533203125,0.7059247176435615,0.013757749491709811,0.024986172798101912,0.0014440718648487262,110
straight_bias,C,h1_exc,36,25,7.096983,0.2595229,10.626758,0.34603536,1.6533203125,6.427524937589129,0.20929723192595634,0.21853940969849323,0.001825728863625322,2
straight_bias,C,h1_exc,37,25,1.1943241,0.020212298,1.9680158,0.032632504,1.6533203125,1.1903415099158097,0.01973755707011089,0.035511606469424695,0.0024571974442108833,83
straight_bias,C,h1_exc,38,25,0.76585925,0.0044385963,1.2711185,0.007270758,1.6533203125,0.768827739646163,0.004397670527775129,0.0092583282749871,0.00039924121483134704,105
straight_bias,C,h1_exc,39,25,0.6248483,0.004945338,1.039506,0.008143165,1.6533203125,0.6287383558951384,0.004925340175676844,0.002299487034550004,0.00019960653083956543,115
straight_bias,C,h1_exc,40,25,1.7257591,0.022272535,2.819093,0.035398126,1.6533203125,1.705110047645997,0.02141032524457962,0.08461912343913129,0.004282828159953163,52
straight_bias,C,h1_exc,41,25,2.2586267,0.044494357,3.6569116,0.0693469,1.6533203125,2.2118591701162504,0.04194401686375063,0.16097879829032014,0.0031536605405599657,35
straight_bias,C,h1_exc,42,25,0.63301224,0.006524529,1.0529329,0.010740948,1.6533203125,0.6368595589041063,0.0064965924682222065,0.003941988206284103,0.0005049512379979847,114
straight_bias,C,h1_exc,43,25,2.7344015,0.048369363,4.393431,0.07438535,1.6533203125,2.657338167578696,0.04499149251583197,0.2074516047932561,0.0038582709436241506,22
straight_bias,C,h1_exc,44,25,0.66072446,0.0072959154,1.0985163,0.011989563,1.6533203125,0.6644304373897931,0.0072518088938212,0.0005564401240253444,0.0001612587562888659,113
straight_bias,C,h1_exc,45,25,2.133107,0.02808878,3.4613736,0.04401867,1.6533203125,2.0935892381123136,0.02662440672661902,0.15813581250118147,0.0032672140438423486,39
straight_bias,C,h1_exc,46,25,1.4364468,0.020407086,2.35763,0.032662984,1.6533203125,1.4259971118711103,0.01975599306994917,0.10054135590371194,0.0023620713389602603,70
straight_bias,C,h1_exc,47,25,1.5201317,0.013338987,2.4917243,0.021305878,1.6533203125,1.5071031246521052,0.012886720939001325,0.08704600687162739,0.0018894498157746176,65
straight_bias,C,h1_exc,48,25,2.4951754,0.056448262,4.023901,0.08714832,1.6533203125,2.433830313745616,0.052711094932059235,0.21578479845787665,0.005032095377354589,28
straight_bias,C,h1_exc,49,25,0.51252025,0.0065021836,0.85421705,0.010745347,1.6533203125,0.516667599918753,0.006499252786821006,0.006717506075583074,0.0005634799917882866,122
straight_bias,C,h1_exc,50,25,0.718428,0.014232768,1.1932145,0.023363333,1.6533203125,0.7217079950833529,0.01413115977333021,0.01091427134835254,0.0015441974240682549,108
straight_bias,C,h1_exc,51,25,2.0513885,0.053669456,3.3318887,0.084336564,1.6533203125,2.0152711353207318,0.051010418298464505,0.15967149920375456,0.005025090318745947,40
straight_bias,C,h1_exc,52,25,0.67017287,0.006063862,1.1140615,0.009969192,1.6533203125,0.6738328364579972,0.006029800718115129,0.003727454265307112,0.0003253107232198101,112
straight_bias,C,h1_exc,53,25,2.5766075,0.047748663,4.1503744,0.073766746,1.6533203125,2.5103268823356486,0.04461733305303962,0.17850943281977166,0.002708919666325506,25
straight_bias,C,h1_exc,54,25,2.2866426,0.06777887,3.6990283,0.10548726,1.6533203125,2.2373331863624237,0.06380327934811218,0.14814045085045827,0.004435445208582496,32
straight_bias,C,h1_exc,55,25,1.2654747,0.009799006,2.0830307,0.015802234,1.6533203125,1.2599075477315325,0.00955787838493773,0.032628844381100613,0.001494412441859933,79
straight_bias,C,h1_exc,56,25,0.5488164,0.01378379,0.9140634,0.0227306,1.6533203125,0.552865310632699,0.01374845546764034,0.01263722450346716,0.0013953008568374269,118
straight_bias,C,h1_exc,57,25,2.49693,0.029668996,4.0279946,0.045963407,1.6533203125,2.436306202500576,0.027800666028489674,0.19918545210743385,0.0026394251316031055,27
straight_bias,C,h1_exc,58,25,2.2576785,0.01753917,3.656445,0.02738917,1.6533203125,2.2115769418249864,0.0165661612228368,0.2263571608143582,0.0016951085344187572,36
straight_bias,C,h1_exc,59,25,0.47297093,0.006588362,0.7888173,0.0108982,1.6533203125,0.47711097424201265,0.006591705060043831,0.0028425133451704192,0.000533385510337421,124
straight_bias,C,h1_exc,60,25,1.578814,0.018449128,2.5853293,0.029422209,1.6533203125,1.5637195746289938,0.01779583080338007,0.08736109947197906,0.0021548765084416933,61
straight_bias,C,h1_exc,61,25,4.790635,0.097752646,7.448203,0.14081681,1.6533203125,4.504997123242811,0.08517212542502418,0.25319290287459106,0.002577035039497561,5
straight_bias,C,h1_exc,62,25,2.871233,0.025704531,4.6042237,0.039283104,1.6533203125,2.7848347693160322,0.02376012920640576,0.22793262381611668,0.0024855783818135578,20
straight_bias,C,h1_exc,63,25,0.9556632,0.007994691,1.5811353,0.013010222,1.6533203125,0.956339309595148,0.007869147906150117,0.01474901533561154,0.0013293526254646313,96
straight_bias,C,h1_exc,64,25,2.9004498,0.059897605,4.6471834,0.09141168,1.6533203125,2.8108184208219695,0.05528975581920728,0.22792591971823686,0.0031807235423337694,17
straight_bias,C,h1_exc,65,25,1.6642334,0.019180035,2.7213929,0.030491233,1.6533203125,1.6460166417903366,0.018442422801215743,0.12448839353044122,0.004088815959769213,57
straight_bias,C,h1_exc,66,25,1.147836,0.0075171865,1.8930771,0.0121542225,1.6533203125,1.1450153221638988,0.0073514021167231875,0.07107014162400815,0.0008669805285322736,85
straight_bias,C,h1_exc,67,25,1.6409733,0.020253304,2.6843483,0.032231417,1.6533203125,1.6236106180407426,0.01949496083273999,0.12755216626152052,0.0019658483419792163,59
straight_bias,C,h1_exc,68,25,1.3405875,0.024867324,2.2036178,0.03994713,1.6533203125,1.3328438423057023,0.02416176011695341,0.07125785636464321,0.001672464164530115,76
straight_bias,C,h1_exc,69,25,2.048217,0.029665407,3.328132,0.04662263,1.6533203125,2.012999003763299,0.02819939377057019,0.17855023883333732,0.0043412993927029716,41
straight_bias,C,h1_exc,70,25,1.40686,0.010147206,2.3103836,0.016280884,1.6533203125,1.3974203783426846,0.009847386575925654,0.12581538639607273,0.0011531761475656432,71
straight_bias,C,h1_exc,71,25,1.5981272,0.008330415,2.6162996,0.0132879205,1.6533203125,1.5824518256508822,0.00803711199307803,0.1364149836586471,0.0020544332126749727,60
straight_bias,C,h1_exc,72,25,4.264398,0.059792433,6.6874127,0.08756066,1.6533203125,4.044837841933468,0.05296049313022605,0.2357160814545917,0.0023084968296254423,7
straight_bias,C,h1_exc,73,25,0.8121329,0.00475804,1.3468845,0.0077826222,1.6533203125,0.8146542988695009,0.004707268173054036,0.020293241364598355,0.0004718740916033649,102
straight_bias,C,h1_exc,74,25,2.3286896,0.024650097,3.7669442,0.038365204,1.6533203125,2.278411667591001,0.02320494300075217,0.17381660868329302,0.0016305291488213525,30
straight_bias,C,h1_exc,75,25,1.9982353,0.027592804,3.2496157,0.04342789,1.6533203125,1.9655089138814612,0.026267073900716528,0.1589200863413895,0.0023638458079130297,44
straight_bias,C,h1_exc,76,25,4.390787,0.14222582,6.862991,0.20633893,1.6533203125,4.15103530418984,0.12480275323736241,0.20828291293035422,0.00204418926995804,6
straight_bias,C,h1_exc,77,25,1.9456553,0.010802189,3.1672003,0.017040689,1.6533203125,1.9156604226922695,0.010306949547808544,0.1979512228565834,0.001489897387347246,45
straight_bias,C,h1_exc,78,25,3.4906616,0.047824033,5.541624,0.07172493,1.6533203125,3.3518151169646564,0.04338235347077751,0.23029246626981453,0.0025899771950177817,11
straight_bias,C,h1_exc,79,25,1.5535969,0.008198394,2.5452545,0.013093409,1.6533203125,1.5394804802042055,0.00791946302265085,0.1553065601694643,0.0017647984058267161,63
straight_bias,C,h1_exc,80,25,2.4037075,0.02940561,3.88344,0.04566301,1.6533203125,2.3488731895640367,0.027618972849137086,0.2131433838932262,0.0035358227234220216,29
straight_bias,C,h1_exc,81,25,0.9958059,0.013086377,1.6463897,0.02127081,1.6533203125,0.9958081412653867,0.012865510779644854,0.05589876812196773,0.0012370498827372909,92
straight_bias,C,h1_exc,82,25,1.2645727,0.031377356,2.0810115,0.050561305,1.6533203125,1.2586862187602206,0.03058167561053175,0.05157462498948163,0.0020979899208465208,80
straight_bias,C,h1_exc,83,25,1.8884611,0.01804275,3.0768313,0.028494641,1.6533203125,1.8610012854435007,0.017234797086070373,0.13077643230949074,0.003061503927810373,47
straight_bias,C,h1_exc,84,25,2.8906226,0.052663516,4.6326356,0.0805105,1.6533203125,2.802019321643058,0.0486962464191786,0.16530294142280624,0.002360707288914926,18
straight_bias,C,h1_exc,85,25,1.3439575,0.013542559,2.2093115,0.021766271,1.6533203125,1.3362875950536266,0.013165186812363673,0.08140760776065818,0.002345872874035647,75
straight_bias,C,h1_exc,86,25,0.48188648,0.0071830614,0.8035622,0.011878925,1.6533203125,0.48602935623224125,0.007184890299132828,0.0014346769462822134,0.0002721635305926409,123
straight_bias,C,h1_exc,87,25,2.5739193,0.03899473,4.146677,0.06023779,1.6533203125,2.5080903927135436,0.036434434992190665,0.1940568172293689,0.0015784817084482036,26
straight_bias,C,h1_exc,88,25,1.5127151,0.019888924,2.4797318,0.031770505,1.6533203125,1.4998495264698264,0.019216182196975663,0.13725299589362502,0.003279101220308372,67
straight_bias,C,h1_exc,89,25,1.8962936,0.052765403,3.087684,0.083179235,1.6533203125,1.8675655562525124,0.050310416369295084,0.10620631861216273,0.0016502308629460878,46
straight_bias,C,h1_exc,90,25,2.611351,0.05648667,4.203457,0.0874233,1.6533203125,2.5424334653148146,0.052877413824998,0.17635799882663505,0.003579274159961241,23
straight_bias,C,h1_exc,91,25,1.5194849,0.014143328,2.4906766,0.022604732,1.6533203125,1.5064694492277042,0.013672323873399431,0.1110332690856356,0.0034353884762191723,66
straight_bias,C,h1_exc,92,25,3.0789187,0.066355065,4.9187293,0.100533605,1.6533203125,2.975061356045701,0.06080709294959145,0.22866337048501745,0.0023294071201933613,16
straight_bias,C,h1_exc,93,25,1.8499022,0.023297716,3.0157642,0.03683949,1.6533203125,1.824065200038584,0.0222821240708614,0.15755250261800666,0.0033489748552128,49
straight_bias,C,h1_exc,94,25,1.7226384,0.020212438,2.814193,0.032110486,1.6533203125,1.7021462410429107,0.019421817393133256,0.12523884409016942,0.0020245356907770233,53
straight_bias,C,h1_exc,95,25,1.104094,0.013871086,1.8221616,0.022460109,1.6533203125,1.1021225429868666,0.013584849798689024,0.048376770300805845,0.0019451966280941435,86
straight_bias,C,h1_exc,96,25,0.5526135,0.0072838133,0.9204205,0.012021532,1.6533203125,0.556710340869613,0.007271145015735306,0.004679460320116752,0.0005813107511930839,117
straight_bias,C,h1_exc,97,25,1.8711733,0.061712194,3.0473785,0.0971148,1.6533203125,1.8431869916295867,0.05873925386845474,0.09646526439277929,0.003459249543190159,48
straight_bias,C,h1_exc,98,25,0.40652537,0.005150818,0.67875934,0.008539081,1.6533203125,0.41054311162642565,0.0051648073593498775,0.00119332942260857,0.000300957250988135,128
straight_bias,C,h1_exc,99,25,5.3307347,0.149232,8.21287,0.21101329,1.6533203125,4.967500327585084,0.1276300057857227,0.18908908070041974,0.0021280451300622924,3
straight_bias,C,h1_exc,100,25,0.74679023,0.0073983,1.2398382,0.012128836,1.6533203125,0.7499080757257849,0.007336046870328587,0.024214941444945653,0.0012085080365326596,107
straight_bias,C,h1_exc,101,25,1.1532475,0.021411465,1.9015754,0.034612786,1.6533203125,1.1501555364343443,0.020935317729748465,0.03796530629344006,0.001456281706608373,84
straight_bias,C,h1_exc,102,25,1.6858777,0.0151408585,2.7559,0.024055967,1.6533203125,1.6668881126567874,0.014550094965032973,0.12330176820571247,0.002883196003088445,56
straight_bias,C,h1_exc,103,25,0.5230582,0.008238519,0.87161124,0.013612361,1.6533203125,0.527188360604805,0.008233347639892929,0.005953238917283204,0.0003527782684498274,121
straight_bias,C,h1_exc,104,25,0.7103762,0.0059846346,1.1801069,0.0098242555,1.6533203125,0.7137799616732239,0.005942136524687829,0.024717743730051655,0.0011281211714753644,109
straight_bias,C,h1_exc,105,25,3.7726014,0.05783682,5.962049,0.08579245,1.6533203125,3.6061065221380506,0.0518910044680199,0.23994636721676027,0.0016530983166999928,10
straight_bias,C,h1_exc,106,25,0.54341054,0.005171071,0.90524787,0.008534767,1.6533203125,0.547533249131706,0.005162197844799145,0.00378109940716532,0.0004123704568848425,119
straight_bias,C,h1_exc,107,25,0.44350514,0.008563801,0.7400166,0.014177886,1.6533203125,0.44759417385387146,0.008575401678680357,0.0011463939962754672,0.00024511913968736353,125
straight_bias,C,h1_exc,108,25,1.3884399,0.0068222857,2.2808583,0.010947797,1.6533203125,1.3795622632336282,0.0066217038945623535,0.12776669739367486,0.002004087060155868,72
straight_bias,C,h1_exc,109,25,1.386007,0.02869674,2.2764618,0.04596666,1.6533203125,1.3769030224189018,0.027802633472374032,0.07185428569661016,0.0014087867809733402,73
straight_bias,C,h1_exc,110,25,1.5599029,0.013541577,2.555249,0.021608552,1.6533203125,1.5455257308321422,0.013069792067437637,0.11471381882165865,0.0020368830493773227,62
straight_bias,C,h1_exc,111,25,0.9443877,0.0118051395,1.562722,0.019237345,1.6533203125,0.9452022402037089,0.011635582591418153,0.036658007206874496,0.001383693970556927,97
straight_bias,C,h1_exc,112,25,0.8858263,0.011949457,1.4672318,0.019495409,1.6533203125,0.8874455338240521,0.011791670689751189,0.04146457798679246,0.0006571048578384321,99
straight_bias,C,h1_exc,113,25,0.40906167,0.009764352,0.68291944,0.016183427,1.6533203125,0.41305936794473025,0.009788439777109676,0.004002346434254586,0.0006043240077900212,127
straight_bias,C,h1_exc,114,25,0.9901799,0.005857336,1.6373281,0.009527674,1.6533203125,0.9903272953058467,0.005762751252972223,0.017772494382374934,0.0005493769645330534,94
straight_bias,C,h1_exc,115,25,1.2071037,0.025280274,1.9885107,0.040830098,1.6533203125,1.2027377017662233,0.02469581905907363,0.03885695131145658,0.002953747340771868,82
straight_bias,C,h1_exc,116,25,0.87161714,0.005767804,1.444106,0.009416796,1.6533203125,0.8734580671336987,0.00569568782712081,0.04556759768038551,0.0006990717565079004,100
straight_bias,C,h1_exc,117,25,1.3154128,0.005770024,2.163495,0.009285948,1.6533203125,1.308575947074458,0.005616544933694096,0.10229782954822568,0.0009227211121510165,77
straight_bias,C,h1_exc,118,25,2.8789485,0.0631395,4.61407,0.09648971,1.6533203125,2.790790237337822,0.05836117387981627,0.21113146692949664,0.0019125828144106118,19
straight_bias,C,h1_exc,119,25,1.2581166,0.032835085,2.0705447,0.05287744,1.6533203125,1.2523554577142677,0.03198257456962413,0.0587815302102918,0.0025437045706153015,81
straight_bias,C,h1_exc,120,25,1.8300834,0.021190982,2.9844732,0.03353547,1.6533203125,1.805139072808846,0.020283710195730626,0.151948378446198,0.0013467424144055298,50
straight_bias,C,h1_exc,121,25,2.260101,0.058002327,3.658372,0.090488404,1.6533203125,2.212742292942052,0.05473131894555242,0.1645112708290551,0.0032507606605209995,34
straight_bias,C,h1_exc,122,25,1.0785117,0.010719183,1.7807399,0.017396228,1.6533203125,1.0770688898832708,0.010521994813150344,0.05369311991950583,0.0017840774676674165,88
straight_bias,C,h1_exc,123,25,2.0170224,0.025320303,3.2792444,0.039863843,1.6533203125,1.9834295278364926,0.024111385062236215,0.17180591636623496,0.0024072581793256865,42
straight_bias,C,h1_exc,124,25,0.4131389,0.0075521106,0.6897054,0.012521183,1.6533203125,0.4171637669503798,0.007573355664422099,0.00011396966395699827,9.417607198273837e-05,126
straight_bias,C,h1_exc,125,25,1.5347252,0.010097998,2.5150924,0.01612778,1.6533203125,1.5212372429954406,0.009754782225158727,0.11892992227654771,0.001501245259772293,64
straight_bias,C,h1_exc,126,25,0.92783517,0.012204686,1.5357447,0.019883253,1.6533203125,0.9288851557077473,0.012026255213423421,0.031247800217856992,0.0020132786565105463,98
straight_bias,C,h1_exc,127,25,1.0787009,0.012811676,1.781015,0.020771937,1.6533203125,1.0772352717903046,0.012563770819031773,0.06994385318019782,0.001939600876019242,87
straight_bias,C,td_h1_exc,0,25,4.0117736,0.07845662,6.314708,0.115713656,1.6533203125,3.819409897804485,0.06998865106566249,0.22480181010623915,0.0028927411978446013,9
straight_bias,C,td_h1_exc,1,25,2.2991645,0.020192232,3.7210767,0.031488914,1.6533203125,2.2506688653647524,0.019045864701258207,0.21964635883665495,0.0017715486151360271,30
straight_bias,C,td_h1_exc,2,25,2.2427473,0.031608902,3.6327202,0.049360353,1.6533203125,2.1972272183256902,0.029855287212604602,0.18937065281137233,0.004478283021320965,33
straight_bias,C,td_h1_exc,3,25,1.5609404,0.03501879,2.5562496,0.055965845,1.6533203125,1.5461309803854806,0.03385057453954018,0.07930277382043131,0.0043882797475959245,54
straight_bias,C,td_h1_exc,4,25,0.41737115,0.005618248,0.6967389,0.009312357,1.6533203125,0.42141796418219807,0.0056325180946752654,0.0,0.0,116
straight_bias,C,td_h1_exc,5,25,0.7125476,0.008501672,1.1836478,0.013955624,1.6533203125,0.7159216157137257,0.008440967849733243,0.0028492415989249563,0.00030630464899826954,92
straight_bias,C,td_h1_exc,6,25,3.4358327,0.08309039,5.4566584,0.1250454,1.6533203125,3.300424210785532,0.07563289458925557,0.19612167937635455,0.0028196370912699224,14
straight_bias,C,td_h1_exc,7,25,3.609076,0.04032502,5.7192855,0.06024836,1.6533203125,3.4592722006324887,0.036440827553089514,0.2336579234054859,0.0026305989374804245,11
straight_bias,C,td_h1_exc,8,25,1.3158095,0.023846865,2.1637938,0.038345594,1.6533203125,1.308756539032905,0.023193081135443362,0.05359236127195907,0.0020903629467546397,61
straight_bias,C,td_h1_exc,9,25,0.5871679,0.0070361625,0.97741556,0.011597841,1.6533203125,0.5911834237606324,0.007014878285138618,0.0008916450180165158,0.00039788317306099915,104
straight_bias,C,td_h1_exc,10,25,0.9727841,0.0092040505,1.608993,0.014976779,1.6533203125,0.97318891194635,0.009058607133359316,0.02977951739396737,0.0009254654002306319,80
straight_bias,C,td_h1_exc,11,25,0.20528655,0.005692696,0.34390152,0.009502149,1.6533203125,0.20800657972331668,0.0057473127788281895,0.0006771138858621662,0.0002051516025267202,127
straight_bias,C,td_h1_exc,12,25,1.2438132,0.014740331,2.048027,0.02377353,1.6533203125,1.2387357738037335,0.014379265095200511,0.04489063940329767,0.002984903120977936,65
straight_bias,C,td_h1_exc,13,25,4.451085,0.082310855,6.958128,0.120272584,1.6533203125,4.208578265669911,0.07274608549427888,0.23172043911821694,0.002418960311756565,6
straight_bias,C,td_h1_exc,14,25,1.4957232,0.0375733,2.4519188,0.06005116,1.6533203125,1.4830270377158095,0.03632155204190738,0.10006536495424447,0.0038908620790019865,56
straight_bias,C,td_h1_exc,15,25,1.1819487,0.009527638,1.9482211,0.015389793,1.6533203125,1.1783687989399754,0.009308415327484833,0.03417735335903042,0.0026903556215672484,68
straight_bias,C,td_h1_exc,16,25,0.50641066,0.0066420985,0.8441187,0.01097714,1.6533203125,0.5105596802818555,0.006639451099968151,0.0025475571943329024,0.00039920824793843125,109
straight_bias,C,td_h1_exc,17,25,1.1752743,0.011567227,1.9374046,0.018690381,1.6533203125,1.171826536838561,0.011304754832091264,0.02787557662844318,0.001085551383456009,70
straight_bias,C,td_h1_exc,18,25,2.3216705,0.046144266,3.755095,0.07187291,1.6533203125,2.2712445929610636,0.043471861334283386,0.16305647316266547,0.0025808706324785455,29
straight_bias,C,td_h1_exc,19,25,1.3255358,0.02598818,2.1793747,0.04179621,1.6533203125,1.318180537263892,0.025280164587512026,0.07829026516416744,0.0024763221817815924,60
straight_bias,C,td_h1_exc,20,25,2.5333707,0.03787329,4.084055,0.058653735,1.6533203125,2.4702139289641227,0.03547632754490323,0.18225760496087967,0.002129366497916931,25
straight_bias,C,td_h1_exc,21,25,4.698668,0.11363359,7.313784,0.16359217,1.6533203125,4.423694436659107,0.09894766234115894,0.24213860722346253,0.004378376898872404,5
straight_bias,C,td_h1_exc,22,25,2.2792068,0.026799928,3.6897776,0.041793905,1.6533203125,2.2317379274255043,0.025278771013840063,0.24336545713547023,0.002690710654301132,32
straight_bias,C,td_h1_exc,23,25,3.4243095,0.051003672,5.4418097,0.07678588,1.6533203125,3.2914430314430736,0.046443437632445475,0.19547138188201166,0.003408276153209237,15
straight_bias,C,td_h1_exc,24,25,1.6710312,0.03918422,2.731478,0.062256612,1.6533203125,1.6521165753033529,0.03765550478574653,0.12639851258224682,0.005623284313250785,50
straight_bias,C,td_h1_exc,25,25,4.9782853,0.08637089,7.718769,0.12368552,1.6533203125,4.668647020270558,0.07481037562401817,0.23925584513513848,0.00232682101507868,4
straight_bias,C,td_h1_exc,26,25,3.6340995,0.052575964,5.7560163,0.07856767,1.6533203125,3.48148881855777,0.04752113965206506,0.2283080532973868,0.004101183133485208,10
straight_bias,C,td_h1_exc,27,25,0.609928,0.033854052,1.0141993,0.055671584,1.6533203125,0.6134318088081561,0.03367259403666726,0.01617698818401393,0.002320232165916025,100
straight_bias,C,td_h1_exc,28,25,2.0428715,0.01661987,3.3201034,0.026111118,1.6533203125,2.0081428347787167,0.015793139306839215,0.16695885359912263,0.0023421540974716652,39
straight_bias,C,td_h1_exc,29,25,3.5832882,0.041696265,5.68067,0.062389184,1.6533203125,3.4359157791110295,0.037735690851410784,0.2647314170784675,0.0015343977324417705,12
straight_bias,C,td_h1_exc,30,25,0.50536656,0.007970522,0.84238,0.013168949,1.6533203125,0.5095080427434548,0.007965152591942146,0.0,0.0,110
straight_bias,C,td_h1_exc,31,25,0.7211389,0.0067366194,1.1977663,0.0110496245,1.6533203125,0.7244611413514948,0.006683293158895547,0.009754364106350647,0.0007369779808003226,90
straight_bias,C,td_h1_exc,32,25,1.0389863,0.009837523,1.7166085,0.015972422,1.6533203125,1.03827950748074,0.009660815261045704,0.021748093522147197,0.0019834359946987214,75
straight_bias,C,td_h1_exc,33,25,0.3853064,0.007523015,0.6435378,0.012480128,1.6533203125,0.3892396488519631,0.0075485239252068145,0.0,0.0,121
straight_bias,C,td_h1_exc,34,25,0.9235123,0.0117750075,1.5287051,0.019190842,1.6533203125,0.9246272913193689,0.011607455157104674,0.06202605180185619,0.0025424095248397656,83
straight_bias,C,td_h1_exc,35,25,0.4346832,0.010112874,0.72538304,0.016758487,1.6533203125,0.43874322255210096,0.010136260741079059,0.006576720020106782,0.0006139284725548844,114
straight_bias,C,td_h1_exc,36,25,1.2277931,0.030335426,2.021732,0.048926696,1.6533203125,1.222831550858361,0.029592991916244458,0.06006201290533809,0.002182049979781129,66
straight_bias,C,td_h1_exc,37,25,0.97043157,0.027199838,1.6047416,0.044227485,1.6533203125,0.9706174031295793,0.026750705615501837,0.024262130227080982,0.0022085034072928137,81
straight_bias,C,td_h1_exc,38,25,0.7488009,0.0069114924,1.2431396,0.011330753,1.6533203125,0.7519048345414173,0.006853331824811075,0.0013274113802050386,0.0002712744540212775,88
straight_bias,C,td_h1_exc,39,25,0.48365173,0.0067606317,0.8064861,0.0111831175,1.6533203125,0.4877978760112115,0.006764035614136608,0.00021453113215434968,9.506669246129985e-05,111
straight_bias,C,td_h1_exc,40,25,1.7888286,0.022734916,2.9191108,0.03606264,1.6533203125,1.765605025453089,0.02181225075207493,0.11579317858031024,0.003841940428432258,45
straight_bias,C,td_h1_exc,41,25,2.0531402,0.03584088,3.3356192,0.05624635,1.6533203125,2.0175274734457433,0.03402023932459787,0.15673459200314216,0.003157878777483063,38
straight_bias,C,td_h1_exc,42,25,0.6097587,0.006646198,1.0146439,0.0109450985,1.6533203125,0.6137007658285502,0.006620071111409573,0.003452610408109065,0.0006264386689353924,99
straight_bias,C,td_h1_exc,43,25,2.3426902,0.04722922,3.7877545,0.07355735,1.6533203125,2.290998485247815,0.0444906801101075,0.16866169446059778,0.0036946959982869267,28
straight_bias,C,td_h1_exc,44,25,0.4356809,0.012972687,0.7269924,0.021474307,1.6533203125,0.4397166240524154,0.012988594657194052,0.0008111958434586348,0.0002823956171630694,113
straight_bias,C,td_h1_exc,45,25,2.5573575,0.0381027,4.12113,0.058860578,1.6533203125,2.492638607191601,0.03560143684709849,0.1596441025094776,0.0030355352293902796,24
straight_bias,C,td_h1_exc,46,25,1.4490552,0.02665996,2.3776484,0.042689458,1.6533203125,1.438105018781596,0.025820440719290617,0.09621721277122582,0.003126042796042619,57
straight_bias,C,td_h1_exc,47,25,1.2909839,0.015362447,2.1240406,0.02472596,1.6533203125,1.2847120793391087,0.014955335945992406,0.058312035505828724,0.002141384693699675,63
straight_bias,C,td_h1_exc,48,25,4.166983,0.10782346,6.540161,0.15780488,1.6533203125,3.9557736120011096,0.0954472445406413,0.24284768326392253,0.004005203202493706,7
straight_bias,C,td_h1_exc,49,25,0.42027763,0.00747772,0.7015408,0.01239443,1.6533203125,0.42432238822925356,0.007496690146960471,0.0039353054554563515,0.0003746605158796067,115
straight_bias,C,td_h1_exc,50,25,1.0202367,0.021722054,1.6859099,0.035292335,1.6533203125,1.0197115992941692,0.021346337198083355,0.04227604123016653,0.0023575868371027557,76
straight_bias,C,td_h1_exc,51,25,2.0419836,0.052342933,3.3171966,0.08232159,1.6533203125,2.006384785791639,0.049791676349018245,0.15749879006440504,0.005128737668290541,40
straight_bias,C,td_h1_exc,52,25,1.115759,0.013008848,1.8410747,0.02109093,1.6533203125,1.1135619862366732,0.012756711442129982,0.0832109746991654,0.0038189264911102287,73
straight_bias,C,td_h1_exc,53,25,3.497852,0.07061637,5.5508723,0.10567478,1.6533203125,3.3574087492587914,0.06391670078797128,0.18154697058561842,0.002626585782229159,13
straight_bias,C,td_h1_exc,54,25,2.2106776,0.069578774,3.580294,0.108656794,1.6533203125,2.165517409284614,0.06572035190379083,0.12205480600006531,0.004194665254509259,35
straight_bias,C,td_h1_exc,55,25,1.3785233,0.011777927,2.264878,0.018923102,1.6533203125,1.369896746042754,0.011445515165373411,0.04322802312910146,0.001800118943367793,58
straight_bias,C,td_h1_exc,56,25,0.39128318,0.015252731,0.6533387,0.02527801,1.6533203125,0.3951676405986778,0.01528923948454624,0.008071733847307406,0.0012452940762876315,120
straight_bias,C,td_h1_exc,57,25,2.5642562,0.02984978,4.132125,0.046145506,1.6533203125,2.4992888420339825,0.02791080894537672,0.18876057990430842,0.003025464497228575,23
straight_bias,C,td_h1_exc,58,25,1.7310219,0.009182355,2.8277044,0.014583638,1.6533203125,1.7103186443639766,0.008820818001602062,0.2087924243692208,0.0023932408765773637,47
straight_bias,C,td_h1_exc,59,25,0.538372,0.008977767,0.89689386,0.014812864,1.6533203125,0.542480386155586,0.008959464477965678,0.0017229531551146207,0.00044779660335628007,107
straight_bias,C,td_h1_exc,60,25,1.7178401,0.031193385,2.8062224,0.049499746,1.6533203125,1.6973253621312099,0.029939598992989532,0.09211430486877388,0.0025018092360461932,48
straight_bias,C,td_h1_exc,61,25,5.3616033,0.120043136,8.260669,0.16988689,1.6533203125,4.996411388119756,0.10275497176460029,0.2645034777505535,0.002423380698940114,2
straight_bias,C,td_h1_exc,62,25,2.2166326,0.017589578,3.5923524,0.027484925,1.6533203125,2.1728107563868386,0.016624077287559644,0.2015439856497809,0.0025729997137276736,34
straight_bias,C,td_h1_exc,63,25,1.9155506,0.022294236,3.1194882,0.035151187,1.6533203125,1.8868020261597889,0.021260965256882963,0.13104500125690854,0.002118880309881331,43
straight_bias,C,td_h1_exc,64,25,5.192276,0.13563018,8.018373,0.19242628,1.6533203125,4.849860160140982,0.11638777736209266,0.24720020112272922,0.002560990983706566,3
straight_bias,C,td_h1_exc,65,25,2.0798194,0.03476513,3.377557,0.054463707,1.6533203125,2.042893329483253,0.03294201692324583,0.15141875471369193,0.004103546403486841,37
straight_bias,C,td_h1_exc,66,25,0.40335435,0.0117973825,0.6734253,0.01956242,1.6533203125,0.40731687332085076,0.011832201785876448,0.0018168105254321486,0.0005334990626064997,118
straight_bias,C,td_h1_exc,67,25,0.8476935,0.00977535,1.4049847,0.015972834,1.6533203125,0.8497958829147387,0.009661063872095163,0.027607432936773257,0.002259818954113132,84
straight_bias,C,td_h1_exc,68,25,0.38279453,0.010458192,0.63933396,0.017354773,1.6533203125,0.3866969747300398,0.010496921195562768,0.00283583340316531,0.0004927359918965044,122
straight_bias,C,td_h1_exc,69,25,2.6598716,0.042289488,4.2790947,0.06518727,1.6533203125,2.588182401375229,0.039428091368628695,0.18680917453026552,0.004143730287844642,21
straight_bias,C,td_h1_exc,70,25,0.2769233,0.009301037,0.4633248,0.015484387,1.6533203125,0.28023896410050203,0.009365630458879495,0.0001743065448754091,0.00010709083788481418,124
straight_bias,C,td_h1_exc,71,25,0.7660064,0.0069213673,1.2713412,0.011343625,1.6533203125,0.768962396250672,0.0068611176170080435,0.002433574609791755,0.0004458669968961251,86
straight_bias,C,td_h1_exc,72,25,7.744178,0.15258463,11.508231,0.20109387,1.6533203125,6.960678210261462,0.12163030806963566,0.25049779429456853,0.002196458489239694,1
straight_bias,C,td_h1_exc,73,25,0.5981657,0.008882367,0.99552184,0.014637359,1.6533203125,0.6021348972481807,0.008853311127322712,0.00010056146819735141,3.7477046467743506e-05,102
straight_bias,C,td_h1_exc,74,25,0.7496418,0.011573425,1.244462,0.018971534,1.6533203125,0.752704698636919,0.011474808196363548,0.013287521997810033,0.0014236516619511605,87
straight_bias,C,td_h1_exc,75,25,1.752642,0.023396274,2.861724,0.037124265,1.6533203125,1.7308949949298644,0.0224543683633158,0.19628928182335012,0.004045805038859521,46
straight_bias,C,td_h1_exc,76,25,2.1556633,0.06600259,3.4945304,0.10317881,1.6533203125,2.1136438055116877,0.062407026442194126,0.1302606218049692,0.00303503922082446,36
straight_bias,C,td_h1_exc,77,25,1.3110161,0.006695835,2.1564126,0.010773332,1.6533203125,1.304291981414457,0.00651617914018605,0.15883303362480236,0.0033443056356702336,62
straight_bias,C,td_h1_exc,78,25,4.0515513,0.056797527,6.3749933,0.08378816,1.6533203125,3.8558732069829347,0.0506787180324795,0.2374055141203072,0.0022616006989298414,8
straight_bias,C,td_h1_exc,79,25,0.9892349,0.010785069,1.6357383,0.017535677,1.6533203125,0.9893655687168615,0.0106063400140782,0.07162658174803349,0.003640419803284703,79
straight_bias,C,td_h1_exc,80,25,2.6307054,0.039793517,4.2342706,0.061332673,1.6533203125,2.5610709961198364,0.03709666742797288,0.22644351862822393,0.0033457330905494525,22
straight_bias,C,td_h1_exc,81,25,0.58831984,0.01334653,0.97922975,0.021987211,1.6533203125,0.5922807168934853,0.013298820787738336,0.00354646553136848,0.0010966412132372041,103
straight_bias,C,td_h1_exc,82,25,1.9993775,0.061729226,3.2495403,0.09712016,1.6533203125,1.9654633736517457,0.05874249463864807,0.07494511019854609,0.0026817906881936283,41
straight_bias,C,td_h1_exc,83,25,2.2872992,0.021759652,3.7025428,0.033961363,1.6533203125,2.2394587412539533,0.020541309812707916,0.19532321704945715,0.0025660954933401916,31
straight_bias,C,td_h1_exc,84,25,2.4137204,0.03047965,3.8989494,0.04729868,1.6533203125,2.3582540731088915,0.02860829801623045,0.15583622603430997,0.0023705930887009505,27
straight_bias,C,td_h1_exc,85,25,1.5496868,0.017127534,2.5388694,0.027342014,1.6533203125,1.535618489908973,0.01653763899443436,0.14376893636236515,0.003705361364514882,55
straight_bias,C,td_h1_exc,86,25,0.4635738,0.008540408,0.7732459,0.0141378855,1.6533203125,0.4676927096384276,0.008551207677842962,0.006228106930355963,0.000498287834515714,112
straight_bias,C,td_h1_exc,87,25,1.6339482,0.017659197,2.673224,0.02815063,1.6533203125,1.6168820390058345,0.017026723929160006,0.1922589505273575,0.005351237357543969,51
straight_bias,C,td_h1_exc,88,25,1.2511653,0.015673602,2.059866,0.02525921,1.6533203125,1.245896503373166,0.01527786804741174,0.10855275287010092,0.0029848253233141137,64
straight_bias,C,td_h1_exc,89,25,1.1500474,0.0065058675,1.8966643,0.010525138,1.6533203125,1.1471850357924247,0.006366060955299005,0.07900779351371909,0.0017504094440802041,71
straight_bias,C,td_h1_exc,90,25,2.4900744,0.06262406,4.0155473,0.09728199,1.6533203125,2.4287775286406927,0.05884037839920963,0.146290119835627,0.0038575962144246577,26
straight_bias,C,td_h1_exc,91,25,1.7076302,0.016523357,2.7904413,0.026253982,1.6533203125,1.6877800953733797,0.015879548844095086,0.17279761557907986,0.004247134282935129,49
straight_bias,C,td_h1_exc,92,25,3.0646298,0.06532664,4.8970857,0.09906074,1.6533203125,2.961970134919921,0.05991623798872116,0.23680884940900293,0.0027876460726695813,18
straight_bias,C,td_h1_exc,93,25,2.8236175,0.054602712,4.5299525,0.08366647,1.6533203125,2.7399121966310833,0.050605121049345975,0.20403251487454618,0.0023542005532461497,20
straight_bias,C,td_h1_exc,94,25,1.8897872,0.027767101,3.0786505,0.043828294,1.6533203125,1.8621016169951004,0.026509256585296157,0.13282158719506174,0.0025283375854369115,44
straight_bias,C,td_h1_exc,95,25,0.62341255,0.010252337,1.0370891,0.016881209,1.6533203125,0.6272765534568632,0.010210488869692657,0.016438400251342144,0.0008937058051752186,96
straight_bias,C,td_h1_exc,96,25,0.59978956,0.011013877,0.99816954,0.018151766,1.6533203125,0.6037363501419941,0.010978977454137326,0.012348948294634753,0.0013715342888376224,101
straight_bias,C,td_h1_exc,97,25,1.0049824,0.008795108,1.661371,0.014297956,1.6533203125,1.004869424112603,0.008648025055316194,0.022934595258679736,0.0014782351233247654,78
straight_bias,C,td_h1_exc,98,25,0.18195249,0.003950263,0.3049397,0.0065990277,1.6533203125,0.18444078129960584,0.003991378864998736,8.044917455788113e-05,4.231201146120421e-05,128
straight_bias,C,td_h1_exc,99,25,1.9751018,0.02444658,3.2132986,0.038521215,1.6533203125,1.9435427874084448,0.02329930596610068,0.17813396176792648,0.0026959934996129416,42
straight_bias,C,td_h1_exc,100,25,0.67937607,0.017392077,1.1290138,0.028580848,1.6533203125,0.6828766372214631,0.017286939345038322,0.029323724126347667,0.0013126414215297116,95
straight_bias,C,td_h1_exc,101,25,1.2162158,0.016876502,2.0034504,0.027224082,1.6533203125,1.2117738235644189,0.016466308251631385,0.06463420765937766,0.00196857094824144,67
straight_bias,C,td_h1_exc,102,25,1.3550744,0.011108367,2.2272186,0.01784512,1.6533203125,1.3471186364086711,0.01079350397493057,0.051467359423404455,0.0026224636572892697,59
straight_bias,C,td_h1_exc,103,25,0.7065474,0.009359322,1.1737871,0.015371328,1.6533203125,0.7099574347702147,0.0092972475992337,0.001273752755998153,0.00046817336795356503,93
straight_bias,C,td_h1_exc,104,25,0.7207525,0.005596999,1.1971414,0.009184798,1.6533203125,0.7240831689813281,0.005555365498785091,0.009821503393941321,0.000974595379193307,91
straight_bias,C,td_h1_exc,105,25,2.8795228,0.03246336,4.6166725,0.049656935,1.6533203125,2.792364314179675,0.030034672621367,0.23338975949029298,0.0025946121917839447,19
straight_bias,C,td_h1_exc,106,25,0.6127362,0.0063115763,1.0195512,0.0103931045,1.6533203125,0.6166688596736553,0.006286201138085326,0.013857370317595024,0.0006623103579058628,98
straight_bias,C,td_h1_exc,107,25,0.58058834,0.008421425,0.9665544,0.0138811655,1.6533203125,0.5846141201649927,0.008395932194612061,0.00014749015335611542,8.45354577250175e-05,105
straight_bias,C,td_h1_exc,108,25,1.5891155,0.00878951,2.6019254,0.0140147265,1.6533203125,1.5737575641762243,0.008476715870588267,0.17546635380861855,0.0022273669478645912,53
straight_bias,C,td_h1_exc,109,25,0.39996552,0.006992466,0.66786456,0.011597861,1.6533203125,0.40395348509040024,0.007014890439931693,0.004183344156425669,0.00046753610882570025,119
straight_bias,C,td_h1_exc,110,25,0.705391,0.00831848,1.1719003,0.013662268,1.6533203125,0.7088161977671867,0.008263533901396574,0.0013743400653638026,0.0003952007415584251,94
straight_bias,C,td_h1_exc,111,25,1.1780057,0.027470082,1.9414232,0.0443895,1.6533203125,1.1742571593550541,0.026848700613002534,0.060504483365406425,0.003175185487969417,69
straight_bias,C,td_h1_exc,112,25,0.259858,0.006010616,0.4349268,0.0100158965,1.6533203125,0.2630626228585931,0.006058049679924593,0.0003888376770297588,0.00017437099543959173,125
straight_bias,C,td_h1_exc,113,25,0.2518314,0.005330483,0.42155364,0.0088799605,1.6533203125,0.2549739728941345,0.00537098610008201,0.000502807340986757,0.0001810313332328397,126
straight_bias,C,td_h1_exc,114,25,0.7259867,0.0050719106,1.2057341,0.008319746,1.6533203125,0.7292804513027795,0.005032143879975821,1.3408195759646855e-05,9.28140323797996e-06,89
straight_bias,C,td_h1_exc,115,25,0.96280366,0.020510951,1.5925307,0.03336735,1.6533203125,0.9632317613540722,0.020182024517974885,0.010592474650121015,0.0018307834481736268,82
straight_bias,C,td_h1_exc,116,25,0.5233074,0.010060365,0.8720009,0.01661113,1.6533203125,0.5274240449931462,0.010047134099813058,0.01183270073731024,0.0007987720549751736,108
straight_bias,C,td_h1_exc,117,25,1.138202,0.0053812,1.8775039,0.008709938,1.6533203125,1.1355959385223702,0.0052681493218682904,0.07168665291433006,0.0019387318689022103,72
straight_bias,C,td_h1_exc,118,25,3.0695703,0.046752747,4.905804,0.07110112,1.6533203125,2.967243606997446,0.043005050821608146,0.2225224168270992,0.0015915974076599407,17
straight_bias,C,td_h1_exc,119,25,0.36484396,0.009245751,0.6095486,0.015348448,1.6533203125,0.36868149851531024,0.009283408685818896,0.003941997194516555,0.0006360892150209023,123
straight_bias,C,td_h1_exc,120,25,1.0058197,0.0076583307,1.6627446,0.012451504,1.6533203125,1.0057001771162908,0.007531210979620714,0.0535121092767506,0.002310311632991101,77
straight_bias,C,td_h1_exc,121,25,3.1620474,0.08954692,5.0428004,0.13564086,1.6533203125,3.050104819256528,0.08204149162301172,0.18635380876545182,0.0031482402480615197,16
straight_bias,C,td_h1_exc,122,25,0.61658126,0.008382619,1.0258635,0.013811374,1.6533203125,0.6204868412060484,0.008353719407796324,9.385737031752798e-05,5.127648886538351e-05,97
straight_bias,C,td_h1_exc,123,25,1.6008798,0.025298817,2.6203315,0.040272556,1.6533203125,1.584890313158283,0.02435859156775176,0.1069705857704626,0.0026245758331699875,52
straight_bias,C,td_h1_exc,124,25,0.40698606,0.006236162,0.67951494,0.01034471,1.6533203125,0.4110001564290178,0.006256930140159834,0.0003150926003517011,0.00017046083479534685,117
straight_bias,C,td_h1_exc,125,25,1.0762547,0.009938279,1.7770898,0.016113788,1.6533203125,1.0748611693423193,0.009746319397231805,0.01756470442455927,0.0023194270920444122,74
straight_bias,C,td_h1_exc,126,25,0.55851364,0.01679946,0.93000555,0.027707549,1.6533203125,0.562507775065111,0.01675873039489147,0.014239503896744958,0.001963632252685918,106
straight_bias,C,td_h1_exc,127,25,0.83862627,0.018734856,1.3899989,0.030604623,1.6533203125,0.8407317534426503,0.018511006870579494,0.03683901784962973,0.0016742637193825351,85
straight_bias,straight,h1_exc,0,25,4.354559,0.21668923,3.4975817,0.16825122,0.8271484375000001,4.228481273129842,0.2034111412860556,0.12474429512029878,0.0029751488762973775,4
straight_bias,straight,h1_exc,1,25,2.0001838,0.040320385,1.6406157,0.032539688,0.8271484375000001,1.9834597109766055,0.03933959672907604,0.10323377313175884,0.00288897164241912,34
straight_bias,straight,h1_exc,2,25,1.8285522,0.068928495,1.5014309,0.055791453,0.8271484375000001,1.8151890789486362,0.06745035149914932,0.06834671236577221,0.005947579495455396,43
straight_bias,straight,h1_exc,3,25,0.9092383,0.03671315,0.75242007,0.030166892,0.8271484375000001,0.9096553745659911,0.03647095291008886,0.005339586903575954,0.001086599591590347,98
straight_bias,straight,h1_exc,4,25,0.7752237,0.014728832,0.64238393,0.0121276835,0.8271484375000001,0.7766247277344895,0.01466203956290932,0.000757644087669561,0.0002817804519130372,106
straight_bias,straight,h1_exc,5,25,0.75002784,0.0125383735,0.621644,0.010326578,0.8271484375000001,0.7515507248923352,0.012484553137900513,0.0005916839541800381,0.00022446959834455848,109
straight_bias,straight,h1_exc,6,25,2.4980114,0.110791735,2.0390105,0.0886944,0.8271484375000001,2.4651083375049176,0.10722911671948834,0.11330747722547731,0.005765375068792377,21
straight_bias,straight,h1_exc,7,25,2.8311353,0.05264873,2.3063974,0.041958656,0.8271484375000001,2.7883718509742583,0.05072687698137708,0.1152051952736401,0.0019770738267763,18
straight_bias,straight,h1_exc,8,25,1.1104188,0.026570408,0.9175285,0.021738844,0.8271484375000001,1.1092671150573843,0.026281672059314132,0.012735428737491752,0.002744311538738182,84
straight_bias,straight,h1_exc,9,25,0.99569315,0.021781873,0.82353806,0.017867966,0.8271484375000001,0.9956351369493533,0.021601884627680226,0.01418593933249459,0.00148473396824677,90
straight_bias,straight,h1_exc,10,25,1.1319026,0.014158906,0.9351986,0.011594041,0.8271484375000001,1.130629655844719,0.014016881102088923,0.026899972941258316,0.001224419061125105,81
straight_bias,straight,h1_exc,11,25,0.8647595,0.034441613,0.71589196,0.02827792,0.8271484375000001,0.8654939131154977,0.03418723835312583,0.024071435013958628,0.002737675853566536,99
straight_bias,straight,h1_exc,12,25,1.8002439,0.022010578,1.4791999,0.017822385,0.8271484375000001,1.788312473767922,0.02154677970188397,0.09461170740498366,0.003198582030647152,45
straight_bias,straight,h1_exc,13,25,6.1495256,0.4631427,4.8481965,0.34671858,0.8271484375000001,5.861338211771571,0.4191733541079897,0.11508974474599523,0.004193819934682564,1
straight_bias,straight,h1_exc,14,25,1.6730225,0.07805803,1.3752022,0.06325109,0.8271484375000001,1.662582091280995,0.07646885631489189,0.047652205285426484,0.002233740538775064,51
straight_bias,straight,h1_exc,15,25,1.0755987,0.009232276,0.88910997,0.007562122,0.8271484375000001,1.0749097385634434,0.009142399620522167,0.009668981690259159,0.0013520536694595824,88
straight_bias,straight,h1_exc,16,25,1.7496644,0.078462906,1.4373322,0.06339167,0.8271484375000001,1.7376955076729237,0.07663881039330638,0.07266889149447761,0.003637809947434886,46
straight_bias,straight,h1_exc,17,25,0.9159725,0.01839301,0.7581169,0.015113458,0.8271484375000001,0.9165427097814817,0.018271760666811653,0.002034810994401474,0.0003988409260600844,97
straight_bias,straight,h1_exc,18,25,1.3563422,0.036527313,1.1183839,0.029781906,0.8271484375000001,1.3520957767099042,0.03600551621177269,0.035645172101349924,0.0040908230098792514,67
straight_bias,straight,h1_exc,19,25,1.0615205,0.031057876,0.8774317,0.02542918,0.8271484375000001,1.0607911411562851,0.030743187561220468,0.03275897593879666,0.002364118408964594,89
straight_bias,straight,h1_exc,20,25,3.1666749,0.10819047,2.571384,0.08580179,0.8271484375000001,3.1087333654656226,0.10373203227149896,0.12034274375383751,0.003068569729043917,13
straight_bias,straight,h1_exc,21,25,3.5719078,0.20974126,2.8862357,0.16481653,0.8271484375000001,3.48938033640237,0.19925870344642257,0.11078921259122324,0.005026793451478779,8
straight_bias,straight,h1_exc,22,25,1.9645549,0.06084489,1.611528,0.04910772,0.8271484375000001,1.9482936323636042,0.05936989612817152,0.11282402814096434,0.005232348031650136,36
straight_bias,straight,h1_exc,23,25,2.5936868,0.109538324,2.115572,0.08757254,0.8271484375000001,2.5576688901786837,0.1058728178329508,0.09691350229990356,0.005853392423464974,20
straight_bias,straight,h1_exc,24,25,1.6810212,0.01938225,1.3826053,0.01572373,0.8271484375000001,1.67153220289523,0.019009562483711297,0.07944439433563683,0.001878613333703844,50
straight_bias,straight,h1_exc,25,25,3.175005,0.11470518,2.5777578,0.09077738,0.8271484375000001,3.116439383165036,0.10974738913551468,0.12881392621978097,0.0024084323567929848,12
straight_bias,straight,h1_exc,26,25,2.422329,0.13302396,1.9775445,0.10662572,0.8271484375000001,2.3907976681609138,0.1289076025109856,0.08148642554335574,0.0076044180442538635,24
straight_bias,straight,h1_exc,27,25,1.4825226,0.08494542,1.2202334,0.06894431,0.8271484375000001,1.4752291371097221,0.08335179820589365,0.04947055109583343,0.0045567832304898625,62
straight_bias,straight,h1_exc,28,25,2.4937272,0.063737616,2.0368707,0.051020022,0.8271484375000001,2.462521311635958,0.06168182032487162,0.11963512250143472,0.002038696915482974,22
straight_bias,straight,h1_exc,29,25,3.3745213,0.13633843,2.7346032,0.10776739,0.8271484375000001,3.3060612252036545,0.1302878419793327,0.11944800216458966,0.004090230162893384,9
straight_bias,straight,h1_exc,30,25,0.8297647,0.009945684,0.6872902,0.008183223,0.8271484375000001,0.8309151454665629,0.009893294995376048,0.00425000758138284,0.0004291751257134287,102
straight_bias,straight,h1_exc,31,25,0.6280998,0.012118927,0.5211107,0.010002331,0.8271484375000001,0.6300087102501934,0.01209254589618737,0.0009380355371146947,0.00022698759614154536,114
straight_bias,straight,h1_exc,32,25,0.95670205,0.009353021,0.79160386,0.0076795085,0.8271484375000001,0.9570275892912926,0.009284317321839264,0.00872373049516666,0.0006045024865040967,94
straight_bias,straight,h1_exc,33,25,1.3873563,0.010310296,1.1438674,0.008403576,0.8271484375000001,1.3829046629408868,0.010159694992490623,0.06639126905378695,0.0012406193793935666,65
straight_bias,straight,h1_exc,34,25,0.75224286,0.014062422,0.6234619,0.011582733,0.8271484375000001,0.753748454559722,0.01400321003928746,0.006241518120289436,0.0006315401786697422,107
straight_bias,straight,h1_exc,35,25,0.41544032,0.01266055,0.34527394,0.010485931,0.8271484375000001,0.4174267974433694,0.012677206281209143,0.0016956796247842556,0.000433440276381921,125
straight_bias,straight,h1_exc,36,25,4.2002864,0.47157255,3.3517435,0.36108503,0.8271484375000001,4.05216672644023,0.43654199438997177,0.0815657977811116,0.005579840056803914,5
straight_bias,straight,h1_exc,37,25,0.98915404,0.02890081,0.81811476,0.023677293,0.8271484375000001,0.9890785113921838,0.02862520388474178,0.006191034544956985,0.0012925698784862641,91
straight_bias,straight,h1_exc,38,25,0.63603956,0.00882912,0.5276749,0.0072852126,0.8271484375000001,0.6379446568203325,0.008807624415638446,8.658789573366411e-05,5.993775674509305e-05,113
straight_bias,straight,h1_exc,39,25,0.70496756,0.0075859237,0.58452994,0.00625391,0.8271484375000001,0.7066807685096238,0.007560806979823206,0.004156218995215878,0.00045546370209912274,110
straight_bias,straight,h1_exc,40,25,1.8534259,0.045552798,1.5219814,0.03683729,0.8271484375000001,1.8400341286178281,0.04453528531584915,0.06647064129154283,0.004311407469374996,42
straight_bias,straight,h1_exc,41,25,2.9763186,0.09617836,2.420825,0.07640076,0.8271484375000001,2.9267117507000844,0.09236643625669715,0.12436186524747508,0.0029426300474250733,15
straight_bias,straight,h1_exc,42,25,0.6235513,0.010499994,0.5173624,0.008664536,0.8271484375000001,0.6254771216211132,0.010475188807956592,0.0012410866645544726,0.00036203103103961735,116
straight_bias,straight,h1_exc,43,25,2.250045,0.09942642,1.8405133,0.07991975,0.8271484375000001,2.225130644540259,0.09662079955266847,0.10207991341201218,0.005168840114958566,27
straight_bias,straight,h1_exc,44,25,0.66974884,0.0117729595,0.5554764,0.0097084,0.8271484375000001,0.6715558882662914,0.011737191220702286,9.380355371146947e-05,4.55406541685323e-05,111
straight_bias,straight,h1_exc,45,25,1.942026,0.070590556,1.5931321,0.05695018,0.8271484375000001,1.9260535227778472,0.06885122461323284,0.08862992694138302,0.006236247640401966,37
straight_bias,straight,h1_exc,46,25,1.1764534,0.022764826,0.9715993,0.018612076,0.8271484375000001,1.1746371732297773,0.022501492823782596,0.028472986380419885,0.003400824268830856,79
straight_bias,straight,h1_exc,47,25,1.8268303,0.038926423,1.5005538,0.03151437,0.8271484375000001,1.8141288139867273,0.03810001369570615,0.07958870749519292,0.0035293776479855613,44
straight_bias,straight,h1_exc,48,25,1.7081264,0.105206475,1.4028766,0.0852558,0.8271484375000001,1.6960395919602913,0.1030719518909985,0.06691079642818894,0.007523476359129811,49
straight_bias,straight,h1_exc,49,25,0.49397317,0.0067643356,0.41029894,0.0055957166,0.8271484375000001,0.49604030833622376,0.006765069120176421,0.00037521096103185464,0.00011357437794963481,123
straight_bias,straight,h1_exc,50,25,0.9769049,0.030014494,0.80805314,0.024601215,0.8271484375000001,0.9769142899298893,0.029742201499371228,0.012959321728138396,0.0021663173037477744,92
straight_bias,straight,h1_exc,51,25,1.2241181,0.07948891,1.0096316,0.06489868,0.8271484375000001,1.220617245956432,0.07846073618222951,0.044873960910720295,0.00631447783523266,72
straight_bias,straight,h1_exc,52,25,0.8187485,0.012668172,0.6782172,0.010418738,0.8271484375000001,0.8199460889101262,0.012595971730545885,0.004076846757460019,0.0005807185269914516,103
straight_bias,straight,h1_exc,53,25,2.9987535,0.1157725,2.437993,0.09201119,0.8271484375000001,2.9474675371872716,0.11123903147397886,0.11778790234538607,0.0031277968821076378,14
straight_bias,straight,h1_exc,54,25,1.9316119,0.080127,1.5844918,0.06463017,0.8271484375000001,1.9156076881103772,0.07813612340441338,0.0676684405158585,0.004383516180723725,38
straight_bias,straight,h1_exc,55,25,1.1147419,0.017658586,0.921132,0.014462099,0.8271484375000001,1.1136236646606696,0.017484285466881792,0.007547578244784389,0.0009159599740811024,82
straight_bias,straight,h1_exc,56,25,0.53980154,0.023175364,0.4481137,0.019142823,0.8271484375000001,0.5417572928802747,0.023143153431554195,0.002316226210875515,0.000535297758551114,122
straight_bias,straight,h1_exc,57,25,2.202265,0.029193066,1.8035288,0.023488268,0.8271484375000001,2.180417255221401,0.028396678078714762,0.11287453774680899,0.0024122710133639893,29
straight_bias,straight,h1_exc,58,25,1.992959,0.033389196,1.6348666,0.026963469,0.8271484375000001,1.9765093128260558,0.0325981010588228,0.10793181203201233,0.0026184886113969487,35
straight_bias,straight,h1_exc,59,25,0.5445428,0.02110406,0.45204765,0.017441547,0.8271484375000001,0.5465133438784313,0.021086357016426603,0.00010823486966708014,5.511049812034162e-05,120
straight_bias,straight,h1_exc,60,25,1.1916381,0.012349324,0.9840769,0.010096678,0.8271484375000001,1.1897222965531578,0.012206608327957044,0.020369802471344484,0.0019129411073217925,77
straight_bias,straight,h1_exc,61,25,4.535691,0.23484474,3.6368546,0.18176974,0.8271484375000001,4.39685848248367,0.21975468310082893,0.13169297375292532,0.0039254865006209195,3
straight_bias,straight,h1_exc,62,25,2.958093,0.05968056,2.4072316,0.04743297,0.8271484375000001,2.9102776279372127,0.05734517251589807,0.1294128258319388,0.0023162805337279425,16
straight_bias,straight,h1_exc,63,25,1.2207596,0.019173797,1.0078495,0.015669871,0.8271484375000001,1.2184626516421617,0.018944449471301847,0.01126356336105478,0.0012525386476082432,73
straight_bias,straight,h1_exc,64,25,2.2225175,0.10374852,1.8182504,0.083276,0.8271484375000001,2.1982153371619977,0.10067842395996135,0.0925262267170876,0.005104066797695228,28
straight_bias,straight,h1_exc,65,25,1.3675021,0.028260434,1.1275704,0.023034785,0.8271484375000001,1.3632020160836391,0.027848428087812144,0.025478488319630666,0.002613192485701635,66
straight_bias,straight,h1_exc,66,25,1.3486191,0.021030977,1.1122293,0.017152041,0.8271484375000001,1.3446550594472557,0.020736350945844036,0.055747595008390764,0.0014128393867091035,68
straight_bias,straight,h1_exc,67,25,1.2193379,0.039517127,1.0064944,0.03225947,0.8271484375000001,1.2168244017726524,0.039000826857405614,0.04086227112831166,0.0031761724901812815,74
straight_bias,straight,h1_exc,68,25,1.5466446,0.05811767,1.2730036,0.047247864,0.8271484375000001,1.5390266962004397,0.05712138265907175,0.05490369166020387,0.0033341871285939273,59
straight_bias,straight,h1_exc,69,25,1.6333624,0.051348794,1.3435695,0.041686647,0.8271484375000001,1.6243390625779062,0.05039802443906674,0.05959377433440787,0.006264081401505358,53
straight_bias,straight,h1_exc,70,25,1.2978966,0.024795087,1.0708151,0.020230656,0.8271484375000001,1.2945862769624394,0.02445831371930932,0.05419680707129593,0.001987094039574891,70
straight_bias,straight,h1_exc,71,25,1.2940896,0.022102343,1.0677276,0.01803932,0.8271484375000001,1.2908536291511612,0.021809046997302076,0.0384302215027042,0.003290165365704132,71
straight_bias,straight,h1_exc,72,25,4.1423936,0.17820434,3.3347845,0.13883625,0.8271484375000001,4.0316638315895945,0.16784925221476002,0.12866239740224705,0.002740432107901331,6
straight_bias,straight,h1_exc,73,25,0.6025359,0.0059055537,0.5000248,0.0048767454,0.8271484375000001,0.6045163737492463,0.0058958529663428825,0.00037521421484587787,8.708754151812797e-05,117
straight_bias,straight,h1_exc,74,25,1.8621744,0.044525716,1.5290718,0.036002893,0.8271484375000001,1.8486063180434131,0.04352651814251307,0.07095835495486351,0.0029369557994411055,41
straight_bias,straight,h1_exc,75,25,1.5739007,0.058261156,1.295154,0.04733319,0.8271484375000001,1.5658059708453251,0.057224538489684174,0.0648182556146254,0.004722452913596771,54
straight_bias,straight,h1_exc,76,25,3.2083936,0.27726543,2.5944061,0.21840116,0.8271484375000001,3.136566661759697,0.2640410710805189,0.09797354545068267,0.005709034902945501,11
straight_bias,straight,h1_exc,77,25,1.7417653,0.029337242,1.4317753,0.023776459,0.8271484375000001,1.730977475475697,0.02874509309369848,0.09096780012619195,0.0029755571864334925,47
straight_bias,straight,h1_exc,78,25,2.6841106,0.09532657,2.188236,0.07608966,0.8271484375000001,2.6455177133215297,0.09199032770023909,0.10815549742932429,0.004146428430681163,19
straight_bias,straight,h1_exc,79,25,1.5554187,0.022546416,1.280597,0.018325554,0.8271484375000001,1.5482068188342526,0.022155097814703213,0.08206367818158017,0.0029914885754306593,57
straight_bias,straight,h1_exc,80,25,2.2958596,0.08433116,1.877756,0.06770376,0.8271484375000001,2.2701561014929617,0.08185200852209958,0.11539280238106304,0.004249686152011464,26
straight_bias,straight,h1_exc,81,25,1.0991167,0.019118825,0.90832865,0.015650976,0.8271484375000001,1.0981445986813745,0.018921604889935047,0.03711012897985288,0.0019464039559819435,85
straight_bias,straight,h1_exc,82,25,1.1410768,0.063240334,0.94209146,0.05171265,0.8271484375000001,1.138962921820935,0.06251919021012112,0.021221250112725513,0.0024426201282342634,80
straight_bias,straight,h1_exc,83,25,1.8831749,0.044833984,1.5460486,0.036228273,0.8271484375000001,1.8691307099514183,0.04379899955490791,0.07414088572194989,0.0038921379972739097,39
straight_bias,straight,h1_exc,84,25,3.8287747,0.14348362,3.0914364,0.112159505,0.8271484375000001,3.7374626678832725,0.13559779738855013,0.12826553621346778,0.0022739695157808393,7
straight_bias,straight,h1_exc,85,25,1.5563643,0.03189055,1.2812837,0.025931463,0.8271484375000001,1.5490371448369797,0.03135043322228762,0.05797738495126609,0.002808672722211722,56
straight_bias,straight,h1_exc,86,25,0.5432578,0.016794967,0.45101243,0.013879225,0.8271484375000001,0.5452617657708686,0.016779605684199866,0.0002669793451787977,0.00010473066261174398,121
straight_bias,straight,h1_exc,87,25,2.142975,0.09480931,1.7545351,0.0762923,0.8271484375000001,2.121185310237603,0.0922353135338334,0.08959682511040894,0.004349201558184398,31
straight_bias,straight,h1_exc,88,25,1.4926178,0.047195364,1.229248,0.038391918,0.8271484375000001,1.4861274476516657,0.046414786528027704,0.0671128348515675,0.005292631841088595,61
straight_bias,straight,h1_exc,89,25,2.1132786,0.10258501,1.7303824,0.082433134,0.8271484375000001,2.091985209821365,0.09965941730821327,0.07016477249130791,0.0028675905176652294,32
straight_bias,straight,h1_exc,90,25,2.3086474,0.08716819,1.8879465,0.0700239,0.8271484375000001,2.2824759388218814,0.08465699904280556,0.09918643456291225,0.004171955188203229,25
straight_bias,straight,h1_exc,91,25,1.5209233,0.052034583,1.2521966,0.04234014,0.8271484375000001,1.5138715965884941,0.05118808062032788,0.06348294305129926,0.00559673773321781,60
straight_bias,straight,h1_exc,92,25,2.4670994,0.1312102,2.0134954,0.10474271,0.8271484375000001,2.434261253499161,0.12663109055041033,0.1081834880390773,0.004825372096054047,23
straight_bias,straight,h1_exc,93,25,1.6505667,0.031256348,1.3577996,0.025383158,0.8271484375000001,1.6415429027855375,0.03068754700118728,0.06506358798587078,0.0032179144775466508,52
straight_bias,straight,h1_exc,94,25,2.1787708,0.04024434,1.784509,0.032356262,0.8271484375000001,2.157422892351891,0.039117843273718485,0.10558594617843685,0.0024615579321104106,30
straight_bias,straight,h1_exc,95,25,0.8334955,0.023857677,0.6902822,0.01962547,0.8271484375000001,0.8345324346721114,0.02372665900996706,0.011357413769688183,0.0015972723753497366,101
straight_bias,straight,h1_exc,96,25,0.54716456,0.0103053,0.4542704,0.008516424,0.8271484375000001,0.549200561080946,0.010296125555195232,0.0016163073870283967,0.00034345192908079433,119
straight_bias,straight,h1_exc,97,25,1.4331533,0.08138939,1.1801364,0.0659635,0.8271484375000001,1.4267528864967018,0.07974807892411331,0.04269504825467421,0.003681042416495125,64
straight_bias,straight,h1_exc,98,25,0.39766893,0.010380244,0.33056042,0.008599578,0.8271484375000001,0.39963856327650654,0.010396656087221607,0.0,0.0,127
straight_bias,straight,h1_exc,99,25,5.685617,0.35330853,4.5093374,0.26727876,0.8271484375000001,5.451666408596441,0.32313276376235195,0.11069540903751177,0.003397556622081,2
straight_bias,straight,h1_exc,100,25,0.7781885,0.010429891,0.64484274,0.008585927,0.8271484375000001,0.7795973660775728,0.010380152270822665,0.005606531758326106,0.0009916579298054604,105
straight_bias,straight,h1_exc,101,25,1.2138069,0.045519467,1.001891,0.037135616,0.8271484375000001,1.2112590447893163,0.044895952515756,0.01839271218542582,0.001926151611432191,75
straight_bias,straight,h1_exc,102,25,1.4339168,0.03556232,1.1816167,0.028944537,0.8271484375000001,1.428542428609069,0.03499315924142699,0.03138083407224619,0.004262192967483935,63
straight_bias,straight,h1_exc,103,25,0.6243102,0.012914705,0.5179795,0.010658181,0.8271484375000001,0.62622313840159,0.012885452071605108,0.005144747869105094,0.00029070982509225423,115
straight_bias,straight,h1_exc,104,25,0.6456666,0.020268096,0.5355645,0.016730241,0.8271484375000001,0.6474828980047336,0.020226406932241953,0.0028285262135692105,0.0005176863992457033,112
straight_bias,straight,h1_exc,105,25,3.253614,0.118902646,2.6397922,0.09413153,0.8271484375000001,3.1914371051497885,0.11380246035704493,0.1259926039504591,0.0027560184944142143,10
straight_bias,straight,h1_exc,106,25,0.58840716,0.0075721685,0.48835322,0.006252294,0.8271484375000001,0.5904057995465918,0.0075588532256758625,0.00136375935780521,0.00036244468612862913,118
straight_bias,straight,h1_exc,107,25,0.44392264,0.022877194,0.36880028,0.01893365,0.8271484375000001,0.4458695063456032,0.022890268249764978,2.8862631911221374e-05,2.8862631911221374e-05,124
straight_bias,straight,h1_exc,108,25,1.3418198,0.014387725,1.1067215,0.011735626,0.8271484375000001,1.3379962839549648,0.014188052516346483,0.06437810047797927,0.0027228617859670064,69
straight_bias,straight,h1_exc,109,25,1.1108154,0.03829997,0.91772985,0.031317946,0.8271484375000001,1.1095105148985607,0.037862546353783826,0.028768828357509903,0.0015881320071018143,83
straight_bias,straight,h1_exc,110,25,1.7356182,0.030688738,1.4267812,0.02486598,0.8271484375000001,1.7249395925332711,0.030062294158940128,0.07633444574720272,0.0038959497337457258,48
straight_bias,straight,h1_exc,111,25,0.9339923,0.023616018,0.7728814,0.01938011,0.8271484375000001,0.934392623323798,0.023430026038838266,0.025110398655969944,0.0015848457414467966,95
straight_bias,straight,h1_exc,112,25,1.1769911,0.017795902,0.9720719,0.014554492,0.8271484375000001,1.175208491109529,0.017595985674632993,0.038755148021821825,0.0008836923486819151,78
straight_bias,straight,h1_exc,113,25,0.29265127,0.008129403,0.24347968,0.006744722,0.8271484375000001,0.2943603400771197,0.008154185598721983,0.0005556056642910113,0.00023402734602050274,128
straight_bias,straight,h1_exc,114,25,1.0964811,0.009628387,0.90621436,0.00788546,0.8271484375000001,1.0955885299585872,0.009533306926736372,0.009315414449346698,0.0009624003580926657,86
straight_bias,straight,h1_exc,115,25,0.930406,0.018159566,0.7699734,0.0149081675,0.8271484375000001,0.930876851363093,0.01802356959842474,0.005873545593933549,0.0009252915009530962,96
straight_bias,straight,h1_exc,116,25,0.8443675,0.010709507,0.6992988,0.008805029,0.8271484375000001,0.8454332341801369,0.010645040502304536,0.017310247002212988,0.0011331822953570406,100
straight_bias,straight,h1_exc,117,25,1.2074183,0.0072949114,0.99699503,0.005962341,0.8271484375000001,1.2053398943203666,0.007208308424565647,0.04783259673487162,0.0008035475645057555,76
straight_bias,straight,h1_exc,118,25,2.9456244,0.13704385,2.394973,0.10853898,0.8271484375000001,2.8954572141553485,0.13122067248659752,0.10207957306306537,0.0035295980564271803,17
straight_bias,straight,h1_exc,119,25,1.0934163,0.077614,0.9027421,0.06347935,0.8271484375000001,1.0913906169937322,0.0767448107750672,0.0217407774871275,0.0036706464190669414,87
straight_bias,straight,h1_exc,120,25,1.5675981,0.050844967,1.2901627,0.041267224,0.8271484375000001,1.559771512212923,0.0498909530027306,0.06487598087844784,0.0029881319518809506,55
straight_bias,straight,h1_exc,121,25,2.0102339,0.12012797,1.6466963,0.096683584,0.8271484375000001,1.9908111137018891,0.11688782642642315,0.08203481554966893,0.008106605751570418,33
straight_bias,straight,h1_exc,122,25,0.971957,0.0138264345,0.804108,0.011343856,0.8271484375000001,0.97214481119752,0.013714414111745166,0.014308649769987995,0.0014710742973313771,93
straight_bias,straight,h1_exc,123,25,1.8633794,0.032440454,1.5301945,0.02622634,0.8271484375000001,1.8499636822536853,0.03170693243900261,0.0893078857743877,0.002452650063428213,40
straight_bias,straight,h1_exc,124,25,0.40574294,0.013080135,0.33723915,0.010835127,0.8271484375000001,0.4077129919128857,0.013099373785149818,5.05096058446374e-05,2.446948672542311e-05,126
straight_bias,straight,h1_exc,125,25,1.5501026,0.023660913,1.2762674,0.019235127,0.8271484375000001,1.5429725822534954,0.023254745937957764,0.07619734824562442,0.00217980258419342,58
straight_bias,straight,h1_exc,126,25,0.7509783,0.008437652,0.62244093,0.006948314,0.8271484375000001,0.752514218507089,0.0084003227948022,0.002669793451787977,0.0004888353107046528,108
straight_bias,straight,h1_exc,127,25,0.80685675,0.016462075,0.6684139,0.013550753,0.8271484375000001,0.8080942117935982,0.016382492184006964,0.007035266528360209,0.0007865149943743836,104
straight_bias,straight,td_h1_exc,0,25,4.00825,0.17439212,3.2303216,0.13626422,0.8271484375000001,3.9053710465351235,0.16473974667262162,0.12696671777746282,0.002659753095951922,6
straight_bias,straight,td_h1_exc,1,25,2.2559836,0.04723614,1.8464943,0.03797771,0.8271484375000001,2.2323613518668766,0.0459140198796855,0.11054388021997787,0.0031261374975975363,34
straight_bias,straight,td_h1_exc,2,25,1.936519,0.07466647,1.5885891,0.0603057,0.8271484375000001,1.9205609871484122,0.07290795287484453,0.07847749616661091,0.005632234746533364,39
straight_bias,straight,td_h1_exc,3,25,1.5685196,0.06026615,1.2907426,0.048992362,0.8271484375000001,1.5604727261627174,0.05923043436053177,0.046692522774378374,0.005623852844493026,51
straight_bias,straight,td_h1_exc,4,25,0.54961294,0.018752065,0.45625356,0.015487583,0.8271484375000001,0.5515981416097188,0.018724067390325394,0.0004257238206905152,0.0002316889237194962,105
straight_bias,straight,td_h1_exc,5,25,0.4936225,0.012721196,0.40998977,0.010522026,0.8271484375000001,0.4956664921489448,0.012720843570858164,0.00013709750157830152,0.00011657252220718997,109
straight_bias,straight,td_h1_exc,6,25,3.0339649,0.17270532,2.4634042,0.1368299,0.8271484375000001,2.978188625031624,0.16542363352007847,0.1026855601329285,0.005738277170613093,12
straight_bias,straight,td_h1_exc,7,25,3.331336,0.08328029,2.7023096,0.06589978,0.8271484375000001,3.267019012118624,0.07967104708248264,0.11757193109036025,0.0025207788664116434,10
straight_bias,straight,td_h1_exc,8,25,1.0874338,0.025247317,0.8987157,0.020662507,0.8271484375000001,1.08652280464482,0.024980408905567703,0.010073058537016259,0.0022307764173161164,73
straight_bias,straight,td_h1_exc,9,25,0.75878227,0.024262294,0.62878394,0.019973053,0.8271484375000001,0.7601826912989165,0.02414687692980882,0.0034202218814797323,0.0009474976810674001,86
straight_bias,straight,td_h1_exc,10,25,1.1598082,0.024543285,0.9579692,0.020092275,0.8271484375000001,1.1581587679122833,0.02429101399678402,0.02370343645709055,0.0020365068163267137,67
straight_bias,straight,td_h1_exc,11,25,0.26801163,0.0077310763,0.22302589,0.0064177047,0.8271484375000001,0.26963225019565945,0.007758830417908356,7.937223775585877e-05,5.1107373466478124e-05,124
straight_bias,straight,td_h1_exc,12,25,1.110508,0.030536342,0.91756475,0.024986608,0.8271484375000001,1.1093108441881647,0.03020812997166727,0.010801839992774597,0.0021339711222475165,70
straight_bias,straight,td_h1_exc,13,25,3.6940403,0.18986186,2.9834096,0.14933743,0.8271484375000001,3.6068612937427567,0.18054489297533546,0.11210246234318381,0.004470871215696008,8
straight_bias,straight,td_h1_exc,14,25,1.2931894,0.07795231,1.0660912,0.063522324,0.8271484375000001,1.288875239799895,0.07679676398571725,0.039657256246018166,0.006566320453449068,58
straight_bias,straight,td_h1_exc,15,25,1.0976064,0.009807935,0.9071355,0.008032617,0.8271484375000001,1.0967020907894647,0.009711215454577773,0.004747893838716651,0.0006233071085917397,72
straight_bias,straight,td_h1_exc,16,25,0.38493675,0.014611722,0.31999266,0.012108204,0.8271484375000001,0.3868624380781587,0.014638489119246173,3.607828988902671e-05,3.607828988902671e-05,118
straight_bias,straight,td_h1_exc,17,25,1.0791625,0.02916505,0.8919051,0.023900447,0.8271484375000001,1.0782890713701385,0.02889499266934351,0.008997925498323263,0.001237460799895884,74
straight_bias,straight,td_h1_exc,18,25,1.5432907,0.072880685,1.2699676,0.059168473,0.8271484375000001,1.5353561529209523,0.07153307599462361,0.045639036709618795,0.005450339901905075,52
straight_bias,straight,td_h1_exc,19,25,0.708846,0.02435326,0.587639,0.020079633,0.8271484375000001,0.7104395583914058,0.02427573118807065,0.010621448543329465,0.0012366277922345413,91
straight_bias,straight,td_h1_exc,20,25,2.6119437,0.068851426,2.131295,0.055096626,0.8271484375000001,2.576677800072838,0.06661032511143351,0.10762875439694448,0.002930475243882241,22
straight_bias,straight,td_h1_exc,21,25,4.356974,0.26362538,3.4960792,0.20465203,0.8271484375000001,4.226664544071228,0.24741873662823657,0.12010462704056993,0.004874286897847986,4
straight_bias,straight,td_h1_exc,22,25,1.9477729,0.0641945,1.5979103,0.051796038,0.8271484375000001,1.9318302127260873,0.06262000239164808,0.1114097591773145,0.004607615735087383,38
straight_bias,straight,td_h1_exc,23,25,2.902135,0.12601142,2.360844,0.10027385,0.8271484375000001,2.854196007821246,0.12122835725843328,0.09950392351393568,0.0049907721438866475,17
straight_bias,straight,td_h1_exc,24,25,1.7567748,0.06760299,1.4433445,0.054716412,0.8271484375000001,1.7449641274151473,0.06615065756248427,0.06616740014136409,0.005701978988840921,42
straight_bias,straight,td_h1_exc,25,25,4.9789944,0.21510704,3.980299,0.16553043,0.8271484375000001,4.8120734134511425,0.2001217880496414,0.1328763416612854,0.0023096446545185162,3
straight_bias,straight,td_h1_exc,26,25,2.9331055,0.16426197,2.3837376,0.1306776,0.8271484375000001,2.881873789133249,0.15798566103201983,0.09650942545314646,0.007109750112653835,15
straight_bias,straight,td_h1_exc,27,25,0.2557634,0.012003581,0.21284081,0.009965013,0.8271484375000001,0.25731875057857845,0.01204742951220041,0.0006638405339580916,0.000337918335837973,125
straight_bias,straight,td_h1_exc,28,25,2.4268334,0.058949877,1.9833908,0.047233634,0.8271484375000001,2.3978656458186016,0.057104178698455715,0.11175441682466868,0.0022239001537822426,26
straight_bias,straight,td_h1_exc,29,25,3.0234284,0.11414215,2.4576342,0.09078039,0.8271484375000001,2.9712129826831064,0.10975102602023566,0.12052991419941854,0.0038593584573102017,13
straight_bias,straight,td_h1_exc,30,25,0.5952116,0.022284029,0.4939007,0.018386925,0.8271484375000001,0.5971125096143806,0.022229291440309013,0.0014214846216276525,0.0008400200518105313,101
straight_bias,straight,td_h1_exc,31,25,0.74609286,0.0109492615,0.6184087,0.009021333,0.8271484375000001,0.747639329827278,0.010906547003163914,0.004286089775848695,0.0006268259263258961,87
straight_bias,straight,td_h1_exc,32,25,0.8667357,0.013252497,0.7176816,0.010896712,0.8271484375000001,0.8676575452446491,0.0131738288224217,0.0005700363294838175,0.0002805614232759268,80
straight_bias,straight,td_h1_exc,33,25,0.47801736,0.021664247,0.39702842,0.017918099,0.8271484375000001,0.4799965871814018,0.021662493528986918,0.0,0.0,110
straight_bias,straight,td_h1_exc,34,25,1.1983402,0.02133887,0.989508,0.0174558,0.8271484375000001,1.1962882755497437,0.02110358843301198,0.06402418182515231,0.003071472283857926,63
straight_bias,straight,td_h1_exc,35,25,0.21185665,0.013245307,0.17635767,0.011001181,0.8271484375000001,0.2132116377994414,0.0133001287470711,0.0002669793451787977,0.00014208618141966234,127
straight_bias,straight,td_h1_exc,36,25,0.5475887,0.018734472,0.45458072,0.015461065,0.8271484375000001,0.5495757579454144,0.018692007173466984,0.0026842247677435877,0.0007488106792088244,106
straight_bias,straight,td_h1_exc,37,25,0.60259706,0.018419331,0.5000253,0.015196958,0.8271484375000001,0.6045169891450292,0.018372708674255254,0.0020781094976079387,0.00047386330746021553,100
straight_bias,straight,td_h1_exc,38,25,0.729711,0.014717277,0.6048963,0.012123609,0.8271484375000001,0.7313031501136024,0.014657113819534027,0.0004834412753593024,0.0002016057491447916,88
straight_bias,straight,td_h1_exc,39,25,0.46292886,0.010323499,0.3846019,0.008544925,0.8271484375000001,0.4649732614125243,0.010330581776818469,0.0,0.0,114
straight_bias,straight,td_h1_exc,40,25,1.8930546,0.043351628,1.5540563,0.035020813,0.8271484375000001,1.8788117186338167,0.042339214061710706,0.07396049427250477,0.003419564061774279,40
straight_bias,straight,td_h1_exc,41,25,2.7446291,0.07359473,2.2370768,0.05862332,0.8271484375000001,2.704564970392493,0.0708740016855259,0.11927445413679807,0.0033451242718625165,20
straight_bias,straight,td_h1_exc,42,25,0.65931684,0.013123007,0.54686576,0.010824846,0.8271484375000001,0.6611458618508604,0.01308694479403496,0.00199873725985208,0.0005897007242930565,95
straight_bias,straight,td_h1_exc,43,25,2.2764912,0.09337147,1.8619462,0.075026326,0.8271484375000001,2.251042392723525,0.09070479402322044,0.10594001255442047,0.005101525186768366,33
straight_bias,straight,td_h1_exc,44,25,0.55157447,0.0259353,0.45782188,0.021414053,0.8271484375000001,0.5534942077232518,0.02588900847081873,0.00028141066113440835,0.00016204467947625173,104
straight_bias,straight,td_h1_exc,45,25,2.4136188,0.10988078,1.9714503,0.08797287,0.8271484375000001,2.3834299941981865,0.10635681507295774,0.09588131960631655,0.006211775381298313,28
straight_bias,straight,td_h1_exc,46,25,1.0655967,0.031753175,0.88076484,0.026002131,0.8271484375000001,1.0648207296830556,0.03143587076459337,0.017245268986932877,0.0028176122687395026,76
straight_bias,straight,td_h1_exc,47,25,1.7624767,0.05242382,1.4482536,0.042490315,0.8271484375000001,1.7508993502348469,0.051369634875170336,0.0654820961485835,0.004522384015974065,41
straight_bias,straight,td_h1_exc,48,25,2.8985665,0.20001143,2.3542604,0.15900706,0.8271484375000001,2.84623696589415,0.192235206007746,0.09101109407405879,0.007835388108864232,18
straight_bias,straight,td_h1_exc,49,25,0.3179285,0.010687842,0.26444718,0.00886614,0.8271484375000001,0.31970947671769284,0.010718922501818263,0.0001010192116892748,5.8062512634316094e-05,123
straight_bias,straight,td_h1_exc,50,25,1.4659028,0.065502234,1.2071757,0.053169668,0.8271484375000001,1.45944267301025,0.06428068184186336,0.03700910976816361,0.003373298882033775,54
straight_bias,straight,td_h1_exc,51,25,1.281075,0.07643056,1.0562369,0.062391065,0.8271484375000001,1.2769616472777154,0.07542910088635559,0.045307116442639746,0.005654465635461192,59
straight_bias,straight,td_h1_exc,52,25,1.1047466,0.024097815,0.91290414,0.019736446,0.8271484375000001,1.1036762832828126,0.02386082814693231,0.05216181516483477,0.0027484720523967385,71
straight_bias,straight,td_h1_exc,53,25,4.043815,0.16677801,3.2584808,0.13036646,0.8271484375000001,3.93941482194999,0.15760950381427827,0.1146709112018802,0.0025184661947269564,5
straight_bias,straight,td_h1_exc,54,25,1.6386096,0.064192906,1.3475921,0.05201929,0.8271484375000001,1.6292023437691106,0.06288991074059454,0.04449174709114774,0.0038238857343166847,47
straight_bias,straight,td_h1_exc,55,25,1.1986194,0.021381613,0.98973596,0.01748223,0.8271484375000001,1.1965638575638264,0.02113554158533246,0.009373139713169141,0.0011141748552070702,62
straight_bias,straight,td_h1_exc,56,25,0.40963823,0.032713544,0.34031764,0.027068872,0.8271484375000001,0.41143478382548876,0.03272553112821462,0.0011545052764488548,0.00047885917421716944,117
straight_bias,straight,td_h1_exc,57,25,2.3431692,0.031084862,1.9167001,0.02494545,0.8271484375000001,2.317238381214482,0.030158369692173077,0.11493745323445427,0.0026137409349901095,31
straight_bias,straight,td_h1_exc,58,25,1.625999,0.020890873,1.3379444,0.016965529,0.8271484375000001,1.6175383281052624,0.02051086411743794,0.10899935066877521,0.002956208942076455,48
straight_bias,straight,td_h1_exc,59,25,0.59239405,0.015455725,0.49161616,0.012765906,0.8271484375000001,0.5943505989288737,0.015433633563047743,0.00047623342653515264,0.00015443587210918768,102
straight_bias,straight,td_h1_exc,60,25,1.1844128,0.02286538,0.97810847,0.018691525,0.8271484375000001,1.1825065143757845,0.02259754665424196,0.02068729142236792,0.0018728513304926277,65
straight_bias,straight,td_h1_exc,61,25,5.0335336,0.27806664,4.0176573,0.21342206,0.8271484375000001,4.8572383908603936,0.25802147016017263,0.13455706155071667,0.003797658949812139,2
straight_bias,straight,td_h1_exc,62,25,2.2207034,0.03327113,1.818315,0.026760355,0.8271484375000001,2.1982934045127367,0.03235254243780722,0.111020113646513,0.002586821771428944,36
straight_bias,straight,td_h1_exc,63,25,2.4948766,0.05454999,2.0379615,0.04363964,0.8271484375000001,2.4638402013595346,0.05275913953956429,0.11508974474599523,0.00211217255847213,24
straight_bias,straight,td_h1_exc,64,25,3.7642863,0.21399425,3.0370684,0.16744955,0.8271484375000001,3.6717334635790424,0.20244194812074492,0.11209524668520601,0.004484109580852036,7
straight_bias,straight,td_h1_exc,65,25,1.6680254,0.048883818,1.3717406,0.039609507,0.8271484375000001,1.658397045420471,0.0478868187678454,0.04778208712902698,0.005230588113649785,46
straight_bias,straight,td_h1_exc,66,25,0.7149244,0.035329115,0.5925416,0.02911928,0.8271484375000001,0.7163666672105028,0.03520441818278973,0.010051304187220078,0.0018303849617391976,90
straight_bias,straight,td_h1_exc,67,25,0.72052306,0.014869732,0.5973242,0.012251118,0.8271484375000001,0.7221487660120753,0.014811268800342817,0.0026553621358323663,0.0006805261951229021,89
straight_bias,straight,td_h1_exc,68,25,0.45154747,0.014512296,0.37516412,0.012008934,0.8271484375000001,0.45356321684996315,0.014518475439828872,5.05096058446374e-05,3.534936040813159e-05,115
straight_bias,straight,td_h1_exc,69,25,2.1330347,0.076134585,1.7470365,0.06132232,0.8271484375000001,2.11211961663041,0.07413701930963877,0.08199873725977992,0.006900014835982531,37
straight_bias,straight,td_h1_exc,70,25,0.3594003,0.02283252,0.2987748,0.018917693,0.8271484375000001,0.3612106095818792,0.022870975528249248,4.3293947866832055e-05,3.1727021937430676e-05,120
straight_bias,straight,td_h1_exc,71,25,0.8117419,0.014266535,0.67244494,0.011739446,0.8271484375000001,0.8129676102644174,0.014192671446614522,0.001428700279605458,0.00029474733708360695,82
straight_bias,straight,td_h1_exc,72,25,7.073755,0.39372787,5.5494237,0.29206765,0.8271484375000001,6.709102830359399,0.3531018616098263,0.1250689997293,0.002899437776980848,1
straight_bias,straight,td_h1_exc,73,25,0.6220005,0.019239541,0.5160396,0.0158782,0.8271484375000001,0.6238778218369139,0.01919631369988754,0.00023089649995013852,0.0001367950871616182,99
straight_bias,straight,td_h1_exc,74,25,0.7749006,0.023277123,0.64206475,0.019162139,0.8271484375000001,0.7762387953122074,0.023166506059609817,0.0034635158293465644,0.0007031410953714102,85
straight_bias,straight,td_h1_exc,75,25,1.5224562,0.04817377,1.2535056,0.03918317,0.8271484375000001,1.515454218714616,0.047371386223669466,0.0753742003263286,0.005806858939160608,53
straight_bias,straight,td_h1_exc,76,25,3.2686625,0.22000512,2.6464038,0.17413385,0.8271484375000001,3.199430171113515,0.21052309190687668,0.09787318481095168,0.004669131977752621,11
straight_bias,straight,td_h1_exc,77,25,1.3115227,0.013498655,1.0820063,0.011013631,0.8271484375000001,1.3081162648771936,0.013315180289269334,0.08837711730551238,0.002702223535182377,56
straight_bias,straight,td_h1_exc,78,25,3.0090432,0.12482474,2.445826,0.0990816,0.8271484375000001,2.95693722443443,0.11978696037725105,0.10670515017578541,0.004203664233921935,14
straight_bias,straight,td_h1_exc,79,25,1.0764046,0.018664056,0.8897274,0.015288738,0.8271484375000001,1.0756562929144753,0.01848366813658736,0.056664562099705364,0.004111372966063555,75
straight_bias,straight,td_h1_exc,80,25,2.5800567,0.10902989,2.1046977,0.08709937,0.8271484375000001,2.5445223644558332,0.10530077171915596,0.11940470821672282,0.004388927054316889,23
straight_bias,straight,td_h1_exc,81,25,0.6475204,0.014408414,0.53712755,0.01188928,0.8271484375000001,0.649372606950121,0.01437381672847045,0.0002669793451787977,0.00014733318177504107,96
straight_bias,straight,td_h1_exc,82,25,1.687583,0.119908765,1.3856889,0.09712702,0.8271484375000001,1.6752602388411568,0.11742392900886504,0.03348065301701679,0.0036819893725693067,45
straight_bias,straight,td_h1_exc,83,25,2.2527065,0.0580803,1.8436812,0.046645865,0.8271484375000001,2.2289603778820193,0.05639358378838478,0.10905745467654995,0.003725321179094225,35
straight_bias,straight,td_h1_exc,84,25,3.418089,0.100519955,2.770278,0.07918586,0.8271484375000001,3.3491908307828044,0.09573355377024852,0.1289726706952927,0.0023510591380931263,9
straight_bias,straight,td_h1_exc,85,25,1.589747,0.039720155,1.3083202,0.03228967,0.8271484375000001,1.5817234695690985,0.03903733054189896,0.08349237846118562,0.006694934690503622,49
straight_bias,straight,td_h1_exc,86,25,0.46565804,0.01084913,0.38685882,0.008975771,0.8271484375000001,0.46770182542912353,0.010851463746507117,0.00037521421484587787,9.709909443211566e-05,112
straight_bias,straight,td_h1_exc,87,25,1.307092,0.037822843,1.0781885,0.0308688,0.8271484375000001,1.3035006812091903,0.037319541144790774,0.05304938144339871,0.006432251885823984,57
straight_bias,straight,td_h1_exc,88,25,1.3774086,0.031979892,1.1356108,0.02606837,0.8271484375000001,1.3729226089828332,0.03151595262537213,0.059355946559825554,0.004697091816440113,55
straight_bias,straight,td_h1_exc,89,25,1.1143588,0.01178658,0.9208466,0.009648908,0.8271484375000001,1.1132784578918575,0.011665267899508213,0.01894831784971683,0.0016746468021815136,69
straight_bias,straight,td_h1_exc,90,25,2.4381375,0.09272366,1.9916426,0.07428739,0.8271484375000001,2.407841808118668,0.08981143678903074,0.08850726075576035,0.0029372595623807143,25
straight_bias,straight,td_h1_exc,91,25,1.6870298,0.050212618,1.3871351,0.04073945,0.8271484375000001,1.6770087641760538,0.04925288826050032,0.08649409217995264,0.0052563926408353626,44
straight_bias,straight,td_h1_exc,92,25,2.4268374,0.1278293,1.9813799,0.10209199,0.8271484375000001,2.3954343568777325,0.1234264420146305,0.11047809330653158,0.004608372507015351,27
straight_bias,straight,td_h1_exc,93,25,2.4024491,0.052978233,1.9639523,0.042527992,0.8271484375000001,2.374364928957648,0.05141518676413189,0.11455578605563761,0.003944960421849896,29
straight_bias,straight,td_h1_exc,94,25,2.3790781,0.06220539,1.9450482,0.049818527,0.8271484375000001,2.3515105419663893,0.06022924496902247,0.10205794300896487,0.0028237526433954603,30
straight_bias,straight,td_h1_exc,95,25,0.6246194,0.03058504,0.51810855,0.025226384,0.8271484375000001,0.6263791635712652,0.03049801309574024,0.0025687605740798048,0.0007897676374983881,98
straight_bias,straight,td_h1_exc,96,25,0.515156,0.012773961,0.4277993,0.010561522,0.8271484375000001,0.5171977191175527,0.01276859346151154,0.0,0.0,107
straight_bias,straight,td_h1_exc,97,25,0.9934471,0.011395493,0.82175165,0.009348407,0.8271484375000001,0.9934753946403844,0.01130197055382037,0.009979192510075544,0.0011653235428580617,78
straight_bias,straight,td_h1_exc,98,25,0.17252083,0.005368653,0.14367898,0.0044645485,0.8271484375000001,0.17370397940984464,0.0053975176190589206,0.0,0.0,128
straight_bias,straight,td_h1_exc,99,25,2.2949665,0.042946603,1.8778697,0.03446055,0.8271484375000001,2.2702934313134677,0.04166186833873493,0.12259356309674466,0.0025859320653778793,32
straight_bias,straight,td_h1_exc,100,25,0.67133623,0.02895029,0.5566708,0.023880964,0.8271484375000001,0.6729998690726977,0.028871436020838734,0.005938485214208188,0.0012157333405550246,94
straight_bias,straight,td_h1_exc,101,25,1.178898,0.040816795,0.973413,0.03334187,0.8271484375000001,1.1768299192001686,0.04030941422026878,0.022289167493440704,0.0030704560680632404,66
straight_bias,straight,td_h1_exc,102,25,1.2344106,0.029249737,1.0189265,0.023885196,0.8271484375000001,1.2318545084248047,0.028876552621130192,0.014084964372676029,0.0020836558144932834,61
straight_bias,straight,td_h1_exc,103,25,0.7942981,0.02180963,0.65804434,0.017948424,0.8271484375000001,0.79555778685569,0.021699158268076047,0.004343826102638816,0.0011851466538157897,83
straight_bias,straight,td_h1_exc,104,25,0.6961079,0.025719484,0.5771271,0.021200141,0.8271484375000001,0.6977309321661018,0.025630394155610896,0.007821732900647105,0.0014719240657224298,93
straight_bias,straight,td_h1_exc,105,25,2.698417,0.07130335,2.200275,0.056937423,0.8271484375000001,2.6600726566040946,0.06883579641741668,0.12739925833853188,0.002471504099424156,21
straight_bias,straight,td_h1_exc,106,25,0.6366852,0.012047783,0.5281967,0.009941499,0.8271484375000001,0.6385754922636541,0.012019001966882882,0.007699107062318301,0.0010822344427224317,97
straight_bias,straight,td_h1_exc,107,25,0.55615014,0.009935107,0.46169755,0.008210018,0.8271484375000001,0.5581797822127968,0.009925688900375217,0.0,0.0,103
straight_bias,straight,td_h1_exc,108,25,1.5724549,0.02057543,1.294456,0.016720427,0.8271484375000001,1.5649622329616724,0.020214541310838764,0.0985875349507544,0.003704327470211053,50
straight_bias,straight,td_h1_exc,109,25,0.45127323,0.020138102,0.37490493,0.016666176,0.8271484375000001,0.4532498780707304,0.020148954449074954,0.00010823486966708014,8.33192415173237e-05,116
straight_bias,straight,td_h1_exc,110,25,0.9294047,0.022573011,0.7691217,0.018529516,0.8271484375000001,0.929847238011277,0.02240168152242909,0.0036583333886448717,0.0010843276287847547,79
straight_bias,straight,td_h1_exc,111,25,1.1285636,0.04115827,0.9322229,0.03370637,0.8271484375000001,1.1270321241585783,0.04075008625824111,0.02790992297438774,0.0025192957498941146,68
straight_bias,straight,td_h1_exc,112,25,0.34860715,0.02655325,0.28979537,0.02199174,0.8271484375000001,0.3503547073036551,0.026587418237579576,0.0010174077748705535,0.0006006321964687854,121
straight_bias,straight,td_h1_exc,113,25,0.2538695,0.0054436163,0.21128684,0.0045209425,0.8271484375000001,0.2554400654325892,0.005465696501641299,0.0,0.0,126
straight_bias,straight,td_h1_exc,114,25,0.77722085,0.011195063,0.6440433,0.00921697,0.8271484375000001,0.7786308689855089,0.011143065944619328,1.4431315955610687e-05,1.4431315955610687e-05,84
straight_bias,straight,td_h1_exc,115,25,0.8199695,0.012593334,0.6792219,0.010363349,0.8271484375000001,0.8211609263041243,0.01252900673919462,0.0021430504194081866,0.0005006006274801198,81
straight_bias,straight,td_h1_exc,116,25,0.46521136,0.022966238,0.38642162,0.01899707,0.8271484375000001,0.46717323576125,0.022966940105843856,0.002438892396498206,0.0006187996439214609,113
straight_bias,straight,td_h1_exc,117,25,1.0383736,0.008135342,0.8586058,0.0066705295,0.8271484375000001,1.0380310927532086,0.00806448901680067,0.006768242931310696,0.0014935835785755823,77
straight_bias,straight,td_h1_exc,118,25,2.8878193,0.109581806,2.3500648,0.087068275,0.8271484375000001,2.8411643751939657,0.10526317692561228,0.10997384323973122,0.003195948698767211,19
straight_bias,straight,td_h1_exc,119,25,0.37930608,0.015456931,0.31532204,0.012799193,0.8271484375000001,0.3812157724674665,0.015473877113707289,0.002482186344365038,0.0006431387372397929,119
straight_bias,straight,td_h1_exc,120,25,1.1902882,0.01704565,0.98295075,0.01394235,0.8271484375000001,1.1883607903113167,0.016855922482888374,0.030529448904094404,0.00269152828250008,64
straight_bias,straight,td_h1_exc,121,25,2.9234161,0.19341306,2.3744428,0.15315834,0.8271484375000001,2.870636696727411,0.18516426551992654,0.10483629475953382,0.0071518607179361865,16
straight_bias,straight,td_h1_exc,122,25,0.7084133,0.018165605,0.5873255,0.014971376,0.8271484375000001,0.7100605942094282,0.018099986768119414,0.00015874447551171754,6.933542734319027e-05,92
straight_bias,straight,td_h1_exc,123,25,1.6923671,0.034549713,1.3916767,0.028016863,0.8271484375000001,1.6824992417605755,0.033871625624189085,0.0694146297464874,0.00288095931902823,43
straight_bias,straight,td_h1_exc,124,25,0.4721262,0.015519159,0.39219135,0.012839909,0.8271484375000001,0.474148668414015,0.015523100243630863,0.0005411743483354007,0.0002574399402133229,111
straight_bias,straight,td_h1_exc,125,25,1.244727,0.021499379,1.0274193,0.017572999,0.8271484375000001,1.2421220137887934,0.02124527832226218,0.03546495896091326,0.002839527971583633,60
straight_bias,straight,td_h1_exc,126,25,0.32461607,0.016329324,0.26996997,0.013539144,0.8271484375000001,0.3263863422518253,0.016368456506477367,0.00029584197709001906,0.00015302469602546668,122
straight_bias,straight,td_h1_exc,127,25,0.5037578,0.017344309,0.4183503,0.014344346,0.8271484375000001,0.5057741272005214,0.01734192454034782,0.0002814106611344084,0.00013820072951804417,108
