condition,contour_type,layer,channel,n_images,mean_contour_mean_activation,sem_contour_mean_activation,mean_background_mean_activation,sem_background_mean_activation,mean_contour_preference_ratio,sem_contour_preference_ratio,mean_activation_on_contour_pct,sem_activation_on_contour_pct,mean_contour_area_pct,mean_contour_enrichment,sem_contour_enrichment,mean_dice_top_activation,sem_dice_top_activation,rank_mean_contour_enrichment
full_td,C,h1_exc,0,25,7.9633484,0.14359298,1.7163115,0.0148667935,4.6499205,0.09865735,7.245043,0.14212556,1.6533203125,4.382116847202967,0.08596372133143053,0.22765775580304393,0.002146963140995906,5
full_td,C,h1_exc,1,25,5.379925,0.05224824,2.6458042,0.008276125,2.0334585,0.019066509,3.3052564,0.029987412,1.6533203125,1.9991627167918333,0.01813769043877527,0.20921344216548532,0.0017477198983434207,42
full_td,C,h1_exc,2,25,2.1285436,0.031498738,1.0177343,0.005723062,2.091972,0.029971408,3.3968158,0.047016095,1.6533203125,2.054541793446688,0.02843737862125979,0.17212100896658666,0.0045316395778845445,38
full_td,C,h1_exc,3,25,1.02142,0.023772169,1.0427917,0.009004238,0.97935873,0.020967456,1.6194625,0.03414256,1.6533203125,0.9795212390686002,0.02065090590910987,0.02644766613590342,0.0019666226690853356,92
full_td,C,h1_exc,4,25,0.9877155,0.012532321,1.5698357,0.0051790676,0.6293065,0.008114738,1.0468179,0.013356115,1.6533203125,0.6331609784318851,0.00807835874156349,6.704097879823427e-06,6.7040978798234265e-06,115
full_td,C,h1_exc,5,25,0.3079342,0.004193147,0.3841955,0.0024102798,0.80148625,0.009632321,1.3294165,0.015767734,1.6533203125,0.804088922313684,0.009537011101034477,0.0039353054554563515,0.0004211370712809176,102
full_td,C,h1_exc,6,25,5.9425836,0.10529099,2.3402555,0.012140206,2.5419314,0.049193595,4.0967045,0.07608093,1.6533203125,2.477864877908174,0.04601705584717357,0.19459859249038497,0.002863492988277996,25
full_td,C,h1_exc,7,25,11.834246,0.109419584,4.159096,0.012196574,2.8457649,0.026612615,4.5652165,0.04077457,1.6533203125,2.7612413078705784,0.024662230674509802,0.21389424285576644,0.002028820524937384,18
full_td,C,h1_exc,8,25,1.175474,0.0186826,0.87010765,0.0030435068,1.3516152,0.022680547,2.2214112,0.036425013,1.6533203125,1.3436060224495565,0.02203143168981928,0.05959919870464463,0.002435739967185768,74
full_td,C,h1_exc,9,25,0.45938188,0.0057638823,0.6533053,0.0038256363,0.70295197,0.0070005655,1.1679087,0.011495542,1.6533203125,0.7064019080132573,0.006953003556264727,0.006134249560038436,0.0005485834026163831,109
full_td,C,h1_exc,10,25,1.0057929,0.008715715,0.9340133,0.0049412292,1.0765908,0.005692836,1.7776777,0.00923433,1.6533203125,1.0752167032712454,0.005585323726196604,0.03924578898848634,0.0007176751653976355,86
full_td,C,h1_exc,11,25,1.9594681,0.041079335,2.5355952,0.024287598,0.77499944,0.01862225,1.2858804,0.030506236,1.6533203125,0.7777563790035217,0.01845149756095773,0.0361149752786088,0.0025224051340624843,103
full_td,C,h1_exc,12,25,2.1115463,0.01896924,1.2557933,0.016148042,1.6846462,0.014872856,2.7539475,0.02364374,1.6533203125,1.6657071584591163,0.014300761333068021,0.1382246519098674,0.0019231104543892563,57
full_td,C,h1_exc,13,25,12.69697,0.3626949,1.7885847,0.0063817785,7.106635,0.21244977,10.650325,0.28400776,1.6533203125,6.441779623618533,0.1717802447610303,0.2331081873793404,0.0024063587112404775,1
full_td,C,h1_exc,14,25,2.443604,0.045247726,1.4703608,0.009514842,1.6631263,0.031588577,2.7192383,0.050247133,1.6533203125,1.6447134644226282,0.030391649065818704,0.07582983315404583,0.002089731572568274,58
full_td,C,h1_exc,15,25,0.8934842,0.012183407,0.91249764,0.012047966,0.97927934,0.0043349857,1.6196051,0.0070499936,1.6533203125,0.9796075607326528,0.004264142629760338,0.007086177529578653,0.0007727589670343522,91
full_td,C,h1_exc,16,25,2.973088,0.0476492,1.4181825,0.016069606,2.1004534,0.03583266,3.4098835,0.05620539,1.6533203125,2.0624457372577853,0.03399546170171033,0.15503792774265482,0.0017137081244630828,37
full_td,C,h1_exc,17,25,1.6709862,0.016523018,1.7128358,0.0071572596,0.9755835,0.0088920435,1.6135522,0.014474004,1.6533203125,0.97594658195422,0.008754506639230735,0.022384982820730422,0.0006769479225061934,94
full_td,C,h1_exc,18,25,2.3449636,0.03390502,1.3816085,0.008088526,1.6983197,0.025637848,2.7754087,0.040733844,1.6533203125,1.6786877851802935,0.024637598828056335,0.15320204474972496,0.0025758106085412747,55
full_td,C,h1_exc,19,25,1.9445392,0.029063217,1.3323579,0.010004986,1.4598621,0.020386597,2.3951457,0.032589905,1.6533203125,1.4486882364939058,0.019711790480687556,0.13104451757764973,0.002033007186566844,65
full_td,C,h1_exc,20,25,6.2265553,0.105091475,1.8833269,0.012356344,3.3087173,0.057134245,5.2673573,0.08623014,1.6533203125,3.1859265326165755,0.05215573689571446,0.19506913600922224,0.0016039510394124427,13
full_td,C,h1_exc,21,25,5.020038,0.100610726,1.3896174,0.0075352974,3.6171677,0.08006051,5.7286696,0.11922105,1.6533203125,3.464948191811979,0.07211007312578561,0.2316533981394187,0.002998018178023249,10
full_td,C,h1_exc,22,25,5.0611153,0.050601777,2.2287922,0.014219527,2.2724261,0.024645215,3.6792703,0.038461722,1.6533203125,2.225382685982476,0.023263320849412607,0.2417296572527933,0.0026750057625851225,33
full_td,C,h1_exc,23,25,12.44561,0.155658,3.6505308,0.017407304,3.4113455,0.0463396,5.4225807,0.069764555,1.6533203125,3.2798123278808164,0.04219663298961533,0.20476326154344693,0.0037280717147623525,12
full_td,C,h1_exc,24,25,2.3559573,0.01954774,1.5444603,0.0085103735,1.5260255,0.012843312,2.501152,0.020533636,1.6533203125,1.512805511283297,0.012419635810475674,0.11397636805487808,0.0019689181428300066,63
full_td,C,h1_exc,25,25,13.345135,0.18767107,4.184181,0.024739232,3.1895862,0.04093516,5.088203,0.062030923,1.6533203125,3.077566246890562,0.037518999000513156,0.2274432246708896,0.002375593086983758,14
full_td,C,h1_exc,26,25,5.3775163,0.07384954,1.7314235,0.005271598,3.1067648,0.044264723,4.962446,0.06728049,1.6533203125,3.0015032305166023,0.04069416632213209,0.20981071863836084,0.004261353631647647,15
full_td,C,h1_exc,27,25,2.9922385,0.07582599,1.7585466,0.0064456323,1.7035649,0.04590737,2.7828405,0.07286032,1.6533203125,1.6831830125139284,0.044069090250688316,0.12493756808838938,0.0035383847125259943,54
full_td,C,h1_exc,28,25,7.0176344,0.061881866,3.0750704,0.012399441,2.282652,0.020650003,3.6953263,0.03220364,1.6533203125,2.2350939741325386,0.01947816114063391,0.18609841488151446,0.002099839586303946,32
full_td,C,h1_exc,29,25,19.430332,0.2251606,4.4308033,0.018559428,4.388046,0.057129104,6.868232,0.08326292,1.6533203125,4.154205296418156,0.050361033198925376,0.25004273862377435,0.0018481750147292199,6
full_td,C,h1_exc,30,25,0.7359078,0.013627757,0.9928191,0.012322504,0.74012184,0.005821657,1.2289165,0.009546258,1.6533203125,0.7433021553627944,0.005773991518380551,0.01198017403773051,0.0004621500725911359,105
full_td,C,h1_exc,31,25,0.7583908,0.0061422465,1.5272548,0.006841766,0.49667513,0.003966101,0.82804346,0.006555886,1.6533203125,0.5008366710745689,0.003965284755153063,0.0026749350540495476,0.0004006691819444198,122
full_td,C,h1_exc,32,25,0.7639316,0.0066175545,0.7760885,0.004828794,0.9843788,0.0061753616,1.6278893,0.010042684,1.6533203125,0.9846182117517038,0.006074251649116552,0.021077683734164854,0.000777880014025923,90
full_td,C,h1_exc,33,25,2.1665995,0.012052302,1.7085266,0.010605053,1.2686555,0.006770967,2.0881894,0.010909679,1.6533203125,1.2630277456554762,0.006598648511147422,0.08656331182428008,0.0006813625263498007,78
full_td,C,h1_exc,34,25,0.7547886,0.00952724,1.1827359,0.007764299,0.63797575,0.0060658264,1.0611054,0.009982019,1.6533203125,0.6418026667540812,0.006037558749200339,0.01664622447679403,0.0008623408028007387,114
full_td,C,h1_exc,35,25,1.0807699,0.02025716,1.6194022,0.0045921365,0.6675451,0.012697375,1.1096599,0.02087531,1.6533203125,0.6711705947180637,0.012626295788518795,0.021312327159958674,0.0013322964392397866,111
full_td,C,h1_exc,36,25,8.053459,0.27950203,1.1851534,0.009121876,6.8093147,0.24792393,10.24153,0.3333359,1.6533203125,6.194523079318863,0.20161604632188793,0.21543618536812584,0.001927646739940378,2
full_td,C,h1_exc,37,25,3.002742,0.054801695,2.3746345,0.018945,1.2646306,0.021094317,2.0814483,0.033978958,1.6533203125,1.2589504155431763,0.020551951065289915,0.04418000502803638,0.002769821655687538,79
full_td,C,h1_exc,38,25,1.1632417,0.013517978,1.5276948,0.012585369,0.7611383,0.0043474752,1.2633824,0.0071226354,1.6533203125,0.7641485834290792,0.004308079355040364,0.009211430486877389,0.0003790533540501466,104
full_td,C,h1_exc,39,25,0.843817,0.009308239,1.4121956,0.0077512455,0.597287,0.0045707636,0.994112,0.007532363,1.6533203125,0.6012821672621984,0.00455590040009008,0.0021386072236636734,0.00020257952765197047,116
full_td,C,h1_exc,40,25,3.72618,0.05150042,2.090226,0.0048966394,1.7829212,0.025079137,2.9096801,0.039791305,1.6533203125,1.7599010929344288,0.024067510049848608,0.08606015731281488,0.004325991006530713,52
full_td,C,h1_exc,41,25,2.7070968,0.044541113,1.2994155,0.009707752,2.0880098,0.04175348,3.3900821,0.065493345,1.6533203125,2.050469072155609,0.03961322043933324,0.15136512193065332,0.003224860396875211,39
full_td,C,h1_exc,42,25,0.7298523,0.014299579,1.1379733,0.013324008,0.6402334,0.0065136054,1.0648167,0.010720298,1.6533203125,0.6440474756157435,0.006484102174928808,0.00419005218665719,0.0005530890965475747,113
full_td,C,h1_exc,43,25,1.9356999,0.030619288,0.73586786,0.004910995,2.6332998,0.044931136,4.2380104,0.069325835,1.6533203125,2.5633328371427773,0.041931276710661096,0.20152518226749222,0.003972991171377963,22
full_td,C,h1_exc,44,25,0.4052732,0.005499973,0.6021024,0.003941058,0.6727771,0.0067968485,1.1183362,0.011165956,1.6533203125,0.6764183534378919,0.0067536558089345295,0.0004893991452271101,0.00015236159460124343,110
full_td,C,h1_exc,45,25,6.6446333,0.10137331,3.1104214,0.02302145,2.1363451,0.02920282,3.4664075,0.04576495,1.6533203125,2.09663385194505,0.02768063017959893,0.15912125028659477,0.003296358347635964,36
full_td,C,h1_exc,46,25,1.5820276,0.021624403,1.104233,0.010397128,1.4343411,0.02040288,2.354255,0.032656424,1.6533203125,1.4239557905419036,0.01975202465899773,0.09903293388075167,0.0023652603003473135,69
full_td,C,h1_exc,47,25,2.605908,0.02298606,1.8051981,0.007778657,1.443525,0.010935691,2.3691604,0.017515307,1.6533203125,1.4329711005416426,0.010594018693666548,0.07954412134410496,0.0018283524506225626,68
full_td,C,h1_exc,48,25,4.210281,0.09686477,1.7699151,0.011571345,2.3790045,0.05356157,3.8438544,0.08301764,1.6533203125,2.324930213344781,0.05021267762258969,0.20600351965121427,0.00506340945182217,29
full_td,C,h1_exc,49,25,1.1057667,0.015078681,2.1705306,0.008849719,0.50941515,0.0064852955,0.8490857,0.010719021,1.6533203125,0.5135639265512473,0.006483329636345508,0.00599342698986781,0.0005421675815866877,121
full_td,C,h1_exc,50,25,0.97585845,0.018834673,1.365159,0.0075470223,0.7151242,0.013857948,1.1877987,0.022746699,1.6533203125,0.7184323157779109,0.013758192087207976,0.010022578580351126,0.0014606698464617312,107
full_td,C,h1_exc,51,25,1.4071234,0.033819623,0.7075658,0.0040008365,1.9916961,0.05172961,3.2381475,0.08144742,1.6533203125,1.9585724591279345,0.049262943298361325,0.15514623313487375,0.005189533290631585,43
full_td,C,h1_exc,52,25,2.1427517,0.027603472,3.2606986,0.018212486,0.65681463,0.0063265297,1.0920954,0.010405523,1.6533203125,0.6605467830391138,0.006293712366612962,0.003318512159341278,0.00030338523164984675,112
full_td,C,h1_exc,53,25,3.4308999,0.06594983,1.3860826,0.010633468,2.4774778,0.048717678,3.99697,0.07544299,1.6533203125,2.4175411994300076,0.045631202268111064,0.17366965557682587,0.0028004658714043907,27
full_td,C,h1_exc,54,25,3.2409492,0.09505555,1.44085,0.005477242,2.2512217,0.06812243,3.6437452,0.10612816,1.6533203125,2.203895426994011,0.06419092539514991,0.14649794686990153,0.004367021262131459,35
full_td,C,h1_exc,55,25,2.6584148,0.021861957,2.0884135,0.007700359,1.2730097,0.009778568,2.0951746,0.015766287,1.6533203125,1.2672526416862937,0.009536136014967302,0.03333277465848208,0.0014892217004688667,77
full_td,C,h1_exc,56,25,0.37792575,0.008866643,0.6552504,0.0013345921,0.5768429,0.013579102,0.96030396,0.022374758,1.6533203125,0.5808335687213426,0.013533226398345427,0.013354522529562233,0.0014111079760971855,117
full_td,C,h1_exc,57,25,3.658599,0.044599082,1.4176354,0.008720774,2.5819404,0.031419687,4.1593823,0.048545636,1.6533203125,2.5157752819630606,0.029362510110358335,0.20923427127066282,0.0025147419693429623,24
full_td,C,h1_exc,58,25,4.9293895,0.041775744,2.130114,0.013715624,2.3151274,0.01872407,3.7459803,0.02918472,1.6533203125,2.2657317217506834,0.017652186507844284,0.226115045920339,0.0016841445287066642,31
full_td,C,h1_exc,59,25,0.41478541,0.007094538,0.91678375,0.0040869606,0.45218033,0.0068227006,0.7544011,0.011294743,1.6533203125,0.45629459292133767,0.0068315513870884255,0.00240677113885661,0.00048400847405845906,123
full_td,C,h1_exc,60,25,2.6977477,0.030170977,1.7215556,0.012504395,1.5681939,0.017907102,2.5683963,0.02856856,1.6533203125,1.5534777586653945,0.017279507250166266,0.0885468108058204,0.002161102277823648,62
full_td,C,h1_exc,61,25,12.79401,0.24710444,2.6655135,0.0072027757,4.802799,0.09796825,7.465696,0.14104831,1.6533203125,4.515577327051381,0.08531215280538465,0.25102153691422857,0.0025878078336745384,3
full_td,C,h1_exc,62,25,5.5664363,0.045428343,2.0781865,0.014127159,2.6805935,0.025112877,4.311692,0.03861547,1.6533203125,2.607898857805001,0.023356314946520306,0.22632364032495908,0.0026269401098094215,21
full_td,C,h1_exc,63,25,1.933136,0.017573677,1.9757353,0.010069837,0.9785653,0.008017207,1.6184138,0.013037016,1.6533203125,0.9788870791123059,0.007885353667421418,0.018577055224990716,0.0015224687460705546,93
full_td,C,h1_exc,64,25,6.2010603,0.124251895,2.2165525,0.014094403,2.7985108,0.05572395,4.491396,0.08533109,1.6533203125,2.7165913708990574,0.05161195154585368,0.2249895248468742,0.0032860766804258634,20
full_td,C,h1_exc,65,25,4.1350765,0.041347217,2.438322,0.0075292545,1.6967894,0.019792305,2.7731423,0.031426877,1.6533203125,1.6773171021370485,0.019008341367554624,0.1271560627220827,0.00414186648824615,56
full_td,C,h1_exc,66,25,1.0515304,0.008142422,0.9590072,0.0089206435,1.0973592,0.006950139,1.8113396,0.011258371,1.6533203125,1.0955769035827925,0.006809552238699706,0.06856951311483402,0.0007617661818130064,85
full_td,C,h1_exc,67,25,2.066824,0.031650383,1.267629,0.010989551,1.6301991,0.019282714,2.6672163,0.03069716,1.6533203125,1.613248240159311,0.01856697596419576,0.12711597913770034,0.0018914507152154798,59
full_td,C,h1_exc,68,25,1.7786474,0.026708094,1.3908758,0.010276293,1.2810711,0.023028854,2.1078866,0.03706481,1.6533203125,1.2749414619892052,0.022418407081703708,0.06892483030246466,0.0016922115610730182,76
full_td,C,h1_exc,69,25,1.4697899,0.02005723,0.70906675,0.005937563,2.0752425,0.030424805,3.3705451,0.047772422,1.6533203125,2.0386521410675296,0.028894836769194947,0.17798039051355233,0.004262080247047597,40
full_td,C,h1_exc,70,25,1.3678056,0.011841848,0.9837236,0.0034553728,1.3902807,0.010273402,2.283776,0.016492305,1.6533203125,1.3813269629977625,0.009975262781977395,0.12125701835236632,0.0011856464509517664,71
full_td,C,h1_exc,71,25,2.0674713,0.023917185,1.3142343,0.013636181,1.5732085,0.008525752,2.5765536,0.013608591,1.6533203125,1.558411637336453,0.008231067216683029,0.13402162071555013,0.002098444214655023,61
full_td,C,h1_exc,72,25,15.166101,0.23227902,3.7514956,0.018465685,4.0426064,0.059057135,6.361666,0.08702362,1.6533203125,3.8478123152161263,0.05263566858838572,0.2353473560712014,0.002282061854060629,8
full_td,C,h1_exc,73,25,0.70845866,0.007374828,0.85737056,0.007589496,0.826328,0.0047129793,1.3701046,0.0077054617,1.6533203125,0.8286987557396632,0.004660598066365999,0.02090329685696191,0.0004816251076290951,101
full_td,C,h1_exc,74,25,1.502759,0.013021497,0.64966506,0.005977215,2.3168962,0.026200162,3.7485328,0.04078113,1.6533203125,2.2672754980445062,0.02466619868152767,0.17257018352453482,0.0016303701225514149,30
full_td,C,h1_exc,75,25,1.9690176,0.033184312,1.0071402,0.014284089,1.9578004,0.027010873,3.1859636,0.042569876,1.6533203125,1.9270093363492615,0.025748110965173477,0.15628592977444372,0.002416094931015665,44
full_td,C,h1_exc,76,25,3.861558,0.115349256,0.91388994,0.0073853135,4.235081,0.13601777,6.6362996,0.19818735,1.6533203125,4.013922296029938,0.1198723265598398,0.20808849409183935,0.0021535899235462738,7
full_td,C,h1_exc,77,25,2.0657814,0.015984336,1.0642918,0.009181966,1.9420347,0.01044297,3.161497,0.016474893,1.6533203125,1.912211017072259,0.009964731712443367,0.19593265066848797,0.0014420432987396195,45
full_td,C,h1_exc,78,25,12.336073,0.1475078,3.4260247,0.028392686,3.6057105,0.050251875,5.713745,0.075091235,1.6533203125,3.4559212357420948,0.04541844256589257,0.23133160144118714,0.0027305533615282727,11
full_td,C,h1_exc,79,25,1.9884053,0.011409875,1.2424079,0.008235917,1.6012013,0.008562041,2.6211982,0.013653213,1.6533203125,1.5854146055078144,0.008258056546233971,0.15748493077172926,0.00175962768172086,60
full_td,C,h1_exc,80,25,9.141077,0.111595936,3.6895287,0.0072590304,2.4779577,0.031235382,3.9985518,0.04839114,1.6533203125,2.4184980922365353,0.029269065067456045,0.21275319461074155,0.0035731992033318544,26
full_td,C,h1_exc,81,25,0.9986392,0.013323227,1.0566803,0.0050914106,0.94559497,0.013504517,1.5646609,0.021984857,1.6533203125,0.9463749112133024,0.013297396375522241,0.051634788846925336,0.0012262087331954264,97
full_td,C,h1_exc,82,25,2.8033884,0.06367474,2.234949,0.021442814,1.2569741,0.03104805,2.068775,0.050038863,1.6533203125,1.25128506042766,0.030265680558350886,0.05173552333859739,0.002099778858933513,81
full_td,C,h1_exc,83,25,3.083629,0.02873082,1.7229239,0.0081926985,1.7901524,0.01617049,2.921367,0.025620881,1.6533203125,1.7669696691523809,0.015496622381762191,0.13327746585088973,0.003070267623726849,49
full_td,C,h1_exc,84,25,3.4825792,0.05916538,1.2389745,0.0059520174,2.8128226,0.05038226,4.513671,0.077192634,1.6533203125,2.730064380083663,0.046689461270346136,0.16578563647015354,0.0024095279196887105,19
full_td,C,h1_exc,85,25,0.83875954,0.010946812,0.6060823,0.0048068217,1.3837036,0.013659581,2.2731657,0.021924585,1.6533203125,1.3749094534382322,0.013260942310126419,0.08699237408858879,0.0024303603131559715,72
full_td,C,h1_exc,86,25,1.0195298,0.015895076,2.2821803,0.010441629,0.4467771,0.0068313796,0.74545336,0.011309909,1.6533203125,0.45088259375239575,0.006840724575343388,0.0014480710979286545,0.00027925972192563165,124
full_td,C,h1_exc,87,25,4.1333103,0.069141075,1.6738172,0.008579924,2.4683933,0.0361911,3.98353,0.056099065,1.6533203125,2.4094121617133752,0.03393115257473457,0.19030252241666779,0.0016466909853652557,28
full_td,C,h1_exc,88,25,1.3134457,0.014618843,1.0441961,0.00505379,1.258764,0.01595925,2.0721123,0.025709577,1.6533203125,1.2533036837449694,0.01555026971153347,0.11531048353296294,0.0033485693831791733,80
full_td,C,h1_exc,89,25,2.5309455,0.06754661,1.3241004,0.011969117,1.9170272,0.05705911,3.1201208,0.08984046,1.6533203125,1.8871846621494266,0.054339412818515426,0.1021905639821485,0.001531875363151324,46
full_td,C,h1_exc,90,25,4.2467313,0.07980603,1.626618,0.011491461,2.615731,0.055466294,4.210283,0.08576893,1.6533203125,2.546562132734837,0.05187677946289482,0.1770015922230981,0.003695623441496134,23
full_td,C,h1_exc,91,25,0.9825856,0.009954053,0.68018997,0.006861428,1.4460405,0.0133453235,2.3731542,0.021383831,1.6533203125,1.435386763135936,0.012933870624168583,0.09988435431148923,0.0032799372088944756,67
full_td,C,h1_exc,92,25,9.18269,0.17648125,3.0257163,0.011503375,3.0386846,0.065530136,4.857603,0.099461615,1.6533203125,2.938089369134799,0.060158709362498945,0.22566663873273637,0.0024696791650122315,16
full_td,C,h1_exc,93,25,2.4245296,0.021792956,1.3417273,0.010148386,1.8096123,0.021634424,2.95206,0.034254678,1.6533203125,1.7855340933239108,0.020718716998526576,0.14691207799481457,0.003338830128883604,48
full_td,C,h1_exc,94,25,4.6550875,0.05201878,2.6369483,0.010609142,1.7657083,0.019956172,2.882539,0.03166339,1.6533203125,1.7434848812886679,0.019151395109309317,0.13259274679684446,0.0019964759911400383,53
full_td,C,h1_exc,95,25,0.90239215,0.010896574,0.8988433,0.004625766,1.0042988,0.01221799,1.6602134,0.019854806,1.6533203125,1.0041691630464384,0.012009050051687026,0.035082544205115994,0.0018466646211828923,89
full_td,C,h1_exc,96,25,1.0593152,0.014141425,1.991495,0.00463963,0.5319194,0.007003684,0.8862597,0.011567311,1.6533203125,0.5360483925533939,0.006996412659193672,0.003955417749095822,0.000493503121237681,120
full_td,C,h1_exc,97,25,2.1074646,0.06634137,1.1401722,0.008057571,1.8489468,0.058130287,3.0125065,0.09156417,1.6533203125,1.8220949145458496,0.05538199109519641,0.0957278136259987,0.003459460667825803,47
full_td,C,h1_exc,98,25,1.415861,0.016450193,3.4852939,0.012816612,0.4063887,0.0050536213,0.67853326,0.008378106,1.6533203125,0.41040639864548933,0.005067442964456124,0.0011396966395699826,0.0002906183257326529,126
full_td,C,h1_exc,99,25,5.9871387,0.16305949,1.2812304,0.011024974,4.6811433,0.13147601,7.286072,0.19014171,1.6533203125,4.406932909515953,0.11500597389074477,0.1900812871866336,0.0020563556700911177,4
full_td,C,h1_exc,100,25,1.7035778,0.01833621,2.3869088,0.006456119,0.71363664,0.00712332,1.1854495,0.0116907535,1.6533203125,0.7170113481301632,0.007071075919904238,0.020118997737350104,0.0010807642070600695,108
full_td,C,h1_exc,101,25,1.289682,0.025177518,1.1258396,0.0037306915,1.145421,0.021821762,1.8889009,0.035283823,1.6533203125,1.142489347808607,0.02134119013091045,0.03567250481854046,0.001459831745158635,84
full_td,C,h1_exc,102,25,6.6690454,0.05811281,3.7309134,0.010285413,1.7880784,0.017421862,2.918055,0.027586125,1.6533203125,1.76496662584273,0.016685287072067123,0.13208413642828115,0.0029772271442230595,50
full_td,C,h1_exc,103,25,0.22964402,0.0038883951,0.41931343,0.0025158336,0.5477614,0.008912934,0.91239494,0.014714513,1.6533203125,0.5518561114546624,0.008899977039340508,0.0068582747163589905,0.00035723912420721095,119
full_td,C,h1_exc,104,25,1.0434278,0.010587268,1.4531616,0.008358899,0.7180369,0.0060923537,1.1926808,0.0099983355,1.6533203125,0.7213851800357447,0.0060474279432446675,0.024885498415234387,0.0011579633357269184,106
full_td,C,h1_exc,105,25,7.0468583,0.09895994,1.8479738,0.013847143,3.8187695,0.06250133,6.030321,0.092574105,1.6533203125,3.64740015283188,0.05599284144950724,0.2387530377941517,0.0016878856252904562,9
full_td,C,h1_exc,106,25,0.73704267,0.008228143,1.3439945,0.003117781,0.54836273,0.0058370125,0.91341734,0.009632196,1.6533203125,0.5524745457553186,0.005825971119827536,0.0038347400549073023,0.00042996145576633393,118
full_td,C,h1_exc,107,25,0.9961011,0.019296022,2.2375815,0.0063945847,0.44514203,0.008477704,0.74272865,0.0140351,1.6533203125,0.44923455657800176,0.00848903883593243,0.0010793372880704428,0.00024210707803626796,125
full_td,C,h1_exc,108,25,3.4366674,0.027627895,2.4131575,0.016381208,1.4242913,0.007557839,2.33837,0.012114487,1.6533203125,1.4143478172815733,0.007327368001858166,0.13437693790318078,0.0019568684462791166,70
full_td,C,h1_exc,109,25,1.5582092,0.03358204,1.1414689,0.013567917,1.366011,0.026998365,2.2444084,0.04328482,1.6533203125,1.3575157275393024,0.026180539173690627,0.07132489734344144,0.0013046850263691097,73
full_td,C,h1_exc,110,25,1.3733647,0.015343107,0.9417918,0.0075811977,1.4586685,0.013302033,2.3933842,0.02129759,1.6533203125,1.4476228027750841,0.012881708563154778,0.0999175371804069,0.0020782576705521646,66
full_td,C,h1_exc,111,25,1.2098582,0.017049469,1.3017013,0.0055453624,0.9291687,0.011619817,1.5379272,0.018944751,1.6533203125,0.9302051503699125,0.011458609566776565,0.035967393557634585,0.0013603601696502757,98
full_td,C,h1_exc,112,25,1.5715045,0.021475237,1.7176672,0.007612834,0.91502565,0.012295774,1.514861,0.020040661,1.6533203125,0.9162537784214774,0.012121462527212313,0.042497276460200704,0.0006571554948114468,99
full_td,C,h1_exc,113,25,0.81946886,0.01670552,2.128422,0.015199985,0.38575786,0.008944861,0.6442715,0.0148359565,1.6533203125,0.38968340796309325,0.008973431248132376,0.003050364535319659,0.00048072012657964576,127
full_td,C,h1_exc,114,25,0.95517206,0.012916875,1.0071257,0.010457848,0.94798434,0.005876779,1.5686483,0.009573053,1.6533203125,0.9487867465824639,0.00579019860548881,0.012556775328909277,0.0004072107167740356,95
full_td,C,h1_exc,115,25,0.6886486,0.01377653,0.5524336,0.00332533,1.2478147,0.026450794,2.0541732,0.04266241,1.6533203125,1.2424532784189108,0.02580407954115467,0.04261795022203753,0.003234995264037383,82
full_td,C,h1_exc,116,25,1.0577163,0.013419186,1.2186878,0.011571042,0.86764556,0.005720685,1.4376206,0.009341067,1.6533203125,0.8695354728582881,0.0056498831438509855,0.04567471157004008,0.0007234184595364715,100
full_td,C,h1_exc,117,25,1.7708664,0.015191862,1.3656329,0.013403236,1.2973807,0.005761361,2.1344702,0.00927774,1.6533203125,1.2910203990597022,0.005611580249885512,0.09882445800844702,0.0010240240670697045,75
full_td,C,h1_exc,118,25,2.9033105,0.06288616,1.0102775,0.006369902,2.8754265,0.062361874,4.6087384,0.09540753,1.6533203125,2.7875652507396382,0.05770662339404633,0.20993882510667064,0.0020566671029543845,17
full_td,C,h1_exc,119,25,0.64835334,0.01584932,0.5403465,0.003941137,1.2012811,0.030675111,1.9789146,0.04948725,1.6533203125,1.19693363265632,0.02993204110776918,0.055402490731857046,0.0025378282311679192,83
full_td,C,h1_exc,120,25,1.201809,0.016089184,0.6733809,0.0062180473,1.7855148,0.020170763,2.9139287,0.031965002,1.6533203125,1.7624707501471795,0.019333823783707772,0.14964887287341855,0.0013645735202089124,51
full_td,C,h1_exc,121,25,5.1029797,0.11633087,2.2617953,0.016600521,2.2610028,0.057250008,3.6598313,0.08931928,1.6533203125,2.213625011991276,0.054024183950638904,0.16724712980795503,0.0034075178165008605,34
full_td,C,h1_exc,122,25,0.7095297,0.007996652,0.6809516,0.0026449792,1.0418512,0.010679355,1.7212491,0.01735252,1.6533203125,1.0410862969092742,0.010495558161633754,0.04566161065947736,0.00160607342263449,88
full_td,C,h1_exc,123,25,2.4168875,0.028467165,1.1741092,0.0067832605,2.0597904,0.025682794,3.346446,0.040391326,1.6533203125,2.0240760142729397,0.02443042892843839,0.17544624151497906,0.002269141546442587,41
full_td,C,h1_exc,124,25,0.45165008,0.008335617,1.237268,0.00498203,0.36493638,0.0063394904,0.60973215,0.010529592,1.6533203125,0.3687925313059115,0.006368754753151709,7.37450766780577e-05,6.709682302182674e-05,128
full_td,C,h1_exc,125,25,1.4065781,0.010963478,0.96097213,0.011591694,1.4660056,0.01036481,2.4051778,0.016590752,1.6533203125,1.4547560755372404,0.010034808118442286,0.11291041649198615,0.0014513417099268405,64
full_td,C,h1_exc,126,25,0.90515083,0.012718874,0.95658636,0.003994163,0.94587326,0.0115446905,1.565146,0.018796893,1.6533203125,0.9466683125792922,0.011369177467741529,0.03256850750018221,0.0019522080930078217,96
full_td,C,h1_exc,127,25,0.8175416,0.019222915,0.77368623,0.014475751,1.0558654,0.012336816,1.7439749,0.020017087,1.6533203125,1.0548318235584524,0.012107204774596677,0.0672954806001008,0.001997148225692277,87
full_td,straight,h1_exc,0,25,7.3382206,0.34537807,1.7456794,0.010957841,4.2218804,0.20948845,3.3948681,0.16307893,0.8271484375000001,4.104303368464133,0.19715800732372438,0.12346712365822723,0.0031344899093884936,4
full_td,straight,h1_exc,1,25,5.4321733,0.10640681,2.6754465,0.010058127,2.0314803,0.041364163,1.665849,0.033365604,0.8271484375000001,2.0139661395481685,0.04033810945447867,0.10392712185433035,0.0030006735413633107,34
full_td,straight,h1_exc,2,25,1.8027328,0.06987842,1.0207764,0.005334323,1.7641319,0.06613985,1.4493349,0.053589452,0.8271484375000001,1.7522064595248663,0.06478819305164513,0.0640026760667475,0.005852796122457531,44
full_td,straight,h1_exc,3,25,0.9370868,0.03947417,1.0523759,0.008612405,0.8886948,0.03510681,0.7355586,0.028858295,0.8271484375000001,0.8892704007887718,0.034888894621605375,0.004343826102638816,0.0008870369308410472,98
full_td,straight,h1_exc,4,25,1.1606857,0.025482861,1.5550144,0.0075932485,0.7457685,0.014664076,0.6181259,0.012077318,0.8271484375000001,0.747297460896014,0.014601148274018169,0.0006494092180024809,0.0002216687242253707,108
full_td,straight,h1_exc,5,25,0.30704916,0.005596956,0.39729926,0.0037395987,0.7733999,0.01378004,0.64088666,0.01134513,0.8271484375000001,0.7748145561719215,0.013715954158983433,0.000757644087669561,0.00025361951485456383,106
full_td,straight,h1_exc,6,25,5.82807,0.24501792,2.374462,0.012029636,2.4605558,0.10761036,2.009131,0.086216286,0.8271484375000001,2.428984772231783,0.1042331512922928,0.11311937618908564,0.005831453127378279,22
full_td,straight,h1_exc,7,25,12.128971,0.2266777,4.2891216,0.009805598,2.8289983,0.054795947,2.3046606,0.04368223,0.8271484375000001,2.7862718380864235,0.052810627431297774,0.11723235329745905,0.0019918499658821117,16
full_td,straight,h1_exc,8,25,0.9975149,0.023319788,0.87938803,0.0023436619,1.1347734,0.027273644,0.93746024,0.022302158,0.8271484375000001,1.133363999105087,0.026962703437481663,0.014106611346609446,0.0030472987450598063,82
full_td,straight,h1_exc,9,25,0.5919359,0.014460861,0.6606281,0.004664968,0.8960422,0.02082277,0.74172705,0.01710836,0.8271484375000001,0.8967278274160723,0.02068354373759818,0.009560722091605503,0.001059152917839732,97
full_td,straight,h1_exc,10,25,1.1475961,0.0144798355,0.95708746,0.0064505497,1.1988192,0.011751242,0.98995095,0.009610809,0.8271484375000001,1.196823828413694,0.01161920691999368,0.032484778332588844,0.0012163610663121676,76
full_td,straight,h1_exc,11,25,1.9974719,0.07295217,2.5192676,0.024044925,0.79526865,0.030926177,0.65876466,0.025422117,0.8271484375000001,0.7964285978301643,0.03073464895324034,0.019345179038496127,0.002633597369414274,104
full_td,straight,h1_exc,12,25,2.3390224,0.026358167,1.2937475,0.012256925,1.8106678,0.022923239,1.4876313,0.018559394,0.8271484375000001,1.798505866455711,0.022437802495606743,0.09060701722730169,0.00300441620579782,42
full_td,straight,h1_exc,13,25,10.683246,0.78277117,1.8179157,0.0075291484,5.899566,0.44379693,4.661511,0.33369172,0.8271484375000001,5.635639955018206,0.4034242024147136,0.11417335618281393,0.004188992428213487,1
full_td,straight,h1_exc,14,25,2.4688985,0.11410379,1.472872,0.008514122,1.6784843,0.07821395,1.379629,0.063375875,0.8271484375000001,1.667934083196257,0.07661971458337964,0.046945070803601566,0.002143074714415181,48
full_td,straight,h1_exc,15,25,0.93102366,0.01573229,0.886071,0.011518302,1.0502689,0.009133869,0.86835366,0.007485405,0.8271484375000001,1.049815968113426,0.009049651171742648,0.010368867975966044,0.0013178519836135748,86
full_td,straight,h1_exc,16,25,2.4351745,0.09609046,1.4790471,0.027429873,1.6572534,0.06985909,1.3626026,0.056551807,0.8271484375000001,1.6473494113256912,0.06836959633180875,0.06910418855663818,0.003665585481842869,49
full_td,straight,h1_exc,17,25,1.6073352,0.033322122,1.7310114,0.008630213,0.9281628,0.017826118,0.7681331,0.014644785,0.8271484375000001,0.92865205869334,0.01770514723709539,0.0020492468656967177,0.0003356896981350285,96
full_td,straight,h1_exc,18,25,1.9222571,0.05164362,1.4137411,0.010091335,1.3594121,0.034514602,1.1209104,0.028141014,0.8271484375000001,1.3551502266619084,0.03402172142063528,0.03622236226634511,0.004008858783425674,66
full_td,straight,h1_exc,19,25,1.367477,0.03799117,1.3095001,0.0056892755,1.0448016,0.02948861,0.86374456,0.024152845,0.8271484375000001,1.0442437250386367,0.02920013434828255,0.03196536484167767,0.002259794438641607,88
full_td,straight,h1_exc,20,25,6.1977344,0.2194502,1.8631767,0.011297741,3.3288848,0.11780327,2.6993048,0.09319835,0.8271484375000001,3.2633862630756925,0.11267427662430346,0.12056604845490877,0.0030593467891874295,10
full_td,straight,h1_exc,21,25,4.7467456,0.27134883,1.4187437,0.005944036,3.3527787,0.19583733,2.7144158,0.15445918,0.8271484375000001,3.28165520493902,0.1867369475039621,0.10782357716234524,0.005188551901904942,9
full_td,straight,h1_exc,22,25,4.3733945,0.13302343,2.2365067,0.010429981,1.9564127,0.05995268,1.6049708,0.048396282,0.8271484375000001,1.9403661586548409,0.05850979074738151,0.11254261747982994,0.005409501354476217,36
full_td,straight,h1_exc,23,25,10.1022625,0.43441537,3.7516096,0.014810632,2.6968787,0.118194826,2.1976593,0.09435905,0.8271484375000001,2.6569103639456757,0.11407752726808906,0.09936682601235738,0.006008621201805761,20
full_td,straight,h1_exc,24,25,2.7423162,0.035179008,1.5720307,0.010652799,1.7455564,0.022856534,1.4349012,0.018522596,0.8271484375000001,1.7347567146566893,0.02239331498843378,0.0850431019727628,0.002110118163106569,45
full_td,straight,h1_exc,25,25,13.689165,0.50325763,4.2707686,0.020690799,3.20922,0.120522276,2.6046247,0.09534175,0.8271484375000001,3.148920474124178,0.11526558229408176,0.12915988148816762,0.002500225453342806,12
full_td,straight,h1_exc,26,25,4.217053,0.22677283,1.7623913,0.005958171,2.3970406,0.13255648,1.9572937,0.10629641,0.8271484375000001,2.3663148603381767,0.1285094758496789,0.0798690320332064,0.007667609292468156,24
full_td,straight,h1_exc,27,25,2.5231242,0.14069203,1.753495,0.0062423614,1.4391518,0.07969942,1.1850631,0.06474745,0.8271484375000001,1.432709078891672,0.07827791317279402,0.0485756871631783,0.004474700695378085,62
full_td,straight,h1_exc,28,25,7.6499844,0.19335316,3.0864213,0.010307603,2.4805524,0.06496486,2.0262995,0.05201007,0.8271484375000001,2.4497410660241603,0.06287876169798391,0.12119419139521855,0.00209843359746602,21
full_td,straight,h1_exc,29,25,16.3211,0.6681268,4.6409755,0.027508892,3.5233076,0.14799885,2.8513567,0.11672898,0.8271484375000001,3.447212852408031,0.1411221581957862,0.11999639217090285,0.004072933737526309,8
full_td,straight,h1_exc,30,25,0.8026925,0.017435892,0.9871458,0.011535708,0.81167203,0.010998723,0.67240095,0.009053047,0.8271484375000001,0.8129144873403991,0.010944887119167284,0.00406236793581967,0.0003994520562193877,100
full_td,straight,h1_exc,31,25,0.8485922,0.019391963,1.4567684,0.010961008,0.5826091,0.0125714885,0.48354772,0.010382135,0.8271484375000001,0.5845960583770683,0.01255171963477897,0.000757644087669561,0.00021771885379531994,118
full_td,straight,h1_exc,32,25,0.7530668,0.009783055,0.7894865,0.0057819667,0.95370597,0.009606669,0.7891436,0.007888191,0.8271484375000001,0.9540531523207223,0.00953660922885942,0.008355731938298588,0.0006102921162908382,93
full_td,straight,h1_exc,33,25,2.3431292,0.024603805,1.7490233,0.01640566,1.3399994,0.008896801,1.1052574,0.0072568706,0.8271484375000001,1.3362261116770742,0.008773359177110297,0.06296360049353378,0.001207693008960388,67
full_td,straight,h1_exc,34,25,0.94295776,0.01768729,1.1841773,0.0070759663,0.7964599,0.014414409,0.6598675,0.01186423,0.8271484375000001,0.7977619097214201,0.014343531270664133,0.0066167583656475,0.0007393643816704734,103
full_td,straight,h1_exc,35,25,0.6335218,0.018613752,1.5833637,0.0047020526,0.39997265,0.011543729,0.3324649,0.009563827,0.8271484375000001,0.40194103272965104,0.011562407368930229,0.0012771714620715456,0.0003507086910876524,125
full_td,straight,h1_exc,36,25,4.7072964,0.50969195,1.1977719,0.012058526,3.9697776,0.44470763,3.1753995,0.34211096,0.8271484375000001,3.838971867904024,0.413602865701725,0.07932172815001413,0.005536876664062547,6
full_td,straight,h1_exc,37,25,2.46641,0.06897869,2.3741794,0.015942432,1.0399239,0.029976055,0.8597415,0.024535304,0.8271484375000001,1.0394041459529237,0.02966251483949979,0.007778447412696733,0.0015075118914829766,89
full_td,straight,h1_exc,38,25,0.9173572,0.017163912,1.4431374,0.014448828,0.63536024,0.0091419,0.5271134,0.0075432654,0.8271484375000001,0.6372657369158892,0.009119602851433133,6.49409218002481e-05,4.017508334319473e-05,114
full_td,straight,h1_exc,39,25,0.96281546,0.01359924,1.4286481,0.0070496327,0.6737331,0.008145988,0.5587744,0.006719777,0.8271484375000001,0.6755431067213523,0.008124027800711095,0.003117164246411908,0.00039446513557904754,110
full_td,straight,h1_exc,40,25,4.004287,0.09825568,2.0784194,0.00854831,1.929293,0.050860588,1.583227,0.04108934,0.8271484375000001,1.9140786010937396,0.049675897796419226,0.06848363676444448,0.004503704223743176,38
full_td,straight,h1_exc,41,25,3.4883518,0.10750868,1.2707272,0.0093531115,2.751073,0.08992595,2.241796,0.07168447,0.8271484375000001,2.7102704416100414,0.08666457844526695,0.12009694023032157,0.0030681660053999797,19
full_td,straight,h1_exc,42,25,0.7062582,0.020812083,1.1213033,0.018424641,0.62796044,0.01057661,0.52100146,0.008727235,0.8271484375000001,0.6298766091320296,0.010550989398771233,0.0013204654099383778,0.0003558972891974915,115
full_td,straight,h1_exc,43,25,1.6443024,0.06848058,0.76979035,0.004881312,2.1419036,0.0937466,1.7537035,0.07547492,0.8271484375000001,2.120179756410843,0.09124712339342572,0.09738973572643872,0.005371722174025573,30
full_td,straight,h1_exc,44,25,0.4077306,0.007086731,0.6057925,0.0030394036,0.67278594,0.010495073,0.557986,0.008654681,0.8271484375000001,0.6745899566558574,0.010463274633176202,6.49409218002481e-05,3.273661667130615e-05,111
full_td,straight,h1_exc,45,25,6.022287,0.2307274,3.1161082,0.020801518,1.9310242,0.07073406,1.5842421,0.057074673,0.8271484375000001,1.9153056339891765,0.06900172969492115,0.08800919814170648,0.006340663818432482,37
full_td,straight,h1_exc,46,25,1.3380159,0.029548189,1.1396663,0.0076902104,1.1731104,0.022535805,0.96886665,0.018426267,0.8271484375000001,1.1713334807796796,0.022276857518753,0.028285379272996944,0.0034054988182689347,80
full_td,straight,h1_exc,47,25,3.1754436,0.057151295,1.8250035,0.008686453,1.741826,0.03406949,1.4317765,0.027621327,0.8271484375000001,1.730978939742946,0.03339343342442133,0.07190403174883024,0.0033983087144095108,46
full_td,straight,h1_exc,48,25,2.9078174,0.17213506,1.7997316,0.008952547,1.6191912,0.09762711,1.330959,0.07923815,0.8271484375000001,1.609093371397479,0.09579676341132057,0.061354739785278826,0.006922084159626172,52
full_td,straight,h1_exc,49,25,1.0895431,0.017534884,2.1854541,0.010138132,0.49816975,0.006600292,0.41377068,0.0054596197,0.8271484375000001,0.5002375237564443,0.006600531750992977,0.0003391359249568511,0.00010221474693295625,122
full_td,straight,h1_exc,50,25,1.3335289,0.04273421,1.364491,0.0057540084,0.9771276,0.030921308,0.80822694,0.025344254,0.8271484375000001,0.9771243603966531,0.030640515671806322,0.012533566670833258,0.002245836428501015,91
full_td,straight,h1_exc,51,25,0.85990006,0.05311113,0.7240015,0.004927466,1.1895564,0.07428615,0.9815056,0.06070123,0.8271484375000001,1.186613602417372,0.07338613638224258,0.042196595182937564,0.006026526385171911,78
full_td,straight,h1_exc,52,25,2.65666,0.047052965,3.293542,0.021688296,0.806504,0.012970525,0.6681404,0.010669779,0.8271484375000001,0.807763615990703,0.012899472715627504,0.0037881495070800335,0.0005900590355005907,101
full_td,straight,h1_exc,53,25,4.0640397,0.16033548,1.3996756,0.010415287,2.9069202,0.11632909,2.3650134,0.0925643,0.8271484375000001,2.859236840063653,0.11190772420502519,0.11622981870648846,0.0033284498829464562,15
full_td,straight,h1_exc,54,25,2.7381747,0.116997324,1.4473921,0.005961079,1.8926477,0.081304654,1.5529747,0.06563325,0.8271484375000001,1.8775043066901336,0.07934881781565371,0.06507801930182638,0.004496107212146748,39
full_td,straight,h1_exc,55,25,2.3580663,0.035818778,2.0855596,0.0069925506,1.1310426,0.017708503,0.93447614,0.014499245,0.8271484375000001,1.1297563040206777,0.017529193447742432,0.00875259312707788,0.000959309448697803,83
full_td,straight,h1_exc,56,25,0.36499977,0.0133552505,0.65942985,0.0019422895,0.5542858,0.021103134,0.4600999,0.017429974,0.8271484375000001,0.5562483041794035,0.021072365191089223,0.0022584983440018538,0.0005950296179084925,119
full_td,straight,h1_exc,57,25,3.3035362,0.04317076,1.4373044,0.007239067,2.2997828,0.031847585,1.8818676,0.02558731,0.8271484375000001,2.275126833382026,0.030934362223191562,0.11789622246498055,0.0024864404372570877,27
full_td,straight,h1_exc,58,25,4.487413,0.08468202,2.194675,0.011722672,2.0442657,0.03575302,1.6762279,0.02884988,0.8271484375000001,2.0265139125572578,0.03487872010741297,0.1078957337421233,0.0026864060360972924,32
full_td,straight,h1_exc,59,25,0.4727404,0.01975391,0.8936492,0.0031592122,0.52841574,0.021441631,0.43871412,0.017723791,0.8271484375000001,0.5303934202959224,0.02142758262497186,6.49409218002481e-05,4.0175083343194726e-05,120
full_td,straight,h1_exc,60,25,2.1140993,0.021738563,1.7561827,0.009535367,1.2043003,0.012671308,0.99442863,0.010357636,0.8271484375000001,1.2022371840798742,0.012522101104363827,0.021827299655817894,0.001963097249555543,75
full_td,straight,h1_exc,61,25,12.316406,0.6281524,2.675476,0.008575696,4.608459,0.23678258,3.6930444,0.18313883,0.8271484375000001,4.46479029062048,0.221409880540774,0.13235681428688342,0.003810795449702013,3
full_td,straight,h1_exc,62,25,5.8072624,0.1152019,2.0921896,0.008827884,2.7758124,0.053940374,2.2623181,0.042998187,0.8271484375000001,2.735081153059275,0.051983641864890476,0.1301776855775862,0.002282572782429991,18
full_td,straight,h1_exc,63,25,2.4941792,0.03956849,1.9931029,0.010441777,1.2518673,0.01987756,1.0332634,0.016237695,0.8271484375000001,1.249187368448062,0.01963093157069874,0.013514927392429408,0.0016710948241960265,72
full_td,straight,h1_exc,64,25,4.95271,0.21156356,2.2844706,0.013423287,2.1721418,0.0955184,1.7779896,0.076777704,0.8271484375000001,2.1495412548198907,0.09282215788172556,0.09221610895635228,0.005117418537113204,29
full_td,straight,h1_exc,65,25,3.449696,0.07353658,2.4783485,0.010436528,1.3927248,0.030577375,1.1481093,0.024912205,0.8271484375000001,1.3880330168580037,0.03011817881477536,0.02615662285859259,0.002806058005814799,64
full_td,straight,h1_exc,66,25,1.212532,0.022249293,0.9413032,0.009829185,1.288231,0.019624691,1.0629616,0.016023329,0.8271484375000001,1.2850916741127196,0.01937176994425515,0.05354739785329345,0.0013633059176685282,69
full_td,straight,h1_exc,67,25,1.5039115,0.048474867,1.2471637,0.011610906,1.2061015,0.037442923,0.9957003,0.030574465,0.8271484375000001,1.203774644514541,0.036963696875911785,0.04043654730762114,0.0030676215277945836,74
full_td,straight,h1_exc,68,25,2.0725427,0.07246618,1.3972862,0.016750257,1.4858735,0.051784776,1.2236868,0.042140387,0.8271484375000001,1.4794041118092847,0.050946583086291956,0.05305673311080269,0.003187902274774098,59
full_td,straight,h1_exc,69,25,1.1905358,0.037781842,0.72482264,0.0055871042,1.6443982,0.05277939,1.3525035,0.042839013,0.8271484375000001,1.6351399186401394,0.05179120484630708,0.05810047803728862,0.006322361482868805,50
full_td,straight,h1_exc,70,25,1.2038387,0.024086433,0.94630706,0.0041052764,1.271969,0.024384268,1.0496495,0.019903693,0.8271484375000001,1.2689977628920015,0.024063024360931145,0.05100730338075787,0.0020657334974636286,71
full_td,straight,h1_exc,71,25,1.8180226,0.036908142,1.4154899,0.01321813,1.2835552,0.02100144,1.0591351,0.01714449,0.8271484375000001,1.280465494684071,0.02072722185201889,0.037506990168632175,0.003208076857408561,70
full_td,straight,h1_exc,72,25,15.089644,0.6358358,3.8132215,0.015562549,3.9572918,0.16576284,3.1909492,0.12958494,0.8271484375000001,3.857770819745633,0.15666466873371923,0.1296509425452064,0.0026926612973718037,5
full_td,straight,h1_exc,73,25,0.5069971,0.005893423,0.81388015,0.005445509,0.62297994,0.0060658236,0.5169028,0.005007304,0.8271484375000001,0.6249214595830221,0.006053694301671225,0.0003968611887792939,0.00010773261698176698,116
full_td,straight,h1_exc,74,25,1.2052019,0.028825194,0.65600175,0.0055447184,1.8389311,0.044409283,1.5102723,0.035927083,0.8271484375000001,1.82587810015851,0.04343486914679659,0.0702299990979794,0.002965226484136401,41
full_td,straight,h1_exc,75,25,1.5736895,0.05711817,1.0293539,0.010893371,1.5320431,0.05534869,1.2611824,0.04499937,0.8271484375000001,1.5247352576095685,0.054403012727264104,0.06205451674283454,0.004586929008993985,56
full_td,straight,h1_exc,76,25,2.7686656,0.23752125,0.9147603,0.007138337,3.0298045,0.26320118,2.4540277,0.20802808,0.8271484375000001,2.9668527551172033,0.25150030150254366,0.09562911517985422,0.006094520247304241,13
full_td,straight,h1_exc,77,25,1.8478885,0.026904864,1.0668852,0.008420545,1.7350588,0.02952022,1.4263387,0.02392759,0.8271484375000001,1.724404748743619,0.028927805389967764,0.0894164336609638,0.0029665248170176687,47
full_td,straight,h1_exc,78,25,10.080151,0.37913105,3.6100843,0.025410276,2.7910898,0.100847654,2.2733564,0.08038138,0.8271484375000001,2.7484261907613523,0.09717890026439074,0.11002435284557587,0.0041761291976567345,17
full_td,straight,h1_exc,79,25,1.9953606,0.026476096,1.25527,0.009086104,1.5918891,0.024775704,1.3102151,0.020124374,0.8271484375000001,1.584014540508785,0.024329821895721724,0.08243861061613163,0.003097028189549402,55
full_td,straight,h1_exc,80,25,8.854656,0.3275287,3.7292843,0.007203526,2.375597,0.08925865,1.9416112,0.07156951,0.8271484375000001,2.347355205165977,0.08652559297889935,0.11556597817253036,0.0042063438721432755,25
full_td,straight,h1_exc,81,25,1.1046166,0.021714479,1.0562761,0.004784955,1.04527,0.01883353,0.8642121,0.015430648,0.8271484375000001,1.0448089754330354,0.01865523411073851,0.033985749075463166,0.0019643074445979637,87
full_td,straight,h1_exc,82,25,2.5663455,0.13105403,2.2481265,0.018123755,1.1463313,0.061541624,0.9464257,0.050325174,0.8271484375000001,1.144202975116867,0.060841766157318615,0.02182013150352483,0.0025124696484344964,81
full_td,straight,h1_exc,83,25,3.10521,0.063677825,1.7318245,0.008316186,1.7939427,0.03801215,1.4739453,0.030765578,0.8271484375000001,1.78195975607244,0.03719474724717121,0.07751059799758499,0.0038195835202397906,43
full_td,straight,h1_exc,84,25,4.6888394,0.17558035,1.251982,0.0064760796,3.7466223,0.14027528,3.0271816,0.10980038,0.8271484375000001,3.659780592376147,0.13274568174510995,0.12920315851620154,0.0023630576229463542,7
full_td,straight,h1_exc,85,25,0.98829544,0.01602326,0.62326086,0.0064076865,1.592151,0.03502338,1.3103294,0.028463382,0.8271484375000001,1.5841526716408958,0.03441145541189501,0.06062585941357419,0.0030217846112579484,54
full_td,straight,h1_exc,86,25,1.0810286,0.035694152,2.2394412,0.010756419,0.4828531,0.015906623,0.40106526,0.0131562,0.8271484375000001,0.4848769913639317,0.01590548849474823,0.000230901055289771,8.990663511763957e-05,123
full_td,straight,h1_exc,87,25,3.4754791,0.14548595,1.7086087,0.0102457525,2.0370977,0.08684383,1.6694541,0.070011415,0.8271484375000001,2.0183245598393373,0.0846418967360526,0.08649409217995264,0.004431626235429349,33
full_td,straight,h1_exc,88,25,1.3707255,0.03342846,1.0521343,0.0050908877,1.302941,0.031444393,1.074872,0.0256589,0.8271484375000001,1.2994910649418079,0.0310209134095524,0.051923874808287244,0.0047847584284034465,68
full_td,straight,h1_exc,89,25,2.750411,0.13257943,1.3201697,0.018353665,2.0953245,0.106013276,1.7158067,0.085175075,0.8271484375000001,2.0743637334995753,0.10297435114285647,0.065907819969274,0.002846888758191686,31
full_td,straight,h1_exc,90,25,3.8334494,0.13988842,1.6697959,0.011592738,2.302416,0.089594506,1.8828753,0.07199371,0.8271484375000001,2.2763451094981266,0.08703843486343775,0.09834220257950901,0.004373065774129649,26
full_td,straight,h1_exc,91,25,0.9758214,0.031821206,0.67259926,0.005036146,1.4514734,0.04627488,1.1957723,0.03769315,0.8271484375000001,1.4456562596171174,0.04556999526595004,0.0578046360601986,0.005516352433732904,61
full_td,straight,h1_exc,92,25,7.45804,0.3902023,3.0716364,0.010959414,2.4293456,0.12775648,1.9833918,0.1020689,0.8271484375000001,2.3978666834883056,0.1233985255768111,0.10658248399016271,0.004996210111376407,23
full_td,straight,h1_exc,93,25,2.2814605,0.043490954,1.4147234,0.014054904,1.615398,0.031979337,1.3292428,0.025984988,0.8271484375000001,1.6070185306472167,0.03141514507561285,0.05742942184535273,0.0032547516878842723,53
full_td,straight,h1_exc,94,25,5.90848,0.11164027,2.666854,0.008658186,2.2154675,0.041301932,1.8140106,0.033200458,0.8271484375000001,2.193089479417002,0.04013845254674804,0.1108830161449347,0.0025134841168128414,28
full_td,straight,h1_exc,95,25,0.7012528,0.01725047,0.9080239,0.003741671,0.7728296,0.019774385,0.64038414,0.016284533,0.8271484375000001,0.7742070120898333,0.01968755764656167,0.00829073505089714,0.0011510788365284342,107
full_td,straight,h1_exc,96,25,1.0400984,0.01973341,1.970088,0.00494374,0.52790827,0.009852517,0.4383543,0.008144815,0.8271484375000001,0.5299584205087153,0.009846860994960113,0.0013421084792949658,0.0003007872183937248,121
full_td,straight,h1_exc,97,25,1.5855352,0.07779261,1.1382585,0.0090201115,1.3997056,0.07445241,1.1530594,0.06040677,0.8271484375000001,1.3940174281040938,0.07303014216815226,0.040912780734156294,0.0036784819994377035,63
full_td,straight,h1_exc,98,25,1.3376226,0.036617525,3.3727715,0.010786492,0.39628407,0.010244955,0.32941344,0.008487692,0.8271484375000001,0.3982519238097073,0.010261389314362676,0.0,0.0,126
full_td,straight,h1_exc,99,25,6.4288163,0.3746311,1.2730147,0.00917621,5.048432,0.29044262,4.028107,0.22216779,0.8271484375000001,4.869872227041774,0.2685948289905071,0.1130332822223207,0.003235785504686769,2
full_td,straight,h1_exc,100,25,1.7126899,0.024925765,2.324598,0.007189981,0.73677415,0.010547068,0.6107331,0.008688985,0.8271484375000001,0.7383597090809211,0.010504747405982763,0.0035068097772133966,0.000775618904313529,109
full_td,straight,h1_exc,101,25,1.3440347,0.048706673,1.1298581,0.0042733443,1.1899638,0.043583076,0.98242515,0.035582185,0.8271484375000001,1.1877252867955348,0.043017893039653116,0.017663806433971793,0.0018447415851460688,77
full_td,straight,h1_exc,102,25,5.7919188,0.14018758,3.8326333,0.010371462,1.5126399,0.03878403,1.245653,0.031530492,0.8271484375000001,1.5059607255949965,0.03811950958844104,0.03827184991427954,0.004642883432100666,58
full_td,straight,h1_exc,103,25,0.27013627,0.006394103,0.4196621,0.0032277312,0.6434103,0.0139127895,0.5337384,0.011478101,0.8271484375000001,0.6452752240026827,0.01387671254432532,0.005786957698199885,0.000285018490123311,113
full_td,straight,h1_exc,104,25,0.93994325,0.030247947,1.4375873,0.011061405,0.6537827,0.020293374,0.54226077,0.016747668,0.8271484375000001,0.6555785275302547,0.02024747516475676,0.002713082193552372,0.0004955005476338593,112
full_td,straight,h1_exc,105,25,6.167069,0.22797166,1.8898338,0.012917022,3.2663617,0.11998629,2.6498296,0.094967775,0.8271484375000001,3.203572104680249,0.11481346339600103,0.12601425092439253,0.0028859452336790254,11
full_td,straight,h1_exc,106,25,0.7716418,0.010276234,1.3041617,0.0054748366,0.59159434,0.0072193053,0.4909864,0.005960712,0.8271484375000001,0.5935892404900632,0.007206338902816031,0.0013132438950953307,0.00032943360975823605,117
full_td,straight,h1_exc,107,25,0.9773151,0.05009409,2.18889,0.00823905,0.44643077,0.022923114,0.3708764,0.01897098,0.8271484375000001,0.4483794629003105,0.022935397820129117,2.886002886000283e-05,2.886002886000283e-05,124
full_td,straight,h1_exc,108,25,3.3292575,0.0486502,2.4198496,0.01666295,1.3752754,0.016255012,1.1339941,0.013251202,0.8271484375000001,1.3709680658578502,0.01602034289941708,0.06790655722912609,0.002942926400308144,65
full_td,straight,h1_exc,109,25,1.1818036,0.041399334,1.0763464,0.013139399,1.0985093,0.03530592,0.9076882,0.028880272,0.8271484375000001,1.097370427904134,0.03491546343412605,0.02824208532513011,0.0014990258099489085,84
full_td,straight,h1_exc,110,25,1.5866011,0.03332841,0.96896094,0.012299961,1.6394707,0.03176963,1.3487887,0.025784995,0.8271484375000001,1.6306488928080345,0.031173358269082466,0.062321637954304746,0.004022353422133096,51
full_td,straight,h1_exc,111,25,1.2392063,0.031390462,1.3216759,0.005062523,0.93758255,0.02321238,0.7758328,0.019046713,0.8271484375000001,0.9379606736606789,0.023026957195472656,0.025363037791985777,0.0015766116362358733,94
full_td,straight,h1_exc,112,25,2.0657008,0.030123325,1.7019951,0.006727804,1.2140021,0.018136395,1.0023323,0.014823059,0.8271484375000001,1.2117925338435218,0.017920675265171743,0.039851933891313474,0.0008853820098629284,73
full_td,straight,h1_exc,113,25,0.58864355,0.014540513,2.1266062,0.014371678,0.276942,0.0068769716,0.23044258,0.005708003,0.8271484375000001,0.27859881536014014,0.006900820652158706,0.0003679985568680725,0.00017750616398275198,128
full_td,straight,h1_exc,114,25,1.0310038,0.012332592,0.9798863,0.008781612,1.0524004,0.009839994,0.8700984,0.008064967,0.8271484375000001,1.0519253892065776,0.009750325760518564,0.006378641652379923,0.0007596372253606985,85
full_td,straight,h1_exc,115,25,0.54216,0.010516711,0.55994815,0.0029715106,0.96895635,0.019686444,0.80161345,0.016151225,0.8271484375000001,0.9691289394991819,0.019526392124991555,0.0067682871831814114,0.0010841070871315417,92
full_td,straight,h1_exc,116,25,1.027602,0.016923552,1.2276793,0.009235298,0.8364769,0.010335166,0.6928101,0.008498382,0.8271484375000001,0.8375886587510679,0.010274313177649283,0.01710102480823406,0.0011156880531385676,99
full_td,straight,h1_exc,117,25,1.6193775,0.011996409,1.3642915,0.01028878,1.187538,0.0073194974,0.9807402,0.005983985,0.8271484375000001,1.1856882172225014,0.0072344753631792815,0.04594914796272607,0.0008021268088336411,79
full_td,straight,h1_exc,118,25,3.0287788,0.13810542,1.026793,0.005403635,2.9471781,0.131065,2.3964524,0.10392466,0.8271484375000001,2.897245989545101,0.12564209619413055,0.10297465500126006,0.003473892835958968,14
full_td,straight,h1_exc,119,25,0.5698266,0.03946759,0.5480695,0.004040806,1.0402833,0.071713686,0.8593466,0.05870618,0.8271484375000001,1.0389266925039475,0.0709741748462081,0.01956866204857585,0.0034450270935681843,90
full_td,straight,h1_exc,120,25,1.0390218,0.03416871,0.6796884,0.0052472954,1.5282493,0.04804721,1.258219,0.039023284,0.8271484375000001,1.521152567482612,0.04717809165113659,0.0629133219084848,0.003048976257176073,57
full_td,straight,h1_exc,121,25,4.5339932,0.2646454,2.2713969,0.01280569,1.9989803,0.11769268,1.6377069,0.09476458,0.8271484375000001,1.9799431059977213,0.11456780447470376,0.08123387751413254,0.008032199599072469,35
full_td,straight,h1_exc,122,25,0.64148694,0.010508268,0.6881986,0.0034278445,0.9316777,0.013321277,0.7710426,0.010936569,0.8271484375000001,0.9321695283969776,0.013222015452116428,0.010101848283493363,0.0012463465961972922,95
full_td,straight,h1_exc,123,25,2.2660635,0.03779917,1.2078437,0.0067866677,1.8774235,0.032954868,1.5415459,0.026640132,0.8271484375000001,1.8636869909167297,0.03220719493864585,0.09017407774863337,0.002542907823834934,40
full_td,straight,h1_exc,124,25,0.45585597,0.01647826,1.1986654,0.0047379853,0.37984356,0.01306045,0.31577876,0.01082277,0.8271484375000001,0.3817679467823855,0.013084435537922781,7.215657977805343e-06,7.215657977805343e-06,127
full_td,straight,h1_exc,125,25,1.4343675,0.02027236,0.96958846,0.0101741245,1.4815212,0.021529563,1.220502,0.017524198,0.8271484375000001,1.475553740370076,0.021186279125034402,0.07248850004503248,0.0021193162590947287,60
full_td,straight,h1_exc,126,25,0.75294405,0.009359478,0.95869166,0.0043612644,0.7852063,0.008452048,0.6506264,0.0069555948,0.8271484375000001,0.7865896630248411,0.00840912493854294,0.0035068097772133966,0.0005832421297918151,105
full_td,straight,h1_exc,127,25,0.6278664,0.017719394,0.7855691,0.011945654,0.7978344,0.015944572,0.6609913,0.013126531,0.8271484375000001,0.7991204672518522,0.01586961869225756,0.006609542707669694,0.0007629854624492246,102
no_td,C,h1_exc,0,25,0.22852647,0.00044199676,0.2388701,0.0003462125,0.95670485,0.0014414034,1.5828714,0.0023470714,1.6533203125,0.9573893824993105,0.0014196108012428552,0.028673331693799528,0.00042828351031805865,79
no_td,C,h1_exc,1,25,0.25389957,0.0016643611,0.28366685,0.0017633832,0.8950365,0.0012389967,1.4823536,0.0020215411,1.6533203125,0.8965918664391017,0.0012227159572805733,0.022311237744052366,0.00015672397187699533,101
no_td,C,h1_exc,2,25,0.3582614,0.0011110596,0.40801716,0.00059257663,0.8780596,0.0024798666,1.4546425,0.004048594,1.6533203125,0.8798309766861153,0.0024487655410788535,0.016404876953120387,0.000256451726548295,103
no_td,C,h1_exc,3,25,0.3253584,0.00087062095,0.3773406,0.00076731096,0.8623025,0.0025853908,1.4289109,0.004223441,1.6533203125,0.864267411386903,0.0025545204657503144,0.021386072236636734,0.0002066341742382905,108
no_td,C,h1_exc,4,25,0.6173611,0.00073365035,0.46783704,0.0013008796,1.3198118,0.0034063335,2.1705873,0.005481513,1.6533203125,1.3128655194606509,0.0033154574651225966,0.052747842118450725,0.0003226104035683034,4
no_td,C,h1_exc,5,25,0.3877126,0.0019540256,0.35311234,0.0018589748,1.0980299,0.0011129201,1.8124566,0.0018037834,1.6533203125,1.0962526208012762,0.001091006548343532,0.050964552082417694,0.00027023696601272763,47
no_td,C,h1_exc,6,25,0.3900864,0.0032623338,0.35358822,0.003143723,1.1033802,0.0019464771,1.8211257,0.003154166,1.6533203125,1.101496043249073,0.0019077767869967296,0.04049945529201333,0.0003900590639830375,45
no_td,C,h1_exc,7,25,0.16305694,0.00083327264,0.18425016,0.00086770725,0.88495475,0.0012222033,1.4659011,0.0019948254,1.6533203125,0.8866407119290013,0.0012065571815541311,0.0174171873065058,8.86396377354655e-05,102
no_td,C,h1_exc,8,25,0.40727738,0.00092985015,0.36247653,0.00076992495,1.1236719,0.0028069576,1.8539937,0.004546462,1.6533203125,1.1213759397850993,0.0027498979524634274,0.045031275467644925,0.00022543574316888712,41
no_td,C,h1_exc,9,25,0.34735262,0.0012796565,0.4151442,0.0011638711,0.8366661,0.00114787,1.3870218,0.0018764772,1.6533203125,0.8389310685330972,0.0011349749216901133,0.013709880164238908,0.00018103133323283977,114
no_td,C,h1_exc,10,25,0.41751897,0.0010355427,0.41593644,0.0009756245,1.0037991,0.00043180847,1.6594969,0.00070203905,1.6533203125,1.0037359165469177,0.00042462373987272776,0.037770759372612754,0.0001789058940486943,64
no_td,C,h1_exc,11,25,0.49586254,0.0014718432,0.46440357,0.0015749674,1.067802,0.0015520972,1.7634404,0.002518371,1.6533203125,1.0666054121150461,0.0015232201753812115,0.040559792172931736,0.0002824486641471315,56
no_td,C,h1_exc,12,25,1.0107998,0.002697008,0.83379686,0.0029291527,1.212401,0.002027119,1.9974703,0.0032728298,1.6533203125,1.2081568102870492,0.001979549668490545,0.0453195550470645,0.0003320059952844478,19
no_td,C,h1_exc,13,25,1.4694177,0.0027351028,1.2560409,0.003718773,1.170105,0.003816685,1.9291235,0.0061724195,1.6533203125,1.166817777801188,0.00373334756772493,0.05289533227180684,0.00036553731228116727,30
no_td,C,h1_exc,14,25,0.34812504,0.0020360027,0.36608088,0.0020068395,0.95099556,0.002733044,1.5735704,0.004451392,1.6533203125,0.9517637884049402,0.0026923956302693877,0.018027319198845194,0.00032801587329947193,82
no_td,C,h1_exc,15,25,0.496594,0.0011594647,0.3751834,0.001502734,1.3238736,0.0033513028,2.177122,0.005391447,1.6533203125,1.316818186438737,0.003260981447040446,0.05362590535546837,0.00042837254336718317,3
no_td,C,h1_exc,16,25,1.1308793,0.0023427575,0.9811157,0.0026229958,1.152769,0.0028285375,1.9010897,0.004576155,1.6533203125,1.1498616216952773,0.002767857425484393,0.045896091173557994,0.0004346139241525796,33
no_td,C,h1_exc,17,25,0.31931537,0.0013548675,0.5228698,0.0008791944,0.61075056,0.00288938,1.0163014,0.004759124,1.6533203125,0.6147032248218592,0.002878525113630308,0.012818235146222393,0.00020733987556093735,128
no_td,C,h1_exc,18,25,0.5807413,0.0016149294,0.4729182,0.0015612108,1.2281575,0.0034573153,2.0228994,0.0055798674,1.6533203125,1.2235374532601382,0.003374946433022502,0.04372412637220839,0.0003247510961474286,18
no_td,C,h1_exc,19,25,0.38537362,0.0022718906,0.46286553,0.0020111846,0.83249426,0.0022350748,1.3801988,0.0036541743,1.6533203125,0.8348042152235557,0.002210203380221809,0.01543278219878146,0.00018127123816371327,116
no_td,C,h1_exc,20,25,0.41847622,0.00079743296,0.41967434,0.00093552103,0.99725133,0.0027385734,1.6488461,0.004453794,1.6533203125,0.9972938141096936,0.0026938483324779696,0.02906226430903456,0.00024689382154770626,66
no_td,C,h1_exc,21,25,0.3949608,0.0010239509,0.38170424,0.0007226006,1.0347412,0.002100959,1.7097737,0.0034121417,1.6533203125,1.034145484252828,0.0020638115981341685,0.03840107265562859,0.00024081153179447587,60
no_td,C,h1_exc,22,25,0.6760283,0.0013468076,0.83964247,0.0010868295,0.8051554,0.0016249379,1.3354802,0.0026589425,1.6533203125,0.8077564682297393,0.0016082440036512054,0.011651683915145197,0.00037441159711686697,122
no_td,C,h1_exc,23,25,0.29745683,0.0011723319,0.32817993,0.00128421,0.9063958,0.0010529986,1.5008845,0.001717433,1.6533203125,0.907800222585315,0.001038778142100347,0.018845219140183653,0.00016309477852125348,92
no_td,C,h1_exc,24,25,0.44383767,0.0013596672,0.53213,0.0009570784,0.83411026,0.0025482443,1.3828399,0.0041666906,1.6533203125,0.8364017168751455,0.002520195494843938,0.015982517101397926,0.0004033963106034381,115
no_td,C,h1_exc,25,25,0.22838679,0.0004908534,0.26291618,0.00040839825,0.8686664,0.0012450357,1.439308,0.0020333305,1.6533203125,0.870556067188168,0.0012298466097875888,0.024791673065494967,0.0002170149400816305,106
no_td,C,h1_exc,26,25,0.3153683,0.0018129266,0.32230338,0.0016653206,0.9784319,0.0013885202,1.6182371,0.0022592316,1.6533203125,0.9787801388857303,0.0013664814648395994,0.026608564485019182,0.00022554415999380992,72
no_td,C,h1_exc,27,25,0.7716233,0.0014397975,0.7204745,0.0020683235,1.0711651,0.0031364742,1.7688913,0.0050887694,1.6533203125,1.0699023488152393,0.0030779089005247475,0.032957345177211966,0.00028817225058566854,55
no_td,C,h1_exc,28,25,0.38949952,0.00066227256,0.33849534,0.00057663844,1.1506912,0.001067005,1.8977324,0.0017263938,1.6533203125,1.1478310494753898,0.0010441980166832569,0.035571588315161266,0.00033258580565231205,34
no_td,C,h1_exc,29,25,0.62815344,0.0016875895,0.50710857,0.0015875458,1.2387727,0.0020000516,2.0400321,0.0032264371,1.6533203125,1.2339001570469508,0.0019514894659401762,0.04204139780437271,0.00025632400292102333,16
no_td,C,h1_exc,30,25,0.66762704,0.0010830344,0.787689,0.00077399804,0.84758323,0.001280644,1.4048656,0.0020930003,1.6533203125,0.8497238087956385,0.0012659375431490554,0.012737743839324894,0.000227759804194212,111
no_td,C,h1_exc,31,25,0.26651692,0.0014038992,0.2814007,0.0011095061,0.94714814,0.0038118789,1.5672994,0.0062098317,1.6533203125,0.9479708092950555,0.0037559760809331767,0.02929011263109498,0.000570952547074103,85
no_td,C,h1_exc,32,25,0.5412327,0.0012389695,0.58647156,0.0006132351,0.9228707,0.0020380863,1.5277464,0.0033223282,1.6533203125,0.924047439312761,0.002009488494140118,0.029953909327051068,0.0004959182419481962,87
no_td,C,h1_exc,33,25,0.80221254,0.0032611475,0.6396752,0.0030166465,1.2542391,0.0025902747,2.0649748,0.0041762195,1.6533203125,1.248986438242619,0.0025259589721028305,0.057333258562426576,0.0004148739844570448,11
no_td,C,h1_exc,34,25,0.55585486,0.0011216268,0.4346974,0.0008508198,1.2787793,0.0026486388,2.1045272,0.004267493,1.6533203125,1.2729095717272039,0.0025811652189516236,0.049670323009365774,0.00033459479652818056,7
no_td,C,h1_exc,35,25,0.16424218,0.000840455,0.20182648,0.00091129256,0.8137411,0.0011452596,1.3495297,0.0018738336,1.6533203125,0.8162542001076091,0.001133375982998438,0.013267370942418115,0.00016097362432648593,120
no_td,C,h1_exc,36,25,0.32341716,0.00076570525,0.2990107,0.0008604666,1.0817889,0.003421493,1.7861208,0.005548432,1.6533203125,1.080323505029895,0.0033559329241526978,0.03189139361432004,0.0002331461890480656,53
no_td,C,h1_exc,37,25,0.4012171,0.0032844802,0.4041373,0.0032281568,0.9927499,0.0012117415,1.6415296,0.0019706248,1.6533203125,0.9928684285875087,0.0011919195568853064,0.03187128132068057,0.0002541227484187522,70
no_td,C,h1_exc,38,25,1.0517259,0.0012167904,0.80176413,0.0011425379,1.3117919,0.0013388366,2.1576884,0.002154661,1.6533203125,1.305063644600132,0.0013032326451946725,0.04663370485205176,0.00023747557534961784,5
no_td,C,h1_exc,39,25,0.43059415,0.0024213432,0.50057524,0.0016692657,0.8601619,0.0035798312,1.4254103,0.0058479705,1.6533203125,0.862150139683451,0.003537106676721493,0.022646442638043537,0.00050031693276788,109
no_td,C,h1_exc,40,25,0.18048796,0.00085159723,0.17306714,0.0007635932,1.0428767,0.0016976545,1.722986,0.0027562156,1.6533203125,1.0421368226200274,0.001667079095316296,0.03744226363238216,0.00021595818768175591,58
no_td,C,h1_exc,41,25,0.41581035,0.00077973877,0.35124883,0.0010176477,1.183928,0.0022748802,1.9514747,0.003676263,1.6533203125,1.180336707919139,0.0022235636221870406,0.04540685494004407,0.0002572793098462507,26
no_td,C,h1_exc,42,25,0.78701556,0.0016148643,0.7200018,0.0014805564,1.0930922,0.0012737041,1.8044533,0.0020646492,1.6533203125,1.0914117664854583,0.0012487896743882346,0.03264884600712803,0.00018486071614827048,52
no_td,C,h1_exc,43,25,0.41667095,0.0015263995,0.3800527,0.0022413402,1.0968567,0.0045339153,1.810543,0.0073468206,1.6533203125,1.0950950914133424,0.00444367637853806,0.038608899689903116,0.0003068971209309556,48
no_td,C,h1_exc,44,25,0.46420777,0.0016104978,0.4020368,0.0014357626,1.1546617,0.0010744124,1.9041557,0.0017381134,1.6533203125,1.1517161848208735,0.001051286507453091,0.0424099878025117,0.0003858162383726675,32
no_td,C,h1_exc,45,25,0.26070347,0.00053656247,0.29070598,0.0005160006,0.896793,0.00087667175,1.4852198,0.0014303072,1.6533203125,0.8983255648144322,0.0008651119550508388,0.019864106632665513,0.00018889796147069927,100
no_td,C,h1_exc,46,25,0.33747104,0.0015603844,0.3049564,0.0013016633,1.1066219,0.0019704336,1.8263785,0.0031923912,1.6533203125,1.1046730525374842,0.0019308969709246622,0.034727114102815176,0.0003447215469922536,44
no_td,C,h1_exc,47,25,1.0264363,0.0014914552,0.82250124,0.0011977224,1.247983,0.0019816828,2.054888,0.0031959438,1.6533203125,1.2428855875799478,0.0019330456912274583,0.03773736696552607,0.0001427673808030101,15
no_td,C,h1_exc,48,25,0.8624246,0.0014376333,0.7423155,0.0016489882,1.161849,0.0012271263,1.9157811,0.0019846307,1.6533203125,1.1587477289584234,0.0012003909180673834,0.037153986861785226,0.00018732304346652704,31
no_td,C,h1_exc,49,25,0.5520275,0.0012406363,0.5128078,0.00089443167,1.0765225,0.0024781718,1.7775835,0.004018631,1.6533203125,1.075159750584976,0.002430642523349539,0.034593145059888884,0.0004015469220045555,54
no_td,C,h1_exc,50,25,0.260262,0.0008885214,0.33720934,0.00096901157,0.7718494,0.0021255077,1.2809432,0.003481636,1.6533203125,0.774770102233892,0.00210584479129929,0.014413712694592457,0.00015542353617599693,126
no_td,C,h1_exc,51,25,0.29677674,0.0005732992,0.30890158,0.0005290261,0.9607561,0.0011560961,1.5894682,0.0018822423,1.6533203125,0.9613794507249555,0.0011384619665133187,0.027540434090314637,0.00019249246229520022,76
no_td,C,h1_exc,52,25,1.3620408,0.0015539856,1.0881815,0.0016123789,1.2516965,0.0013010512,2.060878,0.0020979969,1.6533203125,1.2465086632742182,0.001268959722083271,0.055087382963863084,0.00026998831850831996,12
no_td,C,h1_exc,53,25,0.5590089,0.0012959514,0.4058049,0.001446143,1.3777155,0.0026933134,2.263664,0.0043254993,1.6533203125,1.3691624610316901,0.0026162500965729706,0.05791610779868825,0.00023433944757997554,2
no_td,C,h1_exc,54,25,0.6191975,0.0009148697,0.4836626,0.0014135585,1.2804422,0.0035414838,2.1072028,0.0057058646,1.6533203125,1.2745277871172243,0.0034511549538871543,0.05367300762586636,0.0004255782244762814,6
no_td,C,h1_exc,55,25,0.5028672,0.000919637,0.43751255,0.00073614455,1.149439,0.0025643113,1.8957028,0.004148364,1.6533203125,1.146603473503599,0.0025091109256468267,0.0354980898531111,0.00037853723692041674,35
no_td,C,h1_exc,56,25,0.74588865,0.0026596664,0.88290906,0.0015392253,0.8448282,0.0028829596,1.4003587,0.004711886,1.6533203125,0.8469978583220567,0.002849953472619419,0.02267988785099587,0.0003842368961951498,112
no_td,C,h1_exc,57,25,0.31677377,0.0034801683,0.3512101,0.003252923,0.9016813,0.0027741622,1.4931902,0.004525302,1.6533203125,0.9031463543184621,0.0027370994447733403,0.021982736947941017,0.0003099029221086457,97
no_td,C,h1_exc,58,25,0.33928803,0.0019324981,0.30801496,0.001468075,1.1015054,0.0030883767,1.8180841,0.00500447,1.6533203125,1.099656310260348,0.003026920727613123,0.03139529037121311,0.0002768773486172702,46
no_td,C,h1_exc,59,25,0.33026072,0.000645247,0.29075164,0.0004221497,1.1359472,0.0028239985,1.8738676,0.0045717424,1.6533203125,1.1333966511436537,0.002765188411484906,0.05729992457885083,0.00043418631563956676,38
no_td,C,h1_exc,60,25,0.31934536,0.0013316165,0.31933114,0.0013897509,1.0002023,0.0034043975,1.6536417,0.0055357493,1.6533203125,1.0001943864166107,0.003348261870000122,0.03386910248886795,0.0005854037820968377,65
no_td,C,h1_exc,61,25,0.5900622,0.0012441113,0.51770705,0.0010132423,1.139852,0.0030729803,1.8801869,0.004974031,1.6533203125,1.137218805995388,0.003008510003119852,0.036805497360230616,0.000229397080003694,36
no_td,C,h1_exc,62,25,0.7468686,0.004319359,0.88521093,0.0043157046,0.8436585,0.0016309067,1.3984507,0.0026656538,1.6533203125,0.8458438129491639,0.0016123032382067012,0.03150894488526977,0.00015723847692555062,113
no_td,C,h1_exc,63,25,0.8265346,0.0018788861,0.7388651,0.0015004876,1.1186547,0.0011571174,1.8458728,0.0018740161,1.6533203125,1.1164640640534012,0.001133486387885185,0.040371947664690655,0.00022724638495970833,42
no_td,C,h1_exc,64,25,0.22906315,0.001000694,0.26784703,0.0010877986,0.85518783,0.0009819734,1.417292,0.0016043425,1.6533203125,0.8572398531009976,0.0009703760779683426,0.015754630017585054,0.00017064749684950388,110
no_td,C,h1_exc,65,25,0.29055068,0.0009516741,0.25800326,0.0009324333,1.1262015,0.0013521932,1.8580937,0.0021895068,1.6533203125,1.1238558230440587,0.0013243088834432788,0.03042319617863871,0.000159917679602669,40
no_td,C,h1_exc,66,25,0.5579616,0.0010338767,0.44159967,0.0011950876,1.2636026,0.0021249226,2.0800714,0.003425464,1.6533203125,1.2581176840342587,0.0020718696007047243,0.05765524176648147,0.00031474769733213685,9
no_td,C,h1_exc,67,25,0.63221645,0.0013559924,0.5783498,0.0011242707,1.0931756,0.002097063,1.8045866,0.0033990932,1.6533203125,1.0914924814233193,0.0020559192466873743,0.029551663454261665,0.00015352481729607488,51
no_td,C,h1_exc,68,25,0.77136064,0.0010458473,0.75317174,0.0009563402,1.0241696,0.0013928149,1.6926029,0.0022627662,1.6533203125,1.023759759432856,0.0013686194414645084,0.03529707533727034,0.00026216080240543566,62
no_td,C,h1_exc,69,25,0.5379971,0.0011156785,0.5620879,0.0010220637,0.9571583,0.001524702,1.5836095,0.0024827437,1.6533203125,0.957835849797629,0.0015016712443823288,0.024148160563123983,0.00019781822711304514,78
no_td,C,h1_exc,70,25,0.67568886,0.00078314927,0.5404279,0.0007261805,1.2503139,0.0015154823,2.058648,0.0024438181,1.6533203125,1.2451599052991362,0.001478127378066272,0.045373334450644946,0.00018626255474571575,14
no_td,C,h1_exc,71,25,1.113924,0.0017926055,0.93730253,0.0016256167,1.1884849,0.0020612874,1.9588394,0.003330482,1.6533203125,1.1847912489943446,0.0020144203189031446,0.03629587300669386,0.0002720365857598151,23
no_td,C,h1_exc,72,25,0.24955769,0.0016268517,0.28729218,0.0016366384,0.8685668,0.0011814411,1.4391456,0.0019293099,1.6533203125,0.8704577475915241,0.001166930522308694,0.012234978630677754,0.00015870692154898065,107
no_td,C,h1_exc,73,25,0.82936305,0.0017888275,1.0484315,0.0016154158,0.79105294,0.0012381523,1.3123965,0.0020272308,1.6533203125,0.7937945202190899,0.0012261573438547134,0.015111036621122004,0.00021303319326804437,124
no_td,C,h1_exc,74,25,0.87182,0.0011803742,0.76818776,0.001045224,1.1349264,0.0014247374,1.8722192,0.0023063528,1.6533203125,1.132399542189998,0.0013949824089566484,0.041344028936680904,0.00020539892898469324,39
no_td,C,h1_exc,75,25,0.64048254,0.0018720864,0.71057665,0.0017729873,0.90135646,0.0013841037,1.492664,0.0022578398,1.6533203125,0.9028280601264638,0.0013656397114175346,0.02068214195925527,0.0003013738698678707,99
no_td,C,h1_exc,76,25,0.33966124,0.0005413324,0.33672833,0.0009016449,1.0088481,0.002621497,1.6677006,0.0042617708,1.6533203125,1.0086978576901189,0.002577704075995658,0.0343516773186062,0.000244859861595069,63
no_td,C,h1_exc,77,25,1.1409025,0.00061664206,0.9071663,0.0008874653,1.2576833,0.0013706387,2.0705311,0.002209879,1.6533203125,1.2523472264403217,0.0013366309319265788,0.049590212017053895,0.0003077258823867574,10
no_td,C,h1_exc,78,25,0.43044013,0.002945703,0.46646094,0.0026129833,0.9226561,0.0018370231,1.527397,0.002994568,1.6533203125,0.9238361084202854,0.0018112449756982325,0.017008296321112035,0.00015696277130221572,88
no_td,C,h1_exc,79,25,0.36628222,0.00035556694,0.33005223,0.0003232102,1.1097822,0.0010270964,1.8315006,0.0016639819,1.6533203125,1.107771195607936,0.0010064486054862907,0.047042654822720985,0.00017329368996227702,43
no_td,C,h1_exc,80,25,0.78997713,0.0017340308,0.84531814,0.0014710187,0.9346151,0.0028375112,1.5468853,0.0046231407,1.6533203125,0.9356234311487543,0.002796276426109076,0.023517975362420583,0.0002395249487630586,86
no_td,C,h1_exc,81,25,0.49151307,0.0010669511,0.43220562,0.001343481,1.1374402,0.003802143,1.8762802,0.006155256,1.6533203125,1.1348558131715234,0.0037229664572603514,0.046848080937196314,0.0003193551145271636,37
no_td,C,h1_exc,82,25,0.51754713,0.0019932375,0.5235419,0.002036987,0.988587,0.0016940323,1.6347576,0.002755473,1.6533203125,0.9887724728385084,0.0016666298418359445,0.027144795691906202,0.00032576089857430494,71
no_td,C,h1_exc,83,25,0.5706982,0.0020773944,0.588155,0.0013802821,0.9703543,0.0031746947,1.6050867,0.005167091,1.6533203125,0.9708261931137343,0.003125281023021707,0.03003435850160895,0.0003232598931026521,74
no_td,C,h1_exc,84,25,0.625396,0.0013666826,0.49986762,0.0014011502,1.2512072,0.0019976476,2.0600877,0.0032213987,1.6533203125,1.246030655256953,0.0019484420267029123,0.04600336067198687,0.00019946762141764867,13
no_td,C,h1_exc,85,25,0.2333154,0.0015026444,0.25671822,0.0014537869,0.90876997,0.001533353,1.504756,0.0025006519,1.6533203125,0.9101418325552777,0.0015125028991776757,0.020903377189289446,0.0001756550407315902,90
no_td,C,h1_exc,86,25,0.27042195,0.0006245593,0.2536606,0.00064620754,1.0661184,0.00151019,1.760709,0.0024500524,1.6533203125,1.064953391973126,0.0014818982169527027,0.029290105889920644,0.00024504585579119447,57
no_td,C,h1_exc,87,25,1.0058293,0.0024485928,0.7868415,0.0029515184,1.2785205,0.0029651,2.1041093,0.0047763404,1.6533203125,1.272656755675499,0.002888938358951301,0.05133327746580798,0.00030392937346960337,8
no_td,C,h1_exc,88,25,0.220737,0.0015364167,0.24469963,0.0015156082,0.90197617,0.00094701594,1.4936757,0.001544882,1.6533203125,0.9034399835298064,0.0009344117370651422,0.008976753916976405,0.00013720664123197587,96
no_td,C,h1_exc,89,25,0.36637783,0.0005874267,0.31032553,0.0007655769,1.1807226,0.002194964,1.9462941,0.0035481788,1.6533203125,1.1772032920805158,0.002146092832960069,0.037992122684959356,0.0002790668820450552,27
no_td,C,h1_exc,90,25,0.30073863,0.0009681974,0.3330428,0.0010389219,0.90301186,0.0010944193,1.495365,0.0017852358,1.6533203125,0.9044617488117612,0.0010797882491927905,0.022291125450412893,0.00021266366446725675,94
no_td,C,h1_exc,91,25,0.11912385,0.00039406412,0.14354306,0.0004030409,0.8299008,0.0018375914,1.3759595,0.003004625,1.6533203125,0.8322400926340365,0.00181732783247245,0.01566742618633981,0.0002279940122600334,117
no_td,C,h1_exc,92,25,0.34784755,0.00083324837,0.38537267,0.0006660817,0.9026448,0.0019013769,1.4947646,0.0031015705,1.6533203125,0.9040985662008082,0.0018759646354972314,0.02979962069937439,0.0002634324579539279,95
no_td,C,h1_exc,93,25,0.21923882,0.0006757309,0.2308252,0.00060212874,0.94981575,0.0018187321,1.5716516,0.0029625373,1.6533203125,0.9506031903150167,0.0017918713221561884,0.025830714983955914,0.00016430073544138263,83
no_td,C,h1_exc,94,25,0.37870276,0.0013751466,0.34634212,0.000813838,1.0934315,0.0029448073,1.8049988,0.0047739954,1.6533203125,1.091741695211128,0.002887519877476266,0.04706930212311728,0.00034945168192616416,50
no_td,C,h1_exc,95,25,0.2407009,0.00043680862,0.33616254,0.00029771632,0.7160203,0.0009940752,1.1893946,0.0016315917,1.6533203125,0.7193975696437132,0.0009868576163028827,0.01183273275788835,0.00014833842338993414,127
no_td,C,h1_exc,96,25,0.68395025,0.001856338,0.8645666,0.00073768815,0.7911066,0.00228652,1.3124821,0.0037437868,1.6533203125,0.7938462266939691,0.002264405046816488,0.01816126633295489,0.0002770336292400681,123
no_td,C,h1_exc,97,25,0.5207821,0.0011611063,0.5452954,0.0010556283,0.9550705,0.0017471894,1.5802094,0.0028453008,1.6533203125,0.9557793032073287,0.001720961681558693,0.029028743819635442,0.00020888761245648483,80
no_td,C,h1_exc,98,25,0.3477334,0.00096861424,0.38433883,0.0004030522,0.9047756,0.0026106038,1.4982382,0.0042584743,1.6533203125,0.9061996378111433,0.0025757104868135957,0.019508924830286174,0.0003738949776639147,93
no_td,C,h1_exc,99,25,0.8242002,0.004154432,0.86902213,0.0027861905,0.94839096,0.003308813,1.569326,0.005389778,1.6533203125,0.9491965855769579,0.0032599719127545572,0.03658426213019644,0.0005232060560940678,84
no_td,C,h1_exc,100,25,0.7209153,0.0012110863,0.7231596,0.0013636798,0.9969556,0.0020440721,1.6483673,0.003324015,1.6533203125,0.9970041765182309,0.002010508868379302,0.03655074164079732,0.0002630379665253287,67
no_td,C,h1_exc,101,25,0.28089193,0.0012065903,0.31164497,0.0009257559,0.90141886,0.003912335,1.4927571,0.0063813147,1.6533203125,0.9028844013796301,0.003859696608917748,0.026367216961345537,0.00029425567883799693,98
no_td,C,h1_exc,102,25,0.46349472,0.0039495025,0.4664546,0.0038478398,0.99364203,0.001903471,1.642979,0.003095513,1.6533203125,0.9937451025245423,0.0018723008592980606,0.02400737450764769,0.0002654052354553052,68
no_td,C,h1_exc,103,25,0.1965838,0.0005181806,0.22547965,0.0004989581,0.8718823,0.0020397657,1.4445581,0.0033307583,1.6533203125,0.8737315248208738,0.0020145874330602252,0.018422860973754777,0.0002977668676432782,105
no_td,C,h1_exc,104,25,0.59634084,0.0014130257,0.50251853,0.00086374604,1.1867328,0.0025725833,1.9560063,0.004155963,1.6533203125,1.1830776211990388,0.002513707316903603,0.04577558032343436,0.00044367927097495866,25
no_td,C,h1_exc,105,25,0.81300336,0.0014060548,0.67421144,0.0020354246,1.206058,0.0033395581,1.9872229,0.005392128,1.6533203125,1.201958782138625,0.003261393388639604,0.05161484957676057,0.00026384834404144243,20
no_td,C,h1_exc,106,25,0.34681475,0.00090071646,0.34925115,0.0009030669,0.9930723,0.0019871683,1.642052,0.0032316959,1.6533203125,0.9931844702830278,0.0019546700718417087,0.027728054454508953,0.00029778637236843017,69
no_td,C,h1_exc,107,25,0.26636487,0.0018020872,0.27414513,0.0015496013,0.97156554,0.002828187,1.6070595,0.0046030576,1.6533203125,0.9720194019305353,0.0027841292709895834,0.03280985502385585,0.0005029265108269053,73
no_td,C,h1_exc,108,25,0.23630387,0.0012102087,0.258974,0.0011039901,0.91241914,0.0018863911,1.5107062,0.0030761645,1.6533203125,0.9137407825990368,0.0018605980434075475,0.02013240593310975,0.0002566233744460862,89
no_td,C,h1_exc,109,25,1.0611137,0.002883216,1.2102436,0.0034408239,0.8768357,0.0019251707,1.4526459,0.0031430793,1.6533203125,0.8786233645819679,0.0019010710113338564,0.022338054135571658,0.00026207506823328205,104
no_td,C,h1_exc,110,25,0.5052982,0.0012667623,0.5270503,0.0009893326,0.9587375,0.0018014701,1.5861801,0.0029332398,1.6533203125,0.9593906607284935,0.0017741509125929447,0.029531551160622196,0.0004701838645468458,77
no_td,C,h1_exc,111,25,1.029945,0.0019149531,0.8668189,0.0027231055,1.1883616,0.002820665,1.9586377,0.004558534,1.6533203125,1.1846691757984644,0.0027571993357782165,0.04324143132486111,0.00021200218956947788,24
no_td,C,h1_exc,112,25,1.0061545,0.0030797394,1.0576656,0.0018737069,0.95131963,0.0027234224,1.5740983,0.0044351425,1.6533203125,0.9520830718495538,0.002682566997930168,0.02569671392045151,0.00036892133935210623,81
no_td,C,h1_exc,113,25,0.38864762,0.0018196276,0.4751261,0.0017806776,0.8180403,0.0029905827,1.3565577,0.0048919288,1.6533203125,0.8205051483800367,0.0029588510711196676,0.023370485209064467,0.0003335358879753016,118
no_td,C,h1_exc,114,25,0.3319608,0.0004974033,0.32099682,0.00054639357,1.0341818,0.001236263,1.7088672,0.002007737,1.6533203125,1.0335971441239828,0.0012143665852216313,0.03350026138198485,0.0002534834874926975,61
no_td,C,h1_exc,115,25,0.5852925,0.0023149464,0.56241214,0.0020527667,1.0407966,0.003497969,1.7196023,0.0056806533,1.6533203125,1.0400902666159042,0.003435906013733453,0.04291948800608772,0.0002842352743283701,59
no_td,C,h1_exc,116,25,0.40452176,0.0014451764,0.49494126,0.0010756721,0.81730235,0.0021686214,1.3553534,0.0035474375,1.6533203125,0.8197766864040456,0.0021456443422290484,0.02058158049105792,0.00028948845292931647,119
no_td,C,h1_exc,117,25,1.3480692,0.00164975,0.9622448,0.0011230324,1.4009961,0.002036616,2.3010373,0.0032680829,1.6533203125,1.3917674255010641,0.001976678549656462,0.05721277130641313,0.0002858887060783044,1
no_td,C,h1_exc,118,25,0.5033994,0.0018013185,0.52059454,0.0010851707,0.967054,0.0038200892,1.5997119,0.006218589,1.6533203125,0.9675753071322158,0.003761272835188415,0.03520992206483264,0.00041966706718130374,75
no_td,C,h1_exc,119,25,0.4630889,0.0016839374,0.59010965,0.0013653513,0.7847402,0.0020370078,1.3020582,0.0033361318,1.6533203125,0.7875414227137187,0.002017837560843116,0.014407056908462062,0.00021342511292896406,125
no_td,C,h1_exc,120,25,0.83215624,0.0010758756,0.71117216,0.0017429426,1.170282,0.0031533928,1.9294128,0.0050990675,1.6533203125,1.1669927861063905,0.0030841376461276816,0.03769019166573941,0.0002286853021609673,29
no_td,C,h1_exc,121,25,0.5966196,0.0015716234,0.49482095,0.0012324235,1.205756,0.0019634198,1.9867398,0.0031707308,1.6533203125,1.2016666353641443,0.0019177958745004013,0.05951227687919256,0.00043306344790001127,21
no_td,C,h1_exc,122,25,0.22626337,0.00033729099,0.18900976,0.00035018096,1.1971757,0.0024323622,1.9728798,0.003929618,1.6533203125,1.19328346932193,0.0023768035984225817,0.045695131148876474,0.00031502721672692515,22
no_td,C,h1_exc,123,25,0.2978531,0.00024949474,0.24176046,0.00026626437,1.2320421,0.0013287212,2.0291746,0.0021439418,1.6533203125,1.2273329155959751,0.0012967491680407027,0.04277884857115329,0.00029907841497186046,17
no_td,C,h1_exc,124,25,0.24099992,0.001544488,0.29761747,0.0015763157,0.80975974,0.0028856196,1.343011,0.004721771,1.6533203125,0.8123114170033188,0.0028559322144267227,0.018664145579801263,0.0002990148587375137,121
no_td,C,h1_exc,125,25,0.648814,0.0012692679,0.5504264,0.0012459349,1.1787885,0.0014847156,1.9431697,0.0023998185,1.6533203125,1.1753135109849984,0.001451514603948284,0.0475320539679481,0.00037576852360761236,28
no_td,C,h1_exc,126,25,0.3256607,0.000981502,0.35842407,0.0010291957,0.9086283,0.0019019621,1.5045241,0.0031014178,1.6533203125,0.910001603833998,0.0018758723593296305,0.028552752870167977,0.00017143581233597293,91
no_td,C,h1_exc,127,25,0.5792059,0.0020784775,0.52902967,0.0018197717,1.0948933,0.002351764,1.8073702,0.0038119098,1.6533203125,1.0931760394000678,0.0023056088079142674,0.03490153356236076,0.00023904754972041905,49
no_td,straight,h1_exc,0,25,0.23751666,0.0007097568,0.2393386,0.00032683593,0.99240327,0.00287375,0.82091516,0.0023576843,0.8271484375000001,0.9924640788643508,0.002850376375250289,0.018544241002959733,0.000271387729686698,64
no_td,straight,h1_exc,1,25,0.24065092,0.001037061,0.27908564,0.0009380504,0.86226344,0.001972851,0.71403265,0.0016219938,0.8271484375000001,0.8632461230909277,0.0019609464713113297,0.0052529794849581505,0.00013471816643274655,91
no_td,straight,h1_exc,2,25,0.4509746,0.0021156287,0.41038272,0.0013080447,1.0990283,0.005012648,0.9083115,0.0041051675,0.8271484375000001,1.098123905818025,0.0049630356550535255,0.015910525841060782,0.00033554749233735893,42
no_td,straight,h1_exc,3,25,0.2694522,0.0019401205,0.37916473,0.00066270336,0.7106592,0.005047727,0.58922666,0.004159992,0.8271484375000001,0.712359009544687,0.00502931725098548,0.0033192026697904577,0.0003235332924999843,119
no_td,straight,h1_exc,4,25,0.55550504,0.0026437428,0.46755543,0.0010464293,1.1882904,0.0065915696,0.9813571,0.0053902804,0.8271484375000001,1.1864341086178891,0.006516702584804294,0.018154595472158242,0.0003960239452718016,31
no_td,straight,h1_exc,5,25,0.4628872,0.0016122968,0.35566115,0.001426337,1.301584,0.001966154,1.0739236,0.001604733,0.8271484375000001,1.2983445148615873,0.0019400786905961298,0.05079101650577181,0.0003583817151445061,16
no_td,straight,h1_exc,6,25,0.5251053,0.002569593,0.35101685,0.0025119751,1.496614,0.004609708,1.2328541,0.0037504449,0.8271484375000001,1.490487173677212,0.004534186012033016,0.04452060972305896,0.0002709877475537978,4
no_td,straight,h1_exc,7,25,0.19341215,0.0010206575,0.18508859,0.0010841258,1.0451524,0.0029500974,0.86417204,0.0024181611,0.8271484375000001,1.0447605508468438,0.0029234910451448573,0.02102634860502541,0.00015518963787197951,49
no_td,straight,h1_exc,8,25,0.35962346,0.0015067116,0.36364257,0.001325727,0.9890945,0.004018527,0.8181991,0.0032973012,0.8271484375000001,0.9891804509109484,0.003986347640744255,0.011819194405095173,0.00039301582095923097,66
no_td,straight,h1_exc,9,25,0.4012213,0.0016140823,0.41832274,0.0008096417,0.95913726,0.003599952,0.79361504,0.0029549622,0.8271484375000001,0.9594590165881222,0.0035724689161213295,0.01218003066653542,0.00041713223036107507,71
no_td,straight,h1_exc,10,25,0.4388473,0.0009999148,0.4176136,0.0009092437,1.0508451,0.00069728785,0.8688395,0.00057149545,0.8271484375000001,1.0504033324021853,0.0006909224441096889,0.03341558584723245,0.00017400276528751528,48
no_td,straight,h1_exc,11,25,0.6581389,0.0024682905,0.45949256,0.0022316533,1.432587,0.0036032198,1.1807351,0.0029348067,0.8271484375000001,1.4274766870570554,0.00354810152543403,0.04040768467570992,0.0002224015153950902,6
no_td,straight,h1_exc,12,25,1.2757877,0.0037163189,0.83855295,0.0026759824,1.5215423,0.0034756784,1.2531337,0.002826638,0.8271484375000001,1.515004460958284,0.0034173285049409166,0.05273202850180145,0.00023925283778442773,3
no_td,straight,h1_exc,13,25,1.6871834,0.006159435,1.2617934,0.0029598132,1.3372556,0.0052906387,1.1030272,0.0043154894,0.8271484375000001,1.333530020957382,0.005217309405782191,0.028364751510752805,0.0004179323801127175,10
no_td,straight,h1_exc,14,25,0.4238839,0.0024535058,0.36573043,0.001412279,1.1589738,0.0046771527,0.9573809,0.0038268787,0.8271484375000001,1.1574475173905177,0.004626592440302556,0.019287311908382274,0.0003139821154113888,34
no_td,straight,h1_exc,15,25,0.49139258,0.0031714528,0.37270084,0.0010653315,1.318496,0.007866698,1.0877163,0.006418962,0.8271484375000001,1.3150195268814344,0.00776035053266472,0.03063046811578368,0.00042228555644300783,14
no_td,straight,h1_exc,16,25,1.2293111,0.006021058,0.9778051,0.0025009979,1.2572651,0.005752402,1.0377313,0.0046985447,0.8271484375000001,1.2545889235037742,0.005680413016457146,0.007446559033095114,0.000538916750596768,19
no_td,straight,h1_exc,17,25,0.28164294,0.0027973026,0.514971,0.0013540753,0.5470439,0.0057633608,0.4541827,0.004762798,0.8271484375000001,0.5490945559146323,0.005758093446243621,0.004466492288261507,0.0002052238502528454,127
no_td,straight,h1_exc,18,25,0.48528996,0.004352202,0.47582427,0.0013112564,1.0199453,0.008967529,0.8434938,0.0073542222,0.8271484375000001,1.0197611103377608,0.008891054664564926,0.006703346261381163,0.0003972272692421913,58
no_td,straight,h1_exc,19,25,0.2927069,0.0028713064,0.4648079,0.0021175002,0.6295793,0.0046002995,0.5223525,0.003796633,0.8271484375000001,0.6315100237489593,0.004590026141499586,0.0012483088301603244,0.0001964859573075179,124
no_td,straight,h1_exc,20,25,0.3150183,0.002509743,0.41890404,0.001076177,0.75207114,0.006014515,0.62334687,0.004954069,0.8271484375000001,0.7536094212314515,0.005989334979812252,0.0033985625430530287,0.00030554565170854065,112
no_td,straight,h1_exc,21,25,0.39822638,0.0014942698,0.38110736,0.0005660338,1.0449182,0.0035796259,0.86397934,0.002934383,0.8271484375000001,1.0445275853510254,0.003547589182675868,0.01663930729681912,0.00021044294646007218,50
no_td,straight,h1_exc,22,25,0.59161645,0.001235872,0.83802086,0.0012726809,0.7060063,0.0018016051,0.5853951,0.0014850734,0.8271484375000001,0.7077267453361901,0.0017954133558808932,0.0019193650220962213,0.00017109632111653191,120
no_td,straight,h1_exc,23,25,0.26629016,0.001795823,0.33488423,0.0016429428,0.79506284,0.0025862823,0.65875053,0.0021290474,0.8271484375000001,0.7964115324871556,0.0025739603691180292,0.0025110183904244413,0.00015826226708562624,101
no_td,straight,h1_exc,24,25,0.65413535,0.0035259086,0.5324275,0.0013896679,1.2287253,0.006934859,1.0144112,0.0056658434,0.8271484375000001,1.2263955961761985,0.006849850485081225,0.026798953729569044,0.0006727158100399924,23
no_td,straight,h1_exc,25,25,0.20536402,0.0008099707,0.2585983,0.0006280569,0.79414123,0.0024471006,0.6579921,0.0020143257,0.8271484375000001,0.7954946129476211,0.0024352649950481462,0.0002020384233785496,5.542452059429372e-05,103
no_td,straight,h1_exc,26,25,0.24122001,0.0016482088,0.3221915,0.001771272,0.7486166,0.0021885904,0.62050647,0.0018028095,0.8271484375000001,0.7501754810565783,0.002179547684622605,0.005808604672133301,0.00012627401461159346,114
no_td,straight,h1_exc,27,25,0.6529073,0.0042458894,0.716757,0.0019555092,0.9110908,0.0064589186,0.7541551,0.0053060595,0.8271484375000001,0.911753042608536,0.006414881673624611,0.003817074610342566,0.00021513512993946075,82
no_td,straight,h1_exc,28,25,0.3005513,0.0012437648,0.33906025,0.0004226327,0.88646734,0.003925897,0.7339268,0.0032264942,0.8271484375000001,0.8872975600880066,0.0039007438969268274,0.009770000901948435,0.00035573876847766933,87
no_td,straight,h1_exc,29,25,0.60554725,0.003691357,0.5085028,0.0018131987,1.1907971,0.005515332,0.98340905,0.0045098644,0.8271484375000001,1.1889147733421783,0.0054523036014983255,0.019388472986362957,0.0002532171681479317,30
no_td,straight,h1_exc,30,25,0.7501701,0.003414242,0.78943306,0.00054288603,0.95028514,0.004461215,0.786347,0.0036624067,0.8271484375000001,0.9506721044765998,0.004427750333098542,0.005390096509420591,0.0002854748120455381,74
no_td,straight,h1_exc,31,25,0.24146378,0.0016550889,0.28198126,0.0010976935,0.8561894,0.0038152481,0.70903677,0.0031369836,0.8271484375000001,0.8572062224574107,0.003792528060580679,0.011429602236843663,0.0003223375298892439,92
no_td,straight,h1_exc,32,25,0.6021483,0.003036203,0.58883816,0.0009311646,1.0226159,0.005010606,0.8456928,0.0041089547,0.8271484375000001,1.0224196864152344,0.0049676144271341375,0.021646901698744715,0.0004827047496568907,56
no_td,straight,h1_exc,33,25,0.79891497,0.0035830862,0.6361372,0.0022533375,1.2561812,0.0065704277,1.0368443,0.0053671952,0.8271484375000001,1.2535165552777334,0.006488793013491528,0.03651122936769504,0.00040026311272968576,20
no_td,straight,h1_exc,34,25,0.4237452,0.0022978466,0.43826762,0.0009386556,0.9668473,0.004682513,0.799942,0.0038428304,0.8271484375000001,0.967108141163592,0.004645877582818475,0.007828960272355393,0.00018188779189611787,70
no_td,straight,h1_exc,35,25,0.17405264,0.0011775014,0.2044868,0.0006497258,0.85101235,0.0038498477,0.7047797,0.0031657151,0.8271484375000001,0.8520595104337787,0.0038272635167722556,0.002143050419408187,0.000291676852982982,94
no_td,straight,h1_exc,36,25,0.112851515,0.0015153977,0.2982767,0.001022305,0.3784057,0.005076459,0.314611,0.0042076013,0.8271484375000001,0.38035613806043017,0.0050868756734643444,0.0007215657977805343,0.0001126544240713045,128
no_td,straight,h1_exc,37,25,0.33533627,0.0033313993,0.40034258,0.003171845,0.8373452,0.0027785818,0.6935406,0.0022856635,0.8271484375000001,0.8384716868451001,0.002763304964674229,0.004625236763773225,0.00022383082701155747,96
no_td,straight,h1_exc,38,25,0.9663525,0.0035734635,0.803593,0.001035824,1.2025512,0.0043028872,0.9930217,0.0035180144,0.8271484375000001,1.2005362416657421,0.004253183876522888,0.025233060937015807,0.00020965788749751068,26
no_td,straight,h1_exc,39,25,0.5994803,0.0040093306,0.4996504,0.0014207119,1.2000009,0.008550061,0.99092776,0.006990417,0.8271484375000001,1.1980047195962886,0.008451224068369036,0.027354559393860053,0.0006130549732284771,28
no_td,straight,h1_exc,40,25,0.15584317,0.001338406,0.17317452,0.0012032173,0.8997699,0.0030396294,0.7448594,0.0024976488,0.8271484375000001,0.9005147251759641,0.0030195895272618757,0.0033769279336129006,0.0001033754760124938,83
no_td,straight,h1_exc,41,25,0.31012994,0.0014654327,0.352611,0.0011186446,0.87951165,0.002920161,0.728211,0.002399936,0.8271484375000001,0.8803873284022533,0.002901457619226646,0.007460990349050725,0.00010460630397384576,89
no_td,straight,h1_exc,42,25,0.78209037,0.0018683119,0.723115,0.001516008,1.0815718,0.0016856528,0.8940168,0.001380844,0.8271484375000001,1.0808420126717342,0.0016694028997385254,0.01925859114276246,0.00015838876047679693,46
no_td,straight,h1_exc,43,25,0.22794327,0.0017387506,0.37996903,0.0017748338,0.5999536,0.00397652,0.49789566,0.0032836155,0.8271484375000001,0.6019423072219245,0.003969801823389166,0.00042572251916490596,7.785450931929307e-05,125
no_td,straight,h1_exc,44,25,0.44894055,0.001671938,0.40082806,0.00081167347,1.1199914,0.0028968838,0.9254792,0.0023716171,0.8271484375000001,1.1188792167065988,0.002867220773862258,0.018118452756751557,0.0002406931447855304,39
no_td,straight,h1_exc,45,25,0.25717095,0.0005435894,0.28961736,0.00041968146,0.8879895,0.0018574246,0.7351797,0.0015264571,0.8271484375000001,0.8888123070858168,0.0018454451900243004,0.010614130064828526,0.0001933830037650278,86
no_td,straight,h1_exc,46,25,0.28560543,0.0013025345,0.30522045,0.00090422947,0.93576103,0.003550335,0.7744227,0.0029154764,0.8271484375000001,0.9362559812235328,0.0035247316890735106,0.014784828532447558,0.00030444044728567926,77
no_td,straight,h1_exc,47,25,0.8621265,0.0036474236,0.82691896,0.0010952612,1.0425675,0.0040988913,0.8620518,0.0033597734,0.8271484375000001,1.0421972069064644,0.004061874853971787,0.008889656138227538,0.00010231139222428321,51
no_td,straight,h1_exc,48,25,0.7110639,0.0032375078,0.73512506,0.0011122737,0.9672495,0.0039471234,0.8002731,0.0032397497,0.8271484375000001,0.9675085144892563,0.003916769266534799,0.010267844208937138,9.368761607505837e-05,69
no_td,straight,h1_exc,49,25,0.5357334,0.0022831152,0.5156472,0.0008285208,1.0389066,0.0035709667,0.85905147,0.0029270342,0.8271484375000001,1.0385698249218356,0.0035387047449291576,0.012223324614402252,0.00022800794168753615,52
no_td,straight,h1_exc,50,25,0.26060474,0.0017059576,0.34006774,0.00089126406,0.76624036,0.0039218278,0.63501984,0.0032293112,0.8271484375000001,0.7677217320896524,0.0039041496342989,0.004329394786683206,0.00027829437396099206,110
no_td,straight,h1_exc,51,25,0.28187332,0.0010983953,0.30783692,0.0008216222,0.9156811,0.0029134664,0.7579315,0.0023933384,0.8271484375000001,0.9163185327715739,0.0028934809736595305,0.008947385306626808,0.00012713482467118694,81
no_td,straight,h1_exc,52,25,1.2457713,0.003667668,1.0908067,0.0013251449,1.1420901,0.0034426302,0.9435671,0.0028175898,0.8271484375000001,1.1407469988728607,0.0034063895145239774,0.020932551558941984,0.00015466414833180826,37
no_td,straight,h1_exc,53,25,0.63625324,0.0017263282,0.41170347,0.0016156896,1.5457023,0.0042248173,1.2727774,0.0034343195,0.8271484375000001,1.5387533711179637,0.00415199892698159,0.04110038784157923,0.00017939050644488402,2
no_td,straight,h1_exc,54,25,0.8576254,0.0016274501,0.48318452,0.0018947355,1.7753719,0.0051380154,1.4591336,0.004160894,0.8271484375000001,1.7640529609358442,0.005030407879824009,0.0505096058446374,0.00024755947025309277,1
no_td,straight,h1_exc,55,25,0.4561965,0.00096808217,0.43974316,0.0007146113,1.0374583,0.002385426,0.8578652,0.0019555918,0.8271484375000001,1.0371357798028462,0.0023642572840569943,0.0019482224479050055,0.0001097288335903599,54
no_td,straight,h1_exc,56,25,0.87982094,0.0062930444,0.878731,0.00082960346,1.0012517,0.0071693137,0.8281668,0.0058802636,0.8271484375000001,1.0012311974262675,0.007109078690350377,0.016646522954796926,0.00042273739657234843,62
no_td,straight,h1_exc,57,25,0.23629007,0.0029574758,0.3435474,0.0030334548,0.68735427,0.0034755154,0.5700161,0.0028659198,0.8271484375000001,0.6891339928768657,0.003464819188856574,0.00210697212951916,0.0001700916961796333,121
no_td,straight,h1_exc,58,25,0.24215369,0.0015906836,0.30958432,0.0012675029,0.78208727,0.0030850756,0.6480688,0.0025396876,0.8271484375000001,0.7834975571922417,0.0030704131881702937,0.002330657526831126,0.0002053929153419673,105
no_td,straight,h1_exc,59,25,0.40608484,0.0014733686,0.2852072,0.0009996123,1.4239007,0.0032858534,1.1736603,0.0026765687,0.8271484375000001,1.4189234005145799,0.0032358987847291997,0.045494723550062684,0.00032885382673673017,7
no_td,straight,h1_exc,60,25,0.32181662,0.0027306275,0.32209015,0.0012842832,0.99919784,0.0077497293,0.8264806,0.006356063,0.8271484375000001,0.9991926318794109,0.007684307176746633,0.014691079642811678,0.0006278451771884,63
no_td,straight,h1_exc,61,25,0.71077675,0.0023363973,0.5191465,0.00107154,1.3692721,0.0053658728,1.1291378,0.0043754773,0.8271484375000001,1.3650968903182203,0.005289833027620202,0.03234057905652355,0.00023253943554738836,9
no_td,straight,h1_exc,62,25,0.8994503,0.0044242833,0.8740114,0.0022148734,1.0291711,0.0049412427,0.85106796,0.004051697,0.8271484375000001,1.0289180179943602,0.004898391753797536,0.018306124289692156,0.00021649980248816022,55
no_td,straight,h1_exc,63,25,0.70308065,0.0018490232,0.7384008,0.0011549527,0.95216674,0.0020166638,0.7878943,0.0016557253,0.8271484375000001,0.9525428211839863,0.002001726870604524,0.006840443762959465,0.00022384051896536103,73
no_td,straight,h1_exc,64,25,0.29523662,0.0014195037,0.2674713,0.0011360513,1.1038953,0.0037511215,0.91229904,0.0030716285,0.8271484375000001,1.1029447232590048,0.0037135153337827845,0.019806981149075666,0.00030842893727117264,41
no_td,straight,h1_exc,65,25,0.21516325,0.0009382338,0.25983384,0.00088030007,0.8281508,0.0031882299,0.68597704,0.002622697,0.8271484375000001,0.8293275915269308,0.0031707695687436723,0.001443125738695827,0.00012627366612400867,98
no_td,straight,h1_exc,66,25,0.50750506,0.0014410465,0.4386759,0.00085763034,1.1569746,0.0035663454,0.9557467,0.0029178057,0.8271484375000001,1.155471753920086,0.003527547740692292,0.02972851086855801,0.00024089745496517925,35
no_td,straight,h1_exc,67,25,0.4261362,0.0021559217,0.5762089,0.0009971589,0.7395786,0.003736624,0.61305964,0.0030785545,0.8271484375000001,0.7411724396401864,0.003721888639517947,0.0006133270235366264,6.908356107218404e-05,116
no_td,straight,h1_exc,68,25,0.8883112,0.0028372305,0.7566487,0.0010631047,1.1740677,0.004158055,0.96972924,0.0034010042,0.8271484375000001,1.172376321537807,0.00411172170414241,0.025709306077281443,0.00033299819918531477,33
no_td,straight,h1_exc,69,25,0.46763322,0.001716722,0.55974674,0.001803037,0.8355137,0.0027345887,0.6920341,0.0022495163,0.8271484375000001,0.836650510218837,0.0027196041537112495,0.006667267971492137,0.00026562704736410233,97
no_td,straight,h1_exc,70,25,0.59515285,0.0023634462,0.5389173,0.0004098082,1.1043634,0.0044604363,0.9126814,0.0036525775,0.8271484375000001,1.1034070339363407,0.004415866906781689,0.02252720676593453,0.00019016349516619348,40
no_td,straight,h1_exc,71,25,0.8710095,0.0050839395,0.9377709,0.001697783,0.92895055,0.006121776,0.76882577,0.005027941,0.8271484375000001,0.9294894667917977,0.006078643920809925,0.0027419500315660305,0.0002910588691926288,78
no_td,straight,h1_exc,72,25,0.28866908,0.0018931906,0.28266528,0.0016495279,1.021163,0.001733977,0.8445051,0.0014218872,0.8271484375000001,1.0209836956655496,0.001719022919557851,0.010325533030042522,0.00019575737766984978,57
no_td,straight,h1_exc,73,25,0.8501705,0.0052547446,1.0474446,0.0018811759,0.8115976,0.004330163,0.67235637,0.0035632716,0.8271484375000001,0.8128605890465185,0.004307898636274519,0.003990258861726354,0.00021654989847015493,100
no_td,straight,h1_exc,74,25,0.6923455,0.0024935154,0.77104604,0.0011897116,0.89792615,0.0028698456,0.7433445,0.0023580436,0.8271484375000001,0.8986833332679472,0.002850810633074006,0.009625687742392327,0.00010767218922139055,84
no_td,straight,h1_exc,75,25,0.629521,0.0018306092,0.7065532,0.0013939098,0.8909935,0.002247492,0.7376482,0.0018468825,0.8271484375000001,0.8917965673295859,0.002232830752474186,0.003174889510234351,0.00021191197121782511,85
no_td,straight,h1_exc,76,25,0.24951883,0.0012544751,0.3348438,0.0009026382,0.74535197,0.0045479084,0.61781466,0.003746443,0.8271484375000001,0.7469210923295045,0.004529347738226739,7.215657977805343e-05,4.0336754351903535e-05,115
no_td,straight,h1_exc,77,25,1.043848,0.0035071278,0.90656555,0.000878921,1.1514548,0.0039998447,0.9512298,0.0032728724,0.8271484375000001,1.1500109306297746,0.0039568138396498765,0.01972760891131981,0.0003420911916994872,36
no_td,straight,h1_exc,78,25,0.3738208,0.0017570263,0.45877445,0.0010760785,0.8148314,0.003382462,0.67501855,0.0027830373,0.8271484375000001,0.8160790628721668,0.003364616313530906,0.0070208352124045996,0.00027925155721836243,99
no_td,straight,h1_exc,79,25,0.35589626,0.00060998916,0.33065578,0.0002867423,1.0763429,0.0018152895,0.88973296,0.0014871804,0.8271484375000001,1.075663000296146,0.0017979606528543007,0.02386209112733523,0.00018875098034784756,47
no_td,straight,h1_exc,80,25,0.50115806,0.0032361848,0.84463936,0.0016870867,0.59344786,0.0043138126,0.49252266,0.0035626183,0.8271484375000001,0.5954464977566628,0.00430710873633544,0.0024533080941465052,0.0001739561964116129,126
no_td,straight,h1_exc,81,25,0.46813384,0.0024979839,0.43205646,0.0010209549,1.0835949,0.005954161,0.8956688,0.0048771165,0.8271484375000001,1.0828392501402093,0.005896301390940627,0.018024713628557745,0.00035653675197458066,45
no_td,straight,h1_exc,82,25,0.48715505,0.0017041293,0.52607954,0.0015766035,0.92610013,0.003123816,0.7664892,0.002565695,0.8271484375000001,0.9266646387332322,0.003101855384063922,0.01218003066653542,0.00032472465187703497,79
no_td,straight,h1_exc,83,25,0.572044,0.0038248622,0.58227575,0.0013682138,0.9825718,0.007072096,0.8128418,0.0058030025,0.8271484375000001,0.9827036365661034,0.007015672327393285,0.0066167583656475,0.00041876726562302776,67
no_td,straight,h1_exc,84,25,0.6451336,0.002585797,0.49999505,0.0017600635,1.2904433,0.004884374,1.0648261,0.003987459,0.8271484375000001,1.287345884718584,0.004820729545965885,0.024987733121110058,0.00022820624874266487,18
no_td,straight,h1_exc,85,25,0.18097174,0.0014216849,0.2522858,0.0014171854,0.7171734,0.0024716058,0.5945988,0.002036952,0.8271484375000001,0.7188538505182248,0.0024626195816845205,0.00042572251916490596,0.0001236175387260001,118
no_td,straight,h1_exc,86,25,0.19928965,0.0009448689,0.2506609,0.0007762141,0.7950019,0.0021086158,0.65870076,0.0017355664,0.8271484375000001,0.7963513822333078,0.002098252605966651,0.00034635158293465644,9.368784680458075e-05,102
no_td,straight,h1_exc,87,25,1.0504618,0.0030855623,0.79299104,0.0029081162,1.324947,0.00453559,1.092987,0.0037005374,0.8271484375000001,1.3213914357016103,0.00447384906007296,0.03303316313279961,0.0002674263156686632,12
no_td,straight,h1_exc,88,25,0.24680363,0.0012993922,0.24531893,0.0012129934,1.0060693,0.00214153,0.83212626,0.001756436,0.8271484375000001,1.0060180052426952,0.0021234832892771988,0.00590236332321125,0.00022615191111098856,60
no_td,straight,h1_exc,89,25,0.40747917,0.0013912915,0.31004646,0.0006659198,1.3143814,0.0051250043,1.0843644,0.00418225,0.8271484375000001,1.3109671845639854,0.005056226162155061,0.026734012807768798,0.00028350741671304293,15
no_td,straight,h1_exc,90,25,0.25557575,0.0012123542,0.33215824,0.0008516492,0.76937425,0.0022899671,0.6376021,0.0018856418,0.8271484375000001,0.7708436449845023,0.0022796897116934005,0.0021141877874969657,0.0002851326390686233,109
no_td,straight,h1_exc,91,25,0.113391295,0.00062729925,0.14341234,0.0003501294,0.7907216,0.0043769684,0.65517527,0.0036027823,0.8271484375000001,0.7920890588039866,0.004355665799609522,0.006609542707669694,0.0003667289103766437,104
no_td,straight,h1_exc,92,25,0.39394882,0.0022598465,0.38646,0.0007798487,1.0192814,0.004653733,0.84295905,0.0038158803,0.8271484375000001,1.019114578698957,0.0046132955510898395,0.02860986587645863,0.00045477774363082403,59
no_td,straight,h1_exc,93,25,0.16761738,0.0007260079,0.23026744,0.0005010859,0.7279308,0.0027909009,0.60346365,0.0022997495,0.8271484375000001,0.7295711165209612,0.0027803347098817772,0.00036078289889026715,7.653361030243453e-05,117
no_td,straight,h1_exc,94,25,0.42860729,0.0021193973,0.34906757,0.0011711532,1.2281016,0.006690602,1.0139022,0.0054673715,0.8271484375000001,1.225780148509864,0.006609903864189651,0.02963470731484654,0.00040691768970823916,24
no_td,straight,h1_exc,95,25,0.2838107,0.0016727648,0.3380635,0.00046098174,0.83949286,0.004621551,0.6953049,0.0038011507,0.8271484375000001,0.8406046572757033,0.004595487877775557,0.0041706503111714885,0.00027324392501119383,95
no_td,straight,h1_exc,96,25,0.8714788,0.005932994,0.8666903,0.00075769087,1.0055846,0.007151856,0.83172107,0.0058660926,0.8271484375000001,1.0055281069633097,0.007091946740868956,0.014683804114655847,0.0003938310820403867,61
no_td,straight,h1_exc,97,25,0.7055661,0.0032020297,0.5345939,0.0019191611,1.3199772,0.005598334,1.0889299,0.0045676776,0.8271484375000001,1.3164866361925787,0.005522198161903998,0.042702263912652014,0.00040410905823204033,13
no_td,straight,h1_exc,98,25,0.35469475,0.0029568821,0.38480088,0.00047878642,0.92177343,0.0076476154,0.76292753,0.006280384,0.8271484375000001,0.9223587043521804,0.007592813524275289,0.009423608320957087,0.0005895442504390674,80
no_td,straight,h1_exc,99,25,1.131668,0.007048037,0.8706286,0.0020715601,1.2998503,0.007657304,1.0724998,0.0062505086,0.8271484375000001,1.2966229977631556,0.0075566949336931255,0.033213673671837994,0.000373243233858186,17
no_td,straight,h1_exc,100,25,0.74874234,0.0044345986,0.7217096,0.0011443075,1.0374751,0.006059269,0.857874,0.0049671745,0.8271484375000001,1.0371463496217488,0.00600517883115914,0.019128709299161963,0.0004028939809480835,53
no_td,straight,h1_exc,101,25,0.34907055,0.0031913167,0.30970132,0.0010495954,1.1274059,0.010967162,0.93153083,0.008976326,0.8271484375000001,1.126195433781666,0.010852134998161598,0.020651213132478894,0.0004657826925181467,38
no_td,straight,h1_exc,102,25,0.37312943,0.0035552953,0.47805336,0.0037760988,0.780343,0.0023682632,0.64663345,0.0019498526,0.8271484375000001,0.7817623053823098,0.002357318756972186,0.003542888067102423,0.00020084301484194788,106
no_td,straight,h1_exc,103,25,0.17334643,0.0011211894,0.22226341,0.00067868974,0.7799449,0.0046620397,0.646303,0.0038380018,0.8271484375000001,0.7813628371352208,0.0046400399073680725,0.004574705031993229,0.00045252175915575676,107
no_td,straight,h1_exc,104,25,0.47637287,0.0032757092,0.5024397,0.0010850343,0.9481621,0.0064471555,0.78460044,0.005292926,0.8271484375000001,0.9485605907495447,0.006399003692478689,0.003679980362578288,0.0004261222467223295,75
no_td,straight,h1_exc,105,25,0.67154634,0.0033886041,0.67680764,0.0021871924,0.99230546,0.004637832,0.82083267,0.0038044068,0.8271484375000001,0.9923643674530342,0.0045994246186980645,0.0022224109434335624,0.00016292280246740792,65
no_td,straight,h1_exc,106,25,0.4340447,0.0016102276,0.34956282,0.0009850544,1.2419353,0.005992235,1.0252074,0.0048952163,0.8271484375000001,1.2394478150174415,0.005918183748964536,0.0271453053125037,0.0005690313813908063,21
no_td,straight,h1_exc,107,25,0.26763925,0.0015669125,0.2747606,0.0009068368,0.97408557,0.0047416547,0.8058824,0.0038913055,0.8271484375000001,0.9742898993043344,0.004704482558884701,0.01549201767834807,0.00047480089533196384,68
no_td,straight,h1_exc,108,25,0.28248453,0.0012328397,0.26003507,0.0012219592,1.0865126,0.003550648,0.8980625,0.0029081225,0.8271484375000001,1.0857331552944935,0.0035158410139010526,0.019395688644340763,0.0003043790564800978,43
no_td,straight,h1_exc,109,25,1.0386544,0.008266825,1.2145398,0.002497467,0.85521746,0.006744706,0.7082325,0.0055462234,0.8271484375000001,0.8562338365897761,0.006705233499392849,0.004892216108952022,0.00039430011271525747,93
no_td,straight,h1_exc,110,25,0.62948877,0.0018906019,0.52417976,0.0010743226,1.2010401,0.0045590065,0.9917858,0.0037271492,0.8271484375000001,1.1990421385302121,0.004506022160010001,0.02767204834488349,0.0006019959348837636,27
no_td,straight,h1_exc,111,25,0.76984644,0.00563706,0.87469405,0.0024633238,0.8802195,0.006460115,0.7287875,0.0053095403,0.8271484375000001,0.8810842158458648,0.006419090070951459,0.006486876522047004,0.00044327383034503253,88
no_td,straight,h1_exc,112,25,1.3060384,0.0065070163,1.0641744,0.0017959425,1.2273619,0.0064663985,1.013298,0.005283901,0.8271484375000001,1.2250498077479586,0.006388092849686732,0.028285281007813447,0.0006059541021729644,25
no_td,straight,h1_exc,113,25,0.2976412,0.0019931505,0.4675117,0.0015756693,0.63680196,0.004652121,0.52831334,0.003839256,0.8271484375000001,0.6387164813110752,0.004641556265678098,0.006883712981839722,0.0003151572602854457,123
no_td,straight,h1_exc,114,25,0.30528072,0.0007649431,0.31975067,0.00049979886,0.9548086,0.0029065628,0.7900623,0.0023861262,0.8271484375000001,0.9551639143258147,0.0028847617710829145,0.008564986019654943,0.0002497667116392866,72
no_td,straight,h1_exc,115,25,0.66608083,0.0060771024,0.5662955,0.0017640522,1.1764733,0.0113938125,0.97167856,0.009315212,0.8271484375000001,1.174732964555545,0.011261838958776166,0.025803012667335024,0.0005818929820408953,32
no_td,straight,h1_exc,116,25,0.37665138,0.0016338557,0.4963899,0.0011331991,0.7588265,0.0032598411,0.6289151,0.0026849667,0.8271484375000001,0.7603412256115845,0.003246051745248699,0.004084062415437824,0.00021719010651435135,111
no_td,straight,h1_exc,117,25,1.3357058,0.0024044511,0.9661354,0.0015974556,1.3826158,0.003387982,1.1400188,0.0027618108,0.8271484375000001,1.378251694339377,0.003338954199716606,0.03599170199329305,0.00024911443051893554,8
no_td,straight,h1_exc,118,25,0.69912755,0.0050898525,0.5239798,0.0008674416,1.3343954,0.010203634,1.1006819,0.008324021,0.8271484375000001,1.33069454237227,0.010063514526678335,0.03359610354466167,0.0004604142052374415,11
no_td,straight,h1_exc,119,25,0.5524215,0.0042381715,0.58874077,0.0012438529,0.9383324,0.007060342,0.7765281,0.0057970854,0.8271484375000001,0.9388014080670214,0.007008518712573786,0.009784398378238204,0.000544201520670557,76
no_td,straight,h1_exc,120,25,0.61884457,0.0033619965,0.7092736,0.001717328,0.87267137,0.005493421,0.72258484,0.0045160386,0.8271484375000001,0.8735854553753509,0.005459767737011348,0.0029728393731253177,0.00010524597106090208,90
no_td,straight,h1_exc,121,25,0.61186767,0.0027561751,0.4942085,0.0013485382,1.2380702,0.004355834,1.0220522,0.0035591677,0.8271484375000001,1.2356333065961729,0.004302937158072902,0.03818526201854588,0.0005010770971956036,22
no_td,straight,h1_exc,122,25,0.27694473,0.00069892977,0.18892358,0.000500761,1.4661092,0.004826121,1.2080289,0.003927597,0.8271484375000001,1.4604740532829785,0.0047483579241442515,0.03625868133847185,0.00026998519973089684,5
no_td,straight,h1_exc,123,25,0.29092064,0.0005934176,0.24284333,0.00036686292,1.1979977,0.0021915094,0.98930097,0.0017919214,0.8271484375000001,1.1960379809698667,0.0021663843404708515,0.02610625056369973,0.000296508527902539,29
no_td,straight,h1_exc,124,25,0.19437721,0.0022021816,0.298478,0.0017108725,0.6510193,0.0055138012,0.5400435,0.004549208,0.8271484375000001,0.6528979096188168,0.00549986917021484,0.005260214665820095,0.00029963086725304786,122
no_td,straight,h1_exc,125,25,0.5999049,0.002215016,0.5536116,0.0015432936,1.0836219,0.0026543487,0.8956955,0.0021742214,0.8271484375000001,1.0828715072559276,0.002628574644577129,0.011660459040262718,0.00022527500401734864,44
no_td,straight,h1_exc,126,25,0.2818159,0.0015699905,0.36151507,0.0010569083,0.77955955,0.0038525094,0.64598686,0.0031719452,0.8271484375000001,0.7809806086172989,0.0038347955590089036,0.006883737710826298,0.0002611380417307658,108
no_td,straight,h1_exc,127,25,0.39968628,0.002897391,0.53178966,0.002032458,0.75147593,0.00373768,0.6228602,0.0030787461,0.8271484375000001,0.7530210682740573,0.0037221205621134654,0.0023739365071534513,0.00011298191438455185,113
