bias_strength,bias_condition,contour_type,layer,channel,n_images,mean_contour_preference_ratio,sem_contour_preference_ratio,mean_activation_on_contour_pct,sem_activation_on_contour_pct,mean_contour_area_pct,mean_contour_enrichment,sem_contour_enrichment,mean_dice_top_activation,sem_dice_top_activation,rank_mean_contour_enrichment,baseline_preference,baseline_activation_pct,baseline_enrichment,baseline_dice,delta_preference,delta_activation_pct,delta_enrichment,delta_dice,channel_group
0.05,C_bias,C,h1_exc,0,25,4.7666655,0.10298808,7.413127,0.14793198,1.6533203125,4.483781363625121,0.08947569368899685,0.22934718846875943,0.002118674370192374,17,4.6499205,7.245043,4.382116847202967,0.22765775580304393,0.116744995,0.16808414,0.10166451642215346,0.0016894326657155012,C_channels
0.05,C_bias,C,h1_exc,1,25,2.0151794,0.018882966,3.2765205,0.029717619,1.6533203125,1.9817820386445968,0.017974507464138065,0.2093622726890058,0.001758912422197389,132,2.0334585,3.3052564,1.9991627167918333,0.20921344216548532,-0.018279076,-0.028735876,-0.01738067814723654,0.00014883052352049342,straight_channels
0.05,C_bias,C,h1_exc,2,25,2.1358805,0.03059428,3.4656293,0.04792252,1.6533203125,2.096163175356786,0.02898562363390314,0.17408530964537494,0.004522210120326955,120,2.091972,3.3968158,2.054541793446688,0.17212100896658666,0.043908358,0.06881356,0.04162138191009834,0.0019643006787882777,C_channels
0.05,C_bias,C,h1_exc,3,25,0.97100663,0.02044284,1.6058846,0.03329686,1.6533203125,0.9713088186045763,0.02013938933217919,0.026239839101628894,0.0019534873473552525,278,0.97935873,1.6194625,0.9795212390686002,0.02644766613590342,-0.008352101,-0.013577938,-0.008212420464023928,-0.0002078270342745249,C_channels
0.05,C_bias,C,h1_exc,4,25,0.6225888,0.0080297785,1.0357596,0.013219132,1.6533203125,0.6264723977931653,0.007995505901740264,0.0,0.0,340,0.6293065,1.0468179,0.6331609784318851,6.704097879823427e-06,-0.006717682,-0.011058331,-0.006688580638719799,-6.704097879823427e-06,straight_channels
0.05,C_bias,C,h1_exc,5,25,0.77409,0.009305937,1.2845602,0.0152470535,1.6533203125,0.7769579165895679,0.00922208079901627,0.0037207524144854016,0.0003845061079415171,313,0.80148625,1.3294165,0.804088922313684,0.0039353054554563515,-0.027396262,-0.04485631,-0.027131005724116086,-0.00021455304097094986,C_channels
0.05,C_bias,C,h1_exc,6,25,2.5808399,0.04948447,4.1568103,0.0764339,1.6533203125,2.514219484663699,0.046230545485789004,0.19773066286751217,0.0028396339395635,81,2.5419314,4.0967045,2.477864877908174,0.19459859249038497,0.03890848,0.0601058,0.036354606755525154,0.003132070377127205,C_channels
0.05,C_bias,C,h1_exc,7,25,2.843627,0.026766943,4.561938,0.041015904,1.6533203125,2.7592584187803864,0.02480820296329555,0.2154287526616529,0.0020376997846758903,63,2.8457649,4.5652165,2.7612413078705784,0.21389424285576644,-0.0021378994,-0.0032787323,-0.0019828890901920637,0.0015345098058864581,straight_channels
0.05,C_bias,C,h1_exc,8,25,1.3714749,0.024286134,2.2532728,0.038973775,1.6533203125,1.3628773267390053,0.023573032464544105,0.059170367887321565,0.00238546587047299,220,1.3516152,2.2214112,1.3436060224495565,0.05959919870464463,0.019859672,0.031861544,0.019271304289448787,-0.00042883081732306844,C_channels
0.05,C_bias,C,h1_exc,9,25,0.704829,0.0070866193,1.1709899,0.011636273,1.6533203125,0.7082655734165597,0.007038123567596903,0.0067375801692346245,0.0005872340753672031,328,0.70295197,1.1679087,0.7064019080132573,0.006134249560038436,0.0018770099,0.0030812025,0.0018636654033024058,0.0006033306091961883,straight_channels
0.05,C_bias,C,h1_exc,10,25,1.0760082,0.0058630467,1.7767311,0.009510638,1.6533203125,1.074644237491889,0.005752447517865911,0.03956088158883804,0.0007184445275625579,261,1.0765908,1.7776777,1.0752167032712454,0.03924578898848634,-0.0005825758,-0.00094652176,-0.0005724657793564347,0.00031509260035170183,straight_channels
0.05,C_bias,C,h1_exc,11,25,0.8007214,0.019680358,1.3279728,0.03221174,1.6533203125,0.803215660288731,0.019483061385241526,0.0395206570015591,0.002534124611856485,309,0.77499944,1.2858804,0.7777563790035217,0.0361149752786088,0.025721967,0.042092323,0.025459281285209356,0.0034056817229502975,straight_channels
0.05,C_bias,C,h1_exc,12,25,1.6885746,0.01513933,2.7601871,0.02406455,1.6533203125,1.6694810966192493,0.014555286294164586,0.13858622659257794,0.0019565347425433014,168,1.6846462,2.7539475,1.6657071584591163,0.1382246519098674,0.0039283037,0.0062396526,0.003773938160132939,0.0003615746827105304,straight_channels
0.05,C_bias,C,h1_exc,13,25,7.501992,0.22552128,11.175215,0.29794818,1.6533203125,6.759255971927182,0.18021201045544777,0.23443475779804668,0.002409144809722182,5,7.106635,10.650325,6.441779623618533,0.2331081873793404,0.39535713,0.52488995,0.3174763483086487,0.001326570418706291,C_channels
0.05,C_bias,C,h1_exc,14,25,1.6622474,0.031721894,2.7178345,0.05046189,1.6533203125,1.6438644261082123,0.030521543995906644,0.07585686751020208,0.0020976658751788928,173,1.6631263,2.7192383,1.6447134644226282,0.07582983315404583,-0.0008789301,-0.0014038086,-0.0008490383144159619,2.7034356156252493e-05,straight_channels
0.05,C_bias,C,h1_exc,15,25,0.9857494,0.004410006,1.6301311,0.007170534,1.6533203125,0.9859741165722091,0.004337050938913177,0.007562222408440825,0.0008232630376635268,275,0.97927934,1.6196051,0.9796075607326528,0.007086177529578653,0.006470084,0.010526061,0.006366555839556365,0.0004760448788621715,straight_channels
0.05,C_bias,C,h1_exc,16,25,2.1374412,0.037255738,3.4677982,0.058375347,1.6533203125,2.097475097371518,0.035307947499999,0.15745702736584785,0.001673882733385035,119,2.1004534,3.4098835,2.0624457372577853,0.15503792774265482,0.03698778,0.057914734,0.03502936011373281,0.002419099623193033,C_channels
0.05,C_bias,C,h1_exc,17,25,0.9850502,0.008796573,1.6289563,0.014313935,1.6533203125,0.9852635620874343,0.008657690020781456,0.023564904047579348,0.0007180221324245003,276,0.9755835,1.6135522,0.97594658195422,0.022384982820730422,0.009466708,0.015404105,0.009316980133214248,0.0011799212268489255,C_channels
0.05,C_bias,C,h1_exc,18,25,1.7302667,0.026959602,2.8261063,0.042780142,1.6533203125,1.709351853263061,0.025875289778219377,0.15496522249211853,0.002522495708707946,164,1.6983197,2.7754087,1.6786877851802935,0.15320204474972496,0.031947017,0.050697565,0.03066406808276745,0.001763177742393568,C_channels
0.05,C_bias,C,h1_exc,19,25,1.501342,0.021336358,2.461508,0.034055434,1.6533203125,1.4888270315663976,0.02059820742323766,0.13666303528020055,0.0019860948900832856,194,1.4598621,2.3951457,1.4486882364939058,0.13104451757764973,0.041479945,0.06636238,0.04013879507249185,0.005618517702550813,C_channels
0.05,C_bias,C,h1_exc,20,25,3.3415046,0.05769024,5.316761,0.08698604,1.6533203125,3.215807960558994,0.05261294142974326,0.19604123020179665,0.0015801133468921547,42,3.3087173,5.2673573,3.1859265326165755,0.19506913600922224,0.032787323,0.049403667,0.029881427942418437,0.0009720941925744075,straight_channels
0.05,C_bias,C,h1_exc,21,25,3.7655811,0.083201714,5.9495983,0.12340806,1.6533203125,3.598575835163517,0.07464255749822594,0.2334492587802998,0.0031047958409871046,31,3.6171677,5.7286696,3.464948191811979,0.2316533981394187,0.14841342,0.22092867,0.13362764335153798,0.0017958606408810807,C_channels
0.05,C_bias,C,h1_exc,22,25,2.2821314,0.025408013,3.6943824,0.03963408,1.6533203125,2.234522924455322,0.023972413099838583,0.24256096538989141,0.0026252000949301257,105,2.2724261,3.6792703,2.225382685982476,0.2417296572527933,0.009705305,0.015112162,0.009140238472846285,0.0008313081370981135,C_channels
0.05,C_bias,C,h1_exc,23,25,3.4350858,0.04560724,5.458305,0.068609394,1.6533203125,3.3014202122377183,0.041497944690761804,0.2062984999579265,0.003603781563914138,38,3.4113455,5.4225807,3.2798123278808164,0.20476326154344693,0.023740292,0.035724163,0.021607884356901863,0.0015352384144795839,C_channels
0.05,C_bias,C,h1_exc,24,25,1.5119507,0.013138366,2.4786494,0.021013202,1.6533203125,1.4991949700281268,0.01270969773535047,0.11429816475310961,0.0020920223101463962,193,1.5260255,2.501152,1.512805511283297,0.11397636805487808,-0.014074802,-0.02250266,-0.013610541255170139,0.00032179669823152734,straight_channels
0.05,C_bias,C,h1_exc,25,25,3.218933,0.041127402,5.132616,0.062263604,1.6533203125,3.104429225722472,0.037659734591044394,0.2284220229613438,0.0023542888492052135,45,3.1895862,5.088203,3.077566246890562,0.2274432246708896,0.029346943,0.04441309,0.026862978831910134,0.0009787982904542192,straight_channels
0.05,C_bias,C,h1_exc,26,25,3.1170132,0.044658337,4.9779844,0.067850105,1.6533203125,3.0109013841625045,0.04103869304400418,0.21168859465330453,0.0043035495858082485,50,3.1067648,4.962446,3.0015032305166023,0.20981071863836084,0.010248423,0.015538216,0.00939815364590224,0.0018778760149436857,C_channels
0.05,C_bias,C,h1_exc,27,25,1.7558943,0.04914278,2.865724,0.07784052,1.6533203125,1.733314493401645,0.04708133076846759,0.12831643341982038,0.0034816962814551195,163,1.7035649,2.7828405,1.6831830125139284,0.12493756808838938,0.05232942,0.0828836,0.05013148088771646,0.0033788653314310024,C_channels
0.05,C_bias,C,h1_exc,28,25,2.3022141,0.021387748,3.7257986,0.033332378,1.6533203125,2.2535250655099106,0.0201608700978959,0.18835101480148075,0.0020550649650581585,102,2.282652,3.6953263,2.2350939741325386,0.18609841488151446,0.019562244,0.030472279,0.018431091377371978,0.0022525999199662916,straight_channels
0.05,C_bias,C,h1_exc,29,25,4.510846,0.05841215,7.0468693,0.08475205,1.6533203125,4.262252966781323,0.051261728002466846,0.25124947624214256,0.0018488993627882484,19,4.388046,6.868232,4.154205296418156,0.25004273862377435,0.12280035,0.1786375,0.10804767036316676,0.0012067376183682033,C_channels
0.05,C_bias,C,h1_exc,30,25,0.7422397,0.005816272,1.2323899,0.009536625,1.6533203125,0.7454029875913015,0.005768165521905414,0.012094154936978073,0.00045197887592946114,318,0.74012184,1.2289165,0.7433021553627944,0.01198017403773051,0.0021178722,0.003473401,0.002100832228507099,0.0001139808992475632,straight_channels
0.05,C_bias,C,h1_exc,31,25,0.4984609,0.003929923,0.83099604,0.006495827,1.6533203125,0.5026225330575467,0.0039289583603894195,0.0027017514455688414,0.0004088629546768591,367,0.49667513,0.82804346,0.5008366710745689,0.0026749350540495476,0.0017857552,0.0029525757,0.00178586198297781,2.68163915192938e-05,straight_channels
0.05,C_bias,C,h1_exc,32,25,0.97290254,0.006044987,1.6092169,0.0098343175,1.6533203125,0.9733243155375275,0.0059482228634487894,0.02050104536652722,0.0007455531789004933,277,0.9843788,1.6278893,0.9846182117517038,0.021077683734164854,-0.011476278,-0.018672347,-0.011293896214176313,-0.000576638367637633,C_channels
0.05,C_bias,C,h1_exc,33,25,1.2750621,0.006776347,2.0985134,0.010916312,1.6533203125,1.2692720639044028,0.006602660221664192,0.08763481816321368,0.0007230409810467789,244,1.2686555,2.0881894,1.2630277456554762,0.08656331182428008,0.0064065456,0.010324001,0.0062443182489266835,0.0010715063389336033,straight_channels
0.05,C_bias,C,h1_exc,34,25,0.62807745,0.0061016744,1.0448135,0.010044115,1.6533203125,0.6319486262791287,0.006075117057267192,0.016626100947863997,0.0008129957168904222,339,0.63797575,1.0611054,0.6418026667540812,0.01664622447679403,-0.009898305,-0.016291857,-0.009854040474952419,-2.012352893003208e-05,straight_channels
0.05,C_bias,C,h1_exc,35,25,0.69927514,0.013550046,1.1617825,0.022253446,1.6533203125,0.7026965628413022,0.013459851565959392,0.024563814631673037,0.0013896550820181482,331,0.6675451,1.1096599,0.6711705947180637,0.021312327159958674,0.031730056,0.052122593,0.03152596812323849,0.003251487471714363,C_channels
0.05,C_bias,C,h1_exc,36,25,7.2830462,0.26731002,10.8740835,0.35401195,1.6533203125,6.5771179875740176,0.21412182187420908,0.21710550574020185,0.001897238971658972,6,6.8093147,10.24153,6.194523079318863,0.21543618536812584,0.47373152,0.6325531,0.38259490825515474,0.0016693203720760108,C_channels
0.05,C_bias,C,h1_exc,37,25,1.2691514,0.020880112,2.0887406,0.033629477,1.6533203125,1.263361034379095,0.020340570538718943,0.04461562533144756,0.002791660727138851,245,1.2646306,2.0814483,1.2589504155431763,0.04418000502803638,0.004520893,0.0072922707,0.004410618835918756,0.00043562030341118274,C_channels
0.05,C_bias,C,h1_exc,38,25,0.77108216,0.0043077064,1.2796769,0.0070553543,1.6533203125,0.7740042707356446,0.0042673848485616644,0.010592474650121015,0.00036089701722384816,314,0.7611383,1.2633824,0.7641485834290792,0.009211430486877389,0.009943843,0.01629448,0.009855687306565386,0.0013810441632436266,C_channels
0.05,C_bias,C,h1_exc,39,25,0.5936789,0.004694143,0.98816526,0.0077367527,1.6533203125,0.5976853038781098,0.00467952444797249,0.002098382636384733,0.00019331763486511868,346,0.597287,0.994112,0.6012821672621984,0.0021386072236636734,-0.0036081076,-0.0059467554,-0.0035968633840886,-4.0224587278940484e-05,straight_channels
0.05,C_bias,C,h1_exc,40,25,1.8065746,0.025142625,2.9471478,0.039858207,1.6533203125,1.7825631744848218,0.024107977397123143,0.08888260049668545,0.004404193341153526,156,1.7829212,2.9096801,1.7599010929344288,0.08606015731281488,0.023653388,0.037467718,0.022662081550393065,0.0028224431838705655,straight_channels
0.05,C_bias,C,h1_exc,41,25,2.1055558,0.04198974,3.417593,0.065823495,1.6533203125,2.067108877965331,0.03981291344106579,0.15314170786880654,0.003100003783966154,123,2.0880098,3.3900821,2.050469072155609,0.15136512193065332,0.017545938,0.027510881,0.016639805809721686,0.001776585938153219,straight_channels
0.05,C_bias,C,h1_exc,42,25,0.67003214,0.0063270396,1.113828,0.01040316,1.6533203125,0.6736915982952735,0.006292283176701194,0.00483365176253005,0.0005752199641796698,333,0.6402334,1.0648167,0.6440474756157435,0.00419005218665719,0.029798746,0.04901123,0.029644122679529983,0.0006435995758728597,C_channels
0.05,C_bias,C,h1_exc,43,25,2.8040094,0.049068112,4.500236,0.0752736,1.6533203125,2.72193828416781,0.04552874725776112,0.20848324096994147,0.003857365153209554,69,2.6332998,4.2380104,2.5633328371427773,0.20152518226749222,0.17070961,0.26222563,0.15860544702503265,0.006958058702449255,C_channels
0.05,C_bias,C,h1_exc,44,25,0.6575852,0.006884328,1.0933578,0.01131484,1.6533203125,0.6613103317576386,0.006843707289722258,0.0004893991452271101,0.00015480031540387077,334,0.6727771,1.1183362,0.6764183534378919,0.0004893991452271101,-0.015191913,-0.0249784,-0.01510802168025327,0.0,C_channels
0.05,C_bias,C,h1_exc,45,25,2.1156504,0.02840264,3.4340045,0.04453658,1.6533203125,2.077035125228831,0.026937659691696987,0.15785468867832242,0.003373804092611538,121,2.1363451,3.4664075,2.09663385194505,0.15912125028659477,-0.020694733,-0.032402992,-0.019598726716218984,-0.0012665616082723485,C_channels
0.05,C_bias,C,h1_exc,46,25,1.4260306,0.01998027,2.340943,0.031989686,1.6533203125,1.4159040645034064,0.019348752713379526,0.09985083382209012,0.002390245949143926,209,1.4343411,2.354255,1.4239557905419036,0.09903293388075167,-0.008310437,-0.013311863,-0.008051726038497131,0.0008178999413384486,C_channels
0.05,C_bias,C,h1_exc,47,25,1.4472439,0.0112201935,2.3751154,0.017967766,1.6533203125,1.4365730125750102,0.01086768584408192,0.0800332884805819,0.0018301019027237432,207,1.443525,2.3691604,1.4329711005416426,0.07954412134410496,0.0037189722,0.005954981,0.0036019120333676824,0.0004891671364769395,straight_channels
0.05,C_bias,C,h1_exc,48,25,2.4824555,0.057044707,4.004159,0.08811026,1.6533203125,2.4218894059435043,0.05329291459737344,0.21183526463044944,0.005081597652287106,88,2.3790045,3.8438544,2.324930213344781,0.20600351965121427,0.10345101,0.16030455,0.09695919259872321,0.005831744979235165,C_channels
0.05,C_bias,C,h1_exc,49,25,0.51332116,0.0066117947,0.8555396,0.010926098,1.6533203125,0.5174675620742807,0.006608578838299886,0.006409115326053083,0.000568720938860227,364,0.50941515,0.8490857,0.5135639265512473,0.00599342698986781,0.0039060116,0.0064539313,0.0039036355230334108,0.0004156883361852732,C_channels
0.05,C_bias,C,h1_exc,50,25,0.72918874,0.014201313,1.2108728,0.023300258,1.6533203125,0.7323885070882113,0.01409300875970463,0.011631609821493645,0.0015621830801442168,320,0.7151242,1.1877987,0.7184323157779109,0.010022578580351126,0.01406455,0.02307403,0.013956191310300459,0.0016090312411425195,straight_channels
0.05,C_bias,C,h1_exc,51,25,2.071149,0.05440653,3.3628733,0.085448,1.6533203125,2.034011946406065,0.051682661280715955,0.16157434059609702,0.005205895862372384,128,1.9916961,3.2381475,1.9585724591279345,0.15514623313487375,0.07945299,0.12472582,0.07543948727813055,0.00642810746122327,C_channels
0.05,C_bias,C,h1_exc,52,25,0.6554092,0.0063232966,1.089784,0.0104006035,1.6533203125,0.6591487628795063,0.006290737266951154,0.003512947289027476,0.00031481908757930295,335,0.65681463,1.0920954,0.6605467830391138,0.003318512159341278,-0.0014054179,-0.002311349,-0.0013980201596075492,0.00019443512968619816,straight_channels
0.05,C_bias,C,h1_exc,53,25,2.5495348,0.05046975,4.108384,0.07798033,1.6533203125,2.484929329836798,0.047165893295541945,0.17785916622247785,0.002802482503268821,82,2.4774778,3.99697,2.4175411994300076,0.17366965557682587,0.07205701,0.111414194,0.06738813040679048,0.004189510645651984,straight_channels
0.05,C_bias,C,h1_exc,54,25,2.2619739,0.06781279,3.66055,0.10560718,1.6533203125,2.214059971657133,0.06387581241094152,0.1456331182434043,0.004380594049104682,108,2.2512217,3.6437452,2.203895426994011,0.14649794686990153,0.010752201,0.016804934,0.010164544663122221,-0.0008648286264972271,C_channels
0.05,C_bias,C,h1_exc,55,25,1.2827597,0.009893576,2.1108818,0.01594669,1.6533203125,1.2767530459822352,0.009645250959691187,0.0353304334767208,0.0016083463170926693,240,1.2730097,2.0951746,1.2672526416862937,0.03333277465848208,0.009750009,0.015707254,0.009500404295941456,0.001997658818238726,C_channels
0.05,C_bias,C,h1_exc,56,25,0.57449317,0.013819849,0.9564248,0.022771623,1.6533203125,0.5784872850374942,0.013773267391348787,0.014118809349620594,0.001474089532247624,351,0.5768429,0.96030396,0.5808335687213426,0.013354522529562233,-0.0023497343,-0.0038791895,-0.0023462836838483714,0.0007642868200583609,C_channels
0.05,C_bias,C,h1_exc,57,25,2.6240625,0.03218884,4.224354,0.04965776,1.6533203125,2.5550726989396373,0.030035170894388896,0.21023316500182065,0.0026019761909133405,80,2.5819404,4.1593823,2.5157752819630606,0.20923427127066282,0.042122126,0.06497145,0.03929741697657674,0.0009988937311578294,C_channels
0.05,C_bias,C,h1_exc,58,25,2.2906923,0.018332329,3.7079155,0.028593862,1.6533203125,2.242708646635212,0.01729481133617267,0.22706620708129818,0.001697455310064182,103,2.3151274,3.7459803,2.2657317217506834,0.226115045920339,-0.024435043,-0.03806472,-0.023023075115471414,0.0009511611609591963,C_channels
0.05,C_bias,C,h1_exc,59,25,0.45162612,0.006809835,0.7534836,0.011273651,1.6533203125,0.455739603457495,0.006818794167954413,0.0023061916941943556,0.0004665124606933385,375,0.45218033,0.7544011,0.45629459292133767,0.00240677113885661,-0.000554204,-0.0009174943,-0.0005549894638426922,-0.00010057944466225445,straight_channels
0.05,C_bias,C,h1_exc,60,25,1.5763294,0.018266825,2.5813694,0.0291348,1.6533203125,1.561324406580132,0.017621994032914482,0.0894860417734937,0.0022046542988227178,187,1.5681939,2.5683963,1.5534777586653945,0.0885468108058204,0.008135438,0.01297307,0.007846647914737437,0.0009392309676733018,C_channels
0.05,C_bias,C,h1_exc,61,25,4.9017906,0.09954858,7.6078143,0.14286116,1.6533203125,4.601536722758573,0.08640863511418742,0.25256262947685676,0.002509174453737458,14,4.802799,7.465696,4.515577327051381,0.25102153691422857,0.098991394,0.14211845,0.08595939570719224,0.001541092562628188,C_channels
0.05,C_bias,C,h1_exc,62,25,2.6949658,0.025676029,4.3337927,0.039462514,1.6533203125,2.62126621596396,0.023868644497627566,0.22800636889279474,0.0025910528828705084,77,2.6805935,4.311692,2.607898857805001,0.22632364032495908,0.014372349,0.022100449,0.013367358158959064,0.0016827285678356618,straight_channels
0.05,C_bias,C,h1_exc,63,25,0.9905395,0.008364084,1.63789,0.013595474,1.6533203125,0.9906670819482467,0.008223133620971644,0.021392776334516556,0.0016889326664380551,274,0.9785653,1.6184138,0.9788870791123059,0.018577055224990716,0.0119742155,0.019476175,0.011780002835940828,0.00281572110952584,straight_channels
0.05,C_bias,C,h1_exc,64,25,2.8300452,0.056058284,4.5397077,0.08576416,1.6533203125,2.745812543381796,0.05187389511051743,0.22591469035428982,0.003281855636625141,65,2.7985108,4.491396,2.7165913708990574,0.2249895248468742,0.031534433,0.04831171,0.029221172482738478,0.0009251655074156151,C_channels
0.05,C_bias,C,h1_exc,65,25,1.6740384,0.019130336,2.73699,0.030398026,1.6533203125,1.6554505411998297,0.018386047887841477,0.12476326154351397,0.004173626250238735,170,1.6967894,2.7731423,1.6773171021370485,0.1271560627220827,-0.022750974,-0.036152363,-0.021866560937218837,-0.002392801178568743,C_channels
0.05,C_bias,C,h1_exc,66,25,1.0920935,0.006937222,1.8028042,0.011239406,1.6533203125,1.0904144181499742,0.006798080909920235,0.06795944020777007,0.0007944851000493091,257,1.0973592,1.8113396,1.0955769035827925,0.06856951311483402,-0.0052657127,-0.008535385,-0.005162485432818276,-0.000610072907063941,straight_channels
0.05,C_bias,C,h1_exc,67,25,1.6350473,0.019719439,2.6749265,0.03138389,1.6533203125,1.6179117269610657,0.018982341729225402,0.12861811782441246,0.001930462028900977,177,1.6301991,2.6672163,1.613248240159311,0.12711597913770034,0.004848242,0.0077102184,0.004663486801754768,0.0015021386867121178,C_channels
0.05,C_bias,C,h1_exc,68,25,1.2903656,0.023296295,2.12285,0.037483305,1.6533203125,1.2839919265082604,0.022671532355531706,0.06926654211498624,0.001700851129503177,234,1.2810711,2.1078866,1.2749414619892052,0.06892483030246466,0.00929451,0.014963388,0.009050464519055224,0.0003417118125215862,straight_channels
0.05,C_bias,C,h1_exc,69,25,2.078521,0.030772815,3.3756783,0.048314698,1.6533203125,2.0417569579879853,0.029222829682452822,0.17907986256584338,0.004293503652288321,125,2.0752425,3.3705451,2.0386521410675296,0.17798039051355233,0.0032784939,0.005133152,0.003104816920455722,0.0010994720522910506,C_channels
0.05,C_bias,C,h1_exc,70,25,1.4164147,0.010718459,2.3257024,0.017191844,1.6533203125,1.406685989442874,0.010398374635337373,0.1246551859129871,0.001218935612795191,211,1.3902807,2.283776,1.3813269629977625,0.12125701835236632,0.026134014,0.041926384,0.025359026445111565,0.0033981675606207795,C_channels
0.05,C_bias,C,h1_exc,71,25,1.596901,0.009079249,2.6143365,0.01448339,1.6533203125,1.5812644687103379,0.008760184234305635,0.1388217547975037,0.002171201563827084,181,1.5732085,2.5765536,1.558411637336453,0.13402162071555013,0.023692608,0.037782907,0.02285283137388494,0.0048001340819535665,C_channels
0.05,C_bias,C,h1_exc,72,25,4.1039143,0.060782142,6.451836,0.08938708,1.6533203125,3.902350844401168,0.05406519385036108,0.2369764518559985,0.0022952749721369663,26,4.0426064,6.361666,3.8478123152161263,0.2353473560712014,0.061307907,0.09016991,0.05453852918504154,0.0016290957847970855,straight_channels
0.05,C_bias,C,h1_exc,73,25,0.8300201,0.004564281,1.376143,0.0074615763,1.6533203125,0.8323511283087563,0.004513085797767636,0.020621805078336865,0.0004715241986214582,307,0.826328,1.3701046,0.8286987557396632,0.02090329685696191,0.00369215,0.0060384274,0.003652372569093121,-0.0002814917786250447,C_channels
0.05,C_bias,C,h1_exc,74,25,2.3364067,0.025658546,3.7789266,0.03991497,1.6533203125,2.2856590591504586,0.02414230913836734,0.1749032095867134,0.0016607894401397746,98,2.3168962,3.7485328,2.2672754980445062,0.17257018352453482,0.019510508,0.030393839,0.018383561105952406,0.0023330260621785837,C_channels
0.05,C_bias,C,h1_exc,75,25,1.918667,0.02547247,3.1243112,0.04019432,1.6533203125,1.8897192830917158,0.0243112721995231,0.15560211179070174,0.002390162115517314,143,1.9578004,3.1859636,1.9270093363492615,0.15628592977444372,-0.03913343,-0.061652422,-0.03729005325754575,-0.00068381798374198,C_channels
0.05,C_bias,C,h1_exc,76,25,4.4348974,0.14027505,6.927583,0.20314856,1.6533203125,4.190103399143291,0.12287308354749284,0.2102472136091425,0.002096194095750407,21,4.235081,6.6362996,4.013922296029938,0.20808849409183935,0.19981623,0.2912836,0.1761811031133531,0.002158719517303148,C_channels
0.05,C_bias,C,h1_exc,77,25,1.958308,0.011116444,3.1871362,0.017527316,1.6533203125,1.9277185641395669,0.010601282602032629,0.19712598402344825,0.0014977497157991299,139,1.9420347,3.161497,1.912211017072259,0.19593265066848797,0.01627326,0.025639057,0.015507547067307836,0.0011933333549602743,C_channels
0.05,C_bias,C,h1_exc,78,25,3.663313,0.050511204,5.7997394,0.07535039,1.6533203125,3.507934407773185,0.045575188518454664,0.23224335875284313,0.0027216304893556463,33,3.6057105,5.713745,3.4559212357420948,0.23133160144118714,0.057602406,0.08599424,0.05201317203109035,0.0009117573116559918,C_channels
0.05,C_bias,C,h1_exc,79,25,1.6061647,0.008592609,2.6291094,0.013699834,1.6533203125,1.5901996752053194,0.008286255322283059,0.15944970670330838,0.001720804753411231,180,1.6012013,2.6211982,1.5854146055078144,0.15748493077172926,0.004963398,0.007911205,0.004785069697504918,0.0019647759315791213,C_channels
0.05,C_bias,C,h1_exc,80,25,2.4972596,0.031917244,4.0284224,0.04941575,1.6533203125,2.436565080969181,0.029888792264724847,0.21355160019942157,0.0035435031512890624,87,2.4779577,3.9985518,2.4184980922365353,0.21275319461074155,0.019301891,0.02987051,0.018066988732645672,0.0007984055886800234,C_channels
0.05,C_bias,C,h1_exc,81,25,0.94182265,0.013514336,1.5585157,0.02200328,1.6533203125,0.9426579863059257,0.013308539787473348,0.051507584010683394,0.0012639906450788076,287,0.94559497,1.5646609,0.9463749112133024,0.051634788846925336,-0.0037723184,-0.006145239,-0.0037169249073767396,-0.00012720483624194256,straight_channels
0.05,C_bias,C,h1_exc,82,25,1.2764016,0.030954273,2.1000915,0.04986257,1.6533203125,1.2702265369355836,0.03015904996400214,0.05225173887534379,0.0021191224622787146,243,1.2569741,2.068775,1.25128506042766,0.05173552333859739,0.019427538,0.03131652,0.01894147650792366,0.0005162155367463978,C_channels
0.05,C_bias,C,h1_exc,83,25,1.7992527,0.016162058,2.9357831,0.025600066,1.6533203125,1.775689143590191,0.01548403327242106,0.13521495013815868,0.003021887767142684,158,1.7901524,2.921367,1.7669696691523809,0.13327746585088973,0.009100318,0.014416218,0.00871947443781007,0.001937484287268948,straight_channels
0.05,C_bias,C,h1_exc,84,25,2.816504,0.050815575,4.519287,0.0778478,1.6533203125,2.733461288980349,0.04708573578335356,0.16709963965459892,0.002440808040861693,67,2.8128226,4.513671,2.730064380083663,0.16578563647015354,0.0036814213,0.005616188,0.0033969088966863126,0.0013140031844453837,straight_channels
0.05,C_bias,C,h1_exc,85,25,1.3834232,0.013462062,2.272719,0.02160783,1.6533203125,1.3746392173113227,0.013069354831235256,0.0870255839222038,0.0024301722280900785,218,1.3837036,2.2731657,1.3749094534382322,0.08699237408858879,-0.00028038025,-0.00044679642,-0.0002702361269095732,3.3209833615016615e-05,straight_channels
0.05,C_bias,C,h1_exc,86,25,0.4448357,0.00679992,0.7422382,0.011258574,1.6533203125,0.4489379451882201,0.006809675258066865,0.0014681974356813305,0.00028299182241855986,377,0.4467771,0.74545336,0.45088259375239575,0.0014480710979286545,-0.0019414127,-0.0032151341,-0.001944648564175644,2.0126337752675956e-05,straight_channels
0.05,C_bias,C,h1_exc,87,25,2.5275075,0.03726291,4.075014,0.057638533,1.6533203125,2.46474579619854,0.03486229057642762,0.19160311740535355,0.001620754081718679,83,2.4683933,3.98353,2.4094121617133752,0.19030252241666779,0.059114218,0.09148407,0.05533363448516493,0.0013005949886857604,C_channels
0.05,C_bias,C,h1_exc,88,25,1.2786189,0.016605126,2.104098,0.02673143,1.6533203125,1.2726499953019428,0.016168330569336913,0.11946702421845347,0.003287415651355969,242,1.258764,2.0721123,1.2533036837449694,0.11531048353296294,0.019854903,0.03198576,0.019346311556973417,0.004156540685490526,straight_channels
0.05,C_bias,C,h1_exc,89,25,2.0000262,0.060867265,3.250631,0.09556037,1.6533203125,1.9661230234465594,0.057799066229578804,0.10459063102312528,0.0015643537515774983,133,1.9170272,3.1201208,1.8871846621494266,0.1021905639821485,0.08299899,0.13051033,0.07893836129713283,0.0024000670409767833,straight_channels
0.05,C_bias,C,h1_exc,90,25,2.7325308,0.057624146,4.3899717,0.08874411,1.6533203125,2.655245964632476,0.05367629777199417,0.1772831643340507,0.0036620691049913316,71,2.615731,4.210283,2.546562132734837,0.1770015922230981,0.11679983,0.17968893,0.10868383189763886,0.00028157211095258816,C_channels
0.05,C_bias,C,h1_exc,91,25,1.4355898,0.013372267,2.3564057,0.021434665,1.6533203125,1.4252566779195934,0.012964617420935236,0.09906601113793802,0.0032289447949093255,208,1.4460405,2.3731542,1.435386763135936,0.09988435431148923,-0.010450721,-0.016748428,-0.010130085216342621,-0.0008183431735512142,straight_channels
0.05,C_bias,C,h1_exc,92,25,3.1775782,0.070646025,5.0680995,0.106725834,1.6533203125,3.065406780595236,0.06455242574987463,0.22742311237725013,0.002452479136438502,46,3.0386846,4.857603,2.938089369134799,0.22566663873273637,0.1388936,0.21049643,0.12731741146043696,0.0017564736445137563,C_channels
0.05,C_bias,C,h1_exc,93,25,1.8915105,0.020809937,3.0815802,0.032871958,1.6533203125,1.8638736712611836,0.019882389346529205,0.1544221905638528,0.003380641206817892,145,1.8096123,2.95206,1.7855340933239108,0.14691207799481457,0.08189821,0.12952018,0.07833957793727286,0.007510112569038246,C_channels
0.05,C_bias,C,h1_exc,94,25,1.775825,0.020223856,2.8985705,0.032077853,1.6533203125,1.753181518117201,0.019402078816450903,0.1331500879911731,0.002072835982150377,161,1.7657083,2.882539,1.7434848812886679,0.13259274679684446,0.010116696,0.016031504,0.009696636828533167,0.0005573411943286255,straight_channels
0.05,C_bias,C,h1_exc,95,25,1.0726067,0.012747489,1.7711318,0.020669486,1.6533203125,1.0712574633872998,0.012501804065872809,0.04128364149695495,0.0019675962111233435,264,1.0042988,1.6602134,1.0041691630464384,0.035082544205115994,0.06830788,0.1109184,0.06708830034086133,0.006201097291838958,C_channels
0.05,C_bias,C,h1_exc,96,25,0.5336052,0.0071775867,0.88904196,0.011853628,1.6533203125,0.5377312121958291,0.007169589409712127,0.004317439034606288,0.000543548973617594,358,0.5319194,0.8862597,0.5360483925533939,0.003955417749095822,0.0016857982,0.0027822852,0.0016828196424352182,0.00036202128551046566,C_channels
0.05,C_bias,C,h1_exc,97,25,1.8769509,0.060566954,3.0565937,0.09530542,1.6533203125,1.8487606715925522,0.05764485973757856,0.09649208078429858,0.003482039426589547,146,1.8489468,3.0125065,1.8220949145458496,0.0957278136259987,0.02800405,0.04408717,0.0266657570467026,0.0007642671582998722,C_channels
0.05,C_bias,C,h1_exc,98,25,0.42046237,0.00496351,0.7018678,0.008224176,1.6533203125,0.4245201868381428,0.004974339109966651,0.0011799212268489231,0.00029437657401988057,380,0.4063887,0.67853326,0.41040639864548933,0.0011396966395699826,0.01407367,0.023334563,0.014113788192653465,4.0224587278940484e-05,C_channels
0.05,C_bias,C,h1_exc,99,25,4.8145895,0.1370839,7.4777193,0.19744433,1.6533203125,4.522849539333887,0.11942291950182496,0.19203888376754208,0.002063303436354912,16,4.6811433,7.286072,4.406932909515953,0.1900812871866336,0.13344622,0.19164753,0.11591662981793416,0.001957596580908466,straight_channels
0.05,C_bias,C,h1_exc,100,25,0.7112547,0.0072302287,1.1815385,0.011867067,1.6533203125,0.7146458201662149,0.007177717828093551,0.02003178098552071,0.001107199143142173,324,0.71363664,1.1854495,0.7170113481301632,0.020118997737350104,-0.0023819208,-0.0039110184,-0.0023655279639482885,-8.721675182939495e-05,straight_channels
0.05,C_bias,C,h1_exc,101,25,1.1310574,0.021664986,1.8656563,0.035049446,1.6533203125,1.1284300060033237,0.021199429118060904,0.034552818793230335,0.001447735336564229,255,1.145421,1.8889009,1.142489347808607,0.03567250481854046,-0.0143636465,-0.02324462,-0.014059341805283232,-0.0011196860253101237,straight_channels
0.05,C_bias,C,h1_exc,102,25,1.7922763,0.017789599,2.9246976,0.028162621,1.6533203125,1.7689842662403876,0.017033977368286737,0.1326468565179675,0.002983345327246378,160,1.7880784,2.918055,1.76496662584273,0.13208413642828115,0.004197836,0.00664258,0.004017640397657729,0.0005627200896863582,C_channels
0.05,C_bias,C,h1_exc,103,25,0.5366784,0.008927154,0.8940979,0.014743207,1.6533203125,0.5407892804409549,0.008917332281047338,0.006697366817246249,0.00036289544464554734,357,0.5477614,0.91239494,0.5518561114546624,0.0068582747163589905,-0.011083007,-0.018297017,-0.011066831013707534,-0.0001609078991127418,straight_channels
0.05,C_bias,C,h1_exc,104,25,0.7161554,0.005978134,1.1895937,0.009811291,1.6533203125,0.7195179469779674,0.00593429488211024,0.024248722031321335,0.0011651171142010041,322,0.7180369,1.1926808,0.7213851800357447,0.024885498415234387,-0.0018814802,-0.003087163,-0.0018672330577772511,-0.0006367763839130527,C_channels
0.05,C_bias,C,h1_exc,105,25,3.9333584,0.06676553,6.1998153,0.09848634,1.6533203125,3.74991757228712,0.0595688222676198,0.24048939914502598,0.0016858651300121392,29,3.8187695,6.030321,3.64740015283188,0.2387530377941517,0.114588976,0.16949415,0.10251741945524007,0.0017363613508742937,C_channels
0.05,C_bias,C,h1_exc,106,25,0.544154,0.0057485458,0.90647095,0.009487513,1.6533203125,0.5482730384827579,0.005738460783602446,0.003834743987259,0.00042182575960381964,354,0.54836273,0.91341734,0.5524745457553186,0.0038347400549073023,-0.0042087436,-0.006946385,-0.004201507272560745,3.932351697738534e-09,straight_channels
0.05,C_bias,C,h1_exc,107,25,0.44667062,0.008270893,0.7452626,0.013691882,1.6533203125,0.450767197290638,0.008281445373540036,0.0010793569498289306,0.00023465950777544077,376,0.44514203,0.74272865,0.44923455657800176,0.0010793372880704428,0.0015285909,0.0025339723,0.0015326407126362573,1.966175848782531e-08,C_channels
0.05,C_bias,C,h1_exc,108,25,1.4516033,0.008069533,2.3821375,0.012923157,1.6533203125,1.440820384540608,0.007816486781990118,0.1370983584101763,0.0019709249499493056,206,1.4242913,2.33837,1.4143478172815733,0.13437693790318078,0.02731204,0.043767452,0.026472567259034685,0.002721420506995531,C_channels
0.05,C_bias,C,h1_exc,109,25,1.3571761,0.027160173,2.2302074,0.043554313,1.6533203125,1.3489264249018715,0.026343542505723197,0.07129115102470197,0.0013509653930971273,222,1.366011,2.2444084,1.3575157275393024,0.07132489734344144,-0.008834958,-0.014200926,-0.008589302637430851,-3.374631873946654e-05,C_channels
0.05,C_bias,C,h1_exc,110,25,1.4692096,0.013798566,2.4102557,0.02208346,1.6533203125,1.4578273905382295,0.01335703671180275,0.10080281572102505,0.0021484533124270537,199,1.4586685,2.3933842,1.4476228027750841,0.0999175371804069,0.010541081,0.016871452,0.010204587763145367,0.0008852785406181507,straight_channels
0.05,C_bias,C,h1_exc,111,25,0.9337487,0.0117681185,1.5453889,0.019184098,1.6533203125,0.9347183919071449,0.011603376012912999,0.03600084157940956,0.0013709672320931202,289,0.9291687,1.5379272,0.9302051503699125,0.035967393557634585,0.004580021,0.0074617863,0.004513241537232426,3.344802177497608e-05,straight_channels
0.05,C_bias,C,h1_exc,112,25,0.9027765,0.012212474,1.4948851,0.019912777,1.6533203125,0.9041715026713136,0.012044113423110037,0.042068214195892004,0.0006405542459643715,296,0.91502565,1.514861,0.9162537784214774,0.042497276460200704,-0.012249172,-0.0199759,-0.01208227575016374,-0.0004290622643087008,straight_channels
0.05,C_bias,C,h1_exc,113,25,0.41138718,0.009667174,0.6867768,0.016021214,1.6533203125,0.4153924611130242,0.009690327035675333,0.003834743987259,0.0005753526168945342,381,0.38575786,0.6442715,0.38968340796309325,0.003050364535319659,0.025629312,0.042505324,0.025709053149930938,0.000784379451939341,C_channels
0.05,C_bias,C,h1_exc,114,25,0.946501,0.005934858,1.5662318,0.0096680485,1.6533203125,0.9473250811398133,0.005847655951417843,0.012838347439861862,0.0004137212454327351,283,0.94798434,1.5686483,0.9487867465824639,0.012556775328909277,-0.0014833212,-0.0024164915,-0.0014616654426505837,0.0002815721109525847,straight_channels
0.05,C_bias,C,h1_exc,115,25,1.2554579,0.027648509,2.0664573,0.04458348,1.6533203125,1.2498831337296643,0.02696602658092067,0.04471633285842226,0.00337222620802893,250,1.2478147,2.0541732,1.2424532784189108,0.04261795022203753,0.007643223,0.01228404,0.007429855310753464,0.0020983826363847324,C_channels
0.05,C_bias,C,h1_exc,116,25,0.87216234,0.0058396603,1.4449958,0.0095341485,1.6533203125,0.8739962320927885,0.005766667411772249,0.045815672334284636,0.0007428034436645931,300,0.86764556,1.4376206,0.8695354728582881,0.04567471157004008,0.0045167804,0.007375121,0.0044607592345004,0.000140960764244559,C_channels
0.05,C_bias,C,h1_exc,117,25,1.2860045,0.0057891738,2.1161497,0.009325836,1.6533203125,1.2799393161748651,0.00564067094591281,0.09959574778511424,0.0010448677900054062,239,1.2973807,2.1344702,1.2910203990597022,0.09882445800844702,-0.0113761425,-0.01832056,-0.011081082884837112,0.0007712897766672111,C_channels
0.05,C_bias,C,h1_exc,118,25,2.9043937,0.06323178,4.6529655,0.096653454,1.6533203125,2.814315979682977,0.058460211865815584,0.211915807057919,0.0019935956141563745,57,2.8754265,4.6087384,2.7875652507396382,0.20993882510667064,0.028967142,0.044227123,0.026750728943338853,0.0019769819512483466,straight_channels
0.05,C_bias,C,h1_exc,119,25,1.2207257,0.031436462,2.0102823,0.05068287,1.6533203125,1.2159060644071527,0.03065520267172298,0.05715243442549472,0.002553467880064369,252,1.2012811,1.9789146,1.19693363265632,0.055402490731857046,0.019444585,0.03136766,0.01897243175083263,0.001749943693637672,C_channels
0.05,C_bias,C,h1_exc,120,25,1.8677248,0.021391405,3.0439904,0.03380009,1.6533203125,1.8411377793524064,0.02044376414738502,0.1519818989355971,0.0013643566678713357,147,1.7855148,2.9139287,1.7624707501471795,0.14964887287341855,0.082209945,0.13006163,0.07866702920522695,0.002333026062178556,C_channels
0.05,C_bias,C,h1_exc,121,25,2.330367,0.05870853,3.7678394,0.0913954,1.6533203125,2.2789531204450797,0.055279909830527905,0.17002933042808177,0.0034679685544978167,99,2.2610028,3.6598313,2.213625011991276,0.16724712980795503,0.06936431,0.10800815,0.06532810845380377,0.00278220062012674,C_channels
0.05,C_bias,C,h1_exc,122,25,1.1332588,0.011169342,1.8694409,0.018092979,1.6533203125,1.1307191423229097,0.010943420432968417,0.058298705395338504,0.001964787356518317,254,1.0418512,1.7212491,1.0410862969092742,0.04566161065947736,0.09140766,0.14819181,0.08963284541363548,0.012637094735861144,C_channels
0.05,C_bias,C,h1_exc,123,25,2.1137578,0.026980253,3.431085,0.042360645,1.6533203125,2.0752694794738575,0.025621558951812957,0.17896529069031214,0.002263969871119792,122,2.0597904,3.346446,2.0240760142729397,0.17544624151497906,0.053967476,0.08463907,0.05119346520091783,0.0035190491753330777,C_channels
0.05,C_bias,C,h1_exc,124,25,0.3649733,0.006455232,0.60979253,0.0107218195,1.6533203125,0.36882904785014764,0.006485022737076416,7.37450766780577e-05,6.709682302182674e-05,384,0.36493638,0.60973215,0.3687925313059115,7.37450766780577e-05,3.6925077e-05,6.0379505e-05,3.651654423614259e-05,0.0,straight_channels
0.05,C_bias,C,h1_exc,125,25,1.4653865,0.010181606,2.4041889,0.016297394,1.6533203125,1.4541579439881411,0.009857373088033042,0.11350667392400748,0.0014534260368941833,200,1.4660056,2.4051778,1.4547560755372404,0.11291041649198615,-0.00061905384,-0.0009889603,-0.0005981315490992678,0.0005962574320213382,straight_channels
0.05,C_bias,C,h1_exc,126,25,0.926712,0.011981144,1.5339175,0.019519959,1.6533203125,0.9277799759530985,0.011806519245995776,0.03242101734682609,0.0019547092405055233,292,0.94587326,1.565146,0.9466683125792922,0.03256850750018221,-0.019161284,-0.031228423,-0.018888336626193714,-0.0001474901533561196,C_channels
0.05,C_bias,C,h1_exc,127,25,1.0560753,0.012492544,1.744313,0.020269312,1.6533203125,1.055036391193253,0.01225976122650741,0.0670137629921354,0.0019565993667548832,265,1.0558654,1.7439749,1.0548318235584524,0.0672954806001008,0.00020992756,0.00033807755,0.00020456763480058981,-0.00028171760796538714,C_channels
0.05,C_bias,straight,h1_exc,0,25,4.290003,0.21412437,3.4475698,0.16656563,0.8271484375000001,4.168018386694721,0.20137331691907998,0.12394335708476238,0.0031694341316378717,14,4.2218804,3.3948681,4.104303368464133,0.12346712365822723,0.06812239,0.05270171,0.0637150182305879,0.000476233426535147,C_channels
0.05,C_bias,straight,h1_exc,1,25,2.0139465,0.040754016,1.651714,0.0328834,0.8271484375000001,1.9968774143821282,0.03975513423026709,0.10423700143587919,0.003047444674114419,103,2.0314803,1.665849,2.0139661395481685,0.10392712185433035,-0.01753378,-0.014135003,-0.01708872516604032,0.0003098795815488359,straight_channels
0.05,C_bias,straight,h1_exc,2,25,1.8061485,0.068830885,1.4833007,0.055735618,0.8271484375000001,1.793270194431863,0.0673828474259733,0.06585009470545156,0.0058907819624877756,135,1.7641319,1.4493349,1.7522064595248663,0.0640026760667475,0.042016625,0.033965826,0.04106373490699666,0.0018474186387040514,C_channels
0.05,C_bias,straight,h1_exc,3,25,0.8694681,0.036002114,0.71974474,0.029602772,0.8271484375000001,0.870151807765686,0.03578894566467847,0.004228369067365885,0.0008688860300505031,297,0.8886948,0.7355586,0.8892704007887718,0.004343826102638816,-0.01922673,-0.015813887,-0.019118593023085828,-0.00011545703527293151,C_channels
0.05,C_bias,straight,h1_exc,4,25,0.7386396,0.014663301,0.612253,0.012078082,0.8271484375000001,0.7401972362110635,0.014602073057324721,0.0005844682962022328,0.00021728996863122602,320,0.7457685,0.6181259,0.747297460896014,0.0006494092180024809,-0.0071288943,-0.0058729053,-0.007100224684950529,-6.49409218002481e-05,straight_channels
0.05,C_bias,straight,h1_exc,5,25,0.7506927,0.013179763,0.6221889,0.010854953,0.8271484375000001,0.7522095039160636,0.013123343442527717,0.0006710561919358969,0.0002389806604890239,316,0.7733999,0.64088666,0.7748145561719215,0.000757644087669561,-0.022707164,-0.018697739,-0.02260505225585796,-8.658789573366406e-05,C_channels
0.05,C_bias,straight,h1_exc,6,25,2.4806583,0.10792504,2.0252173,0.08644023,0.8271484375000001,2.448432766296397,0.1045038901759141,0.11464911910784133,0.005610931752460526,74,2.4605558,2.009131,2.428984772231783,0.11311937618908564,0.0201025,0.01608634,0.019447994064613727,0.0015297429187556832,C_channels
0.05,C_bias,straight,h1_exc,7,25,2.8205383,0.054685645,2.297927,0.043601934,0.8271484375000001,2.778131238550101,0.05271355517379687,0.1174925588526044,0.002017341057480508,52,2.8289983,2.3046606,2.7862718380864235,0.11723235329745905,-0.008460045,-0.006733656,-0.008140599536322402,0.0002602055551453458,straight_channels
0.05,C_bias,straight,h1_exc,8,25,1.126502,0.030426836,0.9306603,0.024881005,0.8271484375000001,1.1251430262853501,0.030080459698146694,0.014236493190209943,0.003100440832745167,250,1.1347734,0.93746024,1.133363999105087,0.014106611346609446,-0.008271337,-0.0067999363,-0.008220972819736883,0.00012988184360049684,C_channels
0.05,C_bias,straight,h1_exc,9,25,0.89903224,0.020775467,0.7441842,0.017068671,0.8271484375000001,0.8996984941867175,0.02063556037366151,0.009957608009371373,0.0011007820692469916,294,0.8960422,0.74172705,0.8967278274160723,0.009560722091605503,0.0029900074,0.0024571419,0.0029706667706452805,0.00039688591776586984,straight_channels
0.05,C_bias,straight,h1_exc,10,25,1.1980672,0.011928403,0.9893355,0.0097558135,0.8271484375000001,1.1960796779974765,0.011794513217416374,0.032975450233470455,0.0012207796441525694,229,1.1988192,0.98995095,1.196823828413694,0.032484778332588844,-0.0007519722,-0.00061547756,-0.0007441504162175594,0.0004906719008816104,straight_channels
0.05,C_bias,straight,h1_exc,11,25,0.81726617,0.03266338,0.6768494,0.026839018,0.8271484375000001,0.8182926025904618,0.03244764297684509,0.02116352484890307,0.0026761183496949764,304,0.79526865,0.65876466,0.7964285978301643,0.019345179038496127,0.021997511,0.018084764,0.021864004760297484,0.001818345810406942,straight_channels
0.05,C_bias,straight,h1_exc,12,25,1.8086808,0.023157973,1.4860213,0.01874926,0.8271484375000001,1.7965592615039645,0.022667345994938356,0.09050599801561242,0.003021462901396354,132,1.8106678,1.4876313,1.798505866455711,0.09060701722730169,-0.0019869804,-0.0016100407,-0.0019466049517464779,-0.00010101921168927108,straight_channels
0.05,C_bias,straight,h1_exc,13,25,6.2062078,0.47312397,4.8896627,0.35389325,0.8271484375000001,5.911469280380376,0.4278473307873119,0.11500988378537308,0.004193669903635863,3,5.899566,4.661511,5.635639955018206,0.11417335618281393,0.30664158,0.2281518,0.27582932536217,0.000836527602559145,C_channels
0.05,C_bias,straight,h1_exc,14,25,1.6875045,0.07953946,1.3869123,0.06443828,0.8271484375000001,1.6767393880032848,0.07790413456752399,0.04722648146473597,0.0021138665883328445,150,1.6784843,1.379629,1.667934083196257,0.046945070803601566,0.009020209,0.00728333,0.008805304807027792,0.00028141066113440694,straight_channels
0.05,C_bias,straight,h1_exc,15,25,1.0495623,0.008869081,0.86777526,0.007268465,0.8271484375000001,1.0491167372657328,0.008787376740398468,0.009647300876659904,0.0012651056520379563,269,1.0502689,0.86835366,1.049815968113426,0.010368867975966044,-0.00070655346,-0.0005784035,-0.0006992308476931886,-0.0007215670993061408,straight_channels
0.05,C_bias,straight,h1_exc,16,25,1.6799743,0.0734894,1.3809537,0.059456546,0.8271484375000001,1.6695355592044192,0.07188134918812782,0.06996996924879131,0.0036797135213258894,154,1.6572534,1.3626026,1.6473494113256912,0.06910418855663818,0.022720933,0.018351078,0.02218614787872797,0.0008657806921531369,C_channels
0.05,C_bias,straight,h1_exc,17,25,0.94579375,0.017689575,0.7826118,0.014528697,0.8271484375000001,0.946156341751715,0.017564800240953363,0.0023017948949199045,0.00040768467574600186,282,0.9281628,0.7681331,0.92865205869334,0.0020492468656967177,0.017630935,0.0144786835,0.017504283058375036,0.0002525480292231868,C_channels
0.05,C_bias,straight,h1_exc,18,25,1.3799186,0.036409598,1.137608,0.029675646,0.8271484375000001,1.375337251972199,0.035877048736625436,0.037918282673367075,0.004165350155245071,197,1.3594121,1.1209104,1.3551502266619084,0.03622236226634511,0.020506501,0.016697645,0.020187025310290485,0.0016959204070219683,C_channels
0.05,C_bias,straight,h1_exc,19,25,1.0800072,0.031375032,0.8925756,0.02568221,0.8271484375000001,1.0790996989429826,0.03104909522465454,0.034065121313219024,0.002356409527838205,260,1.0448016,0.86374456,1.0442437250386367,0.03196536484167767,0.035205603,0.028831065,0.034855973904345916,0.002099756471541356,C_channels
0.05,C_bias,straight,h1_exc,20,25,3.3567283,0.12017807,2.721199,0.09504059,0.8271484375000001,3.2898556434282797,0.11490149393564725,0.1208767024441951,0.003141003489509305,34,3.3288848,2.6993048,3.2633862630756925,0.12056604845490877,0.027843475,0.021894217,0.02646938035258728,0.0003106539892863275,straight_channels
0.05,C_bias,straight,h1_exc,21,25,3.4818878,0.20860639,2.8154438,0.16413249,0.8271484375000001,3.403794797710467,0.19843171542232926,0.10905023901857215,0.005172330909100983,31,3.3527787,2.7144158,3.28165520493902,0.10782357716234524,0.12910914,0.101027966,0.12213959277144681,0.0012266618562269127,C_channels
0.05,C_bias,straight,h1_exc,22,25,1.9545894,0.06072415,1.6034837,0.04901737,0.8271484375000001,1.9385682633013557,0.05926066867338249,0.1127226471051557,0.0053974714861715345,110,1.9564127,1.6049708,1.9403661586548409,0.11254261747982994,-0.0018233061,-0.0014871359,-0.0017978953534851794,0.0001800296253257616,C_channels
0.05,C_bias,straight,h1_exc,23,25,2.7459836,0.12131614,2.236703,0.09678322,0.8271484375000001,2.7041132035923177,0.11700828651027485,0.10031207720744988,0.005890758393087518,61,2.6968787,2.1976593,2.6569103639456757,0.09936682601235738,0.04910493,0.039043665,0.04720283964664196,0.0009452511950924919,C_channels
0.05,C_bias,straight,h1_exc,24,25,1.7228186,0.022163136,1.4164789,0.01796754,0.8271484375000001,1.7124844949584221,0.021722268003568183,0.08448760758891137,0.0021673844987076013,145,1.7455564,1.4349012,1.7347567146566893,0.0850431019727628,-0.022737741,-0.018422365,-0.022272219698267204,-0.0005554943838514265,straight_channels
0.05,C_bias,straight,h1_exc,25,25,3.2377698,0.12153004,2.6271696,0.0961109,0.8271484375000001,3.1761764830552863,0.1161954707082616,0.12929737530429394,0.0024927827000574268,39,3.20922,2.6046247,3.148920474124178,0.12915988148816762,0.02854991,0.02254486,0.027256008931108244,0.00013749381612632172,straight_channels
0.05,C_bias,straight,h1_exc,26,25,2.4115756,0.13360007,1.9689016,0.10711346,0.8271484375000001,2.3803487031898367,0.1294972650716941,0.08139983764762208,0.007729489650106512,81,2.3970406,1.9572937,2.3663148603381767,0.0798690320332064,0.01453495,0.011607885,0.014033842851659983,0.0015308056144156812,C_channels
0.05,C_bias,straight,h1_exc,27,25,1.467988,0.08381692,1.2084337,0.06805384,0.8271484375000001,1.460963605672463,0.08227524615515092,0.04967258951921198,0.004546042050644134,182,1.4391518,1.1850631,1.432709078891672,0.0485756871631783,0.02883625,0.023370624,0.02825452678079099,0.0010969023560336855,C_channels
0.05,C_bias,straight,h1_exc,28,25,2.4926283,0.06649428,2.035935,0.05322592,0.8271484375000001,2.4613900268300513,0.06434869018231398,0.1216920717956871,0.002096217982926581,72,2.4805524,2.0262995,2.4497410660241603,0.12119419139521855,0.012075901,0.009635448,0.011648960805890951,0.0004978804004685533,straight_channels
0.05,C_bias,straight,h1_exc,29,25,3.5987215,0.15348735,2.910432,0.12092178,0.8271484375000001,3.5186332484417147,0.14619114613034054,0.12031388112192629,0.004102937061605765,26,3.5233076,2.8513567,3.447212852408031,0.11999639217090285,0.07541394,0.059075356,0.07142039603368344,0.00031748895102343133,C_channels
0.05,C_bias,straight,h1_exc,30,25,0.813434,0.010991474,0.6738508,0.009046842,0.8271484375000001,0.8146672786507461,0.010937386981642894,0.0041706503111714885,0.0004038136902024809,305,0.81167203,0.67240095,0.8129144873403991,0.00406236793581967,0.0017619729,0.0014498234,0.0017527913103470016,0.00010828237535181855,straight_channels
0.05,C_bias,straight,h1_exc,31,25,0.58352053,0.01271549,0.48429993,0.010500903,0.8271484375000001,0.5855054533700401,0.012695306405480564,0.0007720688959971253,0.00021458659587752707,354,0.5826091,0.48354772,0.5845960583770683,0.000757644087669561,0.0009114146,0.0007522106,0.0009093949929718237,1.4424808327564357e-05,straight_channels
0.05,C_bias,straight,h1_exc,32,25,0.9481591,0.009579997,0.78458977,0.007867202,0.8271484375000001,0.9485477265276298,0.009511233804057984,0.008052674303230763,0.0005876701965552934,281,0.95370597,0.7891436,0.9540531523207223,0.008355731938298588,-0.005546868,-0.0045538545,-0.005505425793092544,-0.0003030576350678254,C_channels
0.05,C_bias,straight,h1_exc,33,25,1.3451166,0.009019153,1.1094309,0.007356084,0.8271484375000001,1.341271878615408,0.008893305609551934,0.06370704428604337,0.001237739513011384,206,1.3399994,1.1052574,1.3362261116770742,0.06296360049353378,0.005117178,0.004173517,0.005045766938333918,0.000743443792509596,straight_channels
0.05,C_bias,straight,h1_exc,34,25,0.77849394,0.0147206,0.6450765,0.012119573,0.8271484375000001,0.7798800157753066,0.014652234563023522,0.006284838098668454,0.0006951260704064912,312,0.7964599,0.6598675,0.7977619097214201,0.0066167583656475,-0.017965972,-0.014791012,-0.017881893946113503,-0.00033192026697904595,straight_channels
0.05,C_bias,straight,h1_exc,35,25,0.41567248,0.012540297,0.34546673,0.010386634,0.8271484375000001,0.41765987823582157,0.012557157446206078,0.0016523856769174235,0.00040667237542927454,378,0.39997265,0.3324649,0.40194103272965104,0.0012771714620715456,0.015699834,0.013001829,0.01571884550617053,0.00037521421484587787,C_channels
0.05,C_bias,straight,h1_exc,36,25,4.2709594,0.48196182,3.4053292,0.36859336,0.8271484375000001,4.1169504291694095,0.44561935816249937,0.0811689365923323,0.005583277875406375,15,3.9697776,3.1753995,3.838971867904024,0.07932172815001413,0.3011818,0.22992969,0.27797856126538534,0.0018472084423181712,C_channels
0.05,C_bias,straight,h1_exc,37,25,1.0472617,0.029358057,0.8657624,0.024027383,0.8271484375000001,1.0466832634536534,0.029048453582075282,0.007735182098393305,0.0014883966142528115,271,1.0399239,0.8597415,1.0394041459529237,0.007778447412696733,0.0073378086,0.0060209036,0.007279117500729626,-4.32653143034277e-05,C_channels
0.05,C_bias,straight,h1_exc,38,25,0.63748014,0.00847785,0.5288648,0.0069950568,0.8271484375000001,0.6393831495069704,0.008456833794574571,6.49409218002481e-05,4.017508334319473e-05,342,0.63536024,0.5271134,0.6372657369158892,6.49409218002481e-05,0.0021198988,0.0017514229,0.0021174125910812247,0.0,C_channels
0.05,C_bias,straight,h1_exc,39,25,0.6716704,0.008459006,0.5570723,0.006978158,0.8271484375000001,0.6734852491652468,0.008436403495178317,0.003348065301701679,0.00041097062795392543,330,0.6737331,0.5587744,0.6755431067213523,0.003117164246411908,-0.002062738,-0.0017021298,-0.0020578575561055468,0.00023090105528977096,straight_channels
0.05,C_bias,straight,h1_exc,40,25,1.9540008,0.051650207,1.6031703,0.041713238,0.8271484375000001,1.9381893755033979,0.050430170158227164,0.07004936426324533,0.0044825878197748805,111,1.929293,1.583227,1.9140786010937396,0.06848363676444448,0.024707794,0.019943237,0.024110774409658253,0.0015657274988008507,straight_channels
0.05,C_bias,straight,h1_exc,41,25,2.776712,0.09140861,2.262186,0.07283671,0.8271484375000001,2.7349215825181106,0.08805760845995123,0.12061645068489063,0.003101847958832865,59,2.751073,2.241796,2.7102704416100414,0.12009694023032157,0.025639057,0.020390034,0.02465114090806919,0.0005195104545690638,straight_channels
0.05,C_bias,straight,h1_exc,42,25,0.65550387,0.010458161,0.54373044,0.008625576,0.8271484375000001,0.657355317834925,0.010428087234531837,0.0014142689636498474,0.00038106030286147734,336,0.62796044,0.52100146,0.6298766091320296,0.0013204654099383778,0.027543426,0.02272898,0.02747870870289537,9.380355371146963e-05,C_channels
0.05,C_bias,straight,h1_exc,43,25,2.2537682,0.10123015,1.8434485,0.0813557,0.8271484375000001,2.2286790829197325,0.09835683342037307,0.10057184089465088,0.00529561951702035,89,2.1419036,1.7537035,2.120179756410843,0.09738973572643872,0.11186457,0.089745045,0.10849932650888938,0.003182105168212157,C_channels
0.05,C_bias,straight,h1_exc,44,25,0.66055036,0.0112687675,0.5478908,0.009294539,0.8271484375000001,0.6623850671884098,0.011236844444025803,7.937223775585877e-05,3.766684047587673e-05,335,0.67278594,0.557986,0.6745899566558574,6.49409218002481e-05,-0.012235582,-0.010095239,-0.012204889467447577,1.4431315955610672e-05,C_channels
0.05,C_bias,straight,h1_exc,45,25,1.9097717,0.06983839,1.5670906,0.056375407,0.8271484375000001,1.8945698918217726,0.06815633364420139,0.08743212771706733,0.006344538673047645,121,1.9310242,1.5842421,1.9153056339891765,0.08800919814170648,-0.021252513,-0.017151475,-0.020735742167403926,-0.0005770704246391423,C_channels
0.05,C_bias,straight,h1_exc,46,25,1.1725652,0.02228191,0.96842265,0.018218854,0.8271484375000001,1.170796633711015,0.022026099801347076,0.02871110309368746,0.003480474950530939,238,1.1731104,0.96886665,1.1713334807796796,0.028285379272996944,-0.0005451441,-0.000443995,-0.0005368470686646365,0.0004257238206905149,C_channels
0.05,C_bias,straight,h1_exc,47,25,1.7412168,0.03388181,1.4312848,0.027469315,0.8271484375000001,1.7303844299453077,0.033209655164156485,0.07155743027297862,0.0032938306286142303,142,1.741826,1.4317765,1.730978939742946,0.07190403174883024,-0.0006092787,-0.0004917383,-0.0005945097976383096,-0.00034660147585162393,straight_channels
0.05,C_bias,straight,h1_exc,48,25,1.683512,0.1034477,1.3829732,0.083869554,0.8271484375000001,1.67197695389524,0.10139600856476891,0.06453684495349099,0.00713894673220231,152,1.6191912,1.330959,1.609093371397479,0.061354739785278826,0.0643208,0.05201423,0.06288358249776094,0.003182105168212164,C_channels
0.05,C_bias,straight,h1_exc,49,25,0.4976139,0.0066862702,0.41331074,0.0055307825,0.8271484375000001,0.4996814336796003,0.006686565980788222,0.00040407619599429454,0.00011796006025350203,368,0.49816975,0.41377068,0.5002375237564443,0.0003391359249568511,-0.0005558431,-0.00045993924,-0.0005560900768439847,6.494027103744345e-05,C_channels
0.05,C_bias,straight,h1_exc,50,25,0.99108005,0.03212105,0.8196629,0.026321424,0.8271484375000001,0.9909501937088783,0.03182188568963097,0.013442770812651354,0.00231815576425869,277,0.9771276,0.80822694,0.9771243603966531,0.012533566670833258,0.013952434,0.011435986,0.0138258333122252,0.0009092041418180957,straight_channels
0.05,C_bias,straight,h1_exc,51,25,1.2484117,0.07826886,1.0295136,0.06389402,0.8271484375000001,1.2446539566909602,0.07724612964593996,0.04669188372530422,0.006269404706968402,219,1.1895564,0.9815056,1.186613602417372,0.042196595182937564,0.058855295,0.048008025,0.058040354273588335,0.004495288542366659,C_channels
0.05,C_bias,straight,h1_exc,52,25,0.8052336,0.01290129,0.66709524,0.010613067,0.8271484375000001,0.8065000427096024,0.012830909916505012,0.003925296464753553,0.0005862283389030095,306,0.806504,0.6681404,0.807763615990703,0.0037881495070800335,-0.0012704134,-0.0010451674,-0.001263573281100605,0.0001371469576735198,straight_channels
0.05,C_bias,straight,h1_exc,53,25,2.9715345,0.119265325,2.4162521,0.09481759,0.8271484375000001,2.921183144518768,0.11463189794682824,0.11743483358878196,0.0032330858513304806,45,2.9069202,2.3650134,2.859236840063653,0.11622981870648846,0.064614296,0.051238775,0.061946304455115175,0.0012050148822934925,straight_channels
0.05,C_bias,straight,h1_exc,54,25,1.9131913,0.08281746,1.5695393,0.066815056,0.8271484375000001,1.8975304845490408,0.08077758398468661,0.06561919365016179,0.004443873944701363,120,1.8926477,1.5529747,1.8775043066901336,0.06507801930182638,0.020543575,0.016564608,0.020026177858907257,0.0005411743483354076,C_channels
0.05,C_bias,straight,h1_exc,55,25,1.1385936,0.01824956,0.94065344,0.014940165,0.8271484375000001,1.1372244964711582,0.018062253822052197,0.009380355371146946,0.0010114261855344536,249,1.1310426,0.93447614,1.1297563040206777,0.00875259312707788,0.007550955,0.006177306,0.007468192450480471,0.0006277622440690658,C_channels
0.05,C_bias,straight,h1_exc,56,25,0.546622,0.021653384,0.4537623,0.017885724,0.8271484375000001,0.548586270704573,0.021623353487736013,0.0021791287092972136,0.0005445631149646175,355,0.5542858,0.4600999,0.5562483041794035,0.0022584983440018538,-0.007663846,-0.006337613,-0.007662033474830521,-7.936963470464012e-05,C_channels
0.05,C_bias,straight,h1_exc,57,25,2.3223522,0.03300626,1.8999747,0.026510354,0.8271484375000001,2.2970177209936993,0.032050297133623555,0.1178822043834059,0.0024574347846969603,86,2.2997828,1.8818676,2.275126833382026,0.11789622246498055,0.022569418,0.018107057,0.02189088761167346,-1.401808157465434e-05,C_channels
0.05,C_bias,straight,h1_exc,58,25,2.0230434,0.03489365,1.6591223,0.028166201,0.8271484375000001,2.005833893252964,0.034052171912610577,0.10818436006123551,0.0026747763814975074,102,2.0442657,1.6762279,2.0265139125572578,0.1078957337421233,-0.021222353,-0.01710558,-0.02068001930429375,0.00028862631911220904,C_channels
0.05,C_bias,straight,h1_exc,59,25,0.5249563,0.021216314,0.43585557,0.017538553,0.8271484375000001,0.5269375218771439,0.021203634252943047,7.215657977805343e-05,4.1659620758661856e-05,358,0.52841574,0.43871412,0.5303934202959224,6.49409218002481e-05,-0.0034594536,-0.0028585494,-0.003455898418778469,7.215657977805329e-06,straight_channels
0.05,C_bias,straight,h1_exc,60,25,1.2023064,0.013074913,0.99279684,0.0106877135,0.8271484375000001,1.2002644154395052,0.01292115529032679,0.02221701091366265,0.0020113627738083985,226,1.2043003,0.99442863,1.2022371840798742,0.021827299655817894,-0.0019938946,-0.0016317964,-0.0019727686403689937,0.0003897112578447569,C_channels
0.05,C_bias,straight,h1_exc,61,25,4.656641,0.24055026,3.7300384,0.18590415,0.8271484375000001,4.509515146189568,0.2247530592796345,0.13233516731295,0.003838284691096043,11,4.608459,3.6930444,4.46479029062048,0.13235681428688342,0.04818201,0.03699398,0.04472485556908801,-2.1646973933420188e-05,C_channels
0.05,C_bias,straight,h1_exc,62,25,2.7750983,0.05445892,2.2617404,0.04341006,0.8271484375000001,2.7343826918166125,0.05248158251136607,0.13045188058074278,0.002311843403688111,60,2.7758124,2.2623181,2.735081153059275,0.1301776855775862,-0.00071406364,-0.0005776882,-0.0006984612426625958,0.00027419500315659096,straight_channels
0.05,C_bias,straight,h1_exc,63,25,1.2620925,0.020414002,1.0416121,0.016673528,0.8271484375000001,1.259280798954356,0.02015784246751054,0.01495084333001267,0.0019846153184469024,218,1.2518673,1.0332634,1.249187368448062,0.013514927392429408,0.010225177,0.008348703,0.010093430506293855,0.0014359159375832622,straight_channels
0.05,C_bias,straight,h1_exc,64,25,2.1972642,0.0978249,1.7981302,0.07859612,0.8271484375000001,2.173890624083512,0.09502057578938561,0.09342112383864577,0.005094627566145972,94,2.1721418,1.7779896,2.1495412548198907,0.09221610895635228,0.025122404,0.020140529,0.024349369263621412,0.0012050148822934925,C_channels
0.05,C_bias,straight,h1_exc,65,25,1.3769623,0.029076362,1.1352756,0.023696499,0.8271484375000001,1.3725173787864704,0.028648423712763195,0.025009187469253305,0.002616852789126267,198,1.3927248,1.1481093,1.3880330168580037,0.02615662285859259,-0.015762448,-0.0128337145,-0.015515638071533333,-0.0011474353893392852,C_channels
0.05,C_bias,straight,h1_exc,66,25,1.2872727,0.020230684,1.0621753,0.016518127,0.8271484375000001,1.2841409986012275,0.019969966678442013,0.053626770091049304,0.0013842235738738746,216,1.288231,1.0629616,1.2850916741127196,0.05354739785329345,-0.0009583235,-0.0007863045,-0.0009506755114920828,7.93722377558509e-05,straight_channels
0.05,C_bias,straight,h1_exc,67,25,1.2162178,0.038136233,1.0039614,0.031136042,0.8271484375000001,1.2137621001198875,0.037642628125295924,0.04187948302357802,0.0031056299300618023,225,1.2061015,0.9957003,1.203774644514541,0.04043654730762114,0.0101162195,0.008261144,0.009987455605346529,0.0014429357159568765,C_channels
0.05,C_bias,straight,h1_exc,68,25,1.4940255,0.052829526,1.2303026,0.042986613,0.8271484375000001,1.4874023574742838,0.05196964711951286,0.05314284399740055,0.0032286822929848335,178,1.4858735,1.2236868,1.4794041118092847,0.05305673311080269,0.008152008,0.006615758,0.007998245664999182,8.611088659786492e-05,straight_channels
0.05,C_bias,straight,h1_exc,69,25,1.635043,0.052791566,1.3449097,0.042855695,0.8271484375000001,1.6259592944659698,0.05181137227816522,0.05864886804360182,0.0062865865410377305,159,1.6443982,1.3525035,1.6351399186401394,0.05810047803728862,-0.009355187,-0.00759387,-0.00918062417416965,0.0005483900063132027,C_channels
0.05,C_bias,straight,h1_exc,70,25,1.2925668,0.02540632,1.0664593,0.020730734,0.8271484375000001,1.2893202732766575,0.02506289503521422,0.05256606836831192,0.002056119645844171,214,1.271969,1.0496495,1.2689977628920015,0.05100730338075787,0.020597816,0.016809821,0.020322510384656045,0.0015587649875540566,C_channels
0.05,C_bias,straight,h1_exc,71,25,1.2994314,0.02245595,1.0720856,0.018326685,0.8271484375000001,1.2961224287803128,0.022156465019162703,0.039996080455591596,0.0034116131984397117,213,1.2835552,1.0591351,1.280465494684071,0.037506990168632175,0.015876293,0.01295054,0.015656934096241804,0.002489090286959421,C_channels
0.05,C_bias,straight,h1_exc,72,25,4.0001836,0.16948806,3.224277,0.13240752,0.8271484375000001,3.898063395999947,0.16007708386239416,0.12982411833667373,0.0027267510690106786,18,3.9572918,3.1909492,3.857770819745633,0.1296509425452064,0.04289174,0.033327818,0.04029257625431404,0.00017317579146733375,straight_channels
0.05,C_bias,straight,h1_exc,73,25,0.626845,0.005851719,0.5200935,0.004830154,0.8271484375000001,0.6287789145591691,0.00583952488983717,0.00037521421484587787,9.820985001391844e-05,345,0.62297994,0.5169028,0.6249214595830221,0.0003968611887792939,0.0038650632,0.0031906962,0.003857454976146979,-2.1646973933416014e-05,C_channels
0.05,C_bias,straight,h1_exc,74,25,1.853986,0.04619602,1.522425,0.03736012,0.8271484375000001,1.8405705692658583,0.04516737061909001,0.07067736989260333,0.0030498605472478366,126,1.8389311,1.5102723,1.82587810015851,0.0702299990979794,0.015054941,0.012152791,0.014692469107348227,0.0004473707946239247,C_channels
0.05,C_bias,straight,h1_exc,75,25,1.5054555,0.05342842,1.2395917,0.04345485,0.8271484375000001,1.4986326589083916,0.0525357295958497,0.06111662307201126,0.004592453594820936,177,1.5320431,1.2611824,1.5247352576095685,0.06205451674283454,-0.026587605,-0.02159071,-0.026102598701176927,-0.000937893670823281,C_channels
0.05,C_bias,straight,h1_exc,76,25,3.1895325,0.27674827,2.5795145,0.21817969,0.8271484375000001,3.118562985744143,0.26377331350627065,0.09782989086308484,0.005967910799547569,40,3.0298045,2.4540277,2.9668527551172033,0.09562911517985422,0.15972805,0.12548685,0.15171023062693978,0.002200775683230627,C_channels
0.05,C_bias,straight,h1_exc,77,25,1.7444334,0.030656558,1.4339247,0.024844741,0.8271484375000001,1.7335760252432038,0.030036618226011516,0.08985658879760994,0.0030288993915711334,140,1.7350588,1.4263387,1.724404748743619,0.0894164336609638,0.0093746185,0.0075860023,0.009171276499584824,0.0004401551366461365,C_channels
0.05,C_bias,straight,h1_exc,78,25,2.846582,0.10446774,2.3174243,0.08319213,0.8271484375000001,2.8017030415506174,0.10057702331495344,0.11067376206357835,0.004127090918632544,50,2.7910898,2.2733564,2.7484261907613523,0.11002435284557587,0.055492163,0.04406786,0.05327685078926514,0.0006494092180024807,C_channels
0.05,C_bias,straight,h1_exc,79,25,1.5883003,0.023594683,1.3073089,0.019166946,0.8271484375000001,1.5805009274775474,0.023172317216099924,0.08303757660609555,0.0031440178804601634,162,1.5918891,1.3102151,1.584014540508785,0.08243861061613163,-0.0035887957,-0.0029062033,-0.00351361303123765,0.0005989659899639233,C_channels
0.05,C_bias,straight,h1_exc,80,25,2.3937693,0.09113081,1.9561298,0.073047616,0.8271484375000001,2.3649077225710973,0.0883125818716935,0.11556597817253036,0.004215951562494419,83,2.375597,1.9416112,2.347355205165977,0.11556597817253036,0.018172264,0.014518619,0.017552517405120316,0.0,C_channels
0.05,C_bias,straight,h1_exc,81,25,1.0433611,0.018779889,0.8626477,0.015387172,0.8271484375000001,1.0429176350402798,0.01860267319319676,0.034036133084086505,0.0019524723884888709,272,1.04527,0.8642121,1.0448089754330354,0.033985749075463166,-0.0019088984,-0.0015643835,-0.001891340392755625,5.0384008623338694e-05,straight_channels
0.05,C_bias,straight,h1_exc,82,25,1.1671509,0.06524491,0.9633843,0.05332884,0.8271484375000001,1.164705408780967,0.06447311485112148,0.022382971047152176,0.0025540507480232982,242,1.1463313,0.9464257,1.144202975116867,0.02182013150352483,0.020819545,0.016958594,0.020502433664099984,0.000562839543627347,C_channels
0.05,C_bias,straight,h1_exc,83,25,1.7956346,0.037760567,1.475318,0.030563038,0.8271484375000001,1.7836193761730221,0.036949882220959684,0.07782808694860843,0.0038678450812762227,137,1.7939427,1.4739453,1.78195975607244,0.07751059799758499,0.0016919374,0.001372695,0.001659620100582071,0.0003174889510234452,straight_channels
0.05,C_bias,straight,h1_exc,84,25,3.7455764,0.14143607,3.0263116,0.11072104,0.8271484375000001,3.658728418355514,0.13385872776804697,0.12924644790872872,0.0023312511707152686,23,3.7466223,3.0271816,3.659780592376147,0.12920315851620154,-0.0010459423,-0.0008699894,-0.0010521740206326236,4.328939252717934e-05,straight_channels
0.05,C_bias,straight,h1_exc,85,25,1.5840551,0.03472293,1.3037556,0.028223917,0.8271484375000001,1.5762051536123483,0.03412194884310449,0.05973843239825044,0.002991520483729362,163,1.592151,1.3103294,1.5841526716408958,0.06062585941357419,-0.00809598,-0.0065737963,-0.00794751802854754,-0.0008874270153237523,straight_channels
0.05,C_bias,straight,h1_exc,86,25,0.48223376,0.016019909,0.4005522,0.013250007,0.8271484375000001,0.4842567358279682,0.01601889910612612,0.00023811671326757632,9.472412094644158e-05,370,0.4828531,0.40106526,0.4848769913639317,0.000230901055289771,-0.00061935186,-0.000513047,-0.0006202555359635098,7.215657977805329e-06,straight_channels
0.05,C_bias,straight,h1_exc,87,25,2.0885203,0.09097616,1.7107893,0.07327878,0.8271484375000001,2.0682978911234553,0.08859205451944796,0.08794443943349153,0.004451432335352707,98,2.0370977,1.6694541,2.0183245598393373,0.08649409217995264,0.051422596,0.041335225,0.04997333128411796,0.001450347253538889,C_channels
0.05,C_bias,straight,h1_exc,88,25,1.3178912,0.032703567,1.0870601,0.026679818,0.8271484375000001,1.3142261303905096,0.03225517362356845,0.054680170255118676,0.004945055301155831,209,1.302941,1.074872,1.2994910649418079,0.051923874808287244,0.014950275,0.012188077,0.014735065448701734,0.002756295446831432,straight_channels
0.05,C_bias,straight,h1_exc,89,25,2.1914248,0.11482884,1.7928659,0.09209784,0.8271484375000001,2.1675261461313835,0.11134378689000099,0.06759628393608046,0.0028800276890891467,96,2.0953245,1.7158067,2.0743637334995753,0.065907819969274,0.09610033,0.07705915,0.09316241263180824,0.0016884639668064555,straight_channels
0.05,C_bias,straight,h1_exc,90,25,2.4169838,0.09798941,1.974533,0.07860079,0.8271484375000001,2.3871567099976563,0.0950262161758897,0.09967642771818863,0.004316382750981271,78,2.302416,1.8828753,2.2763451094981266,0.09834220257950901,0.11456776,0.09165764,0.11081160049952965,0.0013342251386796178,C_channels
0.05,C_bias,straight,h1_exc,91,25,1.4391415,0.045713052,1.1857387,0.037243452,0.8271484375000001,1.43352587771684,0.04502632049112664,0.057270677369841004,0.005495677342874181,187,1.4514734,1.1957723,1.4456562596171174,0.0578046360601986,-0.012331843,-0.0100336075,-0.012130381900277376,-0.0005339586903575985,straight_channels
0.05,C_bias,straight,h1_exc,92,25,2.5123582,0.13501321,2.0495667,0.10773662,0.8271484375000001,2.4778703662485766,0.13025064624689084,0.1068057795805547,0.005068716697016694,71,2.4293456,1.9833918,2.3978666834883056,0.10658248399016271,0.08301258,0.066174984,0.08000368276027103,0.00022329559039199753,C_channels
0.05,C_bias,straight,h1_exc,93,25,1.7000176,0.03516551,1.3978736,0.028534641,0.8271484375000001,1.6899913207911612,0.03449760682068718,0.06322359520153041,0.003427328669906344,149,1.615398,1.3292428,1.6070185306472167,0.05742942184535273,0.08461952,0.068630815,0.08297279014394454,0.005794173356177684,C_channels
0.05,C_bias,straight,h1_exc,94,25,2.2238302,0.041918278,1.8207263,0.0336943,0.8271484375000001,2.201208576131123,0.04073549566929648,0.11092631009280154,0.0025080233504181505,92,2.2154675,1.8140106,2.193089479417002,0.1108830161449347,0.00836277,0.0067156553,0.008119096714120921,4.3293947866840377e-05,straight_channels
0.05,C_bias,straight,h1_exc,95,25,0.82612944,0.021470914,0.6842404,0.017664928,0.8271484375000001,0.827228081620661,0.021356418236052013,0.009618472084414522,0.0013439554431442426,301,0.7728296,0.64038414,0.7742070120898333,0.00829073505089714,0.053299844,0.043856263,0.053021069530827636,0.0013277370335173823,C_channels
0.05,C_bias,straight,h1_exc,96,25,0.52032554,0.009744438,0.43208522,0.008056477,0.8271484375000001,0.5223793054904902,0.009740061829653007,0.0011256426445376336,0.00026333032770674595,360,0.52790827,0.4383543,0.5299584205087153,0.0013421084792949658,-0.007582724,-0.0062690973,-0.007579115018225169,-0.00021646583475733215,C_channels
0.05,C_bias,straight,h1_exc,97,25,1.4121025,0.07789284,1.163077,0.06316983,0.8271484375000001,1.4061285583489442,0.07637060857889873,0.04115065731594896,0.0037190492201635964,191,1.3997056,1.1530594,1.3940174281040938,0.040912780734156294,0.012396812,0.010017633,0.012111130244850443,0.00023787658179266757,C_channels
0.05,C_bias,straight,h1_exc,98,25,0.4186974,0.009895441,0.347982,0.00819498,0.8271484375000001,0.4207007606564445,0.009907508069387568,0.0,0.0,377,0.39628407,0.32941344,0.3982519238097073,0.0,0.022413313,0.018568546,0.022448836846737208,0.0,C_channels
0.05,C_bias,straight,h1_exc,99,25,5.1828327,0.30253044,4.1302085,0.23090294,0.8271484375000001,4.993309760138438,0.2791553831030514,0.1140863921461792,0.0032247533411115118,6,5.048432,4.028107,4.869872227041774,0.1130332822223207,0.13440084,0.102101326,0.12343753309666461,0.0010531099238585,straight_channels
0.05,C_bias,straight,h1_exc,100,25,0.73569727,0.010507599,0.609846,0.008656724,0.8271484375000001,0.7372872284406625,0.010465744860916731,0.003672766656888896,0.0008036965063337355,321,0.73677415,0.6107331,0.7383597090809211,0.0035068097772133966,-0.0010768771,-0.0008870959,-0.0010724806402585552,0.00016595687967549963,straight_channels
0.05,C_bias,straight,h1_exc,101,25,1.1840266,0.043695185,0.97756827,0.035676118,0.8271484375000001,1.1818535030661614,0.04313145585678526,0.017736000107229713,0.00188248622973648,233,1.1899638,0.98242515,1.1877252867955348,0.017663806433971793,-0.0059372187,-0.0048568845,-0.005871783729373359,7.219367325791981e-05,straight_channels
0.05,C_bias,straight,h1_exc,102,25,1.5132346,0.03901212,1.2461339,0.03171417,0.8271484375000001,1.5065420166335708,0.038341571974442844,0.038567691891369556,0.004576838350918559,174,1.5126399,1.245653,1.5059607255949965,0.03827184991427954,0.00059473515,0.00048089027,0.0005812910385742942,0.0002958419770900181,C_channels
0.05,C_bias,straight,h1_exc,103,25,0.63596433,0.013707363,0.52759475,0.01130997,0.8271484375000001,0.6378477341463455,0.01367344705368149,0.005815820330111107,0.00027990336234002085,344,0.6434103,0.5337384,0.6452752240026827,0.005786957698199885,-0.007445991,-0.0061436296,-0.007427489856337122,2.8862631911222292e-05,straight_channels
0.05,C_bias,straight,h1_exc,104,25,0.6501217,0.019842692,0.5392432,0.016376475,0.8271484375000001,0.6519303734158409,0.019798713902434532,0.0026048518792249242,0.0004924919170350501,338,0.6537827,0.54226077,0.6555785275302547,0.002713082193552372,-0.0036610365,-0.0030175447,-0.003648154114413771,-0.00010823031432744771,C_channels
0.05,C_bias,straight,h1_exc,105,25,3.3403301,0.1250472,2.708072,0.09886395,0.8271484375000001,3.273985246261825,0.1195238361960463,0.12661315053655037,0.0028805323279947944,36,3.2663617,2.6498296,3.203572104680249,0.12601425092439253,0.07396841,0.05824232,0.07041314158157563,0.0005988996121578383,C_channels
0.05,C_bias,straight,h1_exc,106,25,0.59039706,0.0072786193,0.48999745,0.0060096635,0.8271484375000001,0.5923935884559277,0.007265519817884722,0.001414240980849248,0.00035449841218538063,349,0.59159434,0.4909864,0.5935892404900632,0.0013132438950953307,-0.0011972785,-0.0009889603,-0.0011956520341355192,0.00010099708575391723,straight_channels
0.05,C_bias,straight,h1_exc,107,25,0.44603986,0.022895256,0.37055293,0.01894776,0.8271484375000001,0.44798842860198307,0.022907326938815982,2.8862631911221374e-05,2.8862631911221374e-05,376,0.44643077,0.3708764,0.4483794629003105,2.886002886000283e-05,-0.00039091706,-0.0003234744,-0.00039103429832743064,2.6030512185445985e-09,C_channels
0.05,C_bias,straight,h1_exc,108,25,1.3960655,0.017573005,1.150933,0.014320564,0.8271484375000001,1.3914467484153896,0.01731317311608942,0.06935690448266496,0.0030131694096273195,194,1.3752754,1.1339941,1.3709680658578502,0.06790655722912609,0.0207901,0.016938925,0.020478682557539374,0.001450347253538875,C_channels
0.05,C_bias,straight,h1_exc,109,25,1.0894957,0.035630018,0.90030205,0.029148387,0.8271484375000001,1.0884406920875056,0.03523960772595367,0.027975105979951315,0.001536363379873922,256,1.0985093,0.9076882,1.097370427904134,0.02824208532513011,-0.009013653,-0.007386148,-0.008929735816628481,-0.0002669793451787958,C_channels
0.05,C_bias,straight,h1_exc,110,25,1.6528137,0.032940954,1.359606,0.026728826,0.8271484375000001,1.6437267075019784,0.03231442366552708,0.06269655672283732,0.004082599296110147,156,1.6394707,1.3487887,1.6306488928080345,0.062321637954304746,0.013342977,0.010817289,0.013077814693943868,0.0003749187685325728,straight_channels
0.05,C_bias,straight,h1_exc,111,25,0.9358088,0.023605015,0.7743732,0.019369269,0.8271484375000001,0.9361961019167745,0.023416919692177462,0.025067070868437274,0.0015637820329156382,289,0.93758255,0.7758328,0.9379606736606789,0.025363037791985777,-0.0017737746,-0.0014595985,-0.0017645717439044306,-0.00029596692354850324,straight_channels
0.05,C_bias,straight,h1_exc,112,25,1.2001828,0.017870003,0.99103653,0.014608899,0.8271484375000001,1.1981362125247093,0.017661762562767715,0.03923860426472563,0.0008816480736347434,227,1.2140021,1.0023323,1.2117925338435218,0.039851933891313474,-0.013819337,-0.011295795,-0.013656321318812559,-0.0006133296265878468,straight_channels
0.05,C_bias,straight,h1_exc,113,25,0.29764482,0.007793306,0.24762505,0.006465531,0.8271484375000001,0.2993719460640698,0.007816650982593808,0.0005411743483354007,0.00023818047948432694,384,0.276942,0.23044258,0.27859881536014014,0.0003679985568680725,0.02070281,0.01718247,0.020773130703929665,0.00017317579146732822,C_channels
0.05,C_bias,straight,h1_exc,114,25,1.0525095,0.0100869555,0.87018704,0.008267419,0.8271484375000001,1.0520325574276848,0.009995085510274278,0.006717777577336774,0.0008045323822412207,265,1.0524004,0.8700984,1.0519253892065776,0.006378641652379923,0.00010919571,8.863211e-05,0.00010716822110712343,0.0003391359249568515,straight_channels
0.05,C_bias,straight,h1_exc,115,25,0.9606582,0.020383675,0.79479784,0.016724903,0.8271484375000001,0.9608889946183549,0.020219954385808005,0.006955894290604351,0.0010969857028864365,280,0.96895635,0.80161345,0.9691289394991819,0.0067682871831814114,-0.008298159,-0.0068156123,-0.008239944880827021,0.0001876071074229397,C_channels
0.05,C_bias,straight,h1_exc,116,25,0.84404683,0.010551917,0.6990356,0.008675465,0.8271484375000001,0.8451150125884632,0.01048840238541368,0.017425814016399904,0.0011301491914972818,299,0.8364769,0.6928101,0.8375886587510679,0.01710102480823406,0.007569909,0.0062254667,0.007526353837395305,0.0003247892081658446,C_channels
0.05,C_bias,straight,h1_exc,117,25,1.1746376,0.0075637097,0.9701889,0.0061848043,0.8271484375000001,1.1729320196060962,0.0074772605551923004,0.045746952054748796,0.0008705220027222687,236,1.187538,0.9807402,1.1856882172225014,0.04594914796272607,-0.012900472,-0.010551274,-0.01275619761640523,-0.000202195907977272,C_channels
0.05,C_bias,straight,h1_exc,118,25,2.9585297,0.13301279,2.4053917,0.10545201,0.8271484375000001,2.908053186922193,0.1274886146792154,0.1031694777666608,0.003525778760210915,46,2.9471781,2.3964524,2.897245989545101,0.10297465500126006,0.011351585,0.008939266,0.010807197377092237,0.00019482276540074006,straight_channels
0.05,C_bias,straight,h1_exc,119,25,1.0624768,0.07480635,0.87746346,0.061215304,0.8271484375000001,1.0608294830518517,0.07400763746245267,0.02070888698603977,0.003543414247719579,262,1.0402833,0.8593466,1.0389266925039475,0.01956866204857585,0.022193432,0.018116832,0.021902790547904116,0.0011402249374639212,C_channels
0.05,C_bias,straight,h1_exc,120,25,1.5785168,0.05198191,1.2990165,0.04218596,0.8271484375000001,1.5704754643368724,0.05100167593186323,0.0640892138537452,0.003083672230636439,165,1.5282493,1.258219,1.521152567482612,0.0629133219084848,0.050267577,0.040797472,0.04932289685426028,0.00117589194526041,C_channels
0.05,C_bias,straight,h1_exc,121,25,2.054301,0.12574053,1.6820195,0.101124555,0.8271484375000001,2.033515842538279,0.1222568365911126,0.08254712726609313,0.008129599070101932,101,1.9989803,1.6377069,1.9799431059977213,0.08123387751413254,0.05532074,0.044312596,0.05357273654055783,0.0013132497519605935,C_channels
0.05,C_bias,straight,h1_exc,122,25,0.98840606,0.015512346,0.8175978,0.012722625,0.8271484375000001,0.9884535229294031,0.015381308816511731,0.015131167750888928,0.0016249636142984516,278,0.9316777,0.7710426,0.9321695283969776,0.010101848283493363,0.056728363,0.04655522,0.056283994532425496,0.005029319467395566,C_channels
0.05,C_bias,straight,h1_exc,123,25,1.9147753,0.03481894,1.5717163,0.028132003,0.8271484375000001,1.9001623838678712,0.03401082713557799,0.09144403355272711,0.0025443491877940685,119,1.8774235,1.5415459,1.8636869909167297,0.09017407774863337,0.037351727,0.03017044,0.03647539295114144,0.0012699558040937392,C_channels
0.05,C_bias,straight,h1_exc,124,25,0.38316825,0.013418486,0.3185326,0.011118643,0.8271484375000001,0.38509723868820417,0.013442137617342944,2.8862631911221374e-05,1.7049934612603393e-05,382,0.37984356,0.31577876,0.3817679467823855,7.215657977805343e-06,0.0033246875,0.002753824,0.0033292919058186543,2.164697393341603e-05,straight_channels
0.05,C_bias,straight,h1_exc,125,25,1.4776697,0.020902496,1.2173717,0.017014936,0.8271484375000001,1.4717693013109,0.020570593947260025,0.07269053846841103,0.0020932529275991033,179,1.4815212,1.220502,1.475553740370076,0.07248850004503248,-0.003851533,-0.0031303167,-0.0037844390591761368,0.00020203842337855604,straight_channels
0.05,C_bias,straight,h1_exc,126,25,0.76315004,0.008726328,0.63246495,0.007184003,0.8271484375000001,0.7646329439176901,0.008685264693476576,0.0030882912022958124,0.0005367791633300624,314,0.7852063,0.6506264,0.7865896630248411,0.0035068097772133966,-0.022056282,-0.018161476,-0.021956719107151024,-0.00041851857491758413,C_channels
0.05,C_bias,straight,h1_exc,127,25,0.79052377,0.016033817,0.65497327,0.013201514,0.8271484375000001,0.791844961418176,0.01596027187088353,0.006277596410178463,0.0007401166995388092,310,0.7978344,0.6609913,0.7991204672518522,0.006609542707669694,-0.007310629,-0.0060180426,-0.007275505833676199,-0.00033194629749123093,C_channels
0.05,straight_bias,C,h1_exc,0,25,4.7032776,0.09883585,7.3221354,0.14218974,1.6533203125,4.428745808546009,0.086002532304182,0.2286298499956183,0.0021150764765367628,15,4.6499205,7.245043,4.382116847202967,0.22765775580304393,0.053357124,0.07709265,0.04662896134304173,0.0009720941925743798,C_channels
0.05,straight_bias,C,h1_exc,1,25,2.0248916,0.018745894,3.2917962,0.029491935,1.6533203125,1.991021508095505,0.017838004087296966,0.20846392357310947,0.0017457225008915768,124,2.0334585,3.3052564,1.9991627167918333,0.20921344216548532,-0.008566856,-0.013460159,-0.008141208696328395,-0.0007495185923758474,straight_channels
0.05,straight_bias,C,h1_exc,2,25,2.1080723,0.030089794,3.4220629,0.04718369,1.6533203125,2.069812508246527,0.028538745948766243,0.17339416119630413,0.004525209876582055,117,2.091972,3.3968158,2.054541793446688,0.17212100896658666,0.016100168,0.025247097,0.015270714799838991,0.0012731522297174669,C_channels
0.05,straight_bias,C,h1_exc,3,25,0.98874056,0.021312758,1.6347157,0.03469519,1.6533203125,0.988747138742383,0.02098515877361715,0.027312494762400642,0.0020040580922100386,277,0.97935873,1.6194625,0.9795212390686002,0.02644766613590342,0.009381831,0.015253186,0.009225899673782734,0.0008648286264972237,C_channels
0.05,straight_bias,C,h1_exc,4,25,0.64106417,0.008104681,1.0661684,0.013334356,1.6533203125,0.6448650366618175,0.0080651981589108,0.0,0.0,340,0.6293065,1.0468179,0.6331609784318851,6.704097879823427e-06,0.011757672,0.019350529,0.011704058229932368,-6.704097879823427e-06,straight_channels
0.05,straight_bias,C,h1_exc,5,25,0.7920791,0.009357079,1.3140206,0.0153217,1.6533203125,0.7947767903835193,0.009267230284949843,0.0039017849660572344,0.00039774194785580937,308,0.80148625,1.3294165,0.804088922313684,0.0039353054554563515,-0.009407163,-0.01539588,-0.009312131930164669,-3.352048939911714e-05,C_channels
0.05,straight_bias,C,h1_exc,6,25,2.560484,0.049721304,4.1253514,0.076853536,1.6533203125,2.4951916749552496,0.046484357644868586,0.1956645221444603,0.002889218514807792,77,2.5419314,4.0967045,2.477864877908174,0.19459859249038497,0.018552542,0.028646946,0.017326797047075626,0.0010659296540753427,C_channels
0.05,straight_bias,C,h1_exc,7,25,2.8563406,0.027421098,4.581381,0.041997176,1.6533203125,2.7710183654568943,0.02540171672046445,0.212506494594643,0.0020715445486421792,57,2.8457649,4.5652165,2.7612413078705784,0.21389424285576644,0.010575771,0.016164303,0.009777057586315863,-0.0013877482611234504,straight_channels
0.05,straight_bias,C,h1_exc,8,25,1.3501717,0.022836806,2.2190866,0.036677755,1.6533203125,1.3422000320287193,0.02218430137801398,0.05933126623643733,0.0024319879326529497,221,1.3516152,2.2214112,1.3436060224495565,0.05959919870464463,-0.0014435053,-0.0023245811,-0.001405990420837222,-0.00026793246820730476,C_channels
0.05,straight_bias,C,h1_exc,9,25,0.7275179,0.0069779647,1.2082316,0.011448553,1.6533203125,0.7307909650589637,0.006924582490235038,0.007347691276286475,0.0005908772707458288,322,0.70295197,1.1679087,0.7064019080132573,0.006134249560038436,0.024565935,0.0403229,0.024389057045706375,0.0012134417162480392,straight_channels
0.05,straight_bias,C,h1_exc,10,25,1.0577508,0.0059582163,1.74711,0.009670961,1.6533203125,1.0567280391221456,0.005849417346662832,0.03833403167683035,0.0006940522359079983,263,1.0765908,1.7776777,1.0752167032712454,0.03924578898848634,-0.018839955,-0.030567646,-0.018488664149099776,-0.0009117573116559849,straight_channels
0.05,straight_bias,C,h1_exc,11,25,0.7978492,0.019400036,1.3232785,0.03175706,1.6533203125,0.8003763812662926,0.01920805042264694,0.03933294226092404,0.0025445363539667695,307,0.77499944,1.2858804,0.7777563790035217,0.0361149752786088,0.022849739,0.0373981,0.022620002262770944,0.0032179669823152388,straight_channels
0.05,straight_bias,C,h1_exc,12,25,1.6882973,0.014440868,2.7597594,0.022954276,1.6533203125,1.6692224431118796,0.013883744217238416,0.13974639505508546,0.0019153196740315844,166,1.6846462,2.7539475,1.6657071584591163,0.1382246519098674,0.003651023,0.0058119297,0.0035152846527632953,0.0015217431452180519,straight_channels
0.05,straight_bias,C,h1_exc,13,25,7.2017975,0.21456783,10.777449,0.28612125,1.6533203125,6.518669412912774,0.17305856472970577,0.23341657588181225,0.0023714753248746732,4,7.106635,10.650325,6.441779623618533,0.2331081873793404,0.09516239,0.12712383,0.07688978929424106,0.00030838850247186245,C_channels
0.05,straight_bias,C,h1_exc,14,25,1.658739,0.03146336,2.7122626,0.050054636,1.6533203125,1.6404942414527255,0.030275219414645227,0.07628592977451078,0.002162540975370246,171,1.6631263,2.7192383,1.6447134644226282,0.07582983315404583,-0.0043873787,-0.006975651,-0.004219222969902736,0.00045609662046494637,straight_channels
0.05,straight_bias,C,h1_exc,15,25,0.98798287,0.004671288,1.6337627,0.007594402,1.6533203125,0.9881706409654875,0.004593424373060887,0.007542110114801356,0.0008051897862702924,278,0.97927934,1.6196051,0.9796075607326528,0.007086177529578653,0.00870353,0.014157653,0.008563080232834697,0.0004559325852227028,straight_channels
0.05,straight_bias,C,h1_exc,16,25,2.138464,0.036872335,3.469418,0.057766434,1.6533203125,2.0984548093229165,0.03493965039413101,0.15672732614073412,0.0016826031510495396,113,2.1004534,3.4098835,2.0624457372577853,0.15503792774265482,0.038010597,0.05953455,0.036009072065131154,0.0016893983980793004,C_channels
0.05,straight_bias,C,h1_exc,17,25,0.9772268,0.008813767,1.6162273,0.014346176,1.6533203125,0.9775645031641624,0.008677190680613183,0.02261962624652424,0.0006845405928893987,283,0.9755835,1.6135522,0.97594658195422,0.022384982820730422,0.0016433,0.0026750565,0.001617921209942419,0.00023464342579381653,C_channels
0.05,straight_bias,C,h1_exc,18,25,1.7025268,0.025869837,2.7820864,0.041098274,1.6533203125,1.6827267565177217,0.02485802304376889,0.1531886365539653,0.0025616687557808594,163,1.6983197,2.7754087,1.6786877851802935,0.15320204474972496,0.0042071342,0.0066776276,0.004038971337428254,-1.340819575965102e-05,C_channels
0.05,straight_bias,C,h1_exc,19,25,1.4634076,0.020763988,2.400814,0.033185124,1.6533203125,1.4521166976460131,0.020071805848322227,0.1314941758148567,0.002064666238727985,204,1.4598621,2.3951457,1.4486882364939058,0.13104451757764973,0.0035455227,0.0056684017,0.003428461152107376,0.00044965823720696796,C_channels
0.05,straight_bias,C,h1_exc,20,25,3.269962,0.05523466,5.208974,0.083471574,1.6533203125,3.150613940538372,0.05048723801643235,0.19628928182335012,0.0015710194307430895,36,3.3087173,5.2673573,3.1859265326165755,0.19506913600922224,-0.03875518,-0.058383465,-0.035312592078203586,0.001220145814127882,straight_channels
0.05,straight_bias,C,h1_exc,21,25,3.6830926,0.08162589,5.82692,0.12129683,1.6533203125,3.5243747825629965,0.07336559526511355,0.23331601441361494,0.0031131211986371956,30,3.6171677,5.7286696,3.464948191811979,0.2316533981394187,0.06592488,0.09825039,0.05942659075101764,0.001662616274196227,C_channels
0.05,straight_bias,C,h1_exc,22,25,2.2807026,0.024722451,3.6921747,0.03857232,1.6533203125,2.2331878256650364,0.023330214655573937,0.2421914293802869,0.002653518401323003,99,2.2724261,3.6792703,2.225382685982476,0.2417296572527933,0.008276463,0.012904406,0.007805139682560469,0.0004617721274935982,C_channels
0.05,straight_bias,C,h1_exc,23,25,3.3653634,0.045099903,5.353449,0.068002276,1.6533203125,3.237998817538625,0.04113073143882357,0.20332121424655442,0.003687825414559645,34,3.4113455,5.4225807,3.2798123278808164,0.20476326154344693,-0.045982122,-0.06913185,-0.041813510342191496,-0.0014420472968925124,C_channels
0.05,straight_bias,C,h1_exc,24,25,1.5094178,0.012646901,2.4746075,0.020229988,1.6533203125,1.4967502470567202,0.012235975535139705,0.11134121660295282,0.0019279086364564404,197,1.5260255,2.501152,1.512805511283297,0.11397636805487808,-0.016607761,-0.02654457,-0.01605526422657677,-0.0026351514519252633,straight_channels
0.05,straight_bias,C,h1_exc,25,25,3.173269,0.040487498,5.0635066,0.06138896,1.6533203125,3.0626287285225526,0.03713071112676659,0.22729498231483017,0.002405014551002043,39,3.1895862,5.088203,3.077566246890562,0.2274432246708896,-0.01631713,-0.02469635,-0.014937518368009162,-0.00014824235605942482,straight_channels
0.05,straight_bias,C,h1_exc,26,25,3.1083813,0.044158902,4.964906,0.06710996,1.6533203125,3.0029909049390864,0.0405910183902231,0.21011983574942583,0.004240349858504044,43,3.1067648,4.962446,3.0015032305166023,0.20981071863836084,0.001616478,0.002460003,0.0014876744224840976,0.0003091171110649882,C_channels
0.05,straight_bias,C,h1_exc,27,25,1.723618,0.047162224,2.8146195,0.07480121,1.6533203125,1.7024042312030454,0.04524302072833052,0.12566783388685399,0.003539685181807402,159,1.7035649,2.7828405,1.6831830125139284,0.12493756808838938,0.020053148,0.03177905,0.01922121868911697,0.0007302657984646077,C_channels
0.05,straight_bias,C,h1_exc,28,25,2.2852647,0.020611541,3.6994011,0.032138217,1.6533203125,2.2375586898127726,0.01943859000355894,0.1849788659267492,0.0020387532190407364,97,2.282652,3.6953263,2.2350939741325386,0.18609841488151446,0.0026128292,0.004074812,0.0024647156802339865,-0.0011195489547652648,straight_channels
0.05,straight_bias,C,h1_exc,29,25,4.323066,0.055228338,6.7735033,0.080660455,1.6533203125,4.0969093077658885,0.0487869512208322,0.2503426686377448,0.0018415911758252895,19,4.388046,6.868232,4.154205296418156,0.25004273862377435,-0.06497955,-0.09472847,-0.05729598865226748,0.0002999300139704397,C_channels
0.05,straight_bias,C,h1_exc,30,25,0.7466431,0.0055944487,1.2396123,0.00917154,1.6533203125,0.7497714550366378,0.00554734608377603,0.011564518283887873,0.00046556505197270124,319,0.74012184,1.2289165,0.7433021553627944,0.01198017403773051,0.0065212846,0.010695815,0.006469299673843354,-0.00041565575384263677,straight_channels
0.05,straight_bias,C,h1_exc,31,25,0.50596577,0.004163177,0.843401,0.0068793865,1.6533203125,0.5101255930618179,0.004160951900309197,0.0027687778184893415,0.00040550318396485153,367,0.49667513,0.82804346,0.5008366710745689,0.0026749350540495476,0.009290636,0.015357554,0.009288921987249066,9.384276443979381e-05,straight_channels
0.05,straight_bias,C,h1_exc,32,25,0.98761034,0.00617377,1.6331462,0.010039155,1.6533203125,0.9877978311672772,0.006072117482934288,0.021493337802713907,0.0007833378106284067,279,0.9843788,1.6278893,0.9846182117517038,0.021077683734164854,0.0032315254,0.0052568913,0.0031796194155733204,0.00041565406854905326,C_channels
0.05,straight_bias,C,h1_exc,33,25,1.2832254,0.0068321894,2.1116645,0.011002938,1.6533203125,1.277226572079489,0.006655055354592572,0.08835330595819295,0.0006587636157268723,235,1.2686555,2.0881894,1.2630277456554762,0.08656331182428008,0.014569879,0.02347517,0.014198826424012934,0.00178999413391287,straight_channels
0.05,straight_bias,C,h1_exc,34,25,0.6175188,0.0059266463,1.0274305,0.009761659,1.6533203125,0.6214346158722184,0.005904276017417182,0.016854045331658744,0.0008005876286482907,345,0.63797575,1.0611054,0.6418026667540812,0.01664622447679403,-0.02045697,-0.033674836,-0.020368050881862776,0.00020782085486471466,straight_channels
0.05,straight_bias,C,h1_exc,35,25,0.67844254,0.013061647,1.1275661,0.021466196,1.6533203125,0.682001004451176,0.012983688208482056,0.022324577966304097,0.0013968141090170826,332,0.6675451,1.1096599,0.6711705947180637,0.021312327159958674,0.010897458,0.017906189,0.010830409733112223,0.0010122508063454237,C_channels
0.05,straight_bias,C,h1_exc,36,25,6.905756,0.25205615,10.371005,0.33790424,1.6533203125,6.272834727453439,0.20437917857684249,0.21641498365858006,0.0018912676793522716,6,6.8093147,10.24153,6.194523079318863,0.21543618536812584,0.09644127,0.12947464,0.07831164813457647,0.0009787982904542192,C_channels
0.05,straight_bias,C,h1_exc,37,25,1.2406272,0.020782324,2.042751,0.03350277,1.6533203125,1.2355446381033435,0.020263931912698253,0.041243610156673716,0.002677636751706632,243,1.2646306,2.0814483,1.2589504155431763,0.04418000502803638,-0.024003386,-0.038697243,-0.023405777439832853,-0.0029363948713626645,C_channels
0.05,straight_bias,C,h1_exc,38,25,0.76219666,0.0043650595,1.2651168,0.007151092,1.6533203125,0.7651976468917978,0.004325291211110339,0.009198002067594725,0.0003880731974863147,315,0.7611383,1.2633824,0.7641485834290792,0.009211430486877389,0.0010583401,0.001734376,0.0010490634627186024,-1.34284192826635e-05,C_channels
0.05,straight_bias,C,h1_exc,39,25,0.60580945,0.0048992373,1.0081517,0.008072005,1.6533203125,0.6097739794870286,0.004882299374322128,0.0021721277130627905,0.0002000679987781524,347,0.597287,0.994112,0.6012821672621984,0.0021386072236636734,0.008522451,0.014039636,0.008491812224830197,3.352048939911714e-05,straight_channels
0.05,straight_bias,C,h1_exc,40,25,1.7638546,0.024186261,2.8794837,0.03839572,1.6533203125,1.7416367843565501,0.023223402150903814,0.08563144221898464,0.004304903135982672,153,1.7829212,2.9096801,1.7599010929344288,0.08606015731281488,-0.019066572,-0.030196428,-0.01826430857787864,-0.0004287150938302453,straight_channels
0.05,straight_bias,C,h1_exc,41,25,2.161592,0.04321295,3.5053256,0.067605734,1.6533203125,2.1201733457667897,0.04089088555942256,0.15462331350024752,0.0031782226540836254,111,2.0880098,3.3900821,2.050469072155609,0.15136512193065332,0.07358217,0.115243435,0.06970427361118059,0.0032581915695941988,straight_channels
0.05,straight_bias,C,h1_exc,42,25,0.63768363,0.0065181605,1.0606209,0.010728697,1.6533203125,0.6415096691646691,0.006489182557174825,0.004062683315172997,0.000528969183463852,341,0.6402334,1.0648167,0.6440474756157435,0.00419005218665719,-0.0025497675,-0.0041958094,-0.002537806451074376,-0.00012736887148419307,C_channels
0.05,straight_bias,C,h1_exc,43,25,2.666828,0.046034276,4.2896123,0.07095403,1.6533203125,2.594543797526947,0.04291608359513812,0.20368390178479537,0.003943617315841911,66,2.6332998,4.2380104,2.5633328371427773,0.20152518226749222,0.03352809,0.051601887,0.031210960384169706,0.002158719517303148,C_channels
0.05,straight_bias,C,h1_exc,44,25,0.6688862,0.0069428976,1.1119388,0.011406985,1.6533203125,0.672548913464803,0.006899440559217003,0.000502807340986757,0.00015452182112268766,335,0.6727771,1.1183362,0.6764183534378919,0.0004893991452271101,-0.0038909316,-0.0063973665,-0.003869439973088862,1.34081957596469e-05,C_channels
0.05,straight_bias,C,h1_exc,45,25,2.1346734,0.028784605,3.463803,0.04511073,1.6533203125,2.095058777198227,0.027284930231888535,0.15878655828361787,0.0032459391862359635,114,2.1363451,3.4664075,2.09663385194505,0.15912125028659477,-0.0016717911,-0.0026044846,-0.0015750747468228354,-0.00033469200297689405,C_channels
0.05,straight_bias,C,h1_exc,46,25,1.4347824,0.020452058,2.354961,0.032734606,1.6533203125,1.4243827900409454,0.019799313516693878,0.09943517975354106,0.0023821671729054557,208,1.4343411,2.354255,1.4239557905419036,0.09903293388075167,0.0004413128,0.0007059574,0.00042699949904179135,0.00040224587278939183,C_channels
0.05,straight_bias,C,h1_exc,47,25,1.4686698,0.01181446,2.409423,0.018904893,1.6533203125,1.4573239272918652,0.01143450073813614,0.08165591217624935,0.0018457588063923132,202,1.443525,2.3691604,1.4329711005416426,0.07954412134410496,0.025144815,0.0402627,0.024352826750222656,0.0021117908321443835,straight_channels
0.05,straight_bias,C,h1_exc,48,25,2.4156423,0.054509893,3.9007087,0.08438108,1.6533203125,2.3593181974379545,0.05103734586079289,0.20904718008865408,0.005077197204972236,85,2.3790045,3.8438544,2.324930213344781,0.20600351965121427,0.036637783,0.056854248,0.03438798409317334,0.00304366043743981,C_channels
0.05,straight_bias,C,h1_exc,49,25,0.5100404,0.0065060686,0.8501189,0.010753021,1.6533203125,0.5141888558865659,0.006503894322909474,0.006228106930355963,0.0005476164701672944,364,0.50941515,0.8490857,0.5135639265512473,0.00599342698986781,0.0006252527,0.0010331869,0.000624929335318658,0.0002346799404881533,C_channels
0.05,straight_bias,C,h1_exc,50,25,0.71376157,0.0139303105,1.1855607,0.022866374,1.6533203125,0.7170786677800625,0.013830577035812537,0.010230438758732816,0.0014772980959490705,327,0.7151242,1.1877987,0.7184323157779109,0.010022578580351126,-0.0013626218,-0.0022380352,-0.0013536479978484284,0.0002078601783816903,straight_channels
0.05,straight_bias,C,h1_exc,51,25,2.0118437,0.05232238,3.269812,0.08233094,1.6533203125,1.9777243897563364,0.049797333915789645,0.15676812990724165,0.005099108961479814,127,1.9916961,3.2381475,1.9585724591279345,0.15514623313487375,0.020147562,0.03166461,0.019151930628401814,0.0016218967723679034,C_channels
0.05,straight_bias,C,h1_exc,52,25,0.6608527,0.0062320908,1.0987365,0.010248927,1.6533203125,0.6645636259780308,0.006198996956279654,0.003452590184586049,0.0003157858851905926,336,0.65681463,1.0920954,0.6605467830391138,0.003318512159341278,0.004038036,0.0066411495,0.004016842938916909,0.00013407802524477083,straight_channels
0.05,straight_bias,C,h1_exc,53,25,2.5208185,0.04899204,4.06406,0.07579251,1.6533203125,2.458120278250944,0.04584260223096108,0.17522500628494492,0.0027723241621665164,79,2.4774778,3.99697,2.4175411994300076,0.17366965557682587,0.043340683,0.06709027,0.04057907882093659,0.0015553507081190465,straight_channels
0.05,straight_bias,C,h1_exc,54,25,2.2623625,0.067960694,3.661144,0.10584427,1.6533203125,2.2144191539958493,0.06401921511594684,0.1471750607557637,0.00438976928458764,102,2.2512217,3.6437452,2.203895426994011,0.14649794686990153,0.011140823,0.017398834,0.010523727001838346,0.0006771138858621684,C_channels
0.05,straight_bias,C,h1_exc,55,25,1.2704738,0.009796419,2.091088,0.01579615,1.6533203125,1.2647808858730176,0.009554197613225103,0.03300427386237073,0.0014868179238606213,237,1.2730097,2.0951746,1.2672526416862937,0.03333277465848208,-0.00253582,-0.0040864944,-0.0024717558132760775,-0.0003285007961113459,C_channels
0.05,straight_bias,C,h1_exc,56,25,0.567675,0.0136476625,0.94518274,0.022493714,1.6533203125,0.5716875995052128,0.013605176314348547,0.013233889214771444,0.0014118945264957874,349,0.5768429,0.96030396,0.5808335687213426,0.013354522529562233,-0.00916791,-0.015121222,-0.009145969216129868,-0.00012063331479078912,C_channels
0.05,straight_bias,C,h1_exc,57,25,2.5542507,0.030869449,4.116626,0.047737427,1.6533203125,2.489914251635501,0.02887367142208951,0.20597602352461583,0.0025751105111843672,78,2.5819404,4.1593823,2.5157752819630606,0.20923427127066282,-0.027689695,-0.042756557,-0.025861030327559487,-0.003258247746046994,C_channels
0.05,straight_bias,C,h1_exc,58,25,2.295585,0.018318413,3.7155423,0.028570142,1.6533203125,2.2473214421717684,0.017280463310586983,0.22614183590892545,0.0016710443680417544,94,2.3151274,3.7459803,2.2657317217506834,0.226115045920339,-0.019542456,-0.030437946,-0.018410279578914945,2.6789988586461977e-05,C_channels
0.05,straight_bias,C,h1_exc,59,25,0.45781136,0.0067372103,0.7637251,0.0111505315,1.6533203125,0.4619341418226414,0.006744326109269813,0.002527444900693432,0.0004999050290179346,373,0.45218033,0.7544011,0.45629459292133767,0.00240677113885661,0.0056310296,0.009324014,0.005639548901303748,0.00012067376183682189,straight_channels
0.05,straight_bias,C,h1_exc,60,25,1.5717272,0.018049564,2.574031,0.028792229,1.6533203125,1.5568859675380171,0.017414791777799886,0.08815888711967806,0.002146249515513892,188,1.5681939,2.5683963,1.5534777586653945,0.0885468108058204,0.0035332441,0.0056347847,0.003408208872622609,-0.00038792368614233574,C_channels
0.05,straight_bias,C,h1_exc,61,25,4.7950215,0.09779069,7.4545164,0.1408347,1.6533203125,4.508815719092426,0.0851829538904919,0.25164501801705214,0.0025863159305424483,13,4.802799,7.465696,4.515577327051381,0.25102153691422857,-0.007777691,-0.011179447,-0.006761607958955196,0.0006234811028235643,C_channels
0.05,straight_bias,C,h1_exc,62,25,2.7393868,0.025332866,4.402099,0.038878553,1.6533203125,2.662581027623402,0.023515439146227717,0.22685996815534495,0.002589084063621632,64,2.6805935,4.311692,2.607898857805001,0.22632364032495908,0.058793306,0.090406895,0.05468216981840124,0.0005363278303858743,straight_channels
0.05,straight_bias,C,h1_exc,63,25,0.9701378,0.0080848215,1.6046987,0.013150561,1.6533203125,0.970591509514482,0.007954030966216058,0.01711550739602997,0.0014376526429042697,284,0.9785653,1.6184138,0.9788870791123059,0.018577055224990716,-0.008427501,-0.013715148,-0.008295569597823849,-0.0014615478289607443,straight_channels
0.05,straight_bias,C,h1_exc,64,25,2.8301148,0.05697798,4.539753,0.08716001,1.6533203125,2.7458400117255457,0.05271816501575832,0.22620296656312225,0.0032908443487966255,60,2.7985108,4.491396,2.7165913708990574,0.2249895248468742,0.03160405,0.04835701,0.02924864082648826,0.0012134417162480426,C_channels
0.05,straight_bias,C,h1_exc,65,25,1.6854959,0.01955995,2.7551975,0.031070782,1.6533203125,1.6664632416371332,0.01879295905608938,0.12629144644257717,0.004101205692161419,168,1.6967894,2.7731423,1.6773171021370485,0.1271560627220827,-0.01129353,-0.017944813,-0.010853860499915324,-0.0008646162795055423,C_channels
0.05,straight_bias,C,h1_exc,66,25,1.113584,0.007155755,1.8376274,0.011584117,1.6533203125,1.1114769012946923,0.007006577461985051,0.06931340788251784,0.0008016446013663613,256,1.0973592,1.8113396,1.0955769035827925,0.06856951311483402,0.016224861,0.026287794,0.01589999771189987,0.0007438947676838281,straight_channels
0.05,straight_bias,C,h1_exc,67,25,1.6344233,0.019582318,2.673936,0.03116988,1.6533203125,1.6173126321164168,0.01885289855099134,0.1273108187378469,0.00189239912264589,177,1.6301991,2.6672163,1.613248240159311,0.12711597913770034,0.004224181,0.0067195892,0.004064391957105951,0.00019483960014654578,C_channels
0.05,straight_bias,C,h1_exc,68,25,1.3002928,0.023650946,2.1388247,0.03804267,1.6533203125,1.2936541875294483,0.02300985966151922,0.06964887287348559,0.0017191872231644362,234,1.2810711,2.1078866,1.2749414619892052,0.06892483030246466,0.019221783,0.030938148,0.018712725540243058,0.0007240425710209331,straight_channels
0.05,straight_bias,C,h1_exc,69,25,2.0678484,0.030148042,3.3589475,0.047350366,1.6533203125,2.0316374228767917,0.028639558818632053,0.17824185033086548,0.0043279538676614685,119,2.0752425,3.3705451,2.0386521410675296,0.17798039051355233,-0.0073940754,-0.011597633,-0.007014718190737845,0.00026145981731315326,C_channels
0.05,straight_bias,C,h1_exc,70,25,1.3950046,0.010232551,2.2913587,0.016424235,1.6533203125,1.385913299632013,0.009934091052764271,0.12258357753578204,0.0011830043534072758,214,1.3902807,2.283776,1.3813269629977625,0.12125701835236632,0.0047239065,0.0075826645,0.004586336634250454,0.001326559183415718,C_channels
0.05,straight_bias,C,h1_exc,71,25,1.5817376,0.008376474,2.5901628,0.013367339,1.6533203125,1.566642917050769,0.008085147696474117,0.13478588787385,0.002062554509982151,184,1.5732085,2.5765536,1.558411637336453,0.13402162071555013,0.008529186,0.013609171,0.008231279714316031,0.0007642671582998861,C_channels
0.05,straight_bias,C,h1_exc,72,25,4.1147666,0.05934842,6.467895,0.08726063,1.6533203125,3.9120638745587515,0.05277902592211154,0.23536746836484088,0.0022743085964860147,23,4.0426064,6.361666,3.8478123152161263,0.2353473560712014,0.072160244,0.10622883,0.06425155934262516,2.0112293639462653e-05,straight_channels
0.05,straight_bias,C,h1_exc,73,25,0.8216501,0.00471695,1.3624539,0.007713048,1.6533203125,0.8240713521433531,0.004665186466043436,0.020695550155014918,0.00048383820114751477,303,0.826328,1.3701046,0.8286987557396632,0.02090329685696191,-0.0046778917,-0.007650614,-0.004627403596310087,-0.00020774670194699182,C_channels
0.05,straight_bias,C,h1_exc,74,25,2.3208497,0.025700225,3.7547054,0.040000673,1.6533203125,2.271009041242169,0.02419414638879434,0.17297913349520408,0.0016240703058502772,90,2.3168962,3.7485328,2.2672754980445062,0.17257018352453482,0.003953457,0.006172657,0.0037335431976628364,0.000408949970669259,C_channels
0.05,straight_bias,C,h1_exc,75,25,1.9711215,0.027148606,3.206945,0.04276769,1.6533203125,1.9396996361746757,0.025867757817624307,0.157110533813662,0.0023867514327880145,131,1.9578004,3.1859636,1.9270093363492615,0.15628592977444372,0.013321161,0.020981312,0.012690299825414142,0.0008246040392182741,C_channels
0.05,straight_bias,C,h1_exc,76,25,4.2889314,0.13816373,6.714828,0.20102142,1.6533203125,4.061419942302014,0.12158648908593254,0.20826805987622798,0.002109650557000802,20,4.235081,6.6362996,4.013922296029938,0.20808849409183935,0.053850174,0.078528404,0.047497646272075755,0.00017956578438863002,C_channels
0.05,straight_bias,C,h1_exc,77,25,1.9435116,0.010543238,3.163824,0.016632661,1.6533203125,1.913618443784065,0.01006015695360671,0.19658356160969565,0.0014575370409707232,136,1.9420347,3.161497,1.912211017072259,0.19593265066848797,0.0014768839,0.0023269653,0.001407426711806048,0.0006509109412076719,C_channels
0.05,straight_bias,C,h1_exc,78,25,3.5656044,0.04902724,5.653837,0.07334172,1.6533203125,3.419686394887721,0.04436026130064486,0.23090253917687847,0.0026727330529154806,31,3.6057105,5.713745,3.4559212357420948,0.23133160144118714,-0.040106058,-0.059907913,-0.03623484085437356,-0.0004290622643086661,C_channels
0.05,straight_bias,C,h1_exc,79,25,1.5856241,0.00839114,2.5963614,0.013387106,1.6533203125,1.570392144084353,0.008097103703367874,0.15686918628998836,0.0017632935096115424,183,1.6012013,2.6211982,1.5854146055078144,0.15748493077172926,-0.015577197,-0.024836779,-0.01502246142346153,-0.0006157444817408986,C_channels
0.05,straight_bias,C,h1_exc,80,25,2.451566,0.03058791,3.9576678,0.04742745,1.6533203125,2.393769557149099,0.02868618325245468,0.21278136260771574,0.003555267343101343,83,2.4779577,3.9985518,2.4184980922365353,0.21275319461074155,-0.026391745,-0.040884018,-0.02472853508743622,2.8167996974193255e-05,C_channels
0.05,straight_bias,C,h1_exc,81,25,0.9630209,0.013481729,1.5930387,0.021935519,1.6533203125,0.963539023793147,0.013267555618966509,0.053310986340355894,0.0012286497837941963,286,0.94559497,1.5646609,0.9463749112133024,0.051634788846925336,0.017425954,0.028377771,0.017164112579844626,0.0016761974934305576,straight_channels
0.05,straight_bias,C,h1_exc,82,25,1.2591469,0.031160386,2.0722737,0.050217662,1.6533203125,1.253401215977287,0.03037382495958123,0.05158132908736144,0.0020983638948133547,241,1.2569741,2.068775,1.25128506042766,0.05173552333859739,0.0021728277,0.0034987926,0.0021161555496269635,-0.00015419425123595204,C_channels
0.05,straight_bias,C,h1_exc,83,25,1.8198597,0.016728703,2.9683988,0.026480164,1.6533203125,1.7954166461934782,0.016016354176650163,0.13241220578923485,0.0030765725980667186,149,1.7901524,2.921367,1.7669696691523809,0.13327746585088973,0.029707313,0.04703188,0.028446977041097332,-0.0008652600616548822,straight_channels
0.05,straight_bias,C,h1_exc,84,25,2.8308878,0.050707914,4.5413337,0.07765261,1.6533203125,2.7467960796742075,0.046967672698547,0.16563084674851766,0.002398568254146014,59,2.8128226,4.513671,2.730064380083663,0.16578563647015354,0.018065214,0.027662754,0.016731699590544657,-0.00015478972163587845,straight_channels
0.05,straight_bias,C,h1_exc,85,25,1.3761674,0.013543594,2.2610667,0.021744939,1.6533203125,1.3675914009776957,0.01315228384438345,0.08512193078011805,0.002409423771511728,218,1.3837036,2.2731657,1.3749094534382322,0.08699237408858879,-0.007536173,-0.012099028,-0.007318052460536517,-0.0018704433084707345,straight_channels
0.05,straight_bias,C,h1_exc,86,25,0.45799735,0.007011141,0.7640305,0.011603418,1.6533203125,0.46211888835366,0.007018251545391579,0.0014346769462822134,0.0002777822010333479,372,0.4467771,0.74545336,0.45088259375239575,0.0014480710979286545,0.011220247,0.018577158,0.01123629460126424,-1.3394151646441187e-05,straight_channels
0.05,straight_bias,C,h1_exc,87,25,2.5026014,0.03707172,4.03648,0.05740066,1.6533203125,2.4414385892736528,0.03471841315112823,0.191453143232334,0.0016210221630444269,80,2.4683933,3.98353,2.4094121617133752,0.19030252241666779,0.03420806,0.052949905,0.032026427560277515,0.00115062081566622,C_channels
0.05,straight_bias,C,h1_exc,88,25,1.3321009,0.017337836,2.1901722,0.027861973,1.6533203125,1.3247113407628581,0.01685213263014221,0.12266487890712924,0.0032383771064959607,227,1.258764,2.0721123,1.2533036837449694,0.11531048353296294,0.07333684,0.11805987,0.07140765701788876,0.007354395374166295,straight_channels
0.05,straight_bias,C,h1_exc,89,25,1.913626,0.055766378,3.114843,0.08782944,1.6533203125,1.883992421831685,0.053123062017214936,0.10356490404751231,0.0015818072342499924,137,1.9170272,3.1201208,1.8871846621494266,0.1021905639821485,-0.0034012794,-0.005277872,-0.003192240317741568,0.0013743400653638133,straight_channels
0.05,straight_bias,C,h1_exc,90,25,2.6149435,0.05589312,4.2090397,0.08644902,1.6533203125,2.5458103641979632,0.052288124565039486,0.17675286816940436,0.003694214470621417,69,2.615731,4.210283,2.546562132734837,0.1770015922230981,-0.00078749657,-0.0012431145,-0.0007517685368738647,-0.0002487240536937496,C_channels
0.05,straight_bias,C,h1_exc,91,25,1.4684466,0.013821995,2.4090338,0.022128673,1.6533203125,1.457088277512945,0.013384383916659743,0.10320958685988164,0.0033504842852351033,203,1.4460405,2.3731542,1.435386763135936,0.09988435431148923,0.022406101,0.035879612,0.021701514377008957,0.0033252325483924122,straight_channels
0.05,straight_bias,C,h1_exc,92,25,3.0521963,0.06541313,4.878169,0.09923265,1.6533203125,2.9505288602549227,0.06002022023026427,0.22659180424015202,0.0024159468831570314,48,3.0386846,4.857603,2.938089369134799,0.22566663873273637,0.013511658,0.020565987,0.012439491120123769,0.0009251655074156429,C_channels
0.05,straight_bias,C,h1_exc,93,25,1.8237412,0.022102717,2.974413,0.034979764,1.6533203125,1.7990541251750949,0.021157282326550522,0.15039973183595876,0.003368835311591247,148,1.8096123,2.95206,1.7855340933239108,0.14691207799481457,0.014128923,0.022352934,0.013520031851184111,0.0034876538411441893,C_channels
0.05,straight_bias,C,h1_exc,94,25,1.7522229,0.019758413,2.8611567,0.031363767,1.6533203125,1.73055191174012,0.018970169024309317,0.13011313165161306,0.0019898328326939103,155,1.7657083,2.882539,1.7434848812886679,0.13259274679684446,-0.013485432,-0.021382332,-0.012932969548547835,-0.002479615145231401,straight_channels
0.05,straight_bias,C,h1_exc,95,25,1.035552,0.012718225,1.7109894,0.020644028,1.6533203125,1.0348807642847437,0.012486405158809557,0.03926590128212581,0.0019389200715120138,267,1.0042988,1.6602134,1.0041691630464384,0.035082544205115994,0.03125322,0.050776005,0.030711601238305297,0.004183357077009814,C_channels
0.05,straight_bias,C,h1_exc,96,25,0.53874624,0.007117878,0.89753145,0.011753194,1.6533203125,0.5428660230704309,0.007108842813780314,0.004149836587610701,0.0005247036346512087,358,0.5319194,0.8862597,0.5360483925533939,0.003955417749095822,0.006826818,0.011271775,0.006817630517036988,0.00019441883851487908,C_channels
0.05,straight_bias,C,h1_exc,97,25,1.854574,0.059306778,3.0213194,0.09339316,1.6533203125,1.8274252441337364,0.056488245074449744,0.09585482240642032,0.003455053577390309,145,1.8489468,3.0125065,1.8220949145458496,0.0957278136259987,0.0056271553,0.008812904,0.005330329587886817,0.00012700878042161412,C_channels
0.05,straight_bias,C,h1_exc,98,25,0.40634942,0.00509122,0.6784678,0.008440412,1.6533203125,0.41036682709882605,0.005105128115606672,0.0011531048353296295,0.0002945101372726433,382,0.4063887,0.67853326,0.41040639864548933,0.0011396966395699826,-3.927946e-05,-6.54459e-05,-3.957154666328622e-05,1.34081957596469e-05,C_channels
0.05,straight_bias,C,h1_exc,99,25,4.921934,0.14006978,7.631529,0.2008055,1.6533203125,4.615880597265732,0.12145589657023675,0.18992709293539767,0.0020868355599897954,9,4.6811433,7.286072,4.406932909515953,0.1900812871866336,0.24079084,0.34545708,0.20894768774977912,-0.0001541942512359451,straight_channels
0.05,straight_bias,C,h1_exc,100,25,0.72463554,0.0072123194,1.2035,0.0118325045,1.6533203125,0.7279291033893642,0.007156812996784211,0.021567082879391967,0.0011119476107148134,323,0.71363664,1.1854495,0.7170113481301632,0.020118997737350104,0.010998905,0.018050551,0.010917755259201023,0.0014480851420418626,straight_channels
0.05,straight_bias,C,h1_exc,101,25,1.1503073,0.021979408,1.8968028,0.035532784,1.6533203125,1.1472688136640385,0.021491771081910405,0.03649027105992119,0.0014575348318829938,254,1.145421,1.8889009,1.142489347808607,0.03567250481854046,0.0048862696,0.007901907,0.004779465855431653,0.0008177662413807324,straight_channels
0.05,straight_bias,C,h1_exc,102,25,1.7522027,0.016615013,2.861196,0.026339814,1.6533203125,1.7305756884123036,0.015931464575370376,0.12910705632272643,0.0029276635765478174,154,1.7880784,2.918055,1.76496662584273,0.13208413642828115,-0.035875678,-0.056859016,-0.034390937430426316,-0.0029770801055547247,C_channels
0.05,straight_bias,C,h1_exc,103,25,0.53944206,0.008695333,0.8986639,0.014359584,1.6533203125,0.5435509622575352,0.008685300715477478,0.00647615855190943,0.0003597119728363344,357,0.5477614,0.91239494,0.5518561114546624,0.0068582747163589905,-0.008319318,-0.013731062,-0.008305149197127215,-0.0003821161644495608,straight_channels
0.05,straight_bias,C,h1_exc,104,25,0.71547484,0.006056154,1.1884761,0.009939847,1.6533203125,0.7188419759570635,0.006012051161651047,0.024825044687294105,0.0011664690679680555,326,0.7180369,1.1926808,0.7213851800357447,0.024885498415234387,-0.002562046,-0.00420475,-0.0025432040786812493,-6.045372794028295e-05,C_channels
0.05,straight_bias,C,h1_exc,105,25,3.8035734,0.0608409,6.007871,0.09016559,1.6533203125,3.6338216425957865,0.054536071485557974,0.23916869186270076,0.0016662470751800933,27,3.8187695,6.030321,3.64740015283188,0.2387530377941517,-0.015196085,-0.02244997,-0.013578510236093244,0.0004156540685490706,C_channels
0.05,straight_bias,C,h1_exc,106,25,0.54498625,0.0054526776,0.9078469,0.00899885,1.6533203125,0.549105295554197,0.005442896028761242,0.0038079275957397063,0.0004216259337183921,354,0.54836273,0.91341734,0.5524745457553186,0.0038347400549073023,-0.003376484,-0.0055704117,-0.003369250201121665,-2.6812459167596062e-05,straight_channels
0.05,straight_bias,C,h1_exc,107,25,0.4444848,0.008503756,0.7416398,0.014078374,1.6533203125,0.44857598976965113,0.00851521267259452,0.0011128802480506888,0.00024630147600845985,374,0.44514203,0.74272865,0.44923455657800176,0.0010793372880704428,-0.0006572306,-0.0010888577,-0.0006585668083506357,3.3542959980246024e-05,C_channels
0.05,straight_bias,C,h1_exc,108,25,1.4120346,0.0072828643,2.318716,0.011678188,1.6533203125,1.4024602137559408,0.007063475679166909,0.13251990279046968,0.0019579791975053835,210,1.4242913,2.33837,1.4143478172815733,0.13437693790318078,-0.012256622,-0.019654036,-0.011887603525632562,-0.0018570351127110973,C_channels
0.05,straight_bias,C,h1_exc,109,25,1.3721833,0.027534826,2.254305,0.044132937,1.6533203125,1.3635015970532671,0.026693518372150716,0.07147909159467739,0.0013437884391735819,219,1.366011,2.2444084,1.3575157275393024,0.07132489734344144,0.0061722994,0.009896517,0.005985869513964737,0.0001541942512359451,C_channels
0.05,straight_bias,C,h1_exc,110,25,1.5003333,0.013558276,2.460065,0.02167526,1.6533203125,1.4879542454209826,0.013110140456129021,0.10530126539838656,0.0020276091200156763,198,1.4586685,2.3933842,1.4476228027750841,0.0999175371804069,0.04166484,0.06668067,0.040331442645898496,0.005383728217979666,straight_channels
0.05,straight_bias,C,h1_exc,111,25,0.9322469,0.011745704,1.5429419,0.019148199,1.6533203125,0.9332383459778585,0.011581662569232746,0.03613488533701811,0.0013732105647239002,292,0.9291687,1.5379272,0.9302051503699125,0.035967393557634585,0.0030782223,0.005014777,0.0030331956079460154,0.00016749177938352872,straight_channels
0.05,straight_bias,C,h1_exc,112,25,0.9045433,0.012177413,1.4977678,0.019854806,1.6533203125,0.9059150474269004,0.012009050143704137,0.0421150001928606,0.0006549705720402754,296,0.91502565,1.514861,0.9162537784214774,0.042497276460200704,-0.010482371,-0.017093182,-0.010338730994576939,-0.0003822762673401023,straight_channels
0.05,straight_bias,C,h1_exc,113,25,0.39305973,0.009198029,0.6563846,0.015252396,1.6533203125,0.3970099238691079,0.009225312395328669,0.0032783038632336558,0.0005229876739282666,383,0.38575786,0.6442715,0.38968340796309325,0.003050364535319659,0.007301867,0.012113094,0.00732651590601463,0.00022793932791399666,C_channels
0.05,straight_bias,C,h1_exc,114,25,0.96199125,0.005829882,1.5914578,0.009492006,1.6533203125,0.9625828664368143,0.005741178028761085,0.014232799798865135,0.0004636583691401601,287,0.94798434,1.5686483,0.9487867465824639,0.012556775328909277,0.014006913,0.022809505,0.013796119854350475,0.0016760244699558571,straight_channels
0.05,straight_bias,C,h1_exc,115,25,1.2351356,0.026106264,2.0337322,0.04212474,1.6533203125,1.2300896136559407,0.025478873743669677,0.041243610156673716,0.0031267316458233594,244,1.2478147,2.0541732,1.2424532784189108,0.04261795022203753,-0.0126791,-0.020441055,-0.012363664762970128,-0.0013743400653638133,C_channels
0.05,straight_bias,C,h1_exc,116,25,0.86896324,0.0057338458,1.4397725,0.00936216,1.6533203125,0.8708369601326075,0.005662641267387521,0.04566802825744779,0.0007267614682444942,301,0.86764556,1.4376206,0.8695354728582881,0.04567471157004008,0.0013176799,0.002151847,0.001301487274319335,-6.683312592285773e-06,C_channels
0.05,straight_bias,C,h1_exc,117,25,1.3037384,0.005764927,2.1447058,0.009281498,1.6533203125,1.297211314972124,0.005613853517926009,0.10011194366010216,0.0009535867714425717,231,1.2973807,2.1344702,1.2910203990597022,0.09882445800844702,0.00635767,0.010235548,0.006190915912421824,0.0012874856516551375,C_channels
0.05,straight_bias,C,h1_exc,118,25,2.8961554,0.06309876,4.6403837,0.09644074,1.6533203125,2.80670586985563,0.058331552380681925,0.21038799966461877,0.002013056331949993,53,2.8754265,4.6087384,2.7875652507396382,0.20993882510667064,0.020728827,0.031645298,0.019140619115991964,0.00044917455794812877,straight_channels
0.05,straight_bias,C,h1_exc,119,25,1.2189105,0.031334225,2.0073562,0.050522882,1.6533203125,1.2141362078392988,0.03055843540119666,0.056468616441752724,0.00253397533047496,245,1.2012811,1.9789146,1.19693363265632,0.055402490731857046,0.017629385,0.028441548,0.01720257518297874,0.001066125709895678,C_channels
0.05,straight_bias,C,h1_exc,120,25,1.8007689,0.020524606,2.9380846,0.032510366,1.6533203125,1.7770814229121006,0.01966368185628718,0.15050029330415612,0.0013559055226296018,151,1.7855148,2.9139287,1.7624707501471795,0.14964887287341855,0.015254021,0.024155855,0.014610672764921118,0.0008514204307375761,C_channels
0.05,straight_bias,C,h1_exc,121,25,2.2588003,0.057481013,3.6563783,0.089683376,1.6533203125,2.211536523789569,0.05424440546567854,0.16616052609571202,0.0033880224383580977,107,2.2610028,3.6598313,2.213625011991276,0.16724712980795503,-0.0022025108,-0.0034530163,-0.0020884882017067063,-0.0010866037122430061,C_channels
0.05,straight_bias,C,h1_exc,122,25,1.0545921,0.010701199,1.7419325,0.017380746,1.6533203125,1.0535965527587399,0.010512631209992592,0.0481622391686515,0.0016580188723940735,264,1.0418512,1.7212491,1.0410862969092742,0.04566161065947736,0.01274097,0.020683408,0.012510255849465635,0.002500628509174138,C_channels
0.05,straight_bias,C,h1_exc,123,25,2.0451498,0.025549008,3.3234518,0.040196113,1.6533203125,2.010168218469582,0.02431235675814641,0.17424562769173302,0.002322638926341394,122,2.0597904,3.346446,2.0240760142729397,0.17544624151497906,-0.01464057,-0.02299428,-0.013907795803357548,-0.001200613823246044,C_channels
0.05,straight_bias,C,h1_exc,124,25,0.37798646,0.0066774087,0.6313965,0.011085393,1.6533203125,0.381896030123769,0.006704927553062679,8.044917455788113e-05,7.377046661741492e-05,384,0.36493638,0.60973215,0.3687925313059115,7.37450766780577e-05,0.013050079,0.021664321,0.013103498817857495,6.704097879823437e-06,straight_channels
0.05,straight_bias,C,h1_exc,125,25,1.4884131,0.010265036,2.4410453,0.01641941,1.6533203125,1.4764502296440636,0.00993117356302415,0.11488812536653407,0.001429807690129118,199,1.4660056,2.4051778,1.4547560755372404,0.11291041649198615,0.022407532,0.035867453,0.021694154106823182,0.0019777088745479288,straight_channels
0.05,straight_bias,C,h1_exc,126,25,0.93982583,0.011776115,1.5552908,0.019177517,1.6533203125,0.9407074945178486,0.011599396273968091,0.03213944523587351,0.0019737345022587676,291,0.94587326,1.565146,0.9466683125792922,0.03256850750018221,-0.0060474277,-0.009855151,-0.005960818061443551,-0.0004290622643087008,C_channels
0.05,straight_bias,C,h1_exc,127,25,1.0638644,0.012497979,1.756953,0.020273278,1.6533203125,1.0626815142181136,0.01226215963344235,0.06826782871024195,0.0019818642692334327,262,1.0558654,1.7439749,1.0548318235584524,0.0672954806001008,0.007998943,0.012978077,0.007849690659661235,0.000972348110141158,C_channels
0.05,straight_bias,straight,h1_exc,0,25,4.2692733,0.21288463,3.431531,0.16556941,0.8271484375000001,4.148627977533853,0.20016892024775515,0.1238423378730731,0.003093562063885326,13,4.2218804,3.3948681,4.104303368464133,0.12346712365822723,0.047392845,0.036662817,0.044324609069720466,0.00037521421484586204,C_channels
0.05,straight_bias,straight,h1_exc,1,25,2.02402,0.041161366,1.6598346,0.033203926,0.8271484375000001,2.006694911219606,0.0401426441799898,0.1037248153166763,0.0029475112260499148,98,2.0314803,1.665849,2.0139661395481685,0.10392712185433035,-0.0074603558,-0.006014347,-0.007271228328562529,-0.00020230653765405948,straight_channels
0.05,straight_bias,straight,h1_exc,2,25,1.7852837,0.06703151,1.4664469,0.054294206,0.8271484375000001,1.7728943564716635,0.06564021968155985,0.06554703707038373,0.005867649625735691,135,1.7641319,1.4493349,1.7522064595248663,0.0640026760667475,0.021151781,0.017112017,0.02068789694679718,0.0015443610036362243,C_channels
0.05,straight_bias,straight,h1_exc,3,25,0.8945404,0.0355852,0.7403569,0.029248133,0.8271484375000001,0.8950713736492957,0.03536019761442496,0.004625236763773225,0.0009476922783680752,295,0.8886948,0.7355586,0.8892704007887718,0.004343826102638816,0.0058456063,0.004798293,0.005800972860523834,0.00028141066113440867,C_channels
0.05,straight_bias,straight,h1_exc,4,25,0.7534223,0.014547926,0.6244311,0.011981003,0.8271484375000001,0.7549202142489204,0.01448470689727815,0.0006566248759802862,0.00023609466772119868,320,0.7457685,0.6181259,0.747297460896014,0.0006494092180024809,0.0076538324,0.006305158,0.007622753352906408,7.215657977805356e-06,straight_channels
0.05,straight_bias,straight,h1_exc,5,25,0.76579887,0.013382511,0.6346295,0.0110191805,0.8271484375000001,0.7672498200851378,0.013321890325501563,0.0006999188238471182,0.0002495929366849445,319,0.7733999,0.64088666,0.7748145561719215,0.000757644087669561,-0.0076010227,-0.0062571764,-0.007564736086783763,-5.772526382244274e-05,C_channels
0.05,straight_bias,straight,h1_exc,6,25,2.4721522,0.108793944,2.0183773,0.08714279,0.8271484375000001,2.4401633112421517,0.10535325874277048,0.11321323505763552,0.0057986913149064975,67,2.4605558,2.009131,2.428984772231783,0.11311937618908564,0.011596441,0.009246349,0.011178539010368471,9.385886854987313e-05,C_channels
0.05,straight_bias,straight,h1_exc,7,25,2.8336737,0.054079793,2.3083942,0.043105297,0.8271484375000001,2.7907857762420787,0.052113130804622654,0.11651122936762287,0.0019734066053196495,51,2.8289983,2.3046606,2.7862718380864235,0.11723235329745905,0.0046753883,0.003733635,0.0045139381556551506,-0.0007211239298361843,straight_channels
0.05,straight_bias,straight,h1_exc,8,25,1.1267269,0.027072037,0.9308756,0.022141209,0.8271484375000001,1.1254033718492775,0.02676812052562031,0.0136375935780521,0.0029754930271226675,244,1.1347734,0.93746024,1.133363999105087,0.014106611346609446,-0.008046508,-0.0065846443,-0.007960627255809483,-0.00046901776855734663,C_channels
0.05,straight_bias,straight,h1_exc,9,25,0.9338452,0.021159623,0.77277845,0.017374508,0.8271484375000001,0.9342682182559394,0.021005309023269046,0.011285289077287557,0.0011977630005853303,286,0.8960422,0.74172705,0.8967278274160723,0.009560722091605503,0.037802994,0.031051397,0.037540390839867155,0.0017245669856820536,straight_channels
0.05,straight_bias,straight,h1_exc,10,25,1.1770587,0.012504811,0.972153,0.010231136,0.8271484375000001,1.1753065970152203,0.012369165922427275,0.030500586272183185,0.0012186738640351182,234,1.1988192,0.98995095,1.196823828413694,0.032484778332588844,-0.021760464,-0.017797947,-0.021517231398473724,-0.001984192060405659,straight_channels
0.05,straight_bias,straight,h1_exc,11,25,0.8161177,0.03212882,0.6759102,0.026401034,0.8271484375000001,0.8171570301909858,0.03191813271725771,0.021004780373391353,0.0026673359092110414,307,0.79526865,0.65876466,0.7964285978301643,0.019345179038496127,0.02084905,0.017145514,0.020728432360821558,0.0016596013348952263,straight_channels
0.05,straight_bias,straight,h1_exc,12,25,1.8065562,0.022565845,1.4843059,0.018270843,0.8271484375000001,1.7944854728354853,0.022088951579182788,0.09205736448084056,0.003081469669319319,131,1.8106678,1.4876313,1.798505866455711,0.09060701722730169,-0.0041115284,-0.0033254623,-0.00402039362022566,0.001450347253538875,straight_channels
0.05,straight_bias,straight,h1_exc,13,25,5.9832306,0.45005444,4.7241163,0.33791175,0.8271484375000001,5.711328067481258,0.40852612336665156,0.11446198250192616,0.004196536359129266,3,5.899566,4.661511,5.635639955018206,0.11417335618281393,0.08366442,0.06260538,0.07568811246305174,0.0002886263191122229,C_channels
0.05,straight_bias,straight,h1_exc,14,25,1.6761017,0.07836312,1.3776926,0.06349471,0.8271484375000001,1.6655929331636843,0.0767633820850565,0.047132677911024504,0.0021735615192142207,149,1.6784843,1.379629,1.667934083196257,0.046945070803601566,-0.002382636,-0.0019364357,-0.0023411500325727364,0.00018760710742293796,straight_channels
0.05,straight_bias,straight,h1_exc,15,25,1.0571147,0.00916927,0.87396425,0.007513311,0.8271484375000001,1.0565990276121098,0.009083388934507448,0.010109022943414474,0.0013382547802623078,265,1.0502689,0.86835366,1.049815968113426,0.010368867975966044,0.006845832,0.005610585,0.006783059498683741,-0.0002598450325515707,straight_channels
0.05,straight_bias,straight,h1_exc,16,25,1.6878606,0.07276011,1.3873672,0.05886215,0.8271484375000001,1.6772894105947755,0.0711627395425685,0.07027329304584623,0.003668828008265781,146,1.6572534,1.3626026,1.6473494113256912,0.06910418855663818,0.030607224,0.024764657,0.029939999269084305,0.0011691044892080532,C_channels
0.05,straight_bias,straight,h1_exc,17,25,0.92402655,0.01801095,0.7647348,0.0147976335,0.8271484375000001,0.9245436159163054,0.017889936918789557,0.0020564514607068437,0.00036108213670028763,289,0.9281628,0.7681331,0.92865205869334,0.0020492468656967177,-0.0041362643,-0.0033982992,-0.004108442777034593,7.2045950101260435e-06,C_channels
0.05,straight_bias,straight,h1_exc,18,25,1.3577111,0.035134204,1.1195164,0.028646568,0.8271484375000001,1.3534648464109222,0.03463292197050151,0.03597727067733744,0.004034523493528698,198,1.3594121,1.1209104,1.3551502266619084,0.03622236226634511,-0.0017009974,-0.0013940334,-0.0016853802509861904,-0.0002450915890076649,C_channels
0.05,straight_bias,straight,h1_exc,19,25,1.0503747,0.030014003,0.8683076,0.024580317,0.8271484375000001,1.0497602337206522,0.02971693587763509,0.03219626589696744,0.0023081911296660767,267,1.0448016,0.86374456,1.0442437250386367,0.03196536484167767,0.0055731535,0.0045630336,0.005516508682015475,0.0002309010552897714,C_channels
0.05,straight_bias,straight,h1_exc,20,25,3.2747214,0.11452927,2.6566336,0.09068309,0.8271484375000001,3.2117978507806253,0.10963339304447567,0.12039325335968215,0.003088418922911573,29,3.3288848,2.6993048,3.2633862630756925,0.12056604845490877,-0.054163456,-0.042671204,-0.051588412295067165,-0.00017279509522662162,straight_channels
0.05,straight_bias,straight,h1_exc,21,25,3.4259338,0.20048581,2.7718503,0.15793358,0.8271484375000001,3.351091686030263,0.19093741227347702,0.10884098493721579,0.005132677037201742,25,3.3527787,2.7144158,3.28165520493902,0.10782357716234524,0.073155165,0.05743456,0.0694364810912429,0.0010174077748705546,C_channels
0.05,straight_bias,straight,h1_exc,22,25,1.9600091,0.06033574,1.6078675,0.04870167,0.8271484375000001,1.9438681267260656,0.05887899648849849,0.1126504989852941,0.005358598893464753,108,1.9564127,1.6049708,1.9403661586548409,0.11254261747982994,0.003596425,0.0028966665,0.0035019680712247148,0.00010788150546416075,C_channels
0.05,straight_bias,straight,h1_exc,23,25,2.6617646,0.11528141,2.1697433,0.092077576,0.8271484375000001,2.623160767891923,0.11131928358584309,0.09845743249856315,0.005934452120277033,57,2.6968787,2.1976593,2.6569103639456757,0.09936682601235738,-0.03511405,-0.027915955,-0.03374959605375283,-0.0009093935137942377,C_channels
0.05,straight_bias,straight,h1_exc,24,25,1.7280507,0.02178645,1.4207224,0.017660325,0.8271484375000001,1.717614745505165,0.02135085309917375,0.08331868986862824,0.0020224807532642853,144,1.7455564,1.4349012,1.7347567146566893,0.0850431019727628,-0.017505646,-0.014178872,-0.01714196915152444,-0.0017244121041345567,straight_channels
0.05,straight_bias,straight,h1_exc,25,25,3.1960742,0.11842338,2.5943003,0.09369695,0.8271484375000001,3.1364385009039926,0.11327707047686497,0.12908048126761115,0.0024645684099072166,34,3.20922,2.6046247,3.148920474124178,0.12915988148816762,-0.013145685,-0.010324478,-0.012481973220185516,-7.940022055646923e-05,straight_channels
0.05,straight_bias,straight,h1_exc,26,25,2.4053397,0.13271657,1.9639403,0.10640965,0.8271484375000001,2.3743503958169585,0.12864637554353123,0.08044015513657396,0.007621845932032619,72,2.3970406,1.9572937,2.3663148603381767,0.0798690320332064,0.008299112,0.006646514,0.008035535478781775,0.0005711231033675573,C_channels
0.05,straight_bias,straight,h1_exc,27,25,1.4533652,0.08139764,1.1965933,0.06610754,0.8271484375000001,1.4466488454549917,0.07992222556923319,0.04887886714165339,0.004509407157630497,187,1.4391518,1.1850631,1.432709078891672,0.0485756871631783,0.014213443,0.011530161,0.013939766563319633,0.00030317997847509326,C_channels
0.05,straight_bias,straight,h1_exc,28,25,2.4900968,0.06498991,2.0339396,0.052023787,0.8271484375000001,2.458977617712965,0.06289534385878233,0.12077568323250583,0.002109272100732932,65,2.4805524,2.0262995,2.4497410660241603,0.12119419139521855,0.009544373,0.0076401234,0.009236551688804884,-0.0004185081627127163,straight_channels
0.05,straight_bias,straight,h1_exc,29,25,3.4729316,0.14404674,2.8118627,0.113693245,0.8271484375000001,3.3994655417028157,0.13745204448883103,0.1197871380895465,0.004108432323349599,24,3.5233076,2.8513567,3.447212852408031,0.11999639217090285,-0.05037594,-0.039494038,-0.04774731070521554,-0.00020925408135635815,C_channels
0.05,straight_bias,straight,h1_exc,30,25,0.8181303,0.010620742,0.6777164,0.008740772,0.8271484375000001,0.819340660521268,0.010567354854274858,0.004112925047349046,0.00040403926345731485,306,0.81167203,0.67240095,0.8129144873403991,0.00406236793581967,0.0064582825,0.005315423,0.00642617318086891,5.05571115293757e-05,straight_channels
0.05,straight_bias,straight,h1_exc,31,25,0.5978823,0.012407591,0.4961624,0.010244692,0.8271484375000001,0.5998469047582337,0.012385553838300945,0.0008225843587070044,0.0002179878023991176,350,0.5826091,0.48354772,0.5845960583770683,0.000757644087669561,0.015273154,0.012614697,0.015250846381165362,6.494027103744345e-05,straight_channels
0.05,straight_bias,straight,h1_exc,32,25,0.9546937,0.0095205605,0.78995466,0.007817355,0.8271484375000001,0.9550337156021084,0.009450969310597778,0.00852887323933727,0.0005925058390938646,281,0.95370597,0.7891436,0.9540531523207223,0.008355731938298588,0.0009877086,0.0008110404,0.000980563281386071,0.00017314130103868175,C_channels
0.05,straight_bias,straight,h1_exc,33,25,1.3558177,0.009292467,1.1181576,0.007577725,0.8271484375000001,1.3518221489737643,0.009161263905470044,0.06406061152695583,0.0012426217126671765,202,1.3399994,1.1052574,1.3362261116770742,0.06296360049353378,0.015818238,0.012900233,0.015596037296690124,0.0010970110334220518,straight_channels
0.05,straight_bias,straight,h1_exc,34,25,0.7774285,0.014606709,0.6441999,0.012026101,0.8271484375000001,0.7788201485867846,0.014539229544368565,0.00642913433839164,0.0006897390468619471,316,0.7964599,0.6598675,0.7977619097214201,0.0066167583656475,-0.019031405,-0.015667617,-0.018941761134635526,-0.00018762402725585985,straight_channels
0.05,straight_bias,straight,h1_exc,35,25,0.40470955,0.011898708,0.33638793,0.009856991,0.8271484375000001,0.40668388658686255,0.011916833359611453,0.0014431315955610686,0.0003779620607871933,377,0.39997265,0.3324649,0.40194103272965104,0.0012771714620715456,0.0047369003,0.0039230287,0.004742853857211515,0.00016596013348952297,C_channels
0.05,straight_bias,straight,h1_exc,36,25,4.0485134,0.45381325,3.2357361,0.34857443,0.8271484375000001,3.911916935093272,0.42141702452510604,0.08010787369623834,0.005552251981758958,18,3.9697776,3.1753995,3.838971867904024,0.07932172815001413,0.07873583,0.06033659,0.07294506718924776,0.0007861455462242067,C_channels
0.05,straight_bias,straight,h1_exc,37,25,1.0224656,0.029602267,0.8454312,0.024236947,0.8271484375000001,1.02210337298285,0.029301810294355458,0.00726616758364998,0.001427507801411701,269,1.0399239,0.8597415,1.0394041459529237,0.007778447412696733,-0.01745832,-0.0143103,-0.01730077297007382,-0.0005122798290467523,C_channels
0.05,straight_bias,straight,h1_exc,38,25,0.63525015,0.009038952,0.52702284,0.007458348,0.8271484375000001,0.6371562728505619,0.009016939920335476,7.215657977805343e-05,4.657687196661463e-05,341,0.63536024,0.5271134,0.6372657369158892,6.49409218002481e-05,-0.00011008978,-9.0539455e-05,-0.00010946406532730268,7.215657977805329e-06,C_channels
0.05,straight_bias,straight,h1_exc,39,25,0.6831937,0.008056425,0.5665766,0.006644559,0.8271484375000001,0.6849757405128264,0.008033091527311277,0.00347073148732437,0.00040581795344290345,330,0.6737331,0.5587744,0.6755431067213523,0.003117164246411908,0.009460568,0.0078021884,0.009432633791474077,0.0003535672409124618,straight_channels
0.05,straight_bias,straight,h1_exc,40,25,1.9043399,0.049120467,1.5630925,0.039696645,0.8271484375000001,1.8897362879841058,0.04799216414186927,0.06774059709563657,0.004436799973668196,116,1.929293,1.583227,1.9140786010937396,0.06848363676444448,-0.024953127,-0.020134568,-0.024342313109633862,-0.0007430396688079127,straight_channels
0.05,straight_bias,straight,h1_exc,41,25,2.8509147,0.094394855,2.3211849,0.075126365,0.8271484375000001,2.8062493722955355,0.09082573314466558,0.12167764047973151,0.003052297953731567,49,2.751073,2.241796,2.7102704416100414,0.12009694023032157,0.09984183,0.07938886,0.09597893068549412,0.0015807002494099415,straight_channels
0.05,straight_bias,straight,h1_exc,42,25,0.6263557,0.010565672,0.519677,0.008718353,0.8271484375000001,0.628275326245729,0.010540251422001722,0.0012916027780271564,0.00035466995876059305,343,0.62796044,0.52100146,0.6298766091320296,0.0013204654099383778,-0.0016047359,-0.0013244748,-0.0016012828863005701,-2.8862631911221424e-05,C_channels
0.05,straight_bias,straight,h1_exc,43,25,2.178223,0.09572676,1.7828745,0.07702745,0.8271484375000001,2.155446875228865,0.093124090634159,0.09909968267495181,0.005315129682374745,89,2.1419036,1.7537035,2.120179756410843,0.09738973572643872,0.036319256,0.02917099,0.0352671188180218,0.0017099469485130914,C_channels
0.05,straight_bias,straight,h1_exc,44,25,0.6718729,0.01088412,0.55723166,0.008975485,0.8271484375000001,0.6736778896633975,0.010851117994403569,6.49409218002481e-05,3.273661667130615e-05,331,0.67278594,0.557986,0.6745899566558574,6.49409218002481e-05,-0.00091302395,-0.0007543564,-0.0009120669924599367,0.0,C_channels
0.05,straight_bias,straight,h1_exc,45,25,1.9340088,0.07074395,1.5866529,0.05708053,0.8271484375000001,1.9182201484167507,0.06900881060978578,0.08816812483080348,0.006316957931772535,113,1.9310242,1.5842421,1.9153056339891765,0.08800919814170648,0.002984643,0.0024107695,0.0029145144275741774,0.00015892668909700536,C_channels
0.05,straight_bias,straight,h1_exc,46,25,1.173977,0.022595396,0.96957517,0.01847456,0.8271484375000001,1.1721900396490097,0.022335242006170035,0.02828526604026894,0.003405446743927478,237,1.1731104,0.96886665,1.1713334807796796,0.028285379272996944,0.00086665154,0.0007085204,0.0008565588693301152,-1.1323272800303763e-07,C_channels
0.05,straight_bias,straight,h1_exc,47,25,1.7714493,0.036206745,1.4557513,0.029338077,0.8271484375000001,1.7599639081701968,0.0354689382641886,0.07445115901499552,0.0034161130342224262,137,1.741826,1.4317765,1.730978939742946,0.07190403174883024,0.02962327,0.023974776,0.028984968427250735,0.0025471272661652805,straight_channels
0.05,straight_bias,straight,h1_exc,48,25,1.6465344,0.09998517,1.3530824,0.081112854,0.8271484375000001,1.6358399075632,0.09806323787358233,0.06316586993770797,0.007151534626078797,155,1.6191912,1.330959,1.609093371397479,0.061354739785278826,0.027343273,0.022123456,0.02674653616572087,0.0018111301524291398,C_channels
0.05,straight_bias,straight,h1_exc,49,25,0.49656266,0.0066482495,0.41244125,0.0054994356,0.8271484375000001,0.4986302540924342,0.006648668412857966,0.00036078289889026715,0.0001092324471577437,367,0.49816975,0.41377068,0.5002375237564443,0.0003391359249568511,-0.0016070902,-0.001329422,-0.001607269664010036,2.1646973933416068e-05,C_channels
0.05,straight_bias,straight,h1_exc,50,25,0.97762495,0.030717993,0.8086371,0.025177682,0.8271484375000001,0.9776202685130749,0.03043913430298113,0.012670695409026182,0.0022077702621877203,273,0.9771276,0.80822694,0.9771243603966531,0.012533566670833258,0.00049734116,0.00041013956,0.0004959081164218615,0.0001371287381929237,straight_channels
0.05,straight_bias,straight,h1_exc,51,25,1.2011161,0.07598315,0.9909165,0.0620715,0.8271484375000001,1.197991157829739,0.07504275683976862,0.04309912510143131,0.006112058076492556,228,1.1895564,0.9815056,1.186613602417372,0.042196595182937564,0.011559725,0.009410918,0.01137755541236718,0.0009025299184937455,C_channels
0.05,straight_bias,straight,h1_exc,52,25,0.81022817,0.012887967,0.67120546,0.010601125,0.8271484375000001,0.8114691575633775,0.012816471690213624,0.003896450752675253,0.0005809061437969246,309,0.806504,0.6681404,0.807763615990703,0.0037881495070800335,0.0037241578,0.0030650496,0.0037055415726744423,0.00010830124559521939,straight_channels
0.05,straight_bias,straight,h1_exc,53,25,2.9499204,0.11637472,2.3991878,0.092557296,0.8271484375000001,2.900552916065777,0.11189925534141673,0.11677099305482386,0.003271005212339597,47,2.9069202,2.3650134,2.859236840063653,0.11622981870648846,0.04300022,0.034174442,0.041316076002123836,0.0005411743483353937,straight_channels
0.05,straight_bias,straight,h1_exc,54,25,1.9054602,0.08074325,1.5633453,0.06516236,0.8271484375000001,1.890042043127251,0.07877952747265991,0.06592913440341425,0.00445561298677584,115,1.8926477,1.5529747,1.8775043066901336,0.06507801930182638,0.012812495,0.010370612,0.01253773643711753,0.0008511151015878626,C_channels
0.05,straight_bias,straight,h1_exc,55,25,1.1256047,0.017706512,0.93002504,0.0144988615,0.8271484375000001,1.1243750209956016,0.017528729119403674,0.008348516280320782,0.0009258446526804963,245,1.1310426,0.93447614,1.1297563040206777,0.00875259312707788,-0.005437851,-0.004451096,-0.005381283025076122,-0.0004040768467570982,C_channels
0.05,straight_bias,straight,h1_exc,56,25,0.5494471,0.0217369,0.45609665,0.017953888,0.8271484375000001,0.5514084483817693,0.021705761875592467,0.002251285289075267,0.0005630910738954459,358,0.5542858,0.4600999,0.5562483041794035,0.0022584983440018538,-0.004838705,-0.0040032566,-0.0048398557976342405,-7.213054926586554e-06,C_channels
0.05,straight_bias,straight,h1_exc,57,25,2.2668672,0.03089725,1.8554404,0.024835942,0.8271484375000001,2.2431769889575617,0.030025978601271795,0.11645350410380044,0.0024648382069144947,79,2.2997828,1.8818676,2.275126833382026,0.11789622246498055,-0.032915592,-0.026427269,-0.031949844424464136,-0.0014427183611801092,C_channels
0.05,straight_bias,straight,h1_exc,58,25,2.0270503,0.034969438,1.6623535,0.028225042,0.8271484375000001,2.009740252737541,0.03412330791484917,0.10783800847830084,0.00266800518987507,97,2.0442657,1.6762279,2.0265139125572578,0.1078957337421233,-0.01721549,-0.013874412,-0.01677365981971679,-5.772526382245846e-05,C_channels
0.05,straight_bias,straight,h1_exc,59,25,0.5323724,0.021411609,0.4419854,0.017698083,0.8271484375000001,0.5343483283105718,0.021396501165001008,7.215657977805343e-05,4.2941754177784244e-05,364,0.52841574,0.43871412,0.5303934202959224,6.49409218002481e-05,0.0039566755,0.0032712817,0.003954908014649372,7.215657977805329e-06,straight_channels
0.05,straight_bias,straight,h1_exc,60,25,1.199866,0.012531252,0.99080384,0.010243977,0.8271484375000001,1.1978549089151749,0.01238469003210422,0.021257328402614538,0.001940324509090749,229,1.2043003,0.99442863,1.2022371840798742,0.021827299655817894,-0.004434228,-0.0036247969,-0.004382275164699356,-0.0005699712532033566,C_channels
0.05,straight_bias,straight,h1_exc,61,25,4.5810804,0.23601699,3.6719134,0.18259801,0.8271484375000001,4.439243704170919,0.22075602748956788,0.1320460379541898,0.0038702990595722775,7,4.608459,3.6930444,4.46479029062048,0.13235681428688342,-0.02737856,-0.021131039,-0.025546586449561204,-0.00031077633269363525,C_channels
0.05,straight_bias,straight,h1_exc,62,25,2.8318331,0.05571519,2.3069015,0.044372134,0.8271484375000001,2.788981038033378,0.05364470410537397,0.12997564715420765,0.002299787471002482,52,2.7758124,2.2623181,2.735081153059275,0.1301776855775862,0.056020737,0.04458332,0.05389988497410281,-0.00020203842337854216,straight_channels
0.05,straight_bias,straight,h1_exc,63,25,1.2427785,0.01982184,1.0258386,0.016194073,0.8271484375000001,1.2402109864958184,0.01957819482691056,0.012713955517227173,0.0015175845177978502,215,1.2518673,1.0332634,1.249187368448062,0.013514927392429408,-0.009088755,-0.0074248314,-0.008976381952243706,-0.0008009718752022346,straight_channels
0.05,straight_bias,straight,h1_exc,64,25,2.1870635,0.09807172,1.7899173,0.0787967,0.8271484375000001,2.1639613471595753,0.09526307047803058,0.09219446198241886,0.005094431684214874,87,2.1721418,1.7779896,2.1495412548198907,0.09221610895635228,0.014921665,0.011927724,0.014420092339684665,-2.1646973933420188e-05,C_channels
0.05,straight_bias,straight,h1_exc,65,25,1.3841025,0.029791957,1.1410892,0.024275936,0.8271484375000001,1.3795459077009073,0.029348948163185562,0.025976368720099233,0.002713457592666177,195,1.3927248,1.1481093,1.3880330168580037,0.02615662285859259,-0.008622289,-0.007020116,-0.008487109157096384,-0.0001802541384933569,C_channels
0.05,straight_bias,straight,h1_exc,66,25,1.3078572,0.02013099,1.0789788,0.016430829,0.8271484375000001,1.3044559974101924,0.019864424818161454,0.05419659101804479,0.00139897941916252,208,1.288231,1.0629616,1.2850916741127196,0.05354739785329345,0.01962614,0.016017199,0.01936432329747273,0.0006491931647513369,straight_channels
0.05,straight_bias,straight,h1_exc,67,25,1.2110076,0.038172957,0.999702,0.031167582,0.8271484375000001,1.2086125777408068,0.03768075941723712,0.0405807550436029,0.00309100630139952,223,1.2061015,0.9957003,1.203774644514541,0.04043654730762114,0.0049060583,0.004001677,0.0048379332262658,0.000144207735981762,C_channels
0.05,straight_bias,straight,h1_exc,68,25,1.5061871,0.05391938,1.2401783,0.04386359,0.8271484375000001,1.4993418456204122,0.053029888127651394,0.05365563272296053,0.0032246046770709642,180,1.4858735,1.2236868,1.4794041118092847,0.05305673311080269,0.02031362,0.016491532,0.01993773381112751,0.0005988996121578452,straight_channels
0.05,straight_bias,straight,h1_exc,69,25,1.6417418,0.05231561,1.3503553,0.042465053,0.8271484375000001,1.6325427668443175,0.051339095504112184,0.058619629921552334,0.0062897264211792805,156,1.6443982,1.3525035,1.6351399186401394,0.05810047803728862,-0.0026564598,-0.0021482706,-0.0025971517958218726,0.0005191518842637133,C_channels
0.05,straight_bias,straight,h1_exc,70,25,1.2800602,0.024526961,1.0562555,0.020017551,0.8271484375000001,1.2769840868850668,0.024200675999346003,0.05211148191571018,0.0020346502908159727,213,1.271969,1.0496495,1.2689977628920015,0.05100730338075787,0.008091211,0.006605983,0.007986323993065314,0.0011041785349523159,C_channels
0.05,straight_bias,straight,h1_exc,71,25,1.2870543,0.021345763,1.0619895,0.017424306,0.8271484375000001,1.283916484348666,0.021065512474229824,0.03786055740954463,0.003230758652048791,212,1.2835552,1.0591351,1.280465494684071,0.037506990168632175,0.0034991503,0.0028544664,0.0034509896645948945,0.0003535672409124557,C_channels
0.05,straight_bias,straight,h1_exc,72,25,4.0222387,0.17026016,3.241464,0.13294329,0.8271484375000001,3.9188419016888236,0.16072482793059575,0.1292685126723827,0.0027192477782889786,17,3.9572918,3.1909492,3.857770819745633,0.1296509425452064,0.06494689,0.050514698,0.06107108194319055,-0.0003824298728236919,straight_channels
0.05,straight_bias,straight,h1_exc,73,25,0.6161282,0.006002298,0.5112469,0.004955462,0.8271484375000001,0.618083644271744,0.005991019094692399,0.00037521421484587787,9.653892421933858e-05,347,0.62297994,0.5169028,0.6249214595830221,0.0003968611887792939,-0.0068517327,-0.0056558847,-0.006837815311278139,-2.1646973933416014e-05,C_channels
0.05,straight_bias,straight,h1_exc,74,25,1.8470321,0.04441973,1.5168256,0.035929777,0.8271484375000001,1.8338009677667537,0.043438126049555804,0.07043925317933576,0.0029667697907544465,126,1.8389311,1.5102723,1.82587810015851,0.0702299990979794,0.0081009865,0.0065532923,0.007922867608243678,0.00020925408135635815,C_channels
0.05,straight_bias,straight,h1_exc,75,25,1.5463269,0.056347314,1.272778,0.045799814,0.8271484375000001,1.5387540773098456,0.055370731721915756,0.06302155677815185,0.00465022752620169,174,1.5320431,1.2611824,1.5247352576095685,0.06205451674283454,0.014283776,0.011595607,0.014018819700277074,0.0009670400353173139,C_channels
0.05,straight_bias,straight,h1_exc,76,25,3.0881188,0.26783973,2.4999115,0.2114681,0.8271484375000001,3.022325240057536,0.25565919118627617,0.0963001713717901,0.005944043610792986,39,3.0298045,2.4540277,2.9668527551172033,0.09562911517985422,0.058314323,0.045883894,0.055472484940332745,0.0006710561919358871,C_channels
0.05,straight_bias,straight,h1_exc,77,25,1.7375902,0.029475395,1.4283906,0.023890123,0.8271484375000001,1.7268855518238686,0.0288825097919179,0.08997925498323261,0.0029823749779323686,142,1.7350588,1.4263387,1.724404748743619,0.0894164336609638,0.0025314093,0.0020519495,0.0024808030802496717,0.0005628213222688139,C_channels
0.05,straight_bias,straight,h1_exc,78,25,2.7551491,0.099115595,2.2447731,0.07904073,0.8271484375000001,2.713869748864343,0.0955580903767163,0.10936051231161778,0.004167345466329491,55,2.7910898,2.2733564,2.7484261907613523,0.11002435284557587,-0.035940647,-0.028583288,-0.03455644189700946,-0.000663840533958085,C_channels
0.05,straight_bias,straight,h1_exc,79,25,1.5800556,0.023883753,1.3006082,0.019403717,0.8271484375000001,1.572400087985387,0.02345856717673078,0.08238085606798298,0.0030795696790511117,166,1.5918891,1.3102151,1.584014540508785,0.08243861061613163,-0.011833549,-0.009606957,-0.0116144525233981,-5.775454814864467e-05,C_channels
0.05,straight_bias,straight,h1_exc,80,25,2.347704,0.08754253,1.9192839,0.0702246,0.8271484375000001,2.320362141737888,0.08489963459711174,0.11555836034313931,0.0042089267231994925,73,2.375597,1.9416112,2.347355205165977,0.11556597817253036,-0.027893066,-0.022327304,-0.026993063428089048,-7.6178293910572625e-06,C_channels
0.05,straight_bias,straight,h1_exc,81,25,1.0652324,0.019150134,0.8805706,0.015684942,0.8271484375000001,1.06458593097076,0.0189626684578048,0.035154588053446935,0.0019473903026954093,263,1.04527,0.8642121,1.0448089754330354,0.033985749075463166,0.01996243,0.016358495,0.019776955537724517,0.0011688389779837688,straight_channels
0.05,straight_bias,straight,h1_exc,82,25,1.1443539,0.062126316,0.9447959,0.05080282,0.8271484375000001,1.142232581587154,0.061419226983849246,0.021531523405771146,0.002473202955179223,239,1.1463313,0.9464257,1.144202975116867,0.02182013150352483,-0.0019774437,-0.0016297698,-0.001970393529713066,-0.00028860809775368285,C_channels
0.05,straight_bias,straight,h1_exc,83,25,1.8205632,0.04007362,1.495468,0.03241884,0.8271484375000001,1.8079800906254087,0.03919349654930847,0.07649288566572186,0.003811038885467845,129,1.7939427,1.4739453,1.78195975607244,0.07751059799758499,0.026620507,0.02152276,0.026020334552968594,-0.0010177123318631243,straight_channels
0.05,straight_bias,straight,h1_exc,84,25,3.764527,0.14054604,3.0412116,0.10997789,0.8271484375000001,3.6767420415881475,0.132960284087305,0.12892937674742588,0.002343874817868284,21,3.7466223,3.0271816,3.659780592376147,0.12920315851620154,0.017904758,0.01402998,0.016961449212000712,-0.00027378176877565497,straight_channels
0.05,straight_bias,straight,h1_exc,85,25,1.5883889,0.033687647,1.3072879,0.027379915,0.8271484375000001,1.5804756141015992,0.03310157257557979,0.05974545022433563,0.0029421276925192773,164,1.592151,1.3103294,1.5841526716408958,0.06062585941357419,-0.003762126,-0.0030415058,-0.003677057539296591,-0.000880409189238561,straight_channels
0.05,straight_bias,straight,h1_exc,86,25,0.5022205,0.016036374,0.417086,0.013260215,0.8271484375000001,0.5042456195494684,0.01603123876937842,0.00025254802922318703,9.935186339462675e-05,366,0.4828531,0.40106526,0.4848769913639317,0.000230901055289771,0.019367397,0.016020745,0.01936862818553675,2.164697393341604e-05,straight_channels
0.05,straight_bias,straight,h1_exc,87,25,2.0711732,0.089365184,1.6968558,0.072001636,0.8271484375000001,2.051452551386512,0.08704801755859302,0.08758365653460125,0.004425637709781727,96,2.0370977,1.6694541,2.0183245598393373,0.08649409217995264,0.0340755,0.027401686,0.033127991547174496,0.0010895643546486034,C_channels
0.05,straight_bias,straight,h1_exc,88,25,1.3572798,0.03621074,1.1191524,0.029519571,0.8271484375000001,1.3530247966311553,0.03568835994890424,0.057320838817585165,0.005023416580992298,200,1.302941,1.074872,1.2994910649418079,0.051923874808287244,0.054338813,0.04428041,0.053533731689347386,0.005396964009297921,straight_channels
0.05,straight_bias,straight,h1_exc,89,25,2.1086788,0.10526947,1.7265896,0.08457651,0.8271484375000001,2.0873997358692757,0.10225070640217893,0.06720663840527896,0.0028622061975260727,94,2.0953245,1.7158067,2.0743637334995753,0.065907819969274,0.013354301,0.010782838,0.013036002369700483,0.0012988184360049615,straight_channels
0.05,straight_bias,straight,h1_exc,90,25,2.3049364,0.08877522,1.8849221,0.07132894,0.8271484375000001,2.2788197442084686,0.08623474939363157,0.0984648687651317,0.004327185429867823,77,2.302416,1.8828753,2.2763451094981266,0.09834220257950901,0.0025203228,0.0020468235,0.0024746347103419275,0.00012266618562269127,C_channels
0.05,straight_bias,straight,h1_exc,91,25,1.4725522,0.048010156,1.2129058,0.03909581,0.8271484375000001,1.4663701184834281,0.0472657732173653,0.059427849342109804,0.005577400906170778,185,1.4514734,1.1957723,1.4456562596171174,0.0578046360601986,0.021078825,0.017133474,0.02071385886631072,0.001623213281911201,straight_channels
0.05,straight_bias,straight,h1_exc,92,25,2.4403567,0.12854654,1.9921825,0.10267803,0.8271484375000001,2.408494496597717,0.12413495352170877,0.10721746189220958,0.004928626293846122,69,2.4293456,1.9833918,2.3978666834883056,0.10658248399016271,0.011011124,0.008790731,0.0106278131094113,0.0006349779020468765,C_channels
0.05,straight_bias,straight,h1_exc,93,25,1.627635,0.031729665,1.3391811,0.025777038,0.8271484375000001,1.6190335582653879,0.03116373892313953,0.05988274555780654,0.0032290318033842335,158,1.615398,1.3292428,1.6070185306472167,0.05742942184535273,0.012236953,0.00993824,0.012015027618171192,0.0024533237124538115,C_channels
0.05,straight_bias,straight,h1_exc,94,25,2.2061355,0.04112509,1.8065091,0.033059407,0.8271484375000001,2.1840203269107956,0.03996792395178132,0.10930963827860256,0.0025036271514198467,85,2.2154675,1.8140106,2.193089479417002,0.1108830161449347,-0.009331942,-0.007501483,-0.009069152506206546,-0.0015733778663321457,straight_channels
0.05,straight_bias,straight,h1_exc,95,25,0.79181975,0.020982234,0.65601015,0.017272985,0.8271484375000001,0.7930984318317408,0.020882568568350107,0.009135022999901564,0.001300607755640062,314,0.7728296,0.64038414,0.7742070120898333,0.00829073505089714,0.018990159,0.015626013,0.018891419741907445,0.0008442879490044245,C_channels
0.05,straight_bias,straight,h1_exc,96,25,0.534094,0.010014096,0.44346756,0.008277547,0.8271484375000001,0.5361402195918525,0.010007328464582141,0.0014359159375832633,0.00031803512199490207,363,0.52790827,0.4383543,0.5299584205087153,0.0013421084792949658,0.0061857104,0.005113244,0.006181799083137207,9.380745828829751e-05,C_channels
0.05,straight_bias,straight,h1_exc,97,25,1.4092525,0.07662956,1.1607862,0.062152293,0.8271484375000001,1.403358899729647,0.07514043160769006,0.041381798502713646,0.0036682059001793836,191,1.3997056,1.1530594,1.3940174281040938,0.040912780734156294,0.009546876,0.0077267885,0.0093414716255531,0.00046901776855735183,C_channels
0.05,straight_bias,straight,h1_exc,98,25,0.39666834,0.010288851,0.3297317,0.008523998,0.8271484375000001,0.39863666723545366,0.010305281534090563,0.0,0.0,380,0.39628407,0.32941344,0.3982519238097073,0.0,0.00038427114,0.000318259,0.0003847434257463478,0.0,C_channels
0.05,straight_bias,straight,h1_exc,99,25,5.3020616,0.31707802,4.220214,0.24158324,0.8271484375000001,5.102123806103751,0.29206758162859664,0.11229728510858455,0.003289974751290457,6,5.048432,4.028107,4.869872227041774,0.1130332822223207,0.25362968,0.19210672,0.2322515790619768,-0.0007359971137361476,straight_channels
0.05,straight_bias,straight,h1_exc,100,25,0.7502942,0.010525515,0.621871,0.008669122,0.8271484375000001,0.7518251279983375,0.010480732630797789,0.004192297285104904,0.0008558162772528133,323,0.73677415,0.6107331,0.7383597090809211,0.0035068097772133966,0.013520062,0.011137903,0.013465418917416372,0.0006854875078915077,straight_channels
0.05,straight_bias,straight,h1_exc,101,25,1.201041,0.044929214,0.99146354,0.036667682,0.8271484375000001,1.1986524532025,0.044330231678509587,0.017902047442935057,0.0018691862207132098,226,1.1899638,0.98242515,1.1877252867955348,0.017663806433971793,0.011077166,0.009038389,0.010927166406965227,0.0002382410089632643,straight_channels
0.05,straight_bias,straight,h1_exc,102,25,1.4851002,0.037667062,1.2232608,0.030634653,0.8271484375000001,1.4788890730989013,0.03703646365662552,0.03580355800655629,0.004509153232242781,183,1.5126399,1.245653,1.5059607255949965,0.03827184991427954,-0.02753973,-0.022392273,-0.027071652496095222,-0.002468291907723248,C_channels
0.05,straight_bias,straight,h1_exc,103,25,0.6371096,0.013606179,0.52854043,0.011226361,0.8271484375000001,0.6389909881840478,0.013572365030957961,0.005671507170554999,0.0002852391368699241,339,0.6434103,0.5337384,0.6452752240026827,0.005786957698199885,-0.0063007474,-0.0051979423,-0.006284235818634909,-0.0001154505276448857,straight_channels
0.05,straight_bias,straight,h1_exc,104,25,0.6509961,0.020304354,0.53996164,0.016757976,0.8271484375000001,0.6527989144878376,0.020259938366166276,0.0027708126634772515,0.000509253720243975,335,0.6537827,0.54226077,0.6555785275302547,0.002713082193552372,-0.0027866364,-0.00229913,-0.0027796130424171395,5.7730469924879586e-05,C_channels
0.05,straight_bias,straight,h1_exc,105,25,3.262069,0.11967831,2.6464481,0.0947341,0.8271484375000001,3.1994837494592367,0.11453095611381156,0.1259853882924813,0.0028381906531975924,30,3.2663617,2.6498296,3.203572104680249,0.12601425092439253,-0.0042927265,-0.0033814907,-0.004088355221012474,-2.886263191123617e-05,C_channels
0.05,straight_bias,straight,h1_exc,106,25,0.58870304,0.0073666936,0.4885981,0.0060824696,0.8271484375000001,0.5907018495955879,0.007353540463603101,0.0012988184360049617,0.00033246230592625883,353,0.59159434,0.4909864,0.5935892404900632,0.0013132438950953307,-0.002891302,-0.0023882985,-0.002887390894475317,-1.4425459090369004e-05,straight_channels
0.05,straight_bias,straight,h1_exc,107,25,0.44551533,0.02290557,0.3701186,0.01895669,0.8271484375000001,0.44746334251056896,0.02291812125594382,2.8862631911221374e-05,2.8862631911221374e-05,370,0.44643077,0.3708764,0.4483794629003105,2.886002886000283e-05,-0.00091543794,-0.00075781345,-0.0009161203897415371,2.6030512185445985e-09,C_channels
0.05,straight_bias,straight,h1_exc,108,25,1.363797,0.015609621,1.1246389,0.012727572,0.8271484375000001,1.3596578407972002,0.015387288215644867,0.0668458555063887,0.002881205544345463,197,1.3752754,1.1339941,1.3709680658578502,0.06790655722912609,-0.011478424,-0.009355187,-0.011310225060650048,-0.001060701722737381,C_channels
0.05,straight_bias,straight,h1_exc,109,25,1.1022981,0.036273047,0.9107799,0.02966804,0.8271484375000001,1.101108114178309,0.03586785472663657,0.028508904582658968,0.0015271920745717183,253,1.0985093,0.9076882,1.097370427904134,0.02824208532513011,0.0037888288,0.003091693,0.003737686274174923,0.00026681925752885735,C_channels
0.05,straight_bias,straight,h1_exc,110,25,1.6770216,0.03129131,1.3792642,0.025380814,0.8271484375000001,1.6674930505126868,0.03068471606067231,0.06722106972123458,0.004032786315132608,148,1.6394707,1.3487887,1.6306488928080345,0.062321637954304746,0.037550926,0.030475497,0.036844157704652325,0.004899431766929835,straight_channels
0.05,straight_bias,straight,h1_exc,111,25,0.93484956,0.02334085,0.77358747,0.019153243,0.8271484375000001,0.9352462219520555,0.02315574976069162,0.02522587976946665,0.0015691662069901551,284,0.93758255,0.7758328,0.9379606736606789,0.025363037791985777,-0.0027329922,-0.002245307,-0.002714451708623389,-0.00013715802251912726,straight_channels
0.05,straight_bias,straight,h1_exc,112,25,1.2011719,0.018014714,0.99184436,0.014727041,0.8271484375000001,1.1991128960743682,0.017804592832709645,0.03941900938018966,0.0008872529929097705,225,1.2140021,1.0023323,1.2117925338435218,0.039851933891313474,-0.012830257,-0.010487974,-0.012679637769153596,-0.00043292451112381114,straight_channels
0.05,straight_bias,straight,h1_exc,113,25,0.2817462,0.007269066,0.23442997,0.0060326545,0.8271484375000001,0.28341946417979297,0.007293315300785298,0.0004112925047349046,0.00019359401028417865,384,0.276942,0.23044258,0.27859881536014014,0.0003679985568680725,0.004804194,0.003987387,0.0048206488196528285,4.329394786683208e-05,C_channels
0.05,straight_bias,straight,h1_exc,114,25,1.0676861,0.009826918,0.882625,0.00805214,0.8271484375000001,1.067069645291013,0.00973481739549834,0.00741047683862926,0.000845594033904565,262,1.0524004,0.8700984,1.0519253892065776,0.006378641652379923,0.01528573,0.012526572,0.01514425608443526,0.0010318351862493372,straight_channels
0.05,straight_bias,straight,h1_exc,115,25,0.9565246,0.019160094,0.7914126,0.015722658,0.8271484375000001,0.9567963417153176,0.019008267075221685,0.006501307838002613,0.001038386417385491,280,0.96895635,0.80161345,0.9691289394991819,0.0067682871831814114,-0.012431741,-0.010200858,-0.012332597783864307,-0.0002669793451787984,C_channels
0.05,straight_bias,straight,h1_exc,116,25,0.8393109,0.010451726,0.6951408,0.008593792,0.8271484375000001,0.8404063153590117,0.010389660784745422,0.0171516190132433,0.0011152180101388462,301,0.8364769,0.6928101,0.8375886587510679,0.01710102480823406,0.0028339624,0.0023306608,0.0028176566079437526,5.059420500923978e-05,C_channels
0.05,straight_bias,straight,h1_exc,117,25,1.1944265,0.007305031,0.9863731,0.005971615,0.8271484375000001,1.1924983368411355,0.007219520769475873,0.04659853830860722,0.0007752095171859582,230,1.187538,0.9807402,1.1856882172225014,0.04594914796272607,0.006888509,0.005632937,0.006810119618634092,0.0006493903458811498,C_channels
0.05,straight_bias,straight,h1_exc,118,25,2.9865277,0.13617674,2.4274979,0.107881926,0.8271484375000001,2.934778963929,0.1304263176622731,0.10266398669519201,0.0035334819953394014,44,2.9471781,2.3964524,2.897245989545101,0.10297465500126006,0.039349556,0.031045437,0.03753297438389902,-0.00031066830606804596,straight_channels
0.05,straight_bias,straight,h1_exc,119,25,1.057008,0.07367374,0.8730091,0.060293715,0.8271484375000001,1.0554442554406922,0.07289346470895716,0.020297645891566428,0.003514442125846388,266,1.0402833,0.8593466,1.0389266925039475,0.01956866204857585,0.016724706,0.0136624575,0.016517562936744667,0.0007289838429905791,C_channels
0.05,straight_bias,straight,h1_exc,120,25,1.5418309,0.0489977,1.2692475,0.039786022,0.8271484375000001,1.534485839163211,0.04810022125850869,0.06366375033817655,0.00301478531898603,175,1.5282493,1.258219,1.521152567482612,0.0629133219084848,0.013581634,0.011028528,0.013333271680598946,0.0007504284296917518,C_channels
0.05,straight_bias,straight,h1_exc,121,25,2.0010183,0.11846659,1.6393228,0.09537625,0.8271484375000001,1.9818966950430592,0.11530729912895406,0.08142148462155548,0.00805696338475191,102,1.9989803,1.6377069,1.9799431059977213,0.08123387751413254,0.002038002,0.0016158819,0.0019535890453379334,0.00018760710742293796,C_channels
0.05,straight_bias,straight,h1_exc,122,25,0.9451836,0.0134915495,0.7821321,0.011073913,0.8271484375000001,0.945576434272746,0.013388060608960594,0.011429602236843663,0.0013565341045036047,282,0.9316777,0.7710426,0.9321695283969776,0.010101848283493363,0.013505876,0.011089504,0.013406905875768316,0.0013277539533503007,C_channels
0.05,straight_bias,straight,h1_exc,123,25,1.8722876,0.032775864,1.5373949,0.02649646,0.8271484375000001,1.858668653047574,0.03203350202410948,0.08980572257374836,0.0025443552015353083,119,1.8774235,1.5415459,1.8636869909167297,0.09017407774863337,-0.005135894,-0.0041509867,-0.005018337869155731,-0.00036835517488501,C_channels
0.05,straight_bias,straight,h1_exc,124,25,0.38528278,0.013081051,0.32028645,0.010838972,0.8271484375000001,0.387217591343447,0.013104023460233517,3.607828988902671e-05,2.082981037933093e-05,381,0.37984356,0.31577876,0.3817679467823855,7.215657977805343e-06,0.005439222,0.0045076907,0.005449644561061506,2.886263191122137e-05,straight_channels
0.05,straight_bias,straight,h1_exc,125,25,1.5038849,0.022451112,1.238692,0.018266218,0.8271484375000001,1.4975449475828093,0.02208336018488719,0.07359947579747922,0.0021520456047582287,181,1.4815212,1.220502,1.475553740370076,0.07248850004503248,0.022363663,0.018190026,0.021991207212733288,0.001110975752446744,straight_channels
0.05,straight_bias,straight,h1_exc,126,25,0.7737407,0.0084529845,0.64118665,0.0069579165,0.8271484375000001,0.7751773024411489,0.008411931821763452,0.0031532425363009348,0.0005564055267906276,318,0.7852063,0.6506264,0.7865896630248411,0.0035068097772133966,-0.011465609,-0.009439766,-0.011412360583692216,-0.0003535672409124618,C_channels
0.05,straight_bias,straight,h1_exc,127,25,0.80104685,0.016123848,0.66363424,0.013273467,0.8271484375000001,0.8023157808661882,0.01604726122450413,0.006746640209247996,0.0007738631990576678,313,0.7978344,0.6609913,0.7991204672518522,0.006609542707669694,0.003212452,0.0026429296,0.003195313614336004,0.00013709750157830155,C_channels
0.15,C_bias,C,h1_exc,0,25,4.95854,0.10992615,7.688042,0.1570656,1.6533203125,4.650061922738256,0.0950001058172098,0.2321092767952467,0.0020282047562983603,13,4.6499205,7.245043,4.382116847202967,0.22765775580304393,0.3086195,0.44299936,0.26794507553528835,0.004451520992202779,C_channels
0.15,C_bias,C,h1_exc,1,25,1.9826765,0.018788872,3.2253766,0.029602481,1.6533203125,1.9508480459197082,0.01790486764065586,0.20970346823992597,0.0018117611273049008,134,2.0334585,3.3052564,1.9991627167918333,0.20921344216548532,-0.050781965,-0.07987976,-0.048314670872125154,0.0004900260744406526,straight_channels
0.15,C_bias,C,h1_exc,2,25,2.2101796,0.031872842,3.581839,0.04980127,1.6533203125,2.1664519271005065,0.030121974416320065,0.17623062096691844,0.004393913945891375,113,2.091972,3.3968158,2.054541793446688,0.17212100896658666,0.118207455,0.18502331,0.11191013365381863,0.004109612000331775,C_channels
0.15,C_bias,C,h1_exc,3,25,0.9505092,0.018618405,1.5725588,0.030346058,1.6533203125,0.9511518592333609,0.018354615132037087,0.02523416374908633,0.0019697498575980124,281,0.97935873,1.6194625,0.9795212390686002,0.02644766613590342,-0.028849542,-0.04690373,-0.02836937983523935,-0.001213502386817087,C_channels
0.15,C_bias,C,h1_exc,4,25,0.60866255,0.007855901,1.0128268,0.012938608,1.6533203125,0.6126017018469927,0.007825832692376267,0.0,0.0,343,0.6293065,1.0468179,0.6331609784318851,6.704097879823427e-06,-0.02064395,-0.0339911,-0.020559276584892427,-6.704097879823427e-06,straight_channels
0.15,C_bias,C,h1_exc,5,25,0.7200973,0.0087600555,1.1960363,0.014378104,1.6533203125,0.723414748582425,0.008696502459113844,0.0034727109046934425,0.00035256580132886464,321,0.80148625,1.3294165,0.804088922313684,0.0039353054554563515,-0.08138895,-0.13338017,-0.08067417373125896,-0.000462594550762909,C_channels
0.15,C_bias,C,h1_exc,6,25,2.655283,0.051477235,4.2715135,0.07932056,1.6533203125,2.583597247229527,0.04797652052315465,0.20431408698549877,0.002760331060615245,79,2.5419314,4.0967045,2.477864877908174,0.19459859249038497,0.11335158,0.17480898,0.10573236932135321,0.009715494495113802,C_channels
0.15,C_bias,C,h1_exc,7,25,2.8458197,0.027242504,4.5652804,0.041749023,1.6533203125,2.7612800358126064,0.025251623923811726,0.21894842483384774,0.0019997151733421085,62,2.8457649,4.5652165,2.7612413078705784,0.21389424285576644,5.4836273e-05,6.389618e-05,3.872794202797181e-05,0.005054181978081301,straight_channels
0.15,C_bias,C,h1_exc,8,25,1.4083679,0.027460977,2.3123915,0.044007406,1.6533203125,1.3986348777215987,0.026617590980588225,0.05865415235057516,0.0022629946957552194,214,1.3516152,2.2214112,1.3436060224495565,0.05959919870464463,0.05675268,0.09098029,0.055028855272042154,-0.0009450463540694731,C_channels
0.15,C_bias,C,h1_exc,9,25,0.70551443,0.0072478387,1.1721139,0.011900999,1.6533203125,0.7089454322290822,0.007198241163350539,0.007870610910912703,0.0005902271934525237,327,0.70295197,1.1679087,0.7064019080132573,0.006134249560038436,0.0025624633,0.004205227,0.0025435242158249327,0.0017363613508742668,straight_channels
0.15,C_bias,C,h1_exc,10,25,1.0753921,0.006195243,1.7757295,0.010049733,1.6533203125,1.0740384341878155,0.006078515561782913,0.04013743400650286,0.0007352330482888744,262,1.0765908,1.7776777,1.0752167032712454,0.03924578898848634,-0.0011986494,-0.0019481182,-0.0011782690834298837,0.0008916450180165222,straight_channels
0.15,C_bias,C,h1_exc,11,25,0.86145353,0.022119364,1.4272107,0.036130477,1.6533203125,0.8632390674308518,0.02185328388355371,0.046962205648163106,0.0025596210001459204,304,0.77499944,1.2858804,0.7777563790035217,0.0361149752786088,0.08645409,0.14133024,0.08548268842733009,0.010847230369554303,straight_channels
0.15,C_bias,C,h1_exc,12,25,1.6969807,0.015591708,2.773539,0.02477749,1.6533203125,1.6775570319476913,0.014986503082129666,0.13944523590032729,0.002017133340247583,167,1.6846462,2.7539475,1.6657071584591163,0.1382246519098674,0.012334466,0.01959157,0.011849873488575025,0.001220583990459878,straight_channels
0.15,C_bias,C,h1_exc,13,25,8.366699,0.2574993,12.300798,0.3314253,1.6533203125,7.440057522003137,0.20046043842202924,0.2369287383857938,0.0023974929955615076,3,7.106635,10.650325,6.441779623618533,0.2331081873793404,1.2600641,1.6504736,0.9982778983846039,0.0038205510064534265,C_channels
0.15,C_bias,C,h1_exc,14,25,1.6740223,0.032366738,2.736539,0.05147295,1.6533203125,1.6551776978298762,0.031133077193237588,0.07603787815295732,0.002115129600341567,171,1.6631263,2.7192383,1.6447134644226282,0.07582983315404583,0.0108959675,0.017300606,0.010464233407248003,0.00020804499891148576,straight_channels
0.15,C_bias,C,h1_exc,15,25,0.99933916,0.0046398896,1.6522319,0.0075411154,1.6533203125,0.9993416968082862,0.004561194427244445,0.009271767367795801,0.0010056947555102036,273,0.97927934,1.6196051,0.9796075607326528,0.007086177529578653,0.020059824,0.032626867,0.019734136075633457,0.0021855898382171475,straight_channels
0.15,C_bias,C,h1_exc,16,25,2.228076,0.040921904,3.6094,0.06391263,1.6533203125,2.183121952702942,0.0386571374698233,0.1635732841698118,0.0016408921539296,112,2.1004534,3.4098835,2.0624457372577853,0.15503792774265482,0.1276226,0.19951653,0.12067621544515683,0.00853535642715697,C_channels
0.15,C_bias,C,h1_exc,17,25,1.0033405,0.008592032,1.6587039,0.013972496,1.6533203125,1.0032562386250923,0.008451172767690668,0.02600519567583507,0.0008391667791945997,272,0.9755835,1.6135522,0.97594658195422,0.022384982820730422,0.027756989,0.04515171,0.027309656670872262,0.003620212855104648,C_channels
0.15,C_bias,C,h1_exc,18,25,1.7741319,0.02889604,2.895623,0.045781456,1.6533203125,1.7513985330423383,0.027690613711025814,0.1582569345511118,0.0025288219479690107,162,1.6983197,2.7754087,1.6786877851802935,0.15320204474972496,0.07581222,0.120214224,0.07271074786204479,0.005054889801386853,C_channels
0.15,C_bias,C,h1_exc,19,25,1.5822328,0.022961007,2.5906665,0.036549296,1.6533203125,1.5669476645385891,0.022106602383566147,0.14631604920095623,0.0020145481720595273,184,1.4598621,2.3951457,1.4486882364939058,0.13104451757764973,0.12237072,0.19552088,0.11825942804468337,0.015271531623306495,C_channels
0.15,C_bias,C,h1_exc,20,25,3.4120626,0.059429437,5.422865,0.08941843,1.6533203125,3.2799843828487654,0.05408415664585745,0.1980323472721042,0.0015250005340328903,40,3.3087173,5.2673573,3.1859265326165755,0.19506913600922224,0.103345394,0.15550756,0.09405785023218982,0.0029632112628819596,straight_channels
0.15,C_bias,C,h1_exc,21,25,3.989995,0.09126724,6.281352,0.13459645,1.6533203125,3.7992347396460935,0.08140978097732608,0.2364937568086512,0.003254041973605257,28,3.6171677,5.7286696,3.464948191811979,0.2316533981394187,0.3728273,0.5526824,0.3342865478341146,0.004840358669232492,C_channels
0.15,C_bias,C,h1_exc,22,25,2.3030298,0.026801353,3.726912,0.04176228,1.6533203125,2.2541983398800998,0.025259643435736532,0.24414901023178853,0.0024799455300268058,101,2.2724261,3.6792703,2.225382685982476,0.2417296572527933,0.030603647,0.047641754,0.02881565389762386,0.0024193529789952317,C_channels
0.15,C_bias,C,h1_exc,23,25,3.4355094,0.044899784,5.4589787,0.06752603,1.6533203125,3.301827588195089,0.040842678913091436,0.2088192407607401,0.0034822464805701198,37,3.4113455,5.4225807,3.2798123278808164,0.20476326154344693,0.024163961,0.036397934,0.022015260314272478,0.004055979217293171,C_channels
0.15,C_bias,C,h1_exc,24,25,1.484987,0.01381873,2.435509,0.022117043,1.6533203125,1.473101745095504,0.013377348909503204,0.11423071537149936,0.0022654105021109702,196,1.5260255,2.501152,1.512805511283297,0.11397636805487808,-0.041038513,-0.06564307,-0.03970376618779303,0.00025434731662127286,straight_channels
0.15,C_bias,C,h1_exc,25,25,3.2771766,0.04149529,5.2206383,0.06270506,1.6533203125,3.1576688979491854,0.03792674653555553,0.23013156792069878,0.002264058654534938,44,3.1895862,5.088203,3.077566246890562,0.2274432246708896,0.087590456,0.13243532,0.08010265105862358,0.002688343249809183,straight_channels
0.15,C_bias,C,h1_exc,26,25,3.1227548,0.04582662,4.986638,0.069583654,1.6533203125,3.0161354361095825,0.042087217713381024,0.21544288946600568,0.004366872884777682,49,3.1067648,4.962446,3.0015032305166023,0.20981071863836084,0.015990019,0.024191856,0.014632205592980174,0.0056321708276448335,C_channels
0.15,C_bias,C,h1_exc,27,25,1.8500372,0.054246657,3.014496,0.085617185,1.6533203125,1.8232982552706296,0.05178499340500994,0.13587823001074883,0.0035709794236653087,149,1.7035649,2.7828405,1.6831830125139284,0.12493756808838938,0.14647233,0.2316556,0.14011524275670117,0.010940661922359457,C_channels
0.15,C_bias,C,h1_exc,28,25,2.3388424,0.022940563,3.7827973,0.03570588,1.6533203125,2.2880002134297124,0.021596468932893898,0.19305790664527522,0.002146212868192313,97,2.282652,3.6953263,2.2350939741325386,0.18609841488151446,0.05619049,0.08747101,0.05290623929717375,0.006959491763760761,straight_channels
0.15,C_bias,C,h1_exc,29,25,4.543511,0.06089812,7.0941334,0.088236615,1.6533203125,4.290840106208977,0.0533693404297299,0.25356155972270894,0.0019029004247297756,18,4.388046,6.868232,4.154205296418156,0.25004273862377435,0.15546513,0.2259016,0.136634809790821,0.003518821098934588,C_channels
0.15,C_bias,C,h1_exc,30,25,0.7474221,0.0058045443,1.2408881,0.009515524,1.6533203125,0.7505430691923,0.005755402611989031,0.012630479958541305,0.00046385828456608694,317,0.74012184,1.2289165,0.7433021553627944,0.01198017403773051,0.0073002577,0.011971593,0.007240913829505535,0.000650305920810796,straight_channels
0.15,C_bias,C,h1_exc,31,25,0.50170404,0.0038698155,0.83635795,0.006396005,1.6533203125,0.5058656463399466,0.0038685818120093186,0.0028492241842245814,0.0004194530251773535,366,0.49667513,0.82804346,0.5008366710745689,0.0026749350540495476,0.0050289035,0.00831449,0.005028975265377711,0.00017428913017503373,straight_channels
0.15,C_bias,C,h1_exc,32,25,0.95420945,0.005812855,1.5787873,0.009462704,1.6533203125,0.95491919564645,0.0057234546948771465,0.019924519351795233,0.0007047567932048987,280,0.9843788,1.6278893,0.9846182117517038,0.021077683734164854,-0.030169368,-0.04910195,-0.029699016105253828,-0.0011531643823696203,C_channels
0.15,C_bias,C,h1_exc,33,25,1.2875464,0.0067819986,2.1186252,0.010921053,1.6533203125,1.2814365831751857,0.006605527348453682,0.08971362044858058,0.0007943693021797215,238,1.2686555,2.0881894,1.2630277456554762,0.08656331182428008,0.018890858,0.0304358,0.018408837519709564,0.0031503086243005046,straight_channels
0.15,C_bias,C,h1_exc,34,25,0.61029553,0.0062529435,1.0155317,0.010298943,1.6533203125,0.6142376689858351,0.006229248275584792,0.01672660455431494,0.00076578486177054,342,0.63797575,1.0611054,0.6418026667540812,0.01664622447679403,-0.027680218,-0.04557371,-0.027564997768246058,8.038007752091125e-05,straight_channels
0.15,C_bias,C,h1_exc,35,25,0.77467865,0.0155385025,1.2854236,0.025455663,1.6533203125,0.7774800934382443,0.015396691435144775,0.03244772419426238,0.0015105613866451008,312,0.6675451,1.1096599,0.6711705947180637,0.021312327159958674,0.10713357,0.17576373,0.10630949872018058,0.011135397034303707,C_channels
0.15,C_bias,C,h1_exc,36,25,8.139813,0.3090777,11.993269,0.39738968,1.6533203125,7.254050250535161,0.24035854575340912,0.22030336042887766,0.0018031115460981947,4,6.8093147,10.24153,6.194523079318863,0.21543618536812584,1.3304987,1.7517385,1.0595271712162981,0.004867175060751822,C_channels
0.15,C_bias,C,h1_exc,37,25,1.2823074,0.020586729,2.1099463,0.033144478,1.6533203125,1.2761871588769749,0.020047220859620206,0.04599657511825045,0.0027325912566120883,241,1.2646306,2.0814483,1.2589504155431763,0.04418000502803638,0.01767683,0.028497934,0.017236743333798543,0.0018165700902140688,C_channels
0.15,C_bias,C,h1_exc,38,25,0.806452,0.004591191,1.33759,0.007511441,1.6533203125,0.8090325723779201,0.00454324616831503,0.013770165924585251,0.0003977528499327426,308,0.7611383,1.2633824,0.7641485834290792,0.009211430486877389,0.045313656,0.074207544,0.044883988948840936,0.0045587354377078625,C_channels
0.15,C_bias,C,h1_exc,39,25,0.5874544,0.004956577,0.9779042,0.008171327,1.6533203125,0.5914789608163056,0.004942373893853906,0.0020179255971234564,0.00019533121499368863,347,0.597287,0.994112,0.6012821672621984,0.0021386072236636734,-0.009832621,-0.016207814,-0.009803206445892831,-0.00012068162654021693,straight_channels
0.15,C_bias,C,h1_exc,40,25,1.8582116,0.025514899,3.0288343,0.040375747,1.6533203125,1.8319705859088873,0.024421006009206544,0.09537249643836807,0.0044680800591437465,148,1.7829212,2.9096801,1.7599010929344288,0.08606015731281488,0.07529044,0.119154215,0.07206949297445853,0.009312339125553182,straight_channels
0.15,C_bias,C,h1_exc,41,25,2.140523,0.041885585,3.4724026,0.06559692,1.6533203125,2.100260030950731,0.03967587000021723,0.15623848876003524,0.0030410115243975225,118,2.0880098,3.3900821,2.050469072155609,0.15136512193065332,0.052513123,0.08232045,0.04979095879512174,0.004873366829381914,straight_channels
0.15,C_bias,C,h1_exc,42,25,0.7317372,0.006104514,1.2151613,0.010016422,1.6533203125,0.7349823908956175,0.006058367409352683,0.0061811782451972,0.0006655259411816386,319,0.6402334,1.0648167,0.6440474756157435,0.00419005218665719,0.0915038,0.15034461,0.09093491527987396,0.00199112605854001,C_channels
0.15,C_bias,C,h1_exc,43,25,3.134937,0.057057563,5.0044503,0.086608954,1.6533203125,3.0269091065811877,0.05238486048203992,0.2210266316972013,0.0034381937009657325,48,2.6332998,4.2380104,2.5633328371427773,0.20152518226749222,0.5016372,0.7664399,0.46357626943841046,0.019501449429709078,C_channels
0.15,C_bias,C,h1_exc,44,25,0.63239104,0.0067814873,1.0519081,0.0111551415,1.6533203125,0.6362398166557505,0.006747114538692808,0.0004961032431069337,0.0001567717608617551,338,0.6727771,1.1183362,0.6764183534378919,0.0004893991452271101,-0.04038608,-0.066428065,-0.04017853678214145,6.704097879823559e-06,C_channels
0.15,C_bias,C,h1_exc,45,25,2.0748315,0.027237665,3.3700125,0.04275911,1.6533203125,2.0383301292468987,0.025862569009824116,0.155327243777629,0.003392149313616863,127,2.1363451,3.4664075,2.09663385194505,0.15912125028659477,-0.061513662,-0.096395016,-0.058303722698151095,-0.003794006508965775,C_channels
0.15,C_bias,C,h1_exc,46,25,1.4093497,0.018910382,2.3142169,0.030296754,1.6533203125,1.3997389211335933,0.018324794234691664,0.10189558367543627,0.0024012129871169687,213,1.4343411,2.354255,1.4239557905419036,0.09903293388075167,-0.024991393,-0.04003811,-0.02421686940831025,0.0028626497946846047,C_channels
0.15,C_bias,C,h1_exc,47,25,1.4532709,0.011777063,2.3847625,0.018854233,1.6533203125,1.4424080398119414,0.01140385944238754,0.08047599094940042,0.0018442281561784608,205,1.443525,2.3691604,1.4329711005416426,0.07954412134410496,0.0097459555,0.015602112,0.009436939270298872,0.0009318696052954545,straight_channels
0.15,C_bias,C,h1_exc,48,25,2.7010465,0.06490512,4.3410463,0.09950526,1.6533203125,2.625653335003063,0.0601851057477998,0.2223749266737431,0.004834906972005468,76,2.3790045,3.8438544,2.324930213344781,0.20600351965121427,0.322042,0.4971919,0.30072312165828174,0.016371407022528817,C_channels
0.15,C_bias,C,h1_exc,49,25,0.5312402,0.0068153013,0.8851397,0.0112562785,1.6533203125,0.5353709636106329,0.006808286513195703,0.007448252744483828,0.0006444221458174151,359,0.50941515,0.8490857,0.5135639265512473,0.00599342698986781,0.021825075,0.036054015,0.02180703705938558,0.001454825754616018,C_channels
0.15,C_bias,C,h1_exc,50,25,0.7588484,0.01493274,1.2594962,0.024478123,1.6533203125,0.7617980326920412,0.014805432958368163,0.015412721025714058,0.0017833057880731417,315,0.7151242,1.1877987,0.7184323157779109,0.010022578580351126,0.04372424,0.07169747,0.04336571691413027,0.005390142445362933,straight_channels
0.15,C_bias,C,h1_exc,51,25,2.2521563,0.060444336,3.6457958,0.09439739,1.6533203125,2.205135794030957,0.05709564404651742,0.1741315619660417,0.00506810912952111,109,1.9916961,3.2381475,1.9585724591279345,0.15514623313487375,0.26046014,0.40764832,0.2465633349030223,0.018985328831167964,C_channels
0.15,C_bias,C,h1_exc,52,25,0.65203345,0.0063577257,1.0842314,0.010458124,1.6533203125,0.6557903093756577,0.006325527866855855,0.0037811112042204125,0.0003267287800749237,336,0.65681463,1.0920954,0.6605467830391138,0.003318512159341278,-0.0047811866,-0.007863998,-0.004756473663456107,0.00046259904487913443,straight_channels
0.15,C_bias,C,h1_exc,53,25,2.701457,0.054833647,4.342385,0.084323764,1.6533203125,2.6264632185259256,0.05100267992317359,0.18578326273412277,0.0026952090641250937,75,2.4774778,3.99697,2.4175411994300076,0.17366965557682587,0.22397923,0.34541488,0.208922019095918,0.012113607157296896,straight_channels
0.15,C_bias,C,h1_exc,54,25,2.2735264,0.067382775,3.6786084,0.10489182,1.6533203125,2.2249822895916607,0.06344313118397063,0.14356155199853884,0.0043767786572101,106,2.2512217,3.6437452,2.203895426994011,0.14649794686990153,0.022304773,0.034863234,0.02108686259764969,-0.0029363948713626853,C_channels
0.15,C_bias,C,h1_exc,55,25,1.289909,0.009720888,2.1223993,0.015664767,1.6533203125,1.2837194148119246,0.009474732361220088,0.0397485963294731,0.0017515506202049921,236,1.2730097,2.0951746,1.2672526416862937,0.03333277465848208,0.016899347,0.02722478,0.01646677312563094,0.006415821670991022,C_channels
0.15,C_bias,C,h1_exc,56,25,0.5763643,0.014452614,0.95949864,0.023810238,1.6533203125,0.5803464944778511,0.014401466211234849,0.015667381806942077,0.0015419746706122437,350,0.5768429,0.96030396,0.5808335687213426,0.013354522529562233,-0.0004786253,-0.00080531836,-0.000487074243491481,0.0023128592773798435,C_channels
0.15,C_bias,C,h1_exc,57,25,2.7147176,0.033396035,4.3639016,0.051356178,1.6533203125,2.6394773817759902,0.031062448749635395,0.21214447330913253,0.0026643742952739994,74,2.5819404,4.1593823,2.5157752819630606,0.20923427127066282,0.13277721,0.20451927,0.12370209981292968,0.0029102020384697003,C_channels
0.15,C_bias,C,h1_exc,58,25,2.2364156,0.017673375,3.6232517,0.02760822,1.6533203125,2.1915000282761605,0.01669865145853038,0.2287639319532148,0.001702517503218122,110,2.3151274,3.7459803,2.2657317217506834,0.226115045920339,-0.07871175,-0.122728586,-0.07423169347452285,0.0026488860328758024,C_channels
0.15,C_bias,C,h1_exc,59,25,0.45189342,0.0068073114,0.75392616,0.011269678,1.6533203125,0.4560073188649129,0.006816391156134478,0.002158698170251071,0.000445776302344355,374,0.45218033,0.7544011,0.45629459292133767,0.00240677113885661,-0.00028690696,-0.0004749298,-0.0002872740564247578,-0.0002480729686055389,straight_channels
0.15,C_bias,C,h1_exc,60,25,1.5808096,0.01773469,2.5885286,0.028287498,1.6533203125,1.5656547950100828,0.017109508064720398,0.09108187379528107,0.002305738646689417,185,1.5681939,2.5683963,1.5534777586653945,0.0885468108058204,0.012615681,0.020132303,0.012177036344688252,0.0025350629894606708,C_channels
0.15,C_bias,C,h1_exc,61,25,5.108069,0.10446023,7.902377,0.14888716,1.6533203125,4.779701176421064,0.09005342347097647,0.25558617593536354,0.0024452660153096175,11,4.802799,7.465696,4.515577327051381,0.25102153691422857,0.30526972,0.43668127,0.2641238493696827,0.004564639021134964,C_channels
0.15,C_bias,C,h1_exc,62,25,2.7258217,0.026910575,4.381205,0.04131781,1.6533203125,2.6499432360577857,0.024990807904283322,0.2310232129387153,0.002451907899465974,73,2.6805935,4.311692,2.607898857805001,0.22632364032495908,0.045228243,0.069512844,0.04204437825278484,0.0046995726137562255,straight_channels
0.15,C_bias,C,h1_exc,63,25,1.0164505,0.009109746,1.6800079,0.014794782,1.6533203125,1.0161418365287331,0.008948526947169588,0.026601860387139357,0.0018631663803847153,270,0.9785653,1.6184138,0.9788870791123059,0.018577055224990716,0.03788525,0.06159413,0.03725475741642725,0.008024805162148641,straight_channels
0.15,C_bias,C,h1_exc,64,25,2.8817556,0.05736594,4.6187735,0.08763307,1.6533203125,2.7936349240822818,0.05300428999038129,0.22726891812601416,0.0032196396622959757,59,2.7985108,4.491396,2.7165913708990574,0.2249895248468742,0.0832448,0.12737751,0.07704355318322431,0.002279393279139952,C_channels
0.15,C_bias,C,h1_exc,65,25,1.6271026,0.018261874,2.6623085,0.029062597,1.6533203125,1.610279824735003,0.01757832217275554,0.12050615938982609,0.00429022980686841,179,1.6967894,2.7731423,1.6773171021370485,0.1271560627220827,-0.06968677,-0.11083388,-0.06703727740204557,-0.006649903332256624,C_channels
0.15,C_bias,C,h1_exc,66,25,1.0829779,0.0069993534,1.7880249,0.011343572,1.6533203125,1.0814751623527434,0.006861085493527087,0.06658510014240628,0.0008525524244215695,259,1.0973592,1.8113396,1.0955769035827925,0.06856951311483402,-0.0143812895,-0.023314714,-0.014101741230049036,-0.0019844129724277404,straight_channels
0.15,C_bias,C,h1_exc,67,25,1.6375557,0.020346168,2.678905,0.032377243,1.6533203125,1.6203181488399687,0.019583163910249213,0.1316148495766935,0.002056223615603274,176,1.6301991,2.6672163,1.613248240159311,0.12711597913770034,0.0073566437,0.011688709,0.0070699086806578215,0.004498870438993163,C_channels
0.15,C_bias,C,h1_exc,68,25,1.3097663,0.023840256,2.1540687,0.03833081,1.6533203125,1.3028744083740793,0.023184138336637482,0.07021849255510759,0.0017107738335646156,230,1.2810711,2.1078866,1.2749414619892052,0.06892483030246466,0.028695226,0.046182156,0.02793294638487409,0.0012936622526429353,straight_channels
0.15,C_bias,C,h1_exc,69,25,2.0797827,0.031459425,3.377632,0.049393784,1.6533203125,2.0429386505199694,0.02987550704310289,0.18127210257254564,0.004296696987241376,124,2.0752425,3.3705451,2.0386521410675296,0.17798039051355233,0.004540205,0.007086754,0.004286509452439802,0.0032917120589933124,C_channels
0.15,C_bias,C,h1_exc,70,25,1.4708695,0.011696266,2.412947,0.018726422,1.6533203125,1.4594551927378492,0.011326554071593064,0.13176233973004964,0.001303234496637601,198,1.3902807,2.283776,1.3813269629977625,0.12125701835236632,0.08058882,0.1291709,0.07812822974008671,0.010505321377683313,C_channels
0.15,C_bias,C,h1_exc,71,25,1.6380899,0.010535914,2.6799448,0.016786879,1.6533203125,1.62094701355486,0.010153434274406249,0.1483817983741319,0.0021808876239222024,175,1.5732085,2.5765536,1.558411637336453,0.13402162071555013,0.064881444,0.10339117,0.0625353762184071,0.014360177658581774,C_channels
0.15,C_bias,C,h1_exc,72,25,4.2333083,0.06483462,6.641536,0.094938725,1.6533203125,4.017089830989368,0.05742306877792055,0.24011396966375587,0.002372169351562708,23,4.0426064,6.361666,3.8478123152161263,0.2353473560712014,0.19070196,0.27987003,0.16927751577324202,0.004766613592554453,straight_channels
0.15,C_bias,C,h1_exc,73,25,0.8411061,0.004492333,1.3942674,0.0073416433,1.6533203125,0.8433135787509783,0.004440545139141026,0.020273191988586046,0.00045039863926670415,306,0.826328,1.3701046,0.8286987557396632,0.02090329685696191,0.014778137,0.024162889,0.014614823011315115,-0.0006301048683758637,C_channels
0.15,C_bias,C,h1_exc,74,25,2.3683052,0.025808735,3.8285449,0.0401176,1.6533203125,2.315670468541441,0.02426486876911103,0.17835581999482245,0.0017166963752643391,93,2.3168962,3.7485328,2.2672754980445062,0.17257018352453482,0.051409006,0.08001208,0.048394970496934864,0.005785636470287625,C_channels
0.15,C_bias,C,h1_exc,75,25,1.8089703,0.022935547,2.9510074,0.03631839,1.6533203125,1.784897545317572,0.02196694304591452,0.15274568353816723,0.0023353673747530225,155,1.9578004,3.1859636,1.9270093363492615,0.15628592977444372,-0.14883006,-0.23495626,-0.14211179103168958,-0.0035402462362764953,C_channels
0.15,C_bias,C,h1_exc,76,25,4.848472,0.15082261,7.524416,0.21560082,1.6533203125,4.5510936994000595,0.13040474445469605,0.21393373377857153,0.0019820563350575944,15,4.235081,6.6362996,4.013922296029938,0.20808849409183935,0.6133909,0.88811636,0.5371714033701211,0.005845239686732173,C_channels
0.15,C_bias,C,h1_exc,77,25,1.9779145,0.012615078,3.2179978,0.019875035,1.6533203125,1.946384982274597,0.012021284931653189,0.19878320623464443,0.0015755366975647475,135,1.9420347,3.161497,1.912211017072259,0.19593265066848797,0.03587973,0.056500673,0.034173965202338064,0.0028505555661564597,C_channels
0.15,C_bias,C,h1_exc,78,25,3.7410073,0.052726354,5.915372,0.07843467,1.6533203125,3.5778738985455236,0.0474406967876894,0.23426799631254983,0.002575726271060794,32,3.6057105,5.713745,3.4559212357420948,0.23133160144118714,0.13529682,0.20162678,0.12195266280342887,0.0029363948713626853,C_channels
0.15,C_bias,C,h1_exc,79,25,1.5934381,0.008814053,2.608818,0.014062207,1.6533203125,1.5779265861810583,0.008505434154306702,0.1623649612519449,0.0017102216741571737,182,1.6012013,2.6211982,1.5854146055078144,0.15748493077172926,-0.0077631474,-0.012380123,-0.007488019326756135,0.0048800304802156524,C_channels
0.15,C_bias,C,h1_exc,80,25,2.5071151,0.033309307,4.0436263,0.051553488,1.6533203125,2.44576108675563,0.031181790827193624,0.2150398981316873,0.0034856285617087786,85,2.4779577,3.9985518,2.4184980922365353,0.21275319461074155,0.0291574,0.045074463,0.02726299451909453,0.00228670352094576,C_channels
0.15,C_bias,C,h1_exc,81,25,0.93244916,0.013497632,1.5432429,0.021982433,1.6533203125,0.93342040018434,0.013295931504579856,0.050910919299379104,0.0012608220150341202,290,0.94559497,1.5646609,0.9463749112133024,0.051634788846925336,-0.013145804,-0.021417975,-0.01295451102896239,-0.0007238695475462326,straight_channels
0.15,C_bias,C,h1_exc,82,25,1.3043414,0.029806582,2.145133,0.047978655,1.6533203125,1.297469726213547,0.029019576536400176,0.053331098633995364,0.0021389075559677738,231,1.2569741,2.068775,1.25128506042766,0.05173552333859739,0.047367334,0.07635808,0.04618466578588709,0.0015955752953979718,C_channels
0.15,C_bias,C,h1_exc,83,25,1.8188175,0.016599383,2.966752,0.026274377,1.6533203125,1.7944205005353717,0.015891885320660052,0.1392095818601472,0.0029188753873447847,153,1.7901524,2.921367,1.7669696691523809,0.13327746585088973,0.028665066,0.045385122,0.02745083138299087,0.005932116009257471,straight_channels
0.15,C_bias,C,h1_exc,84,25,2.8438914,0.052221756,4.561158,0.079925895,1.6533203125,2.7587867731283366,0.048342656233879705,0.16902984122652398,0.002403722751390149,64,2.8128226,4.513671,2.730064380083663,0.16578563647015354,0.031068802,0.04748726,0.028722393044673833,0.003244204756370439,straight_channels
0.15,C_bias,C,h1_exc,85,25,1.3834475,0.013040757,2.2727652,0.020932034,1.6533203125,1.3746672278693342,0.012660604273508945,0.08701248638222825,0.0024785653712775363,217,1.3837036,2.2731657,1.3749094534382322,0.08699237408858879,-0.00025606155,-0.0004005432,-0.0002422255688980801,2.0112293639462653e-05,straight_channels
0.15,C_bias,C,h1_exc,86,25,0.44202235,0.0067807497,0.73757863,0.011227786,1.6533203125,0.4461196192860404,0.006791052621057785,0.0015553507081190352,0.0002845163640761918,378,0.4467771,0.74545336,0.45088259375239575,0.0014480710979286545,-0.004754752,-0.007874727,-0.004762974466355374,0.0001072796101903807,straight_channels
0.15,C_bias,C,h1_exc,87,25,2.659122,0.040652987,4.2780223,0.062581316,1.6533203125,2.5875338900457194,0.037851898423109355,0.19485460487706793,0.001598181099205109,78,2.4683933,3.98353,2.4094121617133752,0.19030252241666779,0.19072866,0.29449224,0.1781217283323442,0.0045520824604001475,C_channels
0.15,C_bias,C,h1_exc,88,25,1.3180581,0.017982248,2.1675677,0.028908415,1.6533203125,1.3110392235796047,0.017485065396159197,0.12638565323043124,0.003181532994087402,229,1.258764,2.0721123,1.2533036837449694,0.11531048353296294,0.059294105,0.09545541,0.05773553983463531,0.011075169697468301,straight_channels
0.15,C_bias,C,h1_exc,89,25,2.177983,0.06902823,3.5292187,0.107710734,1.6533203125,2.1346248959507186,0.06514813587574261,0.10923618997749278,0.0015687562415193023,114,1.9170272,3.1201208,1.8871846621494266,0.1021905639821485,0.2609558,0.4090979,0.247440233801292,0.007045625995344279,straight_channels
0.15,C_bias,C,h1_exc,90,25,2.942677,0.062195707,4.7115126,0.09510614,1.6533203125,2.849727785434532,0.057524325942578336,0.17849660605029874,0.0035715579404169864,54,2.615731,4.210283,2.546562132734837,0.1770015922230981,0.32694602,0.50122976,0.3031656526996951,0.0014950138272006308,C_channels
0.15,C_bias,C,h1_exc,91,25,1.4152956,0.013472896,2.3238652,0.021612627,1.6533203125,1.405574709777785,0.013072256516091481,0.09717510443299768,0.0031740472565523975,212,1.4460405,2.3731542,1.435386763135936,0.09988435431148923,-0.03074491,-0.049288988,-0.02981205335815096,-0.002709249878491554,straight_channels
0.15,C_bias,C,h1_exc,92,25,3.449788,0.080728695,5.4778595,0.12101162,1.6533203125,3.313247693430947,0.07319309058808844,0.23054722198924782,0.002435875021305175,36,3.0386846,4.857603,2.938089369134799,0.22566663873273637,0.4111035,0.6202564,0.37515832429614804,0.004880583256511445,C_channels
0.15,C_bias,C,h1_exc,93,25,2.0229855,0.021771913,3.2887244,0.03425284,1.6533203125,1.9891633859677893,0.020717606375382124,0.1676426715828646,0.0034381015666218213,130,1.8096123,2.95206,1.7855340933239108,0.14691207799481457,0.21337318,0.33666444,0.20362929264387852,0.020730593588050045,C_channels
0.15,C_bias,C,h1_exc,94,25,1.7976238,0.020829838,2.9330957,0.033013508,1.6533203125,1.7740637005994315,0.019968005117914963,0.13428308053286325,0.002103683352148095,159,1.7657083,2.882539,1.7434848812886679,0.13259274679684446,0.031915426,0.05055666,0.030578819310763672,0.0016903337360187898,straight_channels
0.15,C_bias,C,h1_exc,95,25,1.2116736,0.013854492,1.9961759,0.0223654,1.6533203125,1.20737391634428,0.013527566293385742,0.05715243442549472,0.0020263729627233297,253,1.0042988,1.6602134,1.0041691630464384,0.035082544205115994,0.20737481,0.33596253,0.2032047532978416,0.022069890220378724,C_channels
0.15,C_bias,C,h1_exc,96,25,0.5415414,0.0073926905,0.9021437,0.012204957,1.6533203125,0.5456557082347264,0.007382088460367983,0.005383390597498212,0.0006662993068642644,355,0.5319194,0.8862597,0.5360483925533939,0.003955417749095822,0.009621978,0.015884042,0.009607315681332551,0.0014279728484023905,C_channels
0.15,C_bias,C,h1_exc,97,25,1.9451419,0.06606197,3.1637864,0.103704564,1.6533203125,1.9135954112144318,0.06272502650165486,0.09841615687580792,0.0035585963683409817,142,1.8489468,3.0125065,1.8220949145458496,0.0957278136259987,0.0961951,0.15127993,0.09150049666858218,0.002688343249809211,C_channels
0.15,C_bias,C,h1_exc,98,25,0.46725056,0.0049232505,0.7793636,0.008144913,1.6533203125,0.4713929758778601,0.004926397698699075,0.001320707282325215,0.0003051285288920671,370,0.4063887,0.67853326,0.41040639864548933,0.0011396966395699826,0.060861856,0.10083032,0.060986577232370776,0.0001810106427552324,C_channels
0.15,C_bias,C,h1_exc,99,25,5.096066,0.14896734,7.8792634,0.21273138,1.6533203125,4.765720804662002,0.12866918756160164,0.1953976368053336,0.0020011872541339255,12,4.6811433,7.286072,4.406932909515953,0.1900812871866336,0.4149227,0.5931916,0.35878789514604925,0.005316349618699978,straight_channels
0.15,C_bias,C,h1_exc,100,25,0.70599616,0.0074885148,1.1729026,0.012293211,1.6533203125,0.7094224481096141,0.007435468336518037,0.019763620440914943,0.0011536202741508805,326,0.71363664,1.1854495,0.7170113481301632,0.020118997737350104,-0.007640481,-0.012546897,-0.0075889000205491275,-0.0003553772964351616,straight_channels
0.15,C_bias,C,h1_exc,101,25,1.1052631,0.021610131,1.8238796,0.034995046,1.6533203125,1.1031616533569477,0.021166525151107174,0.03284337551325497,0.0014321750866098698,256,1.145421,1.8889009,1.142489347808607,0.03567250481854046,-0.040157914,-0.06502128,-0.03932769445165918,-0.002829129305285491,straight_channels
0.15,C_bias,C,h1_exc,102,25,1.8055849,0.018694771,2.9457564,0.029577462,1.6533203125,1.7817215195135392,0.017889735297431826,0.13387413056219402,0.0031198717187075923,157,1.7880784,2.918055,1.76496662584273,0.13208413642828115,0.01750648,0.027701378,0.01675489367080929,0.00178999413391287,C_channels
0.15,C_bias,C,h1_exc,103,25,0.51365966,0.008954055,0.8560748,0.014798565,1.6533203125,0.51779128273507,0.008950815065451225,0.006563311824347135,0.0003657524216175164,363,0.5477614,0.91239494,0.5518561114546624,0.0068582747163589905,-0.034101725,-0.05632013,-0.03406482871959238,-0.0002949628920118552,straight_channels
0.15,C_bias,C,h1_exc,104,25,0.71286714,0.0057395953,1.1841979,0.009420676,1.6533203125,0.7162543852960307,0.005698034682441191,0.022800636889279472,0.0011397574349145331,323,0.7180369,1.1926808,0.7213851800357447,0.024885498415234387,-0.0051697493,-0.008482933,-0.005130794739714006,-0.0020848615259549154,C_channels
0.15,C_bias,C,h1_exc,105,25,4.089839,0.06991194,6.4304643,0.10271651,1.6533203125,3.889424560239098,0.062127410993478065,0.24352635548458598,0.0016992717198920332,27,3.8187695,6.030321,3.64740015283188,0.2387530377941517,0.27106953,0.40014315,0.24202440740721842,0.004773317690434292,C_channels
0.15,C_bias,C,h1_exc,106,25,0.5367729,0.0055667236,0.8942863,0.00918963,1.6533203125,0.5409032189808556,0.005558287427207719,0.0038280398893791767,0.0004174030060542271,356,0.54836273,0.91341734,0.5524745457553186,0.0038347400549073023,-0.011589825,-0.019131064,-0.011571326774463042,-6.700165528125603e-06,straight_channels
0.15,C_bias,C,h1_exc,107,25,0.4559859,0.008111692,0.7606894,0.013424733,1.6533203125,0.46009803272870053,0.008119861922438739,0.0011195641224074964,0.0002612003269659718,372,0.44514203,0.74272865,0.44923455657800176,0.0010793372880704428,0.010843873,0.017960727,0.01086347615069877,4.022683433705363e-05,C_channels
0.15,C_bias,C,h1_exc,108,25,1.5154641,0.0092100445,2.4843216,0.014720099,1.6533203125,1.5026256807925948,0.008903355509405339,0.14221351150132838,0.0020142442372400116,192,1.4242913,2.33837,1.4143478172815733,0.13437693790318078,0.091172814,0.14595151,0.08827786351102151,0.0078365735981476,C_channels
0.15,C_bias,C,h1_exc,109,25,1.3544368,0.027931154,2.2257786,0.044786487,1.6533203125,1.3462476643737369,0.027088814941240835,0.07167351043319226,0.001454054023440344,224,1.366011,2.2444084,1.3575157275393024,0.07132489734344144,-0.011574268,-0.01862979,-0.0112680631655655,0.0003486130897508155,C_channels
0.15,C_bias,C,h1_exc,110,25,1.4935827,0.014908757,2.4492426,0.023837233,1.6533203125,1.4814084964204088,0.014417794425176298,0.10333026062171849,0.002219960052196015,195,1.4586685,2.3933842,1.4476228027750841,0.0999175371804069,0.034914255,0.055858374,0.03378569364532469,0.003412723441311591,straight_channels
0.15,C_bias,C,h1_exc,111,25,0.9480741,0.012148664,1.5687217,0.019795856,1.6533203125,0.9488310062636048,0.011973394027385115,0.03653718907155392,0.0013683710966636766,282,0.9291687,1.5379272,0.9302051503699125,0.035967393557634585,0.018905401,0.030794501,0.018625855893692367,0.0005697955139193356,straight_channels
0.15,C_bias,C,h1_exc,112,25,0.8808382,0.012028732,1.4590888,0.01962708,1.6533203125,0.8825202930876357,0.011871310232820917,0.04131722097162953,0.0006494294423082793,299,0.91502565,1.514861,0.9162537784214774,0.042497276460200704,-0.034187436,-0.055772185,-0.033733485333841684,-0.0011800554885711759,straight_channels
0.15,C_bias,C,h1_exc,113,25,0.46796444,0.011300949,0.7804765,0.018695537,1.6533203125,0.47206615074596436,0.011307873890839953,0.006060504483360378,0.0007919211186613013,369,0.38575786,0.6442715,0.38968340796309325,0.003050364535319659,0.08220658,0.13620502,0.08238274278287111,0.003010139948040719,C_channels
0.15,C_bias,C,h1_exc,114,25,0.9444463,0.006048292,1.5628841,0.009853249,1.6533203125,0.9453002483155645,0.005959673507770933,0.013314338389329326,0.0004397320981376591,284,0.94798434,1.5686483,0.9487867465824639,0.012556775328909277,-0.0035380125,-0.005764246,-0.003486498266899396,0.0007575630604200485,straight_channels
0.15,C_bias,C,h1_exc,115,25,1.2630873,0.029760092,2.0786796,0.04797693,1.6533203125,1.257275832942924,0.029018531859697046,0.047887371155578735,0.0036269252143402895,246,1.2478147,2.0541732,1.2424532784189108,0.04261795022203753,0.015272617,0.02450633,0.014822554524013265,0.0052694209335412065,C_channels
0.15,C_bias,C,h1_exc,116,25,0.88374174,0.0061637713,1.4638973,0.01006065,1.6533203125,0.8854287996043025,0.006085118452629384,0.046439286013536876,0.0007230201984901135,298,0.86764556,1.4376206,0.8695354728582881,0.04567471157004008,0.016096175,0.026276708,0.015893326746014402,0.0007645744434967988,C_channels
0.15,C_bias,C,h1_exc,117,25,1.2620969,0.0060101678,2.0776243,0.009689258,1.6533203125,1.2566374852466966,0.0058604847720566565,0.10076862336125018,0.00113217887727213,247,1.2973807,2.1344702,1.2910203990597022,0.09882445800844702,-0.035283804,-0.056845903,-0.03438291381300562,0.0019441653528031594,C_channels
0.15,C_bias,C,h1_exc,118,25,2.9658659,0.065002754,4.7466917,0.09915314,1.6533203125,2.871005357478016,0.0599721302748542,0.21590547221971346,0.0019387143346128552,53,2.8754265,4.6087384,2.7875652507396382,0.20993882510667064,0.09043932,0.13795328,0.08344010673837765,0.005966647113042817,straight_channels
0.15,C_bias,C,h1_exc,119,25,1.2581642,0.03313367,2.070609,0.05334998,1.6533203125,1.2523944394587159,0.03226838717971951,0.06037710550568978,0.0025444546598575825,249,1.2012811,1.9789146,1.19693363265632,0.055402490731857046,0.056883097,0.091694474,0.055460806802395846,0.004974614773832736,C_channels
0.15,C_bias,C,h1_exc,120,25,1.9603375,0.024085501,3.1900535,0.03793581,1.6533203125,1.9294830274059915,0.022945225131073173,0.15652727729811736,0.0013815742601874174,138,1.7855148,2.9139287,1.7624707501471795,0.14964887287341855,0.17482269,0.27612472,0.16701227725881207,0.0068784044246988085,C_channels
0.15,C_bias,C,h1_exc,121,25,2.4493964,0.061338454,3.952605,0.0951152,1.6533203125,2.3907072463657904,0.05752980842504608,0.1740786055474951,0.0034673982668981126,90,2.2610028,3.6598313,2.213625011991276,0.16724712980795503,0.1883936,0.29277372,0.17708223437451442,0.006831475739540072,C_channels
0.15,C_bias,C,h1_exc,122,25,1.3222282,0.012512995,2.174383,0.02012827,1.6533203125,1.3151613123255306,0.012174452569458608,0.0915371120395469,0.002311085141442404,228,1.0418512,1.7212491,1.0410862969092742,0.04566161065947736,0.28037703,0.45313382,0.27407501541625634,0.04587550138006954,C_channels
0.15,C_bias,C,h1_exc,123,25,2.2283337,0.030441422,3.610256,0.047609545,1.6533203125,2.1836398365413636,0.028796322044785196,0.1858107768371861,0.0023520318876985914,111,2.0597904,3.346446,2.0240760142729397,0.17544624151497906,0.16854334,0.26380992,0.15956382226842392,0.010364535322207047,C_channels
0.15,C_bias,C,h1_exc,124,25,0.36706388,0.0066314302,0.61326265,0.011013592,1.6533203125,0.3709279015734245,0.0066614988326989,7.37450766780577e-05,6.049186930865251e-05,383,0.36493638,0.60973215,0.3687925313059115,7.37450766780577e-05,0.0021274984,0.0035305023,0.0021353702675129815,0.0,straight_channels
0.15,C_bias,C,h1_exc,125,25,1.462459,0.009798147,2.3995056,0.015685597,1.6533203125,1.4513253474680619,0.009487331634738702,0.11416408279551314,0.001386876238508654,201,1.4660056,2.4051778,1.4547560755372404,0.11291041649198615,-0.0035465956,-0.0056722164,-0.0034307280691785458,0.0012536663035269957,straight_channels
0.15,C_bias,C,h1_exc,126,25,0.9128326,0.011753341,1.5112935,0.019157737,1.6533203125,0.9140959560131615,0.011587431964751323,0.03298416156873126,0.0019681218825089316,295,0.94587326,1.565146,0.9466683125792922,0.03256850750018221,-0.033040643,-0.05385244,-0.03257235656613067,0.0004156540685490498,C_channels
0.15,C_bias,C,h1_exc,127,25,1.0530108,0.012825827,1.739334,0.02081081,1.6533203125,1.0520247803274978,0.01258728309942807,0.06560630185195206,0.0019635034997025277,266,1.0558654,1.7439749,1.0548318235584524,0.0672954806001008,-0.0028545856,-0.004640937,-0.002807043230954598,-0.001689178748148737,C_channels
0.15,C_bias,straight,h1_exc,0,25,4.379685,0.22253251,3.516704,0.17286079,0.8271484375000001,4.251599625999329,0.208983998845609,0.12541535131223466,0.00320490308204629,13,4.2218804,3.3948681,4.104303368464133,0.12346712365822723,0.15780449,0.12183595,0.1472962575351966,0.0019482276540074284,C_channels
0.15,C_bias,straight,h1_exc,1,25,1.9840981,0.039701983,1.627642,0.032050993,0.8271484375000001,1.9677749702147096,0.038748778718993,0.10491532469605445,0.0031217909760016117,106,2.0314803,1.665849,2.0139661395481685,0.10392712185433035,-0.047382236,-0.038206935,-0.046191169333458904,0.0009882028417241007,straight_channels
0.15,C_bias,straight,h1_exc,2,25,1.8798685,0.073991716,1.5428228,0.059845358,0.8271484375000001,1.8652309454342944,0.07235141391192411,0.06925588527097569,0.006008361602167145,123,1.7641319,1.4493349,1.7522064595248663,0.0640026760667475,0.115736604,0.09348798,0.11302448590942804,0.005253209204228185,C_channels
0.15,C_bias,straight,h1_exc,3,25,0.833025,0.03574119,0.68977934,0.02940633,0.8271484375000001,0.8339244985814683,0.03555145388309525,0.0038603770181258584,0.0008267230769377069,300,0.8886948,0.7355586,0.8892704007887718,0.004343826102638816,-0.055669844,-0.045779288,-0.05534590220730351,-0.0004834490845129578,C_channels
0.15,C_bias,straight,h1_exc,4,25,0.724089,0.014799098,0.60026324,0.012192663,0.8271484375000001,0.7257019084942072,0.01474059855290795,0.0004257238206905152,0.00020325882234675666,324,0.7457685,0.6181259,0.747297460896014,0.0006494092180024809,-0.021679461,-0.017862678,-0.021595552401806772,-0.00022368539731196566,straight_channels
0.15,C_bias,straight,h1_exc,5,25,0.7051893,0.011976399,0.58469856,0.009871488,0.8271484375000001,0.7068846864597669,0.011934360965141045,0.0005483900063132061,0.00020421714365396798,329,0.7733999,0.64088666,0.7748145561719215,0.000757644087669561,-0.0682106,-0.056188107,-0.06792986971215464,-0.0002092540813563549,C_channels
0.15,C_bias,straight,h1_exc,6,25,2.5220237,0.108905226,2.0582912,0.08715507,0.8271484375000001,2.488418025138178,0.10536810289671669,0.11736938116741726,0.0052039237362857685,69,2.4605558,2.009131,2.428984772231783,0.11311937618908564,0.061467886,0.049160242,0.059433252906394785,0.004250004978331612,C_channels
0.15,C_bias,straight,h1_exc,7,25,2.8125935,0.054471668,2.2916048,0.043439806,0.8271484375000001,2.770487861511826,0.0525175440959167,0.11840894741578568,0.001987037267892535,55,2.8289983,2.3046606,2.7862718380864235,0.11723235329745905,-0.016404867,-0.013055801,-0.015783976574597514,0.0011765941183266293,straight_channels
0.15,C_bias,straight,h1_exc,8,25,1.10955,0.036887027,0.91671103,0.030165302,0.8271484375000001,1.1082787317818115,0.036469029093164525,0.015318826268573433,0.0031716088566917902,253,1.1347734,0.93746024,1.133363999105087,0.014106611346609446,-0.025223374,-0.020749211,-0.02508526732327554,0.0012122149219639874,C_channels
0.15,C_bias,straight,h1_exc,9,25,0.90153384,0.020569304,0.7462411,0.016898705,0.8271484375000001,0.9021851543359638,0.020430073986503747,0.010426548987917774,0.0011594214934278545,292,0.8960422,0.74172705,0.8967278274160723,0.009560722091605503,0.0054916143,0.0045140386,0.005457326919891536,0.000865826896312271,straight_channels
0.15,C_bias,straight,h1_exc,10,25,1.1950979,0.012203001,0.9869066,0.009980559,0.8271484375000001,1.1931432139732447,0.012066224579564567,0.03383409661299637,0.0012237419787998016,230,1.1988192,0.98995095,1.196823828413694,0.032484778332588844,-0.0037212372,-0.0030443668,-0.0036806144404493146,0.0013493182804075257,straight_channels
0.15,C_bias,straight,h1_exc,11,25,0.869954,0.0366564,0.7201368,0.030090598,0.8271484375000001,0.8706257763739057,0.036378715270595156,0.0243095517272262,0.002753206928263389,296,0.79526865,0.65876466,0.7964285978301643,0.019345179038496127,0.074685335,0.06137216,0.07419717854374142,0.004964372688730075,straight_channels
0.15,C_bias,straight,h1_exc,12,25,1.805767,0.023659782,1.483659,0.019154655,0.8271484375000001,1.7937035195354643,0.02315745828339842,0.09040465732709765,0.003067591824596722,133,1.8106678,1.4876313,1.798505866455711,0.09060701722730169,-0.004900694,-0.003972292,-0.004802346920246725,-0.0002023599002040355,straight_channels
0.15,C_bias,straight,h1_exc,13,25,6.8793697,0.53682315,5.386032,0.39707342,0.8271484375000001,6.511566664193101,0.4800509878786819,0.11633083791817773,0.004224888416045498,2,5.899566,4.661511,5.635639955018206,0.11417335618281393,0.97980356,0.72452116,0.8759267091748946,0.0021574817353638004,C_channels
0.15,C_bias,straight,h1_exc,14,25,1.7191818,0.08313431,1.4125051,0.06730774,0.8271484375000001,1.7076804531776586,0.08137323127297767,0.047991144680016334,0.0020706681003755173,147,1.6784843,1.379629,1.667934083196257,0.046945070803601566,0.040697455,0.032876134,0.039746369981401575,0.0010460738764147687,straight_channels
0.15,C_bias,straight,h1_exc,15,25,1.049507,0.008372837,0.86773133,0.006861765,0.8271484375000001,1.049063625871378,0.0082956871990984,0.00894020023450082,0.00122679802652775,270,1.0502689,0.86835366,1.049815968113426,0.010368867975966044,-0.00076186657,-0.0006223321,-0.0007523422420481207,-0.001428667741465224,straight_channels
0.15,C_bias,straight,h1_exc,16,25,1.7439675,0.08253542,1.4326118,0.066668116,0.8271484375000001,1.7319887508979088,0.08059994420322676,0.07283485162796713,0.0037137758606802206,141,1.6572534,1.3626026,1.6473494113256912,0.06910418855663818,0.08671415,0.07000923,0.08463933957221759,0.003730663071328952,C_channels
0.15,C_bias,straight,h1_exc,17,25,0.9800951,0.017418971,0.8107681,0.01429918,0.8271484375000001,0.9801966467379043,0.017287321081817183,0.002799675295388473,0.0005203410042499782,279,0.9281628,0.7681331,0.92865205869334,0.0020492468656967177,0.051932275,0.042635024,0.0515445880445643,0.0007504284296917553,C_channels
0.15,C_bias,straight,h1_exc,18,25,1.4059483,0.039666083,1.1587826,0.032310516,0.8271484375000001,1.4009366212207084,0.03906253588923132,0.04178575821216591,0.00453453679560753,192,1.3594121,1.1209104,1.3551502266619084,0.03622236226634511,0.046536207,0.037872195,0.04578639455879996,0.005563395945820802,C_channels
0.15,C_bias,straight,h1_exc,19,25,1.1489693,0.035060216,0.94899935,0.028664619,0.8271484375000001,1.147314436371864,0.03465474460128522,0.03809145846483441,0.002566902926180681,246,1.0448016,0.86374456,1.0442437250386367,0.03196536484167767,0.1041677,0.08525479,0.1030707113332272,0.006126093623156741,C_channels
0.15,C_bias,straight,h1_exc,20,25,3.4162197,0.12512355,2.7679458,0.0988596,0.8271484375000001,3.3463712400738284,0.11951857577644642,0.12180030666535419,0.0032857499088747764,33,3.3288848,2.6993048,3.2633862630756925,0.12056604845490877,0.08733487,0.06864095,0.0829849769981359,0.001234258210445413,straight_channels
0.15,C_bias,straight,h1_exc,21,25,3.6764975,0.23217021,2.9669428,0.18188497,0.8271484375000001,3.5869531911665127,0.21989398489986176,0.11125101470180278,0.005167677392242352,24,3.3527787,2.7144158,3.28165520493902,0.10782357716234524,0.3237188,0.252527,0.3052979862274925,0.0034274375394575396,C_channels
0.15,C_bias,straight,h1_exc,22,25,1.9525305,0.06233324,1.6017897,0.050313696,0.8271484375000001,1.9365202895491818,0.060827891489146343,0.11309100748614315,0.005351791226692409,112,1.9564127,1.6049708,1.9403661586548409,0.11254261747982994,-0.0038821697,-0.0031811,-0.0038458691056590943,0.0005483900063132097,C_channels
0.15,C_bias,straight,h1_exc,23,25,2.7939765,0.122809,2.2748895,0.09791318,0.8271484375000001,2.7502793939100663,0.11837438282569267,0.10241904933696905,0.005579233506128478,56,2.6968787,2.1976593,2.6569103639456757,0.09936682601235738,0.09709787,0.077230215,0.09336902996439056,0.0030522233246116637,C_channels
0.15,C_bias,straight,h1_exc,24,25,1.679192,0.021385092,1.3811084,0.017349081,0.8271484375000001,1.6697225588147617,0.020974566803919067,0.08299449806071707,0.0022211093551692124,153,1.7455564,1.4349012,1.7347567146566893,0.0850431019727628,-0.06636441,-0.053792834,-0.06503415584192762,-0.0020486039120457267,straight_channels
0.15,C_bias,straight,h1_exc,25,25,3.2956944,0.12349209,2.672881,0.09760258,0.8271484375000001,3.2314403560312726,0.11799887480743704,0.12949941372767249,0.00248661875801952,37,3.20922,2.6046247,3.148920474124178,0.12915988148816762,0.08647442,0.06825614,0.08251988190709447,0.0003395322395048639,straight_channels
0.15,C_bias,straight,h1_exc,26,25,2.4233842,0.13506141,1.9783041,0.10826567,0.8271484375000001,2.3917159020820735,0.13089024918076098,0.08388923964996492,0.007813153864059575,76,2.3970406,1.9572937,2.3663148603381767,0.0798690320332064,0.026343584,0.021010399,0.02540104174389679,0.004020207616758517,C_channels
0.15,C_bias,straight,h1_exc,27,25,1.5210515,0.08948755,1.2514523,0.07258763,0.8271484375000001,1.5129718764243052,0.08775647737160838,0.052392679777407476,0.004698530722814853,172,1.4391518,1.1850631,1.432709078891672,0.0485756871631783,0.08189976,0.0663892,0.0802627975326331,0.0038169926142291796,C_channels
0.15,C_bias,straight,h1_exc,28,25,2.5116208,0.06922642,2.0510764,0.055400833,0.8271484375000001,2.4796957944382108,0.06697810380120126,0.12275954080082992,0.0020934890770552272,70,2.4805524,2.0262995,2.4497410660241603,0.12119419139521855,0.031068325,0.024776936,0.029954728414050447,0.0015653494056113715,straight_channels
0.15,C_bias,straight,h1_exc,29,25,3.611813,0.155873,2.92061,0.12280045,0.8271484375000001,3.530938183680717,0.1484624045613623,0.12111434930671773,0.004150058195004618,25,3.5233076,2.8513567,3.447212852408031,0.11999639217090285,0.08850551,0.069253206,0.083725331272686,0.001117957135814876,C_channels
0.15,C_bias,straight,h1_exc,30,25,0.8177304,0.011001434,0.67738587,0.009054485,0.8271484375000001,0.8189411202137827,0.010946626138394467,0.004415980730128456,0.0004137386874613594,303,0.81167203,0.67240095,0.8129144873403991,0.00406236793581967,0.006058395,0.0049849153,0.006026632873383675,0.00035361279430878596,straight_channels
0.15,C_bias,straight,h1_exc,31,25,0.58514535,0.013039634,0.48564062,0.01076822,0.8271484375000001,0.5871262934478473,0.013018485141351104,0.000779291061602977,0.00021839537169602828,353,0.5826091,0.48354772,0.5845960583770683,0.000757644087669561,0.0025362372,0.002092898,0.0025302350707789856,2.1646973933416068e-05,straight_channels
0.15,C_bias,straight,h1_exc,32,25,0.9405747,0.009352919,0.77836317,0.007681799,0.8271484375000001,0.9410199603064704,0.00928708631184756,0.007771263642096354,0.0005745139628101924,284,0.95370597,0.7891436,0.9540531523207223,0.008355731938298588,-0.013131261,-0.010780454,-0.013033192014251904,-0.0005844682962022341,C_channels
0.15,C_bias,straight,h1_exc,33,25,1.3551896,0.009338261,1.1176451,0.007615153,0.8271484375000001,1.351202706279069,0.00920651356539617,0.06491927482631467,0.0012909996527559143,201,1.3399994,1.1052574,1.3362261116770742,0.06296360049353378,0.0151901245,0.0123877525,0.014976594601994853,0.0019556743327808906,straight_channels
0.15,C_bias,straight,h1_exc,34,25,0.7445339,0.015579677,0.61710435,0.012833469,0.8271484375000001,0.746062426414192,0.015515314544257077,0.005801334350079906,0.0006481184113734353,319,0.7964599,0.6598675,0.7977619097214201,0.0066167583656475,-0.051926017,-0.042763174,-0.05169948330722818,-0.0008154240155675936,straight_channels
0.15,C_bias,straight,h1_exc,35,25,0.45537177,0.015170983,0.37832654,0.012557035,0.8271484375000001,0.45738649790385516,0.01518111468588967,0.0026986560836991984,0.0005753214743122408,374,0.39997265,0.3324649,0.40194103272965104,0.0012771714620715456,0.05539912,0.04586163,0.05544546517420412,0.0014214846216276528,C_channels
0.15,C_bias,straight,h1_exc,36,25,4.8382616,0.54857993,3.8350143,0.415144,0.8271484375000001,4.6364283136063,0.5018977990570977,0.08443762965627812,0.005624163750938964,9,3.9697776,3.1753995,3.838971867904024,0.07932172815001413,0.868484,0.6596148,0.7974564457022755,0.005115901506263981,C_channels
0.15,C_bias,straight,h1_exc,37,25,1.0632718,0.028488234,0.87889177,0.023310179,0.8271484375000001,1.0625562519119525,0.028181371862892386,0.007930008117608071,0.0015135147199605073,261,1.0399239,0.8597415,1.0394041459529237,0.007778447412696733,0.023347855,0.019150257,0.023152105959028724,0.00015156070491133874,C_channels
0.15,C_bias,straight,h1_exc,38,25,0.6629205,0.0070505,0.54985857,0.005815538,0.8271484375000001,0.6647640633410238,0.007030827473753932,9.380355371146947e-05,4.55406541685323e-05,334,0.63536024,0.5271134,0.6372657369158892,6.49409218002481e-05,0.027560234,0.022745192,0.02749832642513461,2.886263191122137e-05,C_channels
0.15,C_bias,straight,h1_exc,39,25,0.66859764,0.009071287,0.5545361,0.0074835657,0.8271484375000001,0.6704190764280022,0.00904742741132889,0.0037882204383478052,0.00044431504048331687,331,0.6737331,0.5587744,0.6755431067213523,0.003117164246411908,-0.0051354766,-0.0042383075,-0.005124030293350068,0.000671056191935897,straight_channels
0.15,C_bias,straight,h1_exc,40,25,2.0076332,0.053260714,1.6464338,0.042981505,0.8271484375000001,1.9904938144832858,0.05196347181030168,0.07372237755923719,0.004500525291737422,104,1.929293,1.583227,1.9140786010937396,0.06848363676444448,0.07834017,0.06320679,0.07641521338954615,0.0052387407947927095,straight_channels
0.15,C_bias,straight,h1_exc,41,25,2.8335695,0.0943745,2.3073804,0.075133234,0.8271484375000001,2.7895603805588416,0.09083404218706566,0.12169928745366491,0.0030812436717863614,51,2.751073,2.241796,2.7102704416100414,0.12009694023032157,0.08249664,0.06558442,0.07928993894880021,0.0016023472233433478,straight_channels
0.15,C_bias,straight,h1_exc,42,25,0.71684575,0.009674032,0.5943145,0.007970526,0.8271484375000001,0.7185100763100876,0.00963614934360149,0.0017606205465845036,0.00041454462708353634,325,0.62796044,0.52100146,0.6298766091320296,0.0013204654099383778,0.08888531,0.07331306,0.08863346717805798,0.00044015513664612585,C_channels
0.15,C_bias,straight,h1_exc,43,25,2.4825776,0.117648914,2.0264094,0.09422603,0.8271484375000001,2.449873979983592,0.11391671422368906,0.10677009109758567,0.005122135927107822,73,2.1419036,1.7537035,2.120179756410843,0.09738973572643872,0.34067392,0.2727059,0.3296942235727487,0.009380355371146953,C_channels
0.15,C_bias,straight,h1_exc,44,25,0.637821,0.013054461,0.5291299,0.010771816,0.8271484375000001,0.6397036640604487,0.013022832581579344,0.00014431315955610685,6.908466548249118e-05,340,0.67278594,0.557986,0.6745899566558574,6.49409218002481e-05,-0.03496492,-0.028856099,-0.03488629259540876,7.937223775585875e-05,C_channels
0.15,C_bias,straight,h1_exc,45,25,1.8626407,0.06642896,1.529062,0.05367759,0.8271484375000001,1.8485945059032816,0.06489474852892531,0.08596013348959505,0.006367035569335737,125,1.9310242,1.5842421,1.9153056339891765,0.08800919814170648,-0.068383455,-0.055180073,-0.06671112808589497,-0.0020490646521114236,C_channels
0.15,C_bias,straight,h1_exc,46,25,1.1706855,0.021755183,0.9668888,0.017788606,0.8271484375000001,1.1689422977728743,0.02150594065620682,0.029923333633958757,0.003650321307050716,239,1.1731104,0.96886665,1.1713334807796796,0.028285379272996944,-0.0024248362,-0.001977861,-0.0023911830068052975,0.001637954360961813,C_channels
0.15,C_bias,straight,h1_exc,47,25,1.7343535,0.033380393,1.4257283,0.02706519,0.8271484375000001,1.7236667522852298,0.032721078296589406,0.07009982961721926,0.003186397173272832,144,1.741826,1.4317765,1.730978939742946,0.07190403174883024,-0.007472515,-0.0060482025,-0.007312187457716224,-0.0018042021316109769,straight_channels
0.15,C_bias,straight,h1_exc,48,25,1.8250794,0.11596504,1.4972345,0.09379121,0.8271484375000001,1.8101157388203317,0.1133910264715284,0.07031643146140276,0.00742213035648833,129,1.6191912,1.330959,1.609093371397479,0.061354739785278826,0.20588827,0.1662755,0.20102236742285262,0.008961691676123935,C_channels
0.15,C_bias,straight,h1_exc,49,25,0.50612307,0.006649707,0.42034882,0.0054997266,0.8271484375000001,0.5081902993114927,0.0066490198997183605,0.0005483900063132061,0.00015109870364465075,366,0.49816975,0.41377068,0.5002375237564443,0.0003391359249568511,0.007953316,0.0065781474,0.007952775555048475,0.000209254081356355,C_channels
0.15,C_bias,straight,h1_exc,50,25,1.0204958,0.034540437,0.8437644,0.028290642,0.8271484375000001,1.020088253006474,0.03420261849251389,0.015650762153859788,0.0025064304053822456,275,0.9771276,0.80822694,0.9771243603966531,0.012533566670833258,0.04336816,0.03553748,0.04296389260982103,0.00311719548302653,straight_channels
0.15,C_bias,straight,h1_exc,51,25,1.3871967,0.087862484,1.1425102,0.07156139,0.8271484375000001,1.3812638477212758,0.08651577067294904,0.05560386037696797,0.00660833966029619,195,1.1895564,0.9815056,1.186613602417372,0.042196595182937564,0.1976403,0.1610046,0.19465024530390385,0.013407265194030404,C_channels
0.15,C_bias,straight,h1_exc,52,25,0.80304605,0.012755893,0.6652955,0.010493913,0.8271484375000001,0.804324173283982,0.01268685580700278,0.004134559006026369,0.0005921792063742781,307,0.806504,0.6681404,0.807763615990703,0.0037881495070800335,-0.0034579635,-0.0028449297,-0.00343944270672103,0.0003464094989463354,straight_channels
0.15,C_bias,straight,h1_exc,53,25,3.1064768,0.12534879,2.5230808,0.09946747,0.8271484375000001,3.050336208464279,0.12025346730803872,0.11944754663062641,0.003034551893973943,41,2.9069202,2.3650134,2.859236840063653,0.11622981870648846,0.19955659,0.15806746,0.1910993684006259,0.0032177279241379503,straight_channels
0.15,C_bias,straight,h1_exc,54,25,1.9286473,0.08227979,1.5820416,0.06636055,0.8271484375000001,1.9126452852259588,0.08022809946729961,0.0666939635632098,0.004328606079575417,117,1.8926477,1.5529747,1.8775043066901336,0.06507801930182638,0.035999537,0.02906692,0.03514097853582521,0.001615944261383409,C_channels
0.15,C_bias,straight,h1_exc,55,25,1.1476064,0.018673977,0.94802666,0.015284898,0.8271484375000001,1.146138453943453,0.01847902623685357,0.01115540723368706,0.0011130644573757594,248,1.1310426,0.93447614,1.1297563040206777,0.00875259312707788,0.016563773,0.01355052,0.016382149922775202,0.0024028141066091795,C_channels
0.15,C_bias,straight,h1_exc,56,25,0.5368788,0.023132639,0.44569808,0.019108417,0.8271484375000001,0.538836885353506,0.023101555638883955,0.0022440696310974616,0.000506712699297854,356,0.5542858,0.4600999,0.5562483041794035,0.0022584983440018538,-0.017407,-0.014401823,-0.017411418825897473,-1.4428712904392127e-05,C_channels
0.15,C_bias,straight,h1_exc,57,25,2.3749578,0.035231724,1.9421567,0.028277095,0.8271484375000001,2.3480147192057457,0.03418623896547501,0.11783169477756125,0.002432053194007702,84,2.2997828,1.8818676,2.275126833382026,0.11789622246498055,0.07517505,0.060289025,0.07288788582371986,-6.452768741929682e-05,C_channels
0.15,C_bias,straight,h1_exc,58,25,1.9747522,0.0330345,1.6201754,0.026686396,0.8271484375000001,1.9587478894501726,0.032263128492436746,0.10863173085585943,0.0026932751503675498,108,2.0442657,1.6762279,2.0265139125572578,0.1078957337421233,-0.06951356,-0.056052566,-0.06776602310708513,0.0007359971137361337,C_channels
0.15,C_bias,straight,h1_exc,59,25,0.51944005,0.020757943,0.43129772,0.0171612,0.8271484375000001,0.5214272377721451,0.020747423752660695,6.49409218002481e-05,4.0175083343194726e-05,361,0.52841574,0.43871412,0.5303934202959224,6.49409218002481e-05,-0.008975685,-0.0074163973,-0.008966182523777344,0.0,straight_channels
0.15,C_bias,straight,h1_exc,60,25,1.1943158,0.013699372,0.9862608,0.011199576,0.8271484375000001,1.1923624914647895,0.013539983139852347,0.02290959954527835,0.002097035857622343,231,1.2043003,0.99442863,1.2022371840798742,0.021827299655817894,-0.009984493,-0.008167863,-0.00987469261508478,0.001082299889460455,C_channels
0.15,C_bias,straight,h1_exc,61,25,4.7527604,0.25002027,3.8035963,0.19293317,0.8271484375000001,4.598444431382147,0.23325096288628802,0.1322264554341471,0.003950174627383131,10,4.608459,3.6930444,4.46479029062048,0.13235681428688342,0.14430141,0.110551834,0.13365414076166626,-0.00013035885273632308,C_channels
0.15,C_bias,straight,h1_exc,62,25,2.7771137,0.05483903,2.2633398,0.043708637,0.8271484375000001,2.736316297072899,0.052842557195010346,0.13099262933020397,0.002310206695481593,58,2.7758124,2.2623181,2.735081153059275,0.1301776855775862,0.0013012886,0.0010216236,0.0012351440136240122,0.0008149437526177861,straight_channels
0.15,C_bias,straight,h1_exc,63,25,1.2848282,0.021511942,1.0601709,0.017564185,0.8271484375000001,1.2817178611323674,0.02123462315971416,0.018472055789618275,0.0023630415027604177,217,1.2518673,1.0332634,1.249187368448062,0.013514927392429408,0.03296089,0.026907444,0.0325304926843053,0.004957128397188867,straight_channels
0.15,C_bias,straight,h1_exc,64,25,2.2493436,0.10230214,1.8398604,0.08211368,0.8271484375000001,2.224341243077695,0.09927321452321301,0.0962132672053334,0.0051809516831450375,90,2.1721418,1.7779896,2.1495412548198907,0.09221610895635228,0.07720184,0.061870813,0.07479998825780454,0.003997158248981114,C_channels
0.15,C_bias,straight,h1_exc,65,25,1.3458908,0.026071569,1.1099658,0.021260558,0.8271484375000001,1.341918470784945,0.02570343549552994,0.023155046450777345,0.0023259512415445024,205,1.3927248,1.1481093,1.3880330168580037,0.02615662285859259,-0.046833992,-0.038143516,-0.04611454607305876,-0.0030015764078152457,C_channels
0.15,C_bias,straight,h1_exc,66,25,1.2918648,0.021838482,1.0659132,0.017828662,0.8271484375000001,1.2886601942833833,0.021554367083480578,0.05394425904207274,0.0014539327012823833,215,1.288231,1.0629616,1.2850916741127196,0.05354739785329345,0.0036337376,0.002951622,0.0035685201706636693,0.00039686118877928916,straight_channels
0.15,C_bias,straight,h1_exc,67,25,1.2317669,0.039428428,1.0166532,0.032183442,0.8271484375000001,1.2291060989751146,0.03890890741115684,0.04475151077834874,0.003272450718492546,222,1.2061015,0.9957003,1.203774644514541,0.04043654730762114,0.025665402,0.02095288,0.02533145446057361,0.004314963470727601,C_channels
0.15,C_bias,straight,h1_exc,68,25,1.509619,0.055242985,1.2429467,0.04494233,0.8271484375000001,1.5026888665454878,0.054334058061809166,0.05302765182258911,0.0033956297671667987,175,1.4858735,1.2236868,1.4794041118092847,0.05305673311080269,0.023745537,0.01925993,0.023284754736203173,-2.908128821357825e-05,straight_channels
0.15,C_bias,straight,h1_exc,69,25,1.6152667,0.052896746,1.3288516,0.042954862,0.8271484375000001,1.606545431087374,0.05193125999454804,0.059687849256208875,0.006260974117934061,160,1.6443982,1.3525035,1.6351399186401394,0.05810047803728862,-0.029131532,-0.023651958,-0.028594487552765502,0.001587371218920254,C_channels
0.15,C_bias,straight,h1_exc,70,25,1.3355685,0.027596444,1.1015327,0.022501454,0.8271484375000001,1.3317231382312926,0.02720364690916801,0.055819980656676045,0.002079434229792039,207,1.271969,1.0496495,1.2689977628920015,0.05100730338075787,0.06359959,0.05188322,0.06272537533929112,0.0048126772759181785,C_channels
0.15,C_bias,straight,h1_exc,71,25,1.3256786,0.024384568,1.093491,0.019893123,0.8271484375000001,1.3220008331770867,0.024050245571180476,0.045386488680395604,0.003831128218077116,208,1.2835552,1.0591351,1.280465494684071,0.037506990168632175,0.042123437,0.03435588,0.04153533849301572,0.007879498511763429,C_channels
0.15,C_bias,straight,h1_exc,72,25,4.095518,0.17721052,3.2982876,0.13823351,0.8271484375000001,3.9875400519614397,0.16712055929821484,0.13027870478927547,0.002749495519390215,17,3.9572918,3.1909492,3.857770819745633,0.1296509425452064,0.13822627,0.10733843,0.1297692322158066,0.0006277622440690744,straight_channels
0.15,C_bias,straight,h1_exc,73,25,0.6375387,0.005740835,0.52891946,0.0047377856,0.8271484375000001,0.6394492879797355,0.005727854151913897,0.00035356724091246185,8.988250234707528e-05,341,0.62297994,0.5169028,0.6249214595830221,0.0003968611887792939,0.0145587325,0.012016654,0.014527828396713405,-4.329394786683203e-05,C_channels
0.15,C_bias,straight,h1_exc,74,25,1.877426,0.04901524,1.5413381,0.039623886,0.8271484375000001,1.8634357710813665,0.04790420348268599,0.07168034635151828,0.0032390000160438487,124,1.8389311,1.5102723,1.82587810015851,0.0702299990979794,0.038494945,0.031065822,0.037557670922856445,0.001450347253538875,C_channels
0.15,C_bias,straight,h1_exc,75,25,1.433519,0.04818608,1.1811223,0.039233644,0.8271484375000001,1.4279448288616452,0.04743240832263608,0.05849714725104055,0.004567019640123834,188,1.5320431,1.2611824,1.5247352576095685,0.06205451674283454,-0.09852409,-0.080060124,-0.09679042874792332,-0.003557369491793992,C_channels
0.15,C_bias,straight,h1_exc,76,25,3.541431,0.3071009,2.8546047,0.24075894,0.8271484375000001,3.45113981251865,0.291071026366799,0.10178407143492217,0.005854930309115162,28,3.0298045,2.4540277,2.9668527551172033,0.09562911517985422,0.5116265,0.40057707,0.48428705740144684,0.006154956255067956,C_channels
0.15,C_bias,straight,h1_exc,77,25,1.751588,0.032717615,1.439701,0.026510648,0.8271484375000001,1.7405592195212347,0.03205065256809441,0.09020294038054459,0.003110283403727926,139,1.7350588,1.4263387,1.724404748743619,0.0894164336609638,0.016529202,0.0133622885,0.01615447077761578,0.0007865067195807901,C_channels
0.15,C_bias,straight,h1_exc,78,25,2.9288528,0.11056901,2.382652,0.08792768,0.8271484375000001,2.880561575084769,0.10630216856633833,0.11188599260384965,0.003944366465626307,47,2.7910898,2.2733564,2.7484261907613523,0.11002435284557587,0.13776302,0.10929561,0.13213538432341654,0.0018616397582737892,C_channels
0.15,C_bias,straight,h1_exc,79,25,1.556277,0.020720365,1.2813072,0.01684265,0.8271484375000001,1.5490655942813671,0.020362305863676305,0.08303779200858388,0.0031835678707751677,169,1.5918891,1.3102151,1.584014540508785,0.08243861061613163,-0.035612106,-0.028907895,-0.034948946227417954,0.0005991813924522554,C_channels
0.15,C_bias,straight,h1_exc,80,25,2.4129097,0.093735926,1.9713974,0.07510481,0.8271484375000001,2.383365900799463,0.09079967447546805,0.11582574185973137,0.004181502332782622,80,2.375597,1.9416112,2.347355205165977,0.11556597817253036,0.037312746,0.02978623,0.03601069563348602,0.0002597636872010006,C_channels
0.15,C_bias,straight,h1_exc,81,25,1.0372142,0.018673029,0.8576094,0.015301063,0.8271484375000001,1.0368264792882118,0.018498568743145087,0.033920622035500794,0.0019903086439276726,273,1.04527,0.8642121,1.0448089754330354,0.033985749075463166,-0.008055806,-0.0066027045,-0.007982496144823603,-6.512703996237185e-05,straight_channels
0.15,C_bias,straight,h1_exc,82,25,1.1997533,0.06870193,0.98997307,0.056116857,0.8271484375000001,1.1968505022899212,0.06784375611241562,0.023429165965448612,0.0026639459660884584,228,1.1463313,0.9464257,1.144202975116867,0.02182013150352483,0.053421974,0.043547392,0.05264752717305421,0.0016090344619237827,C_channels
0.15,C_bias,straight,h1_exc,83,25,1.801701,0.037749466,1.4802294,0.030553732,0.8271484375000001,1.7895570029275365,0.03693863240234269,0.07851321133085495,0.003965646666431482,136,1.7939427,1.4739453,1.78195975607244,0.07751059799758499,0.00775826,0.0062841177,0.00759724685509644,0.0010026133332699666,straight_channels
0.15,C_bias,straight,h1_exc,84,25,3.7725484,0.145129,3.0473015,0.11357067,0.8271484375000001,3.6841047462659584,0.13730385037202758,0.12938396320002762,0.0022470210443556837,21,3.7466223,3.0271816,3.659780592376147,0.12920315851620154,0.025926113,0.020119905,0.024324153889811573,0.00018080468382608572,straight_channels
0.15,C_bias,straight,h1_exc,85,25,1.5707496,0.034222133,1.2929502,0.027824692,0.8271484375000001,1.5631415953471721,0.033639297262675366,0.0582014972489779,0.0029421117267323144,166,1.592151,1.3103294,1.5841526716408958,0.06062585941357419,-0.021401405,-0.017379284,-0.021011076293723674,-0.0024243621645962943,straight_channels
0.15,C_bias,straight,h1_exc,86,25,0.48198673,0.016292294,0.40034637,0.013475387,0.8271484375000001,0.48400787236755816,0.016291377063535367,0.0002669793451787977,0.00010316540573644727,371,0.4828531,0.40106526,0.4848769913639317,0.000230901055289771,-0.0008663833,-0.0007188916,-0.0008691189963735413,3.60782898890267e-05,straight_channels
0.15,C_bias,straight,h1_exc,87,25,2.2030313,0.10034383,1.8026887,0.08066761,0.8271484375000001,2.179401705176492,0.09752494149569046,0.09063587985921291,0.004428797819268831,93,2.0370977,1.6694541,2.0183245598393373,0.08649409217995264,0.16593361,0.13323462,0.16107714533715445,0.004141787679260267,C_channels
0.15,C_bias,straight,h1_exc,88,25,1.347406,0.035199817,1.1111114,0.028702263,0.8271484375000001,1.3433034687159207,0.03470025667427442,0.05976686032060816,0.005141748174905794,203,1.302941,1.074872,1.2994910649418079,0.051923874808287244,0.044465065,0.036239386,0.043812403774112774,0.007842985512320919,straight_channels
0.15,C_bias,straight,h1_exc,89,25,2.3980482,0.1338988,1.9580548,0.10699977,0.8271484375000001,2.3672351638339126,0.12935981065956909,0.07087940831598188,0.0028779253308603967,82,2.0953245,1.7158067,2.0743637334995753,0.065907819969274,0.30272365,0.24224806,0.2928714303343374,0.004971588346707884,straight_channels
0.15,C_bias,straight,h1_exc,90,25,2.6298308,0.113428384,2.1443107,0.09068809,0.8271484375000001,2.592413513476532,0.10963943431946674,0.10268602868214784,0.004124687473024976,64,2.302416,1.8828753,2.2763451094981266,0.09834220257950901,0.32741475,0.2614354,0.3160684039784054,0.004343826102638823,C_channels
0.15,C_bias,straight,h1_exc,91,25,1.4178048,0.04473401,1.1683736,0.036458515,0.8271484375000001,1.4125318883842437,0.04407735520621362,0.05641201407048217,0.005451747954197274,190,1.4514734,1.1957723,1.4456562596171174,0.0578046360601986,-0.033668518,-0.027398705,-0.033124371232873706,-0.0013926219897164305,straight_channels
0.15,C_bias,straight,h1_exc,92,25,2.6644416,0.14963359,2.1704683,0.11912636,0.8271484375000001,2.6240372529019873,0.1440205329881124,0.1069504825470308,0.005176923671142881,63,2.4293456,1.9833918,2.3978666834883056,0.10658248399016271,0.23509598,0.18707657,0.22617056941368174,0.0003679985568680877,C_channels
0.15,C_bias,straight,h1_exc,93,25,1.8397609,0.039206788,1.5110127,0.03173812,0.8271484375000001,1.8267732747529117,0.03837052381599714,0.07366465229541475,0.0035355325109471245,127,1.615398,1.3292428,1.6070185306472167,0.05742942184535273,0.22436285,0.18176985,0.21975474410569507,0.01623523045006202,C_channels
0.15,C_bias,straight,h1_exc,94,25,2.240747,0.043050066,1.8343093,0.034602728,0.8271484375000001,2.217630298741031,0.04183375631719921,0.11117885812202472,0.002566903771325475,91,2.2154675,1.8140106,2.193089479417002,0.1108830161449347,0.025279522,0.02029872,0.02454081932402863,0.00029584197709001114,straight_channels
0.15,C_bias,straight,h1_exc,95,25,0.9373307,0.025524795,0.77560747,0.020958893,0.8271484375000001,0.9376883343644216,0.02533873260101122,0.013514927392429408,0.0017946583125731555,287,0.7728296,0.64038414,0.7742070120898333,0.00829073505089714,0.16450113,0.13522333,0.16348132227458823,0.0052241923415322685,C_channels
0.15,C_bias,straight,h1_exc,96,25,0.50972486,0.0096243145,0.42331964,0.007958418,0.8271484375000001,0.5117819119566964,0.00962151030003649,0.0009235905551401866,0.00023756257785876846,364,0.52790827,0.4383543,0.5299584205087153,0.0013421084792949658,-0.01818341,-0.015034676,-0.01817650855201891,-0.00041851792415477916,C_channels
0.15,C_bias,straight,h1_exc,97,25,1.4440248,0.08501093,1.1888939,0.06887729,0.8271484375000001,1.4373404466688413,0.08327077331843495,0.04207450166858296,0.00383284472621577,185,1.3997056,1.1530594,1.3940174281040938,0.040912780734156294,0.044319153,0.03583455,0.04332301856474752,0.001161720934426666,C_channels
0.15,C_bias,straight,h1_exc,98,25,0.468144,0.009628808,0.38892028,0.00796761,0.8271484375000001,0.47019407746510855,0.009632624265898587,0.0,0.0,372,0.39628407,0.32941344,0.3982519238097073,0.0,0.071859926,0.059506834,0.07194215365540124,0.0,C_channels
0.15,C_bias,straight,h1_exc,99,25,5.468252,0.32824537,4.346179,0.24936736,0.8271484375000001,5.254412073521776,0.3014783541946241,0.11571029133208648,0.003195273222933754,5,5.048432,4.028107,4.869872227041774,0.1130332822223207,0.4198203,0.31807184,0.38453984648000183,0.002677009109765774,straight_channels
0.15,C_bias,straight,h1_exc,100,25,0.7331569,0.010395545,0.60775334,0.008564825,0.8271484375000001,0.7347572571109333,0.010354641082993575,0.0038315143862146374,0.000886692023458701,322,0.73677415,0.6107331,0.7383597090809211,0.0035068097772133966,-0.003617227,-0.0029797554,-0.0036024519699877633,0.0003247046090012408,straight_channels
0.15,C_bias,straight,h1_exc,101,25,1.1738797,0.043968666,0.96926534,0.03590494,0.8271484375000001,1.17181549565173,0.04340809662714877,0.01775764577963752,0.001994382808171595,237,1.1899638,0.98242515,1.1877252867955348,0.017663806433971793,-0.016084075,-0.0131598115,-0.015909791143804863,9.383934566572702e-05,straight_channels
0.15,C_bias,straight,h1_exc,102,25,1.5190499,0.03944132,1.2508584,0.032057494,0.8271484375000001,1.5122538522253044,0.03875663895570731,0.03977270677366305,0.004481473556208393,173,1.5126399,1.245653,1.5059607255949965,0.03827184991427954,0.0064100027,0.005205393,0.006293126630307899,0.0015008568593835106,C_channels
0.15,C_bias,straight,h1_exc,103,25,0.6201318,0.013150174,0.5145294,0.010852705,0.8271484375000001,0.6220520852287843,0.01312062567154478,0.005837467304044522,0.0002713637473843681,347,0.6434103,0.5337384,0.6452752240026827,0.005786957698199885,-0.023278534,-0.019208968,-0.023223138773898366,5.0509605844637276e-05,straight_channels
0.15,C_bias,straight,h1_exc,104,25,0.64281195,0.018698834,0.53321904,0.015433521,0.8271484375000001,0.6446473315059386,0.01865870749387521,0.0023017948949199045,0.0004618255984522095,339,0.6537827,0.54226077,0.6555785275302547,0.002713082193552372,-0.010970771,-0.009041727,-0.010931196024316137,-0.0004112872986324675,C_channels
0.15,C_bias,straight,h1_exc,105,25,3.435463,0.13496408,2.7827268,0.10650182,0.8271484375000001,3.36424099616682,0.12875780122038943,0.12766663660130992,0.002877616252717886,32,3.2663617,2.6498296,3.203572104680249,0.12601425092439253,0.16910124,0.13289714,0.1606688914865706,0.0016523856769173895,C_channels
0.15,C_bias,straight,h1_exc,106,25,0.5880271,0.0074731093,0.4880396,0.0061703175,0.8271484375000001,0.5900266263894655,0.007459746113937571,0.0016090917290505916,0.00039465757504138953,350,0.59159434,0.4909864,0.5935892404900632,0.0013132438950953307,-0.0035672188,-0.002946794,-0.003562614100597772,0.0002958478339552609,straight_channels
0.15,C_bias,straight,h1_exc,107,25,0.45074493,0.022789022,0.3744488,0.01885829,0.8271484375000001,0.45269846399299046,0.022799158836910315,2.8862631911221374e-05,2.8862631911221374e-05,375,0.44643077,0.3708764,0.4483794629003105,2.886002886000283e-05,0.0043141544,0.0035724044,0.004319001092679964,2.6030512185445985e-09,C_channels
0.15,C_bias,straight,h1_exc,108,25,1.4421685,0.020569144,1.1884723,0.016747808,0.8271484375000001,1.436830639543216,0.020247644672258164,0.07182449747113603,0.0030477975737032165,186,1.3752754,1.1339941,1.3709680658578502,0.06790655722912609,0.0668931,0.05447817,0.06586257368536574,0.0039179402420099485,C_channels
0.15,C_bias,straight,h1_exc,109,25,1.0827953,0.036727894,0.89480054,0.030047024,0.8271484375000001,1.081789537702708,0.036326036264450516,0.02780914584646179,0.001600668943711246,258,1.0985093,0.9076882,1.097370427904134,0.02824208532513011,-0.01571405,-0.012887657,-0.015580890201426056,-0.0004329394786683205,C_channels
0.15,C_bias,straight,h1_exc,110,25,1.6818347,0.03519739,1.383127,0.02854231,0.8271484375000001,1.6721628985413832,0.034506877365784894,0.06437810047797927,0.004180314089175173,151,1.6394707,1.3487887,1.6306488928080345,0.062321637954304746,0.042364,0.034338236,0.041514005733348736,0.0020564625236745293,straight_channels
0.15,C_bias,straight,h1_exc,111,25,0.9361867,0.02430909,0.774678,0.019946843,0.8271484375000001,0.9365646130176912,0.02411519263721609,0.02483629475960599,0.0015745022053295556,288,0.93758255,0.7758328,0.9379606736606789,0.025363037791985777,-0.0013958812,-0.0011547804,-0.0013960606429876954,-0.000526743032379786,straight_channels
0.15,C_bias,straight,h1_exc,112,25,1.1755944,0.017319685,0.9709322,0.014165188,0.8271484375000001,1.1738306329226007,0.01712532739105551,0.03831514386214637,0.0008697537147176733,235,1.2140021,1.0023323,1.2117925338435218,0.039851933891313474,-0.038407683,-0.031400144,-0.03796190092092111,-0.0015367900291671024,straight_channels
0.15,C_bias,straight,h1_exc,113,25,0.3435779,0.010185101,0.28572422,0.008441467,0.8271484375000001,0.34543281506866413,0.010205504050322339,0.0010462684544933609,0.0003887147290508608,383,0.276942,0.23044258,0.27859881536014014,0.0003679985568680725,0.06663588,0.05528164,0.066833999708524,0.0006782698976252883,C_channels
0.15,C_bias,straight,h1_exc,114,25,1.0531957,0.0105337575,0.870748,0.008633606,0.8271484375000001,1.052710680344147,0.010437795192136105,0.007403265085228282,0.0008711543694935232,264,1.0524004,0.8700984,1.0519253892065776,0.006378641652379923,0.0007953644,0.0006495714,0.0007852911375694216,0.0010246234328483593,straight_channels
0.15,C_bias,straight,h1_exc,115,25,0.938516,0.021537345,0.7766114,0.017677145,0.8271484375000001,0.9389021254414679,0.02137118763410867,0.007230056104857917,0.0011032855577990423,285,0.96895635,0.80161345,0.9691289394991819,0.0067682871831814114,-0.03044033,-0.025002062,-0.03022681405771399,0.0004617689216765055,C_channels
0.15,C_bias,straight,h1_exc,116,25,0.8602534,0.0110922465,0.7123606,0.009117142,0.8271484375000001,0.8612246445051988,0.011022377468702417,0.018089654550357995,0.0011685375102713734,298,0.8364769,0.6928101,0.8375886587510679,0.01710102480823406,0.023776472,0.019550502,0.02363598575413084,0.0009886297421239365,C_channels
0.15,C_bias,straight,h1_exc,117,25,1.1492469,0.00791304,0.9494157,0.006472987,0.8271484375000001,1.1478177378849275,0.00782566545313206,0.045227614052322965,0.001028939661836252,245,1.187538,0.9807402,1.1856882172225014,0.04594914796272607,-0.038291097,-0.031324506,-0.037870479337573926,-0.0007215339104031035,C_channels
0.15,C_bias,straight,h1_exc,118,25,2.9870715,0.13728443,2.4278817,0.10879831,0.8271484375000001,2.935243125117308,0.13153420323665452,0.10360963290330692,0.0035864022043449826,43,2.9471781,2.3964524,2.897245989545101,0.10297465500126006,0.03989339,0.03142929,0.037997135572207075,0.0006349779020468627,straight_channels
0.15,C_bias,straight,h1_exc,119,25,1.1075933,0.08111031,0.91426253,0.06632255,0.8271484375000001,1.1053185670932963,0.0801821596221913,0.02314037565410963,0.003727758869062763,254,1.0402833,0.8593466,1.0389266925039475,0.01956866204857585,0.067309976,0.054915905,0.06639187458934881,0.00357171360553378,C_channels
0.15,C_bias,straight,h1_exc,120,25,1.6399564,0.05788551,1.3488083,0.046923183,0.8271484375000001,1.6306726122080206,0.05672885386809874,0.06609542707669695,0.003162411831160852,157,1.5282493,1.258219,1.521152567482612,0.0629133219084848,0.11170709,0.090589285,0.10952004472540855,0.003182105168212157,C_channels
0.15,C_bias,straight,h1_exc,121,25,2.1461804,0.13845277,1.7555119,0.1111376,0.8271484375000001,2.1223661985377817,0.1343623408504635,0.08398275751880516,0.008243824321657526,97,1.9989803,1.6377069,1.9799431059977213,0.08123387751413254,0.14720011,0.117805004,0.14242309254006047,0.0027488800046726186,C_channels
0.15,C_bias,straight,h1_exc,122,25,1.1209327,0.022321932,0.92617035,0.018264368,0.8271484375000001,1.119714831942401,0.022081124713203743,0.028819274188599687,0.0025153629566733457,252,0.9316777,0.7710426,0.9321695283969776,0.010101848283493363,0.189255,0.15512776,0.18754530354542343,0.018717425905106326,C_channels
0.15,C_bias,straight,h1_exc,123,25,1.9937835,0.038442634,1.6354744,0.031026201,0.8271484375000001,1.9772440982731938,0.037509834408629046,0.09420727719402365,0.002537740014143892,105,1.8774235,1.5415459,1.8636869909167297,0.09017407774863337,0.11635995,0.093928576,0.11355710735646407,0.004033199445390281,C_channels
0.15,C_bias,straight,h1_exc,124,25,0.3916365,0.014166499,0.32554668,0.011736456,0.8271484375000001,0.3935771086579066,0.014189056994199424,5.772526382244275e-05,2.699851997308968e-05,381,0.37984356,0.31577876,0.3817679467823855,7.215657977805343e-06,0.011792928,0.00976792,0.011809161875521113,5.0509605844637405e-05,straight_channels
0.15,C_bias,straight,h1_exc,125,25,1.4684691,0.019790817,1.2098904,0.016112382,0.8271484375000001,1.4627245571020666,0.019479431593653947,0.07309441227717307,0.0020260302983373885,181,1.4815212,1.220502,1.475553740370076,0.07248850004503248,-0.013052106,-0.010611653,-0.012829183268009414,0.0006059122321405985,straight_channels
0.15,C_bias,straight,h1_exc,126,25,0.7467693,0.008547344,0.6189737,0.0070389244,0.8271484375000001,0.7483223269089336,0.008509868131128718,0.002677009109765782,0.0004780293992017083,317,0.7852063,0.6506264,0.7865896630248411,0.0035068097772133966,-0.03843701,-0.03165275,-0.03826733611590749,-0.0008298006674476144,C_channels
0.15,C_bias,straight,h1_exc,127,25,0.7752405,0.015922476,0.64239174,0.013112828,0.8271484375000001,0.7766341935881236,0.0158530527103545,0.005707552922303794,0.0006906737030753251,313,0.7978344,0.6609913,0.7991204672518522,0.006609542707669694,-0.022593915,-0.01859957,-0.022486273663728573,-0.0009019897853658997,C_channels
0.15,straight_bias,C,h1_exc,0,25,4.805589,0.098219305,7.4697,0.14100333,1.6533203125,4.517999167427312,0.0852849434763006,0.230426548227411,0.001983752267207403,11,4.6499205,7.245043,4.382116847202967,0.22765775580304393,0.15566874,0.22465706,0.13588232022434443,0.0027687924243670614,C_channels
0.15,straight_bias,C,h1_exc,1,25,2.0013323,0.017944198,3.2547593,0.028248984,1.6533203125,1.9686198162917652,0.01708621396930576,0.20695410893588373,0.0017391129481700378,128,2.0334585,3.3052564,1.9991627167918333,0.20921344216548532,-0.03212619,-0.050497055,-0.030542900500068138,-0.00225933322960159,straight_channels
0.15,straight_bias,C,h1_exc,2,25,2.1416085,0.03035425,3.4746103,0.047560904,1.6533203125,2.101595400848147,0.028766903006347214,0.17564736445137377,0.004330483125121276,112,2.091972,3.3968158,2.054541793446688,0.17212100896658666,0.049636364,0.07779455,0.04705360740145936,0.003526355484787108,C_channels
0.15,straight_bias,C,h1_exc,3,25,1.0113372,0.02206509,1.6714367,0.03589489,1.6533203125,1.0109575500448433,0.021710790093184138,0.029605296237300252,0.0021994669484320956,271,0.97935873,1.6194625,0.9795212390686002,0.02644766613590342,0.03197843,0.051974177,0.03143631097624311,0.0031576301013968334,C_channels
0.15,straight_bias,C,h1_exc,4,25,0.6730922,0.008090387,1.1188413,0.013296955,1.6533203125,0.6767238868479791,0.008042576608119772,4.0224587278940566e-05,2.001896462711685e-05,333,0.6293065,1.0468179,0.6331609784318851,6.704097879823427e-06,0.04378569,0.07202339,0.043562908416094004,3.3520489399117136e-05,straight_channels
0.15,straight_bias,C,h1_exc,5,25,0.77263504,0.008847015,1.2821822,0.014495148,1.6533203125,0.775519497141313,0.008767295593227468,0.0038950808681774115,0.0003615813203876485,309,0.80148625,1.3294165,0.804088922313684,0.0039353054554563515,-0.028851211,-0.047234297,-0.028569425172371044,-4.022458727894005e-05,C_channels
0.15,straight_bias,C,h1_exc,6,25,2.6036887,0.051076118,4.1919866,0.0788477,1.6533203125,2.53549559157503,0.04769051737267995,0.1979579634691576,0.0029152955444638417,71,2.5419314,4.0967045,2.477864877908174,0.19459859249038497,0.061757326,0.09528208,0.057630713666855904,0.003359370978772619,C_channels
0.15,straight_bias,C,h1_exc,7,25,2.8539996,0.027857099,4.577783,0.04266651,1.6533203125,2.768842228896666,0.025806560474206774,0.20920066595481995,0.002141546846372197,58,2.8457649,4.5652165,2.7612413078705784,0.21389424285576644,0.008234739,0.0125665665,0.007600921026087448,-0.004693576900946489,straight_channels
0.15,straight_bias,C,h1_exc,8,25,1.3456491,0.023100354,2.2118092,0.037106074,1.6533203125,1.3377983654963495,0.02244336758169375,0.05871448923149357,0.002384214175475437,222,1.3516152,2.2214112,1.3436060224495565,0.05959919870464463,-0.0059660673,-0.00960207,-0.005807656953207063,-0.0008847094731510644,C_channels
0.15,straight_bias,C,h1_exc,9,25,0.77031165,0.007087641,1.2783939,0.011610963,1.6533203125,0.7732281833123262,0.007022815228626997,0.009412553423272092,0.0006783021015946557,311,0.70295197,1.1679087,0.7064019080132573,0.006134249560038436,0.067359686,0.110485196,0.06682627529906893,0.0032783038632336553,straight_channels
0.15,straight_bias,C,h1_exc,10,25,1.019381,0.006461196,1.6847968,0.010500645,1.6533203125,1.0190382758939667,0.006351246820031539,0.03697980390510602,0.0007247638334212644,269,1.0765908,1.7776777,1.0752167032712454,0.03924578898848634,-0.05720973,-0.092880845,-0.05617842737727874,-0.0022659850833803147,straight_channels
0.15,straight_bias,C,h1_exc,11,25,0.85003775,0.020710204,1.4085991,0.033844724,1.6533203125,0.8519819350740653,0.02047076133615218,0.046043744238627296,0.002682224299965578,302,0.77499944,1.2858804,0.7777563790035217,0.0361149752786088,0.075038314,0.12271869,0.0742255560705436,0.009928768960018493,straight_channels
0.15,straight_bias,C,h1_exc,12,25,1.6968672,0.01367399,2.7733936,0.021729091,1.6533203125,1.677468997117302,0.013142698945262767,0.1430381660993542,0.0018347355628401856,164,1.6846462,2.7539475,1.6657071584591163,0.1382246519098674,0.012220979,0.019446135,0.011761838658185697,0.004813514189486806,straight_channels
0.15,straight_bias,C,h1_exc,13,25,7.3991785,0.21963638,11.039823,0.29133156,1.6533203125,6.677365052088767,0.17620999609135413,0.23395290371219812,0.002305560769507966,2,7.106635,10.650325,6.441779623618533,0.2331081873793404,0.2925434,0.38949776,0.2355854284702339,0.0008447163328577367,C_channels
0.15,straight_bias,C,h1_exc,14,25,1.6542068,0.031347137,2.705055,0.049876057,1.6533203125,1.636134798413898,0.03016720804029234,0.07768038213351405,0.0023739891216187636,172,1.6631263,2.7192383,1.6447134644226282,0.07582983315404583,-0.008919597,-0.014183283,-0.00857866600873014,0.0018505489794682223,straight_channels
0.15,straight_bias,C,h1_exc,15,25,1.0106878,0.005564447,1.6706755,0.009039013,1.6533203125,1.0104971553387163,0.0054671876062549,0.008480683817976635,0.0008714252802880747,272,0.97927934,1.6196051,0.9796075607326528,0.007086177529578653,0.03140849,0.05107045,0.030889594606063553,0.001394506288397982,straight_channels
0.15,straight_bias,C,h1_exc,16,25,2.2146227,0.038824964,3.5884836,0.06067621,1.6533203125,2.1704709172655807,0.036699609703798375,0.16023464342565974,0.001621980708753834,109,2.1004534,3.4098835,2.0624457372577853,0.15503792774265482,0.11416936,0.17860007,0.10802518000779537,0.005196715683004921,C_channels
0.15,straight_bias,C,h1_exc,17,25,0.98133177,0.008680243,1.622908,0.014127576,1.6533203125,0.981605320337374,0.008544971896143068,0.023035280315073296,0.0007034033296026055,282,0.9755835,1.6135522,0.97594658195422,0.022384982820730422,0.005748272,0.009355783,0.005658738383154005,0.0006502974943428733,C_channels
0.15,straight_bias,C,h1_exc,18,25,1.7133058,0.026300946,2.7991955,0.041771796,1.6533203125,1.6930752271801743,0.025265397296090435,0.15290657514610864,0.0025526745567001994,161,1.6983197,2.7754087,1.6786877851802935,0.15320204474972496,0.014986157,0.023786783,0.014387441999880846,-0.00029546960361631625,C_channels
0.15,straight_bias,C,h1_exc,19,25,1.470781,0.021403406,2.412603,0.034192644,1.6533203125,1.459247178581547,0.02068119857615645,0.13194959045318438,0.0021096357824499047,201,1.4598621,2.3951457,1.4486882364939058,0.13104451757764973,0.010918856,0.017457247,0.010558942087641299,0.0009050728755346515,C_channels
0.15,straight_bias,C,h1_exc,20,25,3.1893563,0.051645584,5.087279,0.07825887,1.6533203125,3.0770075931542777,0.04733436751561035,0.19862901198340852,0.0014518448502322105,38,3.3087173,5.2673573,3.1859265326165755,0.19506913600922224,-0.119360924,-0.1800785,-0.1089189394622978,0.0035598759741862773,straight_channels
0.15,straight_bias,C,h1_exc,21,25,3.8183541,0.085141845,6.0278306,0.1259835,1.6533203125,3.6458942392445617,0.07620030143461128,0.23645353222137228,0.0032801159137809625,26,3.6171677,5.7286696,3.464948191811979,0.2316533981394187,0.20118642,0.29916096,0.1809460474325828,0.0048001340819535665,C_channels
0.15,straight_bias,C,h1_exc,22,25,2.2938151,0.024712797,3.712617,0.03854306,1.6533203125,2.2455521681958333,0.02331251858159187,0.2430436604372387,0.00259876264101281,95,2.2724261,3.6792703,2.225382685982476,0.2417296572527933,0.021389008,0.033346653,0.020169482213357348,0.0013140031844454114,C_channels
0.15,straight_bias,C,h1_exc,23,25,3.2781353,0.043218628,5.2220016,0.06535343,1.6533203125,3.158493328965315,0.0395285957776728,0.20047191871823475,0.0036163453278558882,35,3.4113455,5.4225807,3.2798123278808164,0.20476326154344693,-0.13321018,-0.20057917,-0.12131899891550146,-0.00429134282521218,C_channels
0.15,straight_bias,C,h1_exc,24,25,1.460706,0.011980848,2.3966684,0.019189766,1.6533203125,1.4496092681721064,0.011606804903584204,0.10595720525565092,0.001977440213541144,205,1.5260255,2.501152,1.512805511283297,0.11397636805487808,-0.06531954,-0.104483604,-0.06319624311119054,-0.008019162799227167,straight_channels
0.15,straight_bias,C,h1_exc,25,25,3.1394587,0.040166914,5.0122643,0.0609731,1.6533203125,3.031635369104285,0.036879182142436545,0.226933713232023,0.0024567149681768807,40,3.1895862,5.088203,3.077566246890562,0.2274432246708896,-0.050127506,-0.0759387,-0.0459308777862768,-0.0005095114388666,straight_channels
0.15,straight_bias,C,h1_exc,26,25,3.112818,0.043871332,4.9716563,0.06664614,1.6533203125,3.0070739744470245,0.04031048163003862,0.21097722829886298,0.004211739555076876,42,3.1067648,4.962446,3.0015032305166023,0.20981071863836084,0.0060532093,0.00921011,0.005570743930422228,0.0011665096605021352,C_channels
0.15,straight_bias,C,h1_exc,27,25,1.7678305,0.050126527,2.8845923,0.07937901,1.6533203125,1.7447267365307138,0.04801187592228311,0.12723707366116882,0.003494831606795829,152,1.7035649,2.7828405,1.6831830125139284,0.12493756808838938,0.06426561,0.101751804,0.06154372401678532,0.0022995055727794422,C_channels
0.15,straight_bias,C,h1_exc,28,25,2.2798853,0.020664273,3.6910124,0.032230385,1.6533203125,2.232484752583421,0.019494337445957678,0.18300112784044584,0.001990855635029924,100,2.282652,3.6953263,2.2350939741325386,0.18609841488151446,-0.0027666092,-0.004313946,-0.0026092215491178017,-0.003097287041068625,straight_channels
0.15,straight_bias,C,h1_exc,29,25,4.196814,0.051634032,6.5888805,0.07571852,1.6533203125,3.985241457363336,0.04579785263626749,0.2510072720275634,0.0018582315320296212,22,4.388046,6.868232,4.154205296418156,0.25004273862377435,-0.19123173,-0.27935123,-0.16896383905482004,0.0009645334037890474,C_channels
0.15,straight_bias,C,h1_exc,30,25,0.75743777,0.005208192,1.2573118,0.008535263,1.6533203125,0.7604768440048537,0.005162498301163968,0.010706444314078013,0.0005033954678386956,316,0.74012184,1.2289165,0.7433021553627944,0.01198017403773051,0.017315924,0.028395295,0.017174688642059288,-0.0012737297236524968,straight_channels
0.15,straight_bias,C,h1_exc,31,25,0.5289333,0.0044435067,0.88134736,0.007337398,1.6533203125,0.5330771939548188,0.004437977213887589,0.002936394871362661,0.000414864866949636,360,0.49667513,0.82804346,0.5008366710745689,0.0026749350540495476,0.032258153,0.053303897,0.03224052288024992,0.00026145981731311337,straight_channels
0.15,straight_bias,C,h1_exc,32,25,0.99413836,0.006175945,1.6437638,0.010040801,1.6533203125,0.9942197274709111,0.006073112838326672,0.02241172786815463,0.0008186020801119638,275,0.9843788,1.6278893,0.9846182117517038,0.021077683734164854,0.009759545,0.015874505,0.00960151571920731,0.0013340441339897771,C_channels
0.15,straight_bias,C,h1_exc,33,25,1.3119454,0.0068770563,2.1579065,0.0110645965,1.6533203125,1.3051956680045314,0.00669234869235838,0.09188636554085988,0.0007368334266477878,230,1.2686555,2.0881894,1.2630277456554762,0.08656331182428008,0.0432899,0.06971717,0.0421679223490552,0.005323053716579804,straight_channels
0.15,straight_bias,C,h1_exc,34,25,0.6078475,0.0057061897,1.0115035,0.009400602,1.6533203125,0.6118012666960455,0.005685893038527711,0.01713567418082868,0.0007511183024927748,346,0.63797575,1.0611054,0.6418026667540812,0.01664622447679403,-0.03012824,-0.049601912,-0.030001400058035643,0.0004894497040346495,straight_channels
0.15,straight_bias,C,h1_exc,35,25,0.70252854,0.013851848,1.1671196,0.022745967,1.6533203125,0.7059247176435615,0.013757749491709811,0.024986172798101912,0.0014440718648487262,330,0.6675451,1.1096599,0.6711705947180637,0.021312327159958674,0.034983456,0.057459712,0.03475412292549773,0.003673845638143238,C_channels
0.15,straight_bias,C,h1_exc,36,25,7.096983,0.2595229,10.626758,0.34603536,1.6533203125,6.427524937589129,0.20929723192595634,0.21853940969849323,0.001825728863625322,5,6.8093147,10.24153,6.194523079318863,0.21543618536812584,0.28766823,0.3852272,0.2330018582702662,0.003103224330367388,C_channels
0.15,straight_bias,C,h1_exc,37,25,1.1943241,0.020212298,1.9680158,0.032632504,1.6533203125,1.1903415099158097,0.01973755707011089,0.035511606469424695,0.0024571974442108833,247,1.2646306,2.0814483,1.2589504155431763,0.04418000502803638,-0.07030642,-0.11343253,-0.06860890562736666,-0.008668398558611685,C_channels
0.15,straight_bias,C,h1_exc,38,25,0.76585925,0.0044385963,1.2711185,0.007270758,1.6533203125,0.768827739646163,0.004397670527775129,0.0092583282749871,0.00039924121483134704,313,0.7611383,1.2633824,0.7641485834290792,0.009211430486877389,0.0047209263,0.007736087,0.004679156217083813,4.689778810971178e-05,C_channels
0.15,straight_bias,C,h1_exc,39,25,0.6248483,0.004945338,1.039506,0.008143165,1.6533203125,0.6287383558951384,0.004925340175676844,0.002299487034550004,0.00019960653083956543,344,0.597287,0.994112,0.6012821672621984,0.0021386072236636734,0.027561307,0.045393944,0.02745618863293997,0.0001608798108863308,straight_channels
0.15,straight_bias,C,h1_exc,40,25,1.7257591,0.022272535,2.819093,0.035398126,1.6533203125,1.705110047645997,0.02141032524457962,0.08461912343913129,0.004282828159953163,158,1.7829212,2.9096801,1.7599010929344288,0.08606015731281488,-0.057162046,-0.09058714,-0.054791045288431706,-0.001441033873683592,straight_channels
0.15,straight_bias,C,h1_exc,41,25,2.2586267,0.044494357,3.6569116,0.0693469,1.6533203125,2.2118591701162504,0.04194401686375063,0.16097879829032014,0.0031536605405599657,104,2.0880098,3.3900821,2.050469072155609,0.15136512193065332,0.17061687,0.2668295,0.1613900979606413,0.009613676359666812,straight_channels
0.15,straight_bias,C,h1_exc,42,25,0.63301224,0.006524529,1.0529329,0.010740948,1.6533203125,0.6368595589041063,0.0064965924682222065,0.003941988206284103,0.0005049512379979847,342,0.6402334,1.0648167,0.6440474756157435,0.00419005218665719,-0.0072211623,-0.011883855,-0.00718791671163721,-0.00024806398037308715,C_channels
0.15,straight_bias,C,h1_exc,43,25,2.7344015,0.048369363,4.393431,0.07438535,1.6533203125,2.657338167578696,0.04499149251583197,0.2074516047932561,0.0038582709436241506,65,2.6332998,4.2380104,2.5633328371427773,0.20152518226749222,0.10110164,0.15542078,0.09400533043591874,0.005926422525763891,C_channels
0.15,straight_bias,C,h1_exc,44,25,0.66072446,0.0072959154,1.0985163,0.011989563,1.6533203125,0.6644304373897931,0.0072518088938212,0.0005564401240253444,0.0001612587562888659,337,0.6727771,1.1183362,0.6764183534378919,0.0004893991452271101,-0.012052655,-0.019819856,-0.01198791604809879,6.704097879823429e-05,C_channels
0.15,straight_bias,C,h1_exc,45,25,2.133107,0.02808878,3.4613736,0.04401867,1.6533203125,2.0935892381123136,0.02662440672661902,0.15813581250118147,0.0032672140438423486,116,2.1363451,3.4664075,2.09663385194505,0.15912125028659477,-0.0032382011,-0.00503397,-0.0030446138327362426,-0.0009854377854132956,C_channels
0.15,straight_bias,C,h1_exc,46,25,1.4364468,0.020407086,2.35763,0.032662984,1.6533203125,1.4259971118711103,0.01975599306994917,0.10054135590371194,0.0023620713389602603,207,1.4343411,2.354255,1.4239557905419036,0.09903293388075167,0.002105713,0.0033750534,0.002041321329206758,0.001508422022960268,C_channels
0.15,straight_bias,C,h1_exc,47,25,1.5201317,0.013338987,2.4917243,0.021305878,1.6533203125,1.5071031246521052,0.012886720939001325,0.08704600687162739,0.0018894498157746176,194,1.443525,2.3691604,1.4329711005416426,0.07954412134410496,0.07660675,0.12256384,0.0741320241104626,0.007501885527522428,straight_channels
0.15,straight_bias,C,h1_exc,48,25,2.4951754,0.056448262,4.023901,0.08714832,1.6533203125,2.433830313745616,0.052711094932059235,0.21578479845787665,0.005032095377354589,82,2.3790045,3.8438544,2.324930213344781,0.20600351965121427,0.11617088,0.18004656,0.10890010040083498,0.00978127880666238,C_channels
0.15,straight_bias,C,h1_exc,49,25,0.51252025,0.0065021836,0.85421705,0.010745347,1.6533203125,0.516667599918753,0.006499252786821006,0.006717506075583074,0.0005634799917882866,363,0.50941515,0.8490857,0.5135639265512473,0.00599342698986781,0.003105104,0.005131364,0.0031036733675057215,0.0007240790857152646,C_channels
0.15,straight_bias,C,h1_exc,50,25,0.718428,0.014232768,1.1932145,0.023363333,1.6533203125,0.7217079950833529,0.01413115977333021,0.01091427134835254,0.0015441974240682549,324,0.7151242,1.1877987,0.7184323157779109,0.010022578580351126,0.0033038259,0.0054157972,0.0032756793054420363,0.0008916927680014137,straight_channels
0.15,straight_bias,C,h1_exc,51,25,2.0513885,0.053669456,3.3318887,0.084336564,1.6533203125,2.0152711353207318,0.051010418298464505,0.15967149920375456,0.005025090318745947,120,1.9916961,3.2381475,1.9585724591279345,0.15514623313487375,0.059692383,0.09374118,0.056698676192797226,0.004525266068880818,C_channels
0.15,straight_bias,C,h1_exc,52,25,0.67017287,0.006063862,1.1140615,0.009969192,1.6533203125,0.6738328364579972,0.006029800718115129,0.003727454265307112,0.0003253107232198101,334,0.65681463,1.0920954,0.6605467830391138,0.003318512159341278,0.013358235,0.0219661,0.013286053418883337,0.000408942105965834,straight_channels
0.15,straight_bias,C,h1_exc,53,25,2.5766075,0.047748663,4.1503744,0.073766746,1.6533203125,2.5103268823356486,0.04461733305303962,0.17850943281977166,0.002708919666325506,75,2.4774778,3.99697,2.4175411994300076,0.17366965557682587,0.09912968,0.15340447,0.09278568290564104,0.004839777242945792,straight_channels
0.15,straight_bias,C,h1_exc,54,25,2.2866426,0.06777887,3.6990283,0.10548726,1.6533203125,2.2373331863624237,0.06380327934811218,0.14814045085045827,0.004435445208582496,98,2.2512217,3.6437452,2.203895426994011,0.14649794686990153,0.035420895,0.05528307,0.033437759368412756,0.0016425039805567365,C_channels
0.15,straight_bias,C,h1_exc,55,25,1.2654747,0.009799006,2.0830307,0.015802234,1.6533203125,1.2599075477315325,0.00955787838493773,0.032628844381100613,0.001494412441859933,238,1.2730097,2.0951746,1.2672526416862937,0.03333277465848208,-0.007534981,-0.01214385,-0.007345093954761239,-0.0007039302773814635,C_channels
0.15,straight_bias,C,h1_exc,56,25,0.5488164,0.01378379,0.9140634,0.0227306,1.6533203125,0.552865310632699,0.01374845546764034,0.01263722450346716,0.0013953008568374269,353,0.5768429,0.96030396,0.5808335687213426,0.013354522529562233,-0.028026521,-0.04624057,-0.02796825808864367,-0.0007172980260950739,C_channels
0.15,straight_bias,C,h1_exc,57,25,2.49693,0.029668996,4.0279946,0.045963407,1.6533203125,2.436306202500576,0.027800666028489674,0.19918545210743385,0.0026394251316031055,81,2.5819404,4.1593823,2.5157752819630606,0.20923427127066282,-0.08501053,-0.13138771,-0.0794690794624846,-0.010048819163228973,C_channels
0.15,straight_bias,C,h1_exc,58,25,2.2576785,0.01753917,3.656445,0.02738917,1.6533203125,2.2115769418249864,0.0165661612228368,0.2263571608143582,0.0016951085344187572,106,2.3151274,3.7459803,2.2657317217506834,0.226115045920339,-0.057448864,-0.08953524,-0.05415477992569695,0.0002421148940192075,C_channels
0.15,straight_bias,C,h1_exc,59,25,0.47297093,0.006588362,0.7888173,0.0108982,1.6533203125,0.47711097424201265,0.006591705060043831,0.0028425133451704192,0.000533385510337421,370,0.45218033,0.7544011,0.45629459292133767,0.00240677113885661,0.020790607,0.0344162,0.02081638132067498,0.00043574220631380917,straight_channels
0.15,straight_bias,C,h1_exc,60,25,1.578814,0.018449128,2.5853293,0.029422209,1.6533203125,1.5637195746289938,0.01779583080338007,0.08736109947197906,0.0021548765084416933,186,1.5681939,2.5683963,1.5534777586653945,0.0885468108058204,0.010620117,0.016932964,0.010241815963599299,-0.0011857113338413355,C_channels
0.15,straight_bias,C,h1_exc,61,25,4.790635,0.097752646,7.448203,0.14081681,1.6533203125,4.504997123242811,0.08517212542502418,0.25319290287459106,0.002577035039497561,14,4.802799,7.465696,4.515577327051381,0.25102153691422857,-0.012164116,-0.017492771,-0.010580203808570054,0.0021713659603624924,C_channels
0.15,straight_bias,C,h1_exc,62,25,2.871233,0.025704531,4.6042237,0.039283104,1.6533203125,2.7848347693160322,0.02376012920640576,0.22793262381611668,0.0024855783818135578,56,2.6805935,4.311692,2.607898857805001,0.22632364032495908,0.1906395,0.2925315,0.17693591151103139,0.001608983491157595,straight_channels
0.15,straight_bias,C,h1_exc,63,25,0.9556632,0.007994691,1.5811353,0.013010222,1.6533203125,0.956339309595148,0.007869147906150117,0.01474901533561154,0.0013293526254646313,288,0.9785653,1.6184138,0.9788870791123059,0.018577055224990716,-0.022902071,-0.037278533,-0.022547769517157867,-0.0038280398893791763,straight_channels
0.15,straight_bias,C,h1_exc,64,25,2.9004498,0.059897605,4.6471834,0.09141168,1.6533203125,2.8108184208219695,0.05528975581920728,0.22792591971823686,0.0031807235423337694,52,2.7985108,4.491396,2.7165913708990574,0.2249895248468742,0.10193896,0.15578747,0.09422704992291209,0.0029363948713626575,C_channels
0.15,straight_bias,C,h1_exc,65,25,1.6642334,0.019180035,2.7213929,0.030491233,1.6533203125,1.6460166417903366,0.018442422801215743,0.12448839353044122,0.004088815959769213,170,1.6967894,2.7731423,1.6773171021370485,0.1271560627220827,-0.032555938,-0.051749468,-0.03130046034671197,-0.002667669191641492,C_channels
0.15,straight_bias,C,h1_exc,66,25,1.147836,0.0075171865,1.8930771,0.0121542225,1.6533203125,1.1450153221638988,0.0073514021167231875,0.07107014162400815,0.0008669805285322736,255,1.0973592,1.8113396,1.0955769035827925,0.06856951311483402,0.05047679,0.08173752,0.049438418581106314,0.002500628509174138,straight_channels
0.15,straight_bias,C,h1_exc,67,25,1.6409733,0.020253304,2.6843483,0.032231417,1.6533203125,1.6236106180407426,0.01949496083273999,0.12755216626152052,0.0019658483419792163,176,1.6301991,2.6672163,1.613248240159311,0.12711597913770034,0.010774255,0.017132044,0.010362377881431684,0.0004361871238201809,C_channels
0.15,straight_bias,C,h1_exc,68,25,1.3405875,0.024867324,2.2036178,0.03994713,1.6533203125,1.3328438423057023,0.02416176011695341,0.07125785636464321,0.001672464164530115,224,1.2810711,2.1078866,1.2749414619892052,0.06892483030246466,0.05951643,0.09573126,0.05790238031649708,0.002333026062178556,straight_channels
0.15,straight_bias,C,h1_exc,69,25,2.048217,0.029665407,3.328132,0.04662263,1.6533203125,2.012999003763299,0.02819939377057019,0.17855023883333732,0.0043412993927029716,121,2.0752425,3.3705451,2.0386521410675296,0.17798039051355233,-0.027025461,-0.042413235,-0.025653137304230356,0.000569848319784988,C_channels
0.15,straight_bias,C,h1_exc,70,25,1.40686,0.010147206,2.3103836,0.016280884,1.6533203125,1.3974203783426846,0.009847386575925654,0.12581538639607273,0.0011531761475656432,211,1.3902807,2.283776,1.3813269629977625,0.12125701835236632,0.01657927,0.026607513,0.016093415344922146,0.004558368043706407,C_channels
0.15,straight_bias,C,h1_exc,71,25,1.5981272,0.008330415,2.6162996,0.0132879205,1.6533203125,1.5824518256508822,0.00803711199307803,0.1364149836586471,0.0020544332126749727,180,1.5732085,2.5765536,1.558411637336453,0.13402162071555013,0.024918795,0.039746046,0.024040188314429223,0.0023933629430969716,C_channels
0.15,straight_bias,C,h1_exc,72,25,4.264398,0.059792433,6.6874127,0.08756066,1.6533203125,4.044837841933468,0.05296049313022605,0.2357160814545917,0.0023084968296254423,21,4.0426064,6.361666,3.8478123152161263,0.2353473560712014,0.22179174,0.32574654,0.19702552671734175,0.00036872538339027816,straight_channels
0.15,straight_bias,C,h1_exc,73,25,0.8121329,0.00475804,1.3468845,0.0077826222,1.6533203125,0.8146542988695009,0.004707268173054036,0.020293241364598355,0.0004718740916033649,304,0.826328,1.3701046,0.8286987557396632,0.02090329685696191,-0.014195085,-0.023220062,-0.014044456870162314,-0.0006100554923635544,C_channels
0.15,straight_bias,C,h1_exc,74,25,2.3286896,0.024650097,3.7669442,0.038365204,1.6533203125,2.278411667591001,0.02320494300075217,0.17381660868329302,0.0016305291488213525,89,2.3168962,3.7485328,2.2672754980445062,0.17257018352453482,0.011793375,0.018411398,0.011136169546494656,0.0012464251587581965,C_channels
0.15,straight_bias,C,h1_exc,75,25,1.9982353,0.027592804,3.2496157,0.04342789,1.6533203125,1.9655089138814612,0.026267073900716528,0.1589200863413895,0.0023638458079130297,129,1.9578004,3.1859636,1.9270093363492615,0.15628592977444372,0.040434957,0.06365204,0.03849957753219968,0.0026341565669457667,C_channels
0.15,straight_bias,C,h1_exc,76,25,4.390787,0.14222582,6.862991,0.20633893,1.6533203125,4.15103530418984,0.12480275323736241,0.20828291293035422,0.00204418926995804,18,4.235081,6.6362996,4.013922296029938,0.20808849409183935,0.15570593,0.22669125,0.13711300815990146,0.0001944188385148704,C_channels
0.15,straight_bias,C,h1_exc,77,25,1.9456553,0.010802189,3.1672003,0.017040689,1.6533203125,1.9156604226922695,0.010306949547808544,0.1979512228565834,0.001489897387347246,135,1.9420347,3.161497,1.912211017072259,0.19593265066848797,0.0036206245,0.005703211,0.003449405620010504,0.0020185721880954244,C_channels
0.15,straight_bias,C,h1_exc,78,25,3.4906616,0.047824033,5.541624,0.07172493,1.6533203125,3.3518151169646564,0.04338235347077751,0.23029246626981453,0.0025899771950177817,32,3.6057105,5.713745,3.4559212357420948,0.23133160144118714,-0.115048885,-0.17212105,-0.10410611877743836,-0.0010391351713726071,C_channels
0.15,straight_bias,C,h1_exc,79,25,1.5535969,0.008198394,2.5452545,0.013093409,1.6533203125,1.5394804802042055,0.00791946302265085,0.1553065601694643,0.0017647984058267161,191,1.6012013,2.6211982,1.5854146055078144,0.15748493077172926,-0.04760444,-0.07594371,-0.045934125303608964,-0.002178370602264945,C_channels
0.15,straight_bias,C,h1_exc,80,25,2.4037075,0.02940561,3.88344,0.04566301,1.6533203125,2.3488731895640367,0.027618972849137086,0.2131433838932262,0.0035358227234220216,86,2.4779577,3.9985518,2.4184980922365353,0.21275319461074155,-0.07425022,-0.11511183,-0.06962490267249866,0.0003901892824846598,C_channels
0.15,straight_bias,C,h1_exc,81,25,0.9958059,0.013086377,1.6463897,0.02127081,1.6533203125,0.9958081412653867,0.012865510779644854,0.05589876812196773,0.0012370498827372909,274,0.94559497,1.5646609,0.9463749112133024,0.051634788846925336,0.050210953,0.081728816,0.04943323005208433,0.004263979275042393,straight_channels
0.15,straight_bias,C,h1_exc,82,25,1.2645727,0.031377356,2.0810115,0.050561305,1.6533203125,1.2586862187602206,0.03058167561053175,0.05157462498948163,0.0020979899208465208,239,1.2569741,2.068775,1.25128506042766,0.05173552333859739,0.0075986385,0.012236595,0.007401158332560609,-0.00016089834911576367,C_channels
0.15,straight_bias,C,h1_exc,83,25,1.8884611,0.01804275,3.0768313,0.028494641,1.6533203125,1.8610012854435007,0.017234797086070373,0.13077643230949074,0.003061503927810373,140,1.7901524,2.921367,1.7669696691523809,0.13327746585088973,0.09830868,0.15546441,0.09403161629111989,-0.002501033541398995,straight_channels
0.15,straight_bias,C,h1_exc,84,25,2.8906226,0.052663516,4.6326356,0.0805105,1.6533203125,2.802019321643058,0.0486962464191786,0.16530294142280624,0.002360707288914926,54,2.8128226,4.513671,2.730064380083663,0.16578563647015354,0.077800035,0.11896467,0.07195494155939519,-0.00048269504734729796,straight_channels
0.15,straight_bias,C,h1_exc,85,25,1.3439575,0.013542559,2.2093115,0.021766271,1.6533203125,1.3362875950536266,0.013165186812363673,0.08140760776065818,0.002345872874035647,223,1.3837036,2.2731657,1.3749094534382322,0.08699237408858879,-0.039746046,-0.06385422,-0.038621858384605634,-0.005584766327930604,straight_channels
0.15,straight_bias,C,h1_exc,86,25,0.48188648,0.0071830614,0.8035622,0.011878925,1.6533203125,0.48602935623224125,0.007184890299132828,0.0014346769462822134,0.0002721635305926409,369,0.4467771,0.74545336,0.45088259375239575,0.0014480710979286545,0.03510937,0.058108866,0.035146762479845495,-1.3394151646441187e-05,straight_channels
0.15,straight_bias,C,h1_exc,87,25,2.5739193,0.03899473,4.146677,0.06023779,1.6533203125,2.5080903927135436,0.036434434992190665,0.1940568172293689,0.0015784817084482036,76,2.4683933,3.98353,2.4094121617133752,0.19030252241666779,0.10552597,0.16314697,0.09867823100016837,0.00375429481270112,C_channels
0.15,straight_bias,C,h1_exc,88,25,1.5127151,0.019888924,2.4797318,0.031770505,1.6533203125,1.4998495264698264,0.019216182196975663,0.13725299589362502,0.003279101220308372,196,1.258764,2.0721123,1.2533036837449694,0.11531048353296294,0.25395107,0.40761948,0.24654584272485702,0.02194251236066208,straight_channels
0.15,straight_bias,C,h1_exc,89,25,1.8962936,0.052765403,3.087684,0.083179235,1.6533203125,1.8675655562525124,0.050310416369295084,0.10620631861216273,0.0016502308629460878,138,1.9170272,3.1201208,1.8871846621494266,0.1021905639821485,-0.020733595,-0.032436848,-0.01961910589691418,0.004015754630014232,straight_channels
0.15,straight_bias,C,h1_exc,90,25,2.611351,0.05648667,4.203457,0.0874233,1.6533203125,2.5424334653148146,0.052877413824998,0.17635799882663505,0.003579274159961241,70,2.615731,4.210283,2.546562132734837,0.1770015922230981,-0.0043799877,-0.006825924,-0.0041286674200224915,-0.0006435933964630547,C_channels
0.15,straight_bias,C,h1_exc,91,25,1.5194849,0.014143328,2.4906766,0.022604732,1.6533203125,1.5064694492277042,0.013672323873399431,0.1110332690856356,0.0034353884762191723,195,1.4460405,2.3731542,1.435386763135936,0.09988435431148923,0.07344437,0.11752248,0.07108268609176815,0.011148914774146368,straight_channels
0.15,straight_bias,C,h1_exc,92,25,3.0789187,0.066355065,4.9187293,0.100533605,1.6533203125,2.975061356045701,0.06080709294959145,0.22866337048501745,0.0023294071201933613,47,3.0386846,4.857603,2.938089369134799,0.22566663873273637,0.04023409,0.061126232,0.0369719869109022,0.0029967317522810732,C_channels
0.15,straight_bias,C,h1_exc,93,25,1.8499022,0.023297716,3.0157642,0.03683949,1.6533203125,1.824065200038584,0.0222821240708614,0.15755250261800666,0.0033489748552128,146,1.8096123,2.95206,1.7855340933239108,0.14691207799481457,0.04028988,0.06370425,0.03853110671467319,0.01064042462319209,C_channels
0.15,straight_bias,C,h1_exc,94,25,1.7226384,0.020212438,2.814193,0.032110486,1.6533203125,1.7021462410429107,0.019421817393133256,0.12523884409016942,0.0020245356907770233,160,1.7657083,2.882539,1.7434848812886679,0.13259274679684446,-0.04306996,-0.06834602,-0.041338640245757174,-0.007353902706675047,straight_channels
0.15,straight_bias,C,h1_exc,95,25,1.104094,0.013871086,1.8221616,0.022460109,1.6533203125,1.1021225429868666,0.013584849798689024,0.048376770300805845,0.0019451966280941435,257,1.0042988,1.6602134,1.0041691630464384,0.035082544205115994,0.09979522,0.1619482,0.09795337994042819,0.013294226095689851,C_channels
0.15,straight_bias,C,h1_exc,96,25,0.5526135,0.0072838133,0.9204205,0.012021532,1.6533203125,0.556710340869613,0.007271145015735306,0.004679460320116752,0.0005813107511930839,352,0.5319194,0.8862597,0.5360483925533939,0.003955417749095822,0.020694077,0.034160852,0.020661948316219148,0.0007240425710209305,C_channels
0.15,straight_bias,C,h1_exc,97,25,1.8711733,0.061712194,3.0473785,0.0971148,1.6533203125,1.8431869916295867,0.05873925386845474,0.09646526439277929,0.003459249543190159,142,1.8489468,3.0125065,1.8220949145458496,0.0957278136259987,0.022226453,0.034872055,0.02109207708373706,0.0007374507667805841,C_channels
0.15,straight_bias,C,h1_exc,98,25,0.40652537,0.005150818,0.67875934,0.008539081,1.6533203125,0.41054311162642565,0.0051648073593498775,0.00119332942260857,0.000300957250988135,381,0.4063887,0.67853326,0.41040639864548933,0.0011396966395699826,0.00013667345,0.00022608042,0.00013671298093631545,5.3632783038587385e-05,C_channels
0.15,straight_bias,C,h1_exc,99,25,5.3307347,0.149232,8.21287,0.21101329,1.6533203125,4.967500327585084,0.1276300057857227,0.18908908070041974,0.0021280451300622924,8,4.6811433,7.286072,4.406932909515953,0.1900812871866336,0.64959145,0.92679787,0.5605674180691311,-0.0009922064862138702,straight_channels
0.15,straight_bias,C,h1_exc,100,25,0.74679023,0.0073983,1.2398382,0.012128836,1.6533203125,0.7499080757257849,0.007336046870328587,0.024214941444945653,0.0012085080365326596,318,0.71363664,1.1854495,0.7170113481301632,0.020118997737350104,0.033153594,0.05438876,0.03289672759562168,0.004095943707595549,straight_channels
0.15,straight_bias,C,h1_exc,101,25,1.1532475,0.021411465,1.9015754,0.034612786,1.6533203125,1.1501555364343443,0.020935317729748465,0.03796530629344006,0.001456281706608373,251,1.145421,1.8889009,1.142489347808607,0.03567250481854046,0.0078264475,0.01267457,0.0076661886257374245,0.002292801474899603,straight_channels
0.15,straight_bias,C,h1_exc,102,25,1.6858777,0.0151408585,2.7559,0.024055967,1.6533203125,1.6668881126567874,0.014550094965032973,0.12330176820571247,0.002883196003088445,167,1.7880784,2.918055,1.76496662584273,0.13208413642828115,-0.10220075,-0.16215515,-0.09807851318594252,-0.008782368222568684,C_channels
0.15,straight_bias,C,h1_exc,103,25,0.5230582,0.008238519,0.87161124,0.013612361,1.6533203125,0.527188360604805,0.008233347639892929,0.005953238917283204,0.0003527782684498274,361,0.5477614,0.91239494,0.5518561114546624,0.0068582747163589905,-0.024703205,-0.040783703,-0.024667750849857395,-0.0009050357990757867,straight_channels
0.15,straight_bias,C,h1_exc,104,25,0.7103762,0.0059846346,1.1801069,0.0098242555,1.6533203125,0.7137799616732239,0.005942136524687829,0.024717743730051655,0.0011281211714753644,328,0.7180369,1.1926808,0.7213851800357447,0.024885498415234387,-0.007660687,-0.012573957,-0.007605218362520816,-0.0001677546851827326,C_channels
0.15,straight_bias,C,h1_exc,105,25,3.7726014,0.05783682,5.962049,0.08579245,1.6533203125,3.6061065221380506,0.0518910044680199,0.23994636721676027,0.0016530983166999928,28,3.8187695,6.030321,3.64740015283188,0.2387530377941517,-0.04616809,-0.068272114,-0.041293630693829186,0.00119332942260858,C_channels
0.15,straight_bias,C,h1_exc,106,25,0.54341054,0.005171071,0.90524787,0.008534767,1.6533203125,0.547533249131706,0.005162197844799145,0.00378109940716532,0.0004123704568848425,356,0.54836273,0.91341734,0.5524745457553186,0.0038347400549073023,-0.0049521923,-0.008169472,-0.004941296623612645,-5.364064774198221e-05,straight_channels
0.15,straight_bias,C,h1_exc,107,25,0.44350514,0.008563801,0.7400166,0.014177886,1.6533203125,0.44759417385387146,0.008575401678680357,0.0011463939962754672,0.00024511913968736353,375,0.44514203,0.74272865,0.44923455657800176,0.0010793372880704428,-0.0016368926,-0.002712071,-0.001640382724130307,6.705670820502437e-05,C_channels
0.15,straight_bias,C,h1_exc,108,25,1.3884399,0.0068222857,2.2808583,0.010947797,1.6533203125,1.3795622632336282,0.0066217038945623535,0.12776669739367486,0.002004087060155868,215,1.4242913,2.33837,1.4143478172815733,0.13437693790318078,-0.03585136,-0.057511806,-0.034785554047945144,-0.006610240509505927,C_channels
0.15,straight_bias,C,h1_exc,109,25,1.386007,0.02869674,2.2764618,0.04596666,1.6533203125,1.3769030224189018,0.027802633472374032,0.07185428569661016,0.0014087867809733402,216,1.366011,2.2444084,1.3575157275393024,0.07132489734344144,0.019995928,0.03205347,0.019387294879599448,0.0005293883531687221,C_channels
0.15,straight_bias,C,h1_exc,110,25,1.5599029,0.013541577,2.555249,0.021608552,1.6533203125,1.5455257308321422,0.013069792067437637,0.11471381882165865,0.0020368830493773227,190,1.4586685,2.3933842,1.4476228027750841,0.0999175371804069,0.101234436,0.16186476,0.09790292805705803,0.014796281641251754,straight_channels
0.15,straight_bias,C,h1_exc,111,25,0.9443877,0.0118051395,1.562722,0.019237345,1.6533203125,0.9452022402037089,0.011635582591418153,0.036658007206874496,0.001383693970556927,289,0.9291687,1.5379272,0.9302051503699125,0.035967393557634585,0.015218973,0.024794817,0.01499708983379644,0.0006906136492399115,straight_channels
0.15,straight_bias,C,h1_exc,112,25,0.8858263,0.011949457,1.4672318,0.019495409,1.6533203125,0.8874455338240521,0.011791670689751189,0.04146457798679246,0.0006571048578384321,297,0.91502565,1.514861,0.9162537784214774,0.042497276460200704,-0.029199362,-0.047629237,-0.02880824459742526,-0.0010326984734082417,straight_channels
0.15,straight_bias,C,h1_exc,113,25,0.40906167,0.009764352,0.68291944,0.016183427,1.6533203125,0.41305936794473025,0.009788439777109676,0.004002346434254586,0.0006043240077900212,379,0.38575786,0.6442715,0.38968340796309325,0.003050364535319659,0.023303807,0.03864795,0.023375959981636996,0.0009519818989349267,C_channels
0.15,straight_bias,C,h1_exc,114,25,0.9901799,0.005857336,1.6373281,0.009527674,1.6533203125,0.9903272953058467,0.005762751252972223,0.017772494382374934,0.0005493769645330534,276,0.94798434,1.5686483,0.9487867465824639,0.012556775328909277,0.04219556,0.06867981,0.041540548723382864,0.005215719053465656,straight_channels
0.15,straight_bias,C,h1_exc,115,25,1.2071037,0.025280274,1.9885107,0.040830098,1.6533203125,1.2027377017662233,0.02469581905907363,0.03885695131145658,0.002953747340771868,246,1.2478147,2.0541732,1.2424532784189108,0.04261795022203753,-0.040710926,-0.0656625,-0.039715576652687545,-0.0037609989105809455,C_channels
0.15,straight_bias,C,h1_exc,116,25,0.87161714,0.005767804,1.444106,0.009416796,1.6533203125,0.8734580671336987,0.00569568782712081,0.04556759768038551,0.0006990717565079004,299,0.86764556,1.4376206,0.8695354728582881,0.04567471157004008,0.0039715767,0.006485343,0.003922594275410529,-0.00010711388965456425,C_channels
0.15,straight_bias,C,h1_exc,117,25,1.3154128,0.005770024,2.163495,0.009285948,1.6533203125,1.308575947074458,0.005616544933694096,0.10229782954822568,0.0009227211121510165,229,1.2973807,2.1344702,1.2910203990597022,0.09882445800844702,0.018032074,0.02902484,0.017555548014755784,0.003473371539778655,C_channels
0.15,straight_bias,C,h1_exc,118,25,2.8789485,0.0631395,4.61407,0.09648971,1.6533203125,2.790790237337822,0.05836117387981627,0.21113146692949664,0.0019125828144106118,55,2.8754265,4.6087384,2.7875652507396382,0.20993882510667064,0.0035219193,0.0053315163,0.003224986598183932,0.001192641822825996,straight_channels
0.15,straight_bias,C,h1_exc,119,25,1.2581166,0.032835085,2.0705447,0.05287744,1.6533203125,1.2523554577142677,0.03198257456962413,0.0587815302102918,0.0025437045706153015,242,1.2012811,1.9789146,1.19693363265632,0.055402490731857046,0.056835532,0.0916301,0.05542182505794768,0.0033790394784347574,C_channels
0.15,straight_bias,C,h1_exc,120,25,1.8300834,0.021190982,2.9844732,0.03353547,1.6533203125,1.805139072808846,0.020283710195730626,0.151948378446198,0.0013467424144055298,147,1.7855148,2.9139287,1.7624707501471795,0.14964887287341855,0.04456854,0.07054448,0.042668322661666425,0.0022995055727794422,C_channels
0.15,straight_bias,C,h1_exc,121,25,2.260101,0.058002327,3.658372,0.090488404,1.6533203125,2.212742292942052,0.05473131894555242,0.1645112708290551,0.0032507606605209995,103,2.2610028,3.6598313,2.213625011991276,0.16724712980795503,-0.00090169907,-0.0014593601,-0.00088271904922399,-0.002735858978899941,C_channels
0.15,straight_bias,C,h1_exc,122,25,1.0785117,0.010719183,1.7807399,0.017396228,1.6533203125,1.0770688898832708,0.010521994813150344,0.05369311991950583,0.0017840774676674165,261,1.0418512,1.7212491,1.0410862969092742,0.04566161065947736,0.036660552,0.0594908,0.03598259297399653,0.00803150926002847,C_channels
0.15,straight_bias,C,h1_exc,123,25,2.0170224,0.025320303,3.2792444,0.039863843,1.6533203125,1.9834295278364926,0.024111385062236215,0.17180591636623496,0.0024072581793256865,126,2.0597904,3.346446,2.0240760142729397,0.17544624151497906,-0.042768,-0.067201614,-0.04064648643644708,-0.0036403251487441,C_channels
0.15,straight_bias,C,h1_exc,124,25,0.4131389,0.0075521106,0.6897054,0.012521183,1.6533203125,0.4171637669503798,0.007573355664422099,0.00011396966395699827,9.417607198273837e-05,378,0.36493638,0.60973215,0.3687925313059115,7.37450766780577e-05,0.048202515,0.07997322,0.048371235644468324,4.022458727894058e-05,straight_channels
0.15,straight_bias,C,h1_exc,125,25,1.5347252,0.010097998,2.5150924,0.01612778,1.6533203125,1.5212372429954406,0.009754782225158727,0.11892992227654771,0.001501245259772293,192,1.4660056,2.4051778,1.4547560755372404,0.11291041649198615,0.068719625,0.10991454,0.06648116745820021,0.006019505784561563,straight_channels
0.15,straight_bias,C,h1_exc,126,25,0.92783517,0.012204686,1.5357447,0.019883253,1.6533203125,0.9288851557077473,0.012026255213423421,0.031247800217856992,0.0020132786565105463,293,0.94587326,1.565146,0.9466683125792922,0.03256850750018221,-0.018038094,-0.029401302,-0.01778315687154486,-0.0013207072823252196,C_channels
0.15,straight_bias,C,h1_exc,127,25,1.0787009,0.012811676,1.781015,0.020771937,1.6533203125,1.0772352717903046,0.012563770819031773,0.06994385318019782,0.001939600876019242,260,1.0558654,1.7439749,1.0548318235584524,0.0672954806001008,0.022835493,0.037040114,0.022403448231852252,0.002648372580097022,C_channels
0.15,straight_bias,straight,h1_exc,0,25,4.354559,0.21668923,3.4975817,0.16825122,0.8271484375000001,4.228481273129842,0.2034111412860556,0.12474429512029878,0.0029751488762973775,11,4.2218804,3.3948681,4.104303368464133,0.12346712365822723,0.13267851,0.102713585,0.124177904665709,0.0012771714620715413,C_channels
0.15,straight_bias,straight,h1_exc,1,25,2.0001838,0.040320385,1.6406157,0.032539688,0.8271484375000001,1.9834597109766055,0.03933959672907604,0.10323377313175884,0.00288897164241912,101,2.0314803,1.665849,2.0139661395481685,0.10392712185433035,-0.03129649,-0.025233269,-0.03050642857156305,-0.0006933487225715129,straight_channels
0.15,straight_bias,straight,h1_exc,2,25,1.8285522,0.068928495,1.5014309,0.055791453,0.8271484375000001,1.8151890789486362,0.06745035149914932,0.06834671236577221,0.005947579495455396,127,1.7641319,1.4493349,1.7522064595248663,0.0640026760667475,0.06442034,0.05209601,0.06298261942376993,0.004344036299024703,C_channels
0.15,straight_bias,straight,h1_exc,3,25,0.9092383,0.03671315,0.75242007,0.030166892,0.8271484375000001,0.9096553745659911,0.03647095291008886,0.005339586903575954,0.001086599591590347,292,0.8886948,0.7355586,0.8892704007887718,0.004343826102638816,0.020543456,0.016861439,0.020384973777219262,0.0009957608009371378,C_channels
0.15,straight_bias,straight,h1_exc,4,25,0.7752237,0.014728832,0.64238393,0.0121276835,0.8271484375000001,0.7766247277344895,0.01466203956290932,0.000757644087669561,0.0002817804519130372,317,0.7457685,0.6181259,0.747297460896014,0.0006494092180024809,0.029455185,0.024258018,0.02932726683847553,0.00010823486966708012,straight_channels
0.15,straight_bias,straight,h1_exc,5,25,0.75002784,0.0125383735,0.621644,0.010326578,0.8271484375000001,0.7515507248923352,0.012484553137900513,0.0005916839541800381,0.00022446959834455848,324,0.7733999,0.64088666,0.7748145561719215,0.000757644087669561,-0.023372054,-0.019242644,-0.02326383127958631,-0.00016596013348952287,C_channels
0.15,straight_bias,straight,h1_exc,6,25,2.4980114,0.110791735,2.0390105,0.0886944,0.8271484375000001,2.4651083375049176,0.10722911671948834,0.11330747722547731,0.005765375068792377,62,2.4605558,2.009131,2.428984772231783,0.11311937618908564,0.03745556,0.02987957,0.03612356527313443,0.00018810103639166353,C_channels
0.15,straight_bias,straight,h1_exc,7,25,2.8311353,0.05264873,2.3063974,0.041958656,0.8271484375000001,2.7883718509742583,0.05072687698137708,0.1152051952736401,0.0019770738267763,53,2.8289983,2.3046606,2.7862718380864235,0.11723235329745905,0.0021369457,0.0017368793,0.00210001288783479,-0.002027158023818948,straight_channels
0.15,straight_bias,straight,h1_exc,8,25,1.1104188,0.026570408,0.9175285,0.021738844,0.8271484375000001,1.1092671150573843,0.026281672059314132,0.012735428737491752,0.002744311538738182,251,1.1347734,0.93746024,1.133363999105087,0.014106611346609446,-0.024354577,-0.019931734,-0.024096884047702716,-0.001371182609117694,C_channels
0.15,straight_bias,straight,h1_exc,9,25,0.99569315,0.021781873,0.82353806,0.017867966,0.8271484375000001,0.9956351369493533,0.021601884627680226,0.01418593933249459,0.00148473396824677,271,0.8960422,0.74172705,0.8967278274160723,0.009560722091605503,0.09965092,0.08181101,0.09890730953328108,0.004625217240889087,straight_channels
0.15,straight_bias,straight,h1_exc,10,25,1.1319026,0.014158906,0.9351986,0.011594041,0.8271484375000001,1.130629655844719,0.014016881102088923,0.026899972941258316,0.001224419061125105,243,1.1988192,0.98995095,1.196823828413694,0.032484778332588844,-0.066916585,-0.05475235,-0.06619417256897497,-0.005584805391330529,straight_channels
0.15,straight_bias,straight,h1_exc,11,25,0.8647595,0.034441613,0.71589196,0.02827792,0.8271484375000001,0.8654939131154977,0.03418723835312583,0.024071435013958628,0.002737675853566536,297,0.79526865,0.65876466,0.7964285978301643,0.019345179038496127,0.06949085,0.057127297,0.06906531528533344,0.004726255975462501,straight_channels
0.15,straight_bias,straight,h1_exc,12,25,1.8002439,0.022010578,1.4791999,0.017822385,0.8271484375000001,1.788312473767922,0.02154677970188397,0.09461170740498366,0.003198582030647152,133,1.8106678,1.4876313,1.798505866455711,0.09060701722730169,-0.010423899,-0.008431435,-0.010193392687789071,0.0040046901776819716,straight_channels
0.15,straight_bias,straight,h1_exc,13,25,6.1495256,0.4631427,4.8481965,0.34671858,0.8271484375000001,5.861338211771571,0.4191733541079897,0.11508974474599523,0.004193819934682564,2,5.899566,4.661511,5.635639955018206,0.11417335618281393,0.24995947,0.18668556,0.22569825675336475,0.0009163885631812974,C_channels
0.15,straight_bias,straight,h1_exc,14,25,1.6730225,0.07805803,1.3752022,0.06325109,0.8271484375000001,1.662582091280995,0.07646885631489189,0.047652205285426484,0.002233740538775064,151,1.6784843,1.379629,1.667934083196257,0.046945070803601566,-0.005461812,-0.004426837,-0.005351991915262033,0.0007071344818249184,straight_channels
0.15,straight_bias,straight,h1_exc,15,25,1.0755987,0.009232276,0.88910997,0.007562122,0.8271484375000001,1.0749097385634434,0.009142399620522167,0.009668981690259159,0.0013520536694595824,260,1.0502689,0.86835366,1.049815968113426,0.010368867975966044,0.025329828,0.020756304,0.025093770450017372,-0.0006998862857068855,straight_channels
0.15,straight_bias,straight,h1_exc,16,25,1.7496644,0.078462906,1.4373322,0.06339167,0.8271484375000001,1.7376955076729237,0.07663881039330638,0.07266889149447761,0.003637809947434886,139,1.6572534,1.3626026,1.6473494113256912,0.06910418855663818,0.09241104,0.07472956,0.09034609634723245,0.003564702937839434,C_channels
0.15,straight_bias,straight,h1_exc,17,25,0.9159725,0.01839301,0.7581169,0.015113458,0.8271484375000001,0.9165427097814817,0.018271760666811653,0.002034810994401474,0.0003988409260600844,291,0.9281628,0.7681331,0.92865205869334,0.0020492468656967177,-0.012190342,-0.010016203,-0.01210934891185833,-1.4435871295243562e-05,C_channels
0.15,straight_bias,straight,h1_exc,18,25,1.3563422,0.036527313,1.1183839,0.029781906,0.8271484375000001,1.3520957767099042,0.03600551621177269,0.035645172101349924,0.0040908230098792514,201,1.3594121,1.1209104,1.3551502266619084,0.03622236226634511,-0.0030698776,-0.0025265217,-0.0030544499520042123,-0.0005771901649951824,C_channels
0.15,straight_bias,straight,h1_exc,19,25,1.0615205,0.031057876,0.8774317,0.02542918,0.8271484375000001,1.0607911411562851,0.030743187561220468,0.03275897593879666,0.002364118408964594,264,1.0448016,0.86374456,1.0442437250386367,0.03196536484167767,0.016718864,0.013687134,0.016547416117648428,0.000793611097118993,C_channels
0.15,straight_bias,straight,h1_exc,20,25,3.1666749,0.10819047,2.571384,0.08580179,0.8271484375000001,3.1087333654656226,0.10373203227149896,0.12034274375383751,0.003068569729043917,36,3.3288848,2.6993048,3.2633862630756925,0.12056604845490877,-0.16220999,-0.12792087,-0.15465289761006984,-0.0002233047010712641,straight_channels
0.15,straight_bias,straight,h1_exc,21,25,3.5719078,0.20974126,2.8862357,0.16481653,0.8271484375000001,3.48938033640237,0.19925870344642257,0.11078921259122324,0.005026793451478779,23,3.3527787,2.7144158,3.28165520493902,0.10782357716234524,0.21912909,0.17181993,0.20772513146334992,0.002965635428877997,C_channels
0.15,straight_bias,straight,h1_exc,22,25,1.9645549,0.06084489,1.611528,0.04910772,0.8271484375000001,1.9482936323636042,0.05936989612817152,0.11282402814096434,0.005232348031650136,105,1.9564127,1.6049708,1.9403661586548409,0.11254261747982994,0.008142233,0.006557226,0.007927473708763344,0.00028141066113440694,C_channels
0.15,straight_bias,straight,h1_exc,23,25,2.5936868,0.109538324,2.115572,0.08757254,0.8271484375000001,2.5576688901786837,0.1058728178329508,0.09691350229990356,0.005853392423464974,59,2.6968787,2.1976593,2.6569103639456757,0.09936682601235738,-0.10319185,-0.08208728,-0.099241473766992,-0.0024533237124538254,C_channels
0.15,straight_bias,straight,h1_exc,24,25,1.6810212,0.01938225,1.3826053,0.01572373,0.8271484375000001,1.67153220289523,0.019009562483711297,0.07944439433563683,0.001878613333703844,147,1.7455564,1.4349012,1.7347567146566893,0.0850431019727628,-0.06453514,-0.052295923,-0.06322451176145938,-0.005598707637125971,straight_channels
0.15,straight_bias,straight,h1_exc,25,25,3.175005,0.11470518,2.5777578,0.09077738,0.8271484375000001,3.116439383165036,0.10974738913551468,0.12881392621978097,0.0024084323567929848,35,3.20922,2.6046247,3.148920474124178,0.12915988148816762,-0.034214973,-0.026866913,-0.0324810909591422,-0.00034595526838665513,straight_channels
0.15,straight_bias,straight,h1_exc,26,25,2.422329,0.13302396,1.9775445,0.10662572,0.8271484375000001,2.3907976681609138,0.1289076025109856,0.08148642554335574,0.0076044180442538635,71,2.3970406,1.9572937,2.3663148603381767,0.0798690320332064,0.025288343,0.020250797,0.02448280782273704,0.0016173935101493342,C_channels
0.15,straight_bias,straight,h1_exc,27,25,1.4825226,0.08494542,1.2202334,0.06894431,0.8271484375000001,1.4752291371097221,0.08335179820589365,0.04947055109583343,0.0045567832304898625,184,1.4391518,1.1850631,1.432709078891672,0.0485756871631783,0.043370843,0.035170317,0.04252005821805005,0.0008948639326551364,C_channels
0.15,straight_bias,straight,h1_exc,28,25,2.4937272,0.063737616,2.0368707,0.051020022,0.8271484375000001,2.462521311635958,0.06168182032487162,0.11963512250143472,0.002038696915482974,64,2.4805524,2.0262995,2.4497410660241603,0.12119419139521855,0.013174772,0.010571241,0.012780245611797802,-0.0015590688937838215,straight_channels
0.15,straight_bias,straight,h1_exc,29,25,3.3745213,0.13633843,2.7346032,0.10776739,0.8271484375000001,3.3060612252036545,0.1302878419793327,0.11944800216458966,0.004090230162893384,26,3.5233076,2.8513567,3.447212852408031,0.11999639217090285,-0.1487863,-0.11675358,-0.14115162720437668,-0.0005483900063131958,C_channels
0.15,straight_bias,straight,h1_exc,30,25,0.8297647,0.009945684,0.6872902,0.008183223,0.8271484375000001,0.8309151454665629,0.009893294995376048,0.00425000758138284,0.0004291751257134287,304,0.81167203,0.67240095,0.8129144873403991,0.00406236793581967,0.018092692,0.01488924,0.018000658126163804,0.0001876396455631705,straight_channels
0.15,straight_bias,straight,h1_exc,31,25,0.6280998,0.012118927,0.5211107,0.010002331,0.8271484375000001,0.6300087102501934,0.01209254589618737,0.0009380355371146947,0.00022698759614154536,342,0.5826091,0.48354772,0.5845960583770683,0.000757644087669561,0.045490682,0.037562996,0.045412651873125154,0.00018039144944513369,straight_channels
0.15,straight_bias,straight,h1_exc,32,25,0.95670205,0.009353021,0.79160386,0.0076795085,0.8271484375000001,0.9570275892912926,0.009284317321839264,0.00872373049516666,0.0006045024865040967,279,0.95370597,0.7891436,0.9540531523207223,0.008355731938298588,0.002996087,0.0024602413,0.0029744369705703155,0.0003679985568680721,C_channels
0.15,straight_bias,straight,h1_exc,33,25,1.3873563,0.010310296,1.1438674,0.008403576,0.8271484375000001,1.3829046629408868,0.010159694992490623,0.06639126905378695,0.0012406193793935666,194,1.3399994,1.1052574,1.3362261116770742,0.06296360049353378,0.047356844,0.03860998,0.046678551263812595,0.003427668560253172,straight_channels
0.15,straight_bias,straight,h1_exc,34,25,0.75224286,0.014062422,0.6234619,0.011582733,0.8271484375000001,0.753748454559722,0.01400321003928746,0.006241518120289436,0.0006315401786697422,321,0.7964599,0.6598675,0.7977619097214201,0.0066167583656475,-0.04421705,-0.036405623,-0.04401345516169819,-0.0003752402453580635,straight_channels
0.15,straight_bias,straight,h1_exc,35,25,0.41544032,0.01266055,0.34527394,0.010485931,0.8271484375000001,0.4174267974433694,0.012677206281209143,0.0016956796247842556,0.000433440276381921,375,0.39997265,0.3324649,0.40194103272965104,0.0012771714620715456,0.015467674,0.012809038,0.015485764713718375,0.00041850816271271,C_channels
0.15,straight_bias,straight,h1_exc,36,25,4.2002864,0.47157255,3.3517435,0.36108503,0.8271484375000001,4.05216672644023,0.43654199438997177,0.0815657977811116,0.005579840056803914,15,3.9697776,3.1753995,3.838971867904024,0.07932172815001413,0.2305088,0.17634392,0.21319485853620623,0.0022440696310974673,C_channels
0.15,straight_bias,straight,h1_exc,37,25,0.98915404,0.02890081,0.81811476,0.023677293,0.8271484375000001,0.9890785113921838,0.02862520388474178,0.006191034544956985,0.0012925698784862641,272,1.0399239,0.8597415,1.0394041459529237,0.007778447412696733,-0.050769866,-0.04162675,-0.05032563456073991,-0.001587412867739748,C_channels
0.15,straight_bias,straight,h1_exc,38,25,0.63603956,0.00882912,0.5276749,0.0072852126,0.8271484375000001,0.6379446568203325,0.008807624415638446,8.658789573366411e-05,5.993775674509305e-05,340,0.63536024,0.5271134,0.6372657369158892,6.49409218002481e-05,0.00067931414,0.00056153536,0.0006789199044433536,2.1646973933416014e-05,C_channels
0.15,straight_bias,straight,h1_exc,39,25,0.70496756,0.0075859237,0.58452994,0.00625391,0.8271484375000001,0.7066807685096238,0.007560806979823206,0.004156218995215878,0.00045546370209912274,329,0.6737331,0.5587744,0.6755431067213523,0.003117164246411908,0.031234443,0.025755525,0.031137661788271487,0.00103905474880397,straight_channels
0.15,straight_bias,straight,h1_exc,40,25,1.8534259,0.045552798,1.5219814,0.03683729,0.8271484375000001,1.8400341286178281,0.04453528531584915,0.06647064129154283,0.004311407469374996,125,1.929293,1.583227,1.9140786010937396,0.06848363676444448,-0.075867176,-0.06124568,-0.0740444724759115,-0.002012995472901652,straight_channels
0.15,straight_bias,straight,h1_exc,41,25,2.9763186,0.09617836,2.420825,0.07640076,0.8271484375000001,2.9267117507000844,0.09236643625669715,0.12436186524747508,0.0029426300474250733,45,2.751073,2.241796,2.7102704416100414,0.12009694023032157,0.22524571,0.17902899,0.216441309090043,0.0042649250171535175,straight_channels
0.15,straight_bias,straight,h1_exc,42,25,0.6235513,0.010499994,0.5173624,0.008664536,0.8271484375000001,0.6254771216211132,0.010475188807956592,0.0012410866645544726,0.00036203103103961735,345,0.62796044,0.52100146,0.6298766091320296,0.0013204654099383778,-0.0044091344,-0.0036390424,-0.0043994875109163445,-7.937874538390516e-05,C_channels
0.15,straight_bias,straight,h1_exc,43,25,2.250045,0.09942642,1.8405133,0.07991975,0.8271484375000001,2.225130644540259,0.09662079955266847,0.10207991341201218,0.005168840114958566,81,2.1419036,1.7537035,2.120179756410843,0.09738973572643872,0.10814142,0.08680987,0.10495088812941589,0.004690177685573463,C_channels
0.15,straight_bias,straight,h1_exc,44,25,0.66974884,0.0117729595,0.5554764,0.0097084,0.8271484375000001,0.6715558882662914,0.011737191220702286,9.380355371146947e-05,4.55406541685323e-05,332,0.67278594,0.557986,0.6745899566558574,6.49409218002481e-05,-0.003037095,-0.002509594,-0.0030340683895659915,2.886263191122137e-05,C_channels
0.15,straight_bias,straight,h1_exc,45,25,1.942026,0.070590556,1.5931321,0.05695018,0.8271484375000001,1.9260535227778472,0.06885122461323284,0.08862992694138302,0.006236247640401966,112,1.9310242,1.5842421,1.9153056339891765,0.08800919814170648,0.011001825,0.008890033,0.010747888788670723,0.0006207287996765481,C_channels
0.15,straight_bias,straight,h1_exc,46,25,1.1764534,0.022764826,0.9715993,0.018612076,0.8271484375000001,1.1746371732297773,0.022501492823782596,0.028472986380419885,0.003400824268830856,236,1.1731104,0.96886665,1.1713334807796796,0.028285379272996944,0.003342986,0.0027326345,0.0033036924500977616,0.00018760710742294143,C_channels
0.15,straight_bias,straight,h1_exc,47,25,1.8268303,0.038926423,1.5005538,0.03151437,0.8271484375000001,1.8141288139867273,0.03810001369570615,0.07958870749519292,0.0035293776479855613,128,1.741826,1.4317765,1.730978939742946,0.07190403174883024,0.08500421,0.06877732,0.08314987424378129,0.007684675746362682,straight_channels
0.15,straight_bias,straight,h1_exc,48,25,1.7081264,0.105206475,1.4028766,0.0852558,0.8271484375000001,1.6960395919602913,0.1030719518909985,0.06691079642818894,0.007523476359129811,145,1.6191912,1.330959,1.609093371397479,0.061354739785278826,0.088935256,0.07191765,0.0869462205628122,0.005556056642910111,C_channels
0.15,straight_bias,straight,h1_exc,49,25,0.49397317,0.0067643356,0.41029894,0.0055957166,0.8271484375000001,0.49604030833622376,0.006765069120176421,0.00037521096103185464,0.00011357437794963481,368,0.49816975,0.41377068,0.5002375237564443,0.0003391359249568511,-0.004196584,-0.0034717321,-0.004197215420220501,3.607503607500355e-05,C_channels
0.15,straight_bias,straight,h1_exc,50,25,0.9769049,0.030014494,0.80805314,0.024601215,0.8271484375000001,0.9769142899298893,0.029742201499371228,0.012959321728138396,0.0021663173037477744,274,0.9771276,0.80822694,0.9771243603966531,0.012533566670833258,-0.00022268295,-0.00017380714,-0.00021007046676380092,0.00042575505730513795,straight_channels
0.15,straight_bias,straight,h1_exc,51,25,1.2241181,0.07948891,1.0096316,0.06489868,0.8271484375000001,1.220617245956432,0.07846073618222951,0.044873960910720295,0.00631447783523266,217,1.1895564,0.9815056,1.186613602417372,0.042196595182937564,0.034561753,0.028126061,0.03400364353906005,0.002677365727782731,C_channels
0.15,straight_bias,straight,h1_exc,52,25,0.8187485,0.012668172,0.6782172,0.010418738,0.8271484375000001,0.8199460889101262,0.012595971730545885,0.004076846757460019,0.0005807185269914516,305,0.806504,0.6681404,0.807763615990703,0.0037881495070800335,0.012244463,0.010076761,0.012182472919423204,0.00028869725037998506,straight_channels
0.15,straight_bias,straight,h1_exc,53,25,2.9987535,0.1157725,2.437993,0.09201119,0.8271484375000001,2.9474675371872716,0.11123903147397886,0.11778790234538607,0.0031277968821076378,43,2.9069202,2.3650134,2.859236840063653,0.11622981870648846,0.09183335,0.07297969,0.08823069712361864,0.0015580836388976033,straight_channels
0.15,straight_bias,straight,h1_exc,54,25,1.9316119,0.080127,1.5844918,0.06463017,0.8271484375000001,1.9156076881103772,0.07813612340441338,0.0676684405158585,0.004383516180723725,114,1.8926477,1.5529747,1.8775043066901336,0.06507801930182638,0.038964152,0.031517148,0.03810338142024361,0.002590421214032121,C_channels
0.15,straight_bias,straight,h1_exc,55,25,1.1147419,0.017658586,0.921132,0.014462099,0.8271484375000001,1.1136236646606696,0.017484285466881792,0.007547578244784389,0.0009159599740811024,249,1.1310426,0.93447614,1.1297563040206777,0.00875259312707788,-0.016300678,-0.013344109,-0.016132639360008083,-0.0012050148822934917,C_channels
0.15,straight_bias,straight,h1_exc,56,25,0.53980154,0.023175364,0.4481137,0.019142823,0.8271484375000001,0.5417572928802747,0.023143153431554195,0.002316226210875515,0.000535297758551114,362,0.5542858,0.4600999,0.5562483041794035,0.0022584983440018538,-0.014484286,-0.011986196,-0.014491011299128775,5.7727866873661434e-05,C_channels
0.15,straight_bias,straight,h1_exc,57,25,2.202265,0.029193066,1.8035288,0.023488268,0.8271484375000001,2.180417255221401,0.028396678078714762,0.11287453774680899,0.0024122710133639893,86,2.2997828,1.8818676,2.275126833382026,0.11789622246498055,-0.09751773,-0.07833886,-0.09470957816062464,-0.005021684718171562,C_channels
0.15,straight_bias,straight,h1_exc,58,25,1.992959,0.033389196,1.6348666,0.026963469,0.8271484375000001,1.9765093128260558,0.0325981010588228,0.10793181203201233,0.0026184886113969487,103,2.0442657,1.6762279,2.0265139125572578,0.1078957337421233,-0.051306725,-0.041361332,-0.05000459973120197,3.6078289889024395e-05,C_channels
0.15,straight_bias,straight,h1_exc,59,25,0.5445428,0.02110406,0.45204765,0.017441547,0.8271484375000001,0.5465133438784313,0.021086357016426603,0.00010823486966708014,5.511049812034162e-05,360,0.52841574,0.43871412,0.5303934202959224,6.49409218002481e-05,0.01612705,0.013333529,0.01611992358250891,4.329394786683204e-05,straight_channels
0.15,straight_bias,straight,h1_exc,60,25,1.1916381,0.012349324,0.9840769,0.010096678,0.8271484375000001,1.1897222965531578,0.012206608327957044,0.020369802471344484,0.0019129411073217925,231,1.2043003,0.99442863,1.2022371840798742,0.021827299655817894,-0.012662172,-0.0103517175,-0.012514887526716478,-0.0014574971844734108,C_channels
0.15,straight_bias,straight,h1_exc,61,25,4.535691,0.23484474,3.6368546,0.18176974,0.8271484375000001,4.39685848248367,0.21975468310082893,0.13169297375292532,0.0039254865006209195,8,4.608459,3.6930444,4.46479029062048,0.13235681428688342,-0.07276821,-0.056189775,-0.06793180813681055,-0.0006638405339580988,C_channels
0.15,straight_bias,straight,h1_exc,62,25,2.958093,0.05968056,2.4072316,0.04743297,0.8271484375000001,2.9102776279372127,0.05734517251589807,0.1294128258319388,0.0023162805337279425,46,2.7758124,2.2623181,2.735081153059275,0.1301776855775862,0.18228054,0.14491343,0.17519647487793755,-0.0007648597456473838,straight_channels
0.15,straight_bias,straight,h1_exc,63,25,1.2207596,0.019173797,1.0078495,0.015669871,0.8271484375000001,1.2184626516421617,0.018944449471301847,0.01126356336105478,0.0012525386476082432,218,1.2518673,1.0332634,1.249187368448062,0.013514927392429408,-0.031107664,-0.02541399,-0.030724716805900387,-0.0022513640313746273,straight_channels
0.15,straight_bias,straight,h1_exc,64,25,2.2225175,0.10374852,1.8182504,0.083276,0.8271484375000001,2.1982153371619977,0.10067842395996135,0.0925262267170876,0.005104066797695228,83,2.1721418,1.7779896,2.1495412548198907,0.09221610895635228,0.0503757,0.04026079,0.04867408234210702,0.0003101177607353206,C_channels
0.15,straight_bias,straight,h1_exc,65,25,1.3675021,0.028260434,1.1275704,0.023034785,0.8271484375000001,1.3632020160836391,0.027848428087812144,0.025478488319630666,0.002613192485701635,196,1.3927248,1.1481093,1.3880330168580037,0.02615662285859259,-0.02522266,-0.020538926,-0.02483100077436462,-0.0006781345389619241,C_channels
0.15,straight_bias,straight,h1_exc,66,25,1.3486191,0.021030977,1.1122293,0.017152041,0.8271484375000001,1.3446550594472557,0.020736350945844036,0.055747595008390764,0.0014128393867091035,204,1.288231,1.0629616,1.2850916741127196,0.05354739785329345,0.06038809,0.04926777,0.05956338533453609,0.002200197155097311,straight_channels
0.15,straight_bias,straight,h1_exc,67,25,1.2193379,0.039517127,1.0064944,0.03225947,0.8271484375000001,1.2168244017726524,0.039000826857405614,0.04086227112831166,0.0031761724901812815,220,1.2061015,0.9957003,1.203774644514541,0.04043654730762114,0.013236403,0.010794103,0.013049757258111416,0.0004257238206905184,C_channels
0.15,straight_bias,straight,h1_exc,68,25,1.5466446,0.05811767,1.2730036,0.047247864,0.8271484375000001,1.5390266962004397,0.05712138265907175,0.05490369166020387,0.0033341871285939273,173,1.4858735,1.2236868,1.4794041118092847,0.05305673311080269,0.060771108,0.049316764,0.05962258439115509,0.00184695854940118,straight_channels
0.15,straight_bias,straight,h1_exc,69,25,1.6333624,0.051348794,1.3435695,0.041686647,0.8271484375000001,1.6243390625779062,0.05039802443906674,0.05959377433440787,0.006264081401505358,157,1.6443982,1.3525035,1.6351399186401394,0.05810047803728862,-0.0110358,-0.008934021,-0.010800856062233244,0.001493296297119251,C_channels
0.15,straight_bias,straight,h1_exc,70,25,1.2978966,0.024795087,1.0708151,0.020230656,0.8271484375000001,1.2945862769624394,0.02445831371930932,0.05419680707129593,0.001987094039574891,210,1.271969,1.0496495,1.2689977628920015,0.05100730338075787,0.025927663,0.02116561,0.02558851407043794,0.0031895036905380605,C_channels
0.15,straight_bias,straight,h1_exc,71,25,1.2940896,0.022102343,1.0677276,0.01803932,0.8271484375000001,1.2908536291511612,0.021809046997302076,0.0384302215027042,0.003290165365704132,211,1.2835552,1.0591351,1.280465494684071,0.037506990168632175,0.010534406,0.008592486,0.010388134467090193,0.0009232313340720236,C_channels
0.15,straight_bias,straight,h1_exc,72,25,4.1423936,0.17820434,3.3347845,0.13883625,0.8271484375000001,4.0316638315895945,0.16784925221476002,0.12866239740224705,0.002740432107901331,16,3.9572918,3.1909492,3.857770819745633,0.1296509425452064,0.18510175,0.1438353,0.17389301184396144,-0.0009885451429593461,straight_channels
0.15,straight_bias,straight,h1_exc,73,25,0.6025359,0.0059055537,0.5000248,0.0048767454,0.8271484375000001,0.6045163737492463,0.0058958529663428825,0.00037521421484587787,8.708754151812797e-05,349,0.62297994,0.5169028,0.6249214595830221,0.0003968611887792939,-0.020444036,-0.016878009,-0.02040508583377587,-2.1646973933416014e-05,C_channels
0.15,straight_bias,straight,h1_exc,74,25,1.8621744,0.044525716,1.5290718,0.036002893,0.8271484375000001,1.8486063180434131,0.04352651814251307,0.07095835495486351,0.0029369557994411055,123,1.8389311,1.5102723,1.82587810015851,0.0702299990979794,0.023243308,0.018799543,0.02272821788490309,0.0007283558568841053,C_channels
0.15,straight_bias,straight,h1_exc,75,25,1.5739007,0.058261156,1.295154,0.04733319,0.8271484375000001,1.5658059708453251,0.057224538489684174,0.0648182556146254,0.004722452913596771,168,1.5320431,1.2611824,1.5247352576095685,0.06205451674283454,0.0418576,0.033971548,0.04107071323575662,0.0027637388717908565,C_channels
0.15,straight_bias,straight,h1_exc,76,25,3.2083936,0.27726543,2.5944061,0.21840116,0.8271484375000001,3.136566661759697,0.2640410710805189,0.09797354545068267,0.005709034902945501,33,3.0298045,2.4540277,2.9668527551172033,0.09562911517985422,0.1785891,0.14037848,0.16971390664249375,0.0023444302708284515,C_channels
0.15,straight_bias,straight,h1_exc,77,25,1.7417653,0.029337242,1.4317753,0.023776459,0.8271484375000001,1.730977475475697,0.02874509309369848,0.09096780012619195,0.0029755571864334925,141,1.7350588,1.4263387,1.724404748743619,0.0894164336609638,0.006706476,0.005436659,0.0065727267320780935,0.0015513664652281461,C_channels
0.15,straight_bias,straight,h1_exc,78,25,2.6841106,0.09532657,2.188236,0.07608966,0.8271484375000001,2.6455177133215297,0.09199032770023909,0.10815549742932429,0.004146428430681163,56,2.7910898,2.2733564,2.7484261907613523,0.11002435284557587,-0.10697913,-0.08512044,-0.10290847743982257,-0.0018688554162515775,C_channels
0.15,straight_bias,straight,h1_exc,79,25,1.5554187,0.022546416,1.280597,0.018325554,0.8271484375000001,1.5482068188342526,0.022155097814703213,0.08206367818158017,0.0029914885754306593,171,1.5918891,1.3102151,1.584014540508785,0.08243861061613163,-0.036470413,-0.029618144,-0.0358077216745325,-0.00037493243455145875,C_channels
0.15,straight_bias,straight,h1_exc,80,25,2.2958596,0.08433116,1.877756,0.06770376,0.8271484375000001,2.2701561014929617,0.08185200852209958,0.11539280238106304,0.004249686152011464,78,2.375597,1.9416112,2.347355205165977,0.11556597817253036,-0.079737425,-0.06385517,-0.0771991036730153,-0.00017317579146731987,C_channels
0.15,straight_bias,straight,h1_exc,81,25,1.0991167,0.019118825,0.90832865,0.015650976,0.8271484375000001,1.0981445986813745,0.018921604889935047,0.03711012897985288,0.0019464039559819435,255,1.04527,0.8642121,1.0448089754330354,0.033985749075463166,0.053846717,0.044116557,0.05333562324833907,0.0031243799043897125,straight_channels
0.15,straight_bias,straight,h1_exc,82,25,1.1410768,0.063240334,0.94209146,0.05171265,0.8271484375000001,1.138962921820935,0.06251919021012112,0.021221250112725513,0.0024426201282342634,240,1.1463313,0.9464257,1.144202975116867,0.02182013150352483,-0.005254507,-0.0043342113,-0.005240053295932023,-0.0005988813907993155,C_channels
0.15,straight_bias,straight,h1_exc,83,25,1.8831749,0.044833984,1.5460486,0.036228273,0.8271484375000001,1.8691307099514183,0.04379899955490791,0.07414088572194989,0.0038921379972739097,117,1.7939427,1.4739453,1.78195975607244,0.07751059799758499,0.08923221,0.07210338,0.08717095387897822,-0.003369712275635095,straight_channels
0.15,straight_bias,straight,h1_exc,84,25,3.8287747,0.14348362,3.0914364,0.112159505,0.8271484375000001,3.7374626678832725,0.13559779738855013,0.12826553621346778,0.0022739695157808393,20,3.7466223,3.0271816,3.659780592376147,0.12920315851620154,0.08215237,0.06425476,0.07768207550712569,-0.0009376223027337538,straight_channels
0.15,straight_bias,straight,h1_exc,85,25,1.5563643,0.03189055,1.2812837,0.025931463,0.8271484375000001,1.5490371448369797,0.03135043322228762,0.05797738495126609,0.002808672722211722,170,1.592151,1.3103294,1.5841526716408958,0.06062585941357419,-0.035786748,-0.029045701,-0.03511552680391605,-0.0026484744623081063,straight_channels
0.15,straight_bias,straight,h1_exc,86,25,0.5432578,0.016794967,0.45101243,0.013879225,0.8271484375000001,0.5452617657708686,0.016779605684199866,0.0002669793451787977,0.00010473066261174398,361,0.4828531,0.40106526,0.4848769913639317,0.000230901055289771,0.06040466,0.049947172,0.0603847744069369,3.60782898890267e-05,straight_channels
0.15,straight_bias,straight,h1_exc,87,25,2.142975,0.09480931,1.7545351,0.0762923,0.8271484375000001,2.121185310237603,0.0922353135338334,0.08959682511040894,0.004349201558184398,90,2.0370977,1.6694541,2.0183245598393373,0.08649409217995264,0.1058774,0.08508098,0.10286075039826548,0.0031027329304562923,C_channels
0.15,straight_bias,straight,h1_exc,88,25,1.4926178,0.047195364,1.229248,0.038391918,0.8271484375000001,1.4861274476516657,0.046414786528027704,0.0671128348515675,0.005292631841088595,182,1.302941,1.074872,1.2994910649418079,0.051923874808287244,0.18967688,0.15437603,0.18663638270985783,0.015188960043280249,straight_channels
0.15,straight_bias,straight,h1_exc,89,25,2.1132786,0.10258501,1.7303824,0.082433134,0.8271484375000001,2.091985209821365,0.09965941730821327,0.07016477249130791,0.0028675905176652294,93,2.0953245,1.7158067,2.0743637334995753,0.065907819969274,0.017954111,0.01457572,0.017621476321789675,0.0042569525220339105,straight_channels
0.15,straight_bias,straight,h1_exc,90,25,2.3086474,0.08716819,1.8879465,0.0700239,0.8271484375000001,2.2824759388218814,0.08465699904280556,0.09918643456291225,0.004171955188203229,76,2.302416,1.8828753,2.2763451094981266,0.09834220257950901,0.006231308,0.005071163,0.0061308293237547495,0.0008442319834032347,C_channels
0.15,straight_bias,straight,h1_exc,91,25,1.5209233,0.052034583,1.2521966,0.04234014,0.8271484375000001,1.5138715965884941,0.05118808062032788,0.06348294305129926,0.00559673773321781,177,1.4514734,1.1957723,1.4456562596171174,0.0578046360601986,0.0694499,0.05642426,0.06821533697137672,0.005678306991100654,straight_channels
0.15,straight_bias,straight,h1_exc,92,25,2.4670994,0.1312102,2.0134954,0.10474271,0.8271484375000001,2.434261253499161,0.12663109055041033,0.1081834880390773,0.004825372096054047,68,2.4293456,1.9833918,2.3978666834883056,0.10658248399016271,0.03775382,0.030103683,0.03639457001085544,0.0016010040489145977,C_channels
0.15,straight_bias,straight,h1_exc,93,25,1.6505667,0.031256348,1.3577996,0.025383158,0.8271484375000001,1.6415429027855375,0.03068754700118728,0.06506358798587078,0.0032179144775466508,154,1.615398,1.3292428,1.6070185306472167,0.05742942184535273,0.035168648,0.028556824,0.034524372138320825,0.007634166140518053,C_channels
0.15,straight_bias,straight,h1_exc,94,25,2.1787708,0.04024434,1.784509,0.032356262,0.8271484375000001,2.157422892351891,0.039117843273718485,0.10558594617843685,0.0024615579321104106,88,2.2154675,1.8140106,2.193089479417002,0.1108830161449347,-0.036696672,-0.029501677,-0.035666587065111166,-0.0052970699664978554,straight_channels
0.15,straight_bias,straight,h1_exc,95,25,0.8334955,0.023857677,0.6902822,0.01962547,0.8271484375000001,0.8345324346721114,0.02372665900996706,0.011357413769688183,0.0015972723753497366,302,0.7728296,0.64038414,0.7742070120898333,0.00829073505089714,0.060665905,0.049898088,0.06032542258227802,0.003066678718791044,C_channels
0.15,straight_bias,straight,h1_exc,96,25,0.54716456,0.0103053,0.4542704,0.008516424,0.8271484375000001,0.549200561080946,0.010296125555195232,0.0016163073870283967,0.00034345192908079433,359,0.52790827,0.4383543,0.5299584205087153,0.0013421084792949658,0.019256294,0.01591608,0.019242140572230615,0.000274198907733431,C_channels
0.15,straight_bias,straight,h1_exc,97,25,1.4331533,0.08138939,1.1801364,0.0659635,0.8271484375000001,1.4267528864967018,0.07974807892411331,0.04269504825467421,0.003681042416495125,189,1.3997056,1.1530594,1.3940174281040938,0.040912780734156294,0.033447623,0.027077079,0.03273545839260805,0.0017822675205179175,C_channels
0.15,straight_bias,straight,h1_exc,98,25,0.39766893,0.010380244,0.33056042,0.008599578,0.8271484375000001,0.39963856327650654,0.010396656087221607,0.0,0.0,379,0.39628407,0.32941344,0.3982519238097073,0.0,0.0013848543,0.0011469722,0.0013866394667992332,0.0,C_channels
0.15,straight_bias,straight,h1_exc,99,25,5.685617,0.35330853,4.5093374,0.26727876,0.8271484375000001,5.451666408596441,0.32313276376235195,0.11069540903751177,0.003397556622081,5,5.048432,4.028107,4.869872227041774,0.1130332822223207,0.6371851,0.48123026,0.5817941815546668,-0.0023378731848089362,straight_channels
0.15,straight_bias,straight,h1_exc,100,25,0.7781885,0.010429891,0.64484274,0.008585927,0.8271484375000001,0.7795973660775728,0.010380152270822665,0.005606531758326106,0.0009916579298054604,315,0.73677415,0.6107331,0.7383597090809211,0.0035068097772133966,0.04141438,0.034109652,0.04123765699665172,0.002099721981112709,straight_channels
0.15,straight_bias,straight,h1_exc,101,25,1.2138069,0.045519467,1.001891,0.037135616,0.8271484375000001,1.2112590447893163,0.044895952515756,0.01839271218542582,0.001926151611432191,222,1.1899638,0.98242515,1.1877252867955348,0.017663806433971793,0.02384305,0.019465864,0.023533757993781546,0.0007289057514540259,straight_channels
0.15,straight_bias,straight,h1_exc,102,25,1.4339168,0.03556232,1.1816167,0.028944537,0.8271484375000001,1.428542428609069,0.03499315924142699,0.03138083407224619,0.004262192967483935,188,1.5126399,1.245653,1.5059607255949965,0.03827184991427954,-0.07872307,-0.06403637,-0.07741829698592739,-0.006891015842033346,C_channels
0.15,straight_bias,straight,h1_exc,103,25,0.6243102,0.012914705,0.5179795,0.010658181,0.8271484375000001,0.62622313840159,0.012885452071605108,0.005144747869105094,0.00029070982509225423,344,0.6434103,0.5337384,0.6452752240026827,0.005786957698199885,-0.01910013,-0.015758872,-0.019052085601092617,-0.0006422098290947906,straight_channels
0.15,straight_bias,straight,h1_exc,104,25,0.6456666,0.020268096,0.5355645,0.016730241,0.8271484375000001,0.6474828980047336,0.020226406932241953,0.0028285262135692105,0.0005176863992457033,336,0.6537827,0.54226077,0.6555785275302547,0.002713082193552372,-0.008116126,-0.006696284,-0.00809562952552112,0.00011544402001683858,C_channels
0.15,straight_bias,straight,h1_exc,105,25,3.253614,0.118902646,2.6397922,0.09413153,0.8271484375000001,3.1914371051497885,0.11380246035704493,0.1259926039504591,0.0027560184944142143,31,3.2663617,2.6498296,3.203572104680249,0.12601425092439253,-0.012747765,-0.010037422,-0.01213499953046071,-2.1646973933420188e-05,C_channels
0.15,straight_bias,straight,h1_exc,106,25,0.58840716,0.0075721685,0.48835322,0.006252294,0.8271484375000001,0.5904057995465918,0.0075588532256758625,0.00136375935780521,0.00036244468612862913,354,0.59159434,0.4909864,0.5935892404900632,0.0013132438950953307,-0.0031871796,-0.0026331842,-0.0031834409434714495,5.05154627098792e-05,straight_channels
0.15,straight_bias,straight,h1_exc,107,25,0.44392264,0.022877194,0.36880028,0.01893365,0.8271484375000001,0.4458695063456032,0.022890268249764978,2.8862631911221374e-05,2.8862631911221374e-05,371,0.44643077,0.3708764,0.4483794629003105,2.886002886000283e-05,-0.0025081336,-0.0020761192,-0.0025099565547073155,2.6030512185445985e-09,C_channels
0.15,straight_bias,straight,h1_exc,108,25,1.3418198,0.014387725,1.1067215,0.011735626,0.8271484375000001,1.3379962839549648,0.014188052516346483,0.06437810047797927,0.0027228617859670064,205,1.3752754,1.1339941,1.3709680658578502,0.06790655722912609,-0.03345561,-0.027272582,-0.03297178190288541,-0.0035284567511468107,C_channels
0.15,straight_bias,straight,h1_exc,109,25,1.1108154,0.03829997,0.91772985,0.031317946,0.8271484375000001,1.1095105148985607,0.037862546353783826,0.028768828357509903,0.0015881320071018143,250,1.0985093,0.9076882,1.097370427904134,0.02824208532513011,0.012306094,0.010041654,0.012140086994426591,0.000526743032379793,C_channels
0.15,straight_bias,straight,h1_exc,110,25,1.7356182,0.030688738,1.4267812,0.02486598,0.8271484375000001,1.7249395925332711,0.030062294158940128,0.07633444574720272,0.0038959497337457258,143,1.6394707,1.3487887,1.6306488928080345,0.062321637954304746,0.09614754,0.07799244,0.09429069972523663,0.014012807792897972,straight_channels
0.15,straight_bias,straight,h1_exc,111,25,0.9339923,0.023616018,0.7728814,0.01938011,0.8271484375000001,0.934392623323798,0.023430026038838266,0.025110398655969944,0.0015848457414467966,285,0.93758255,0.7758328,0.9379606736606789,0.025363037791985777,-0.0035902262,-0.0029513836,-0.0035680503368809013,-0.00025263913601583296,straight_channels
0.15,straight_bias,straight,h1_exc,112,25,1.1769911,0.017795902,0.9720719,0.014554492,0.8271484375000001,1.175208491109529,0.017595985674632993,0.038755148021821825,0.0008836923486819151,235,1.2140021,1.0023323,1.2117925338435218,0.039851933891313474,-0.037011027,-0.030260444,-0.03658404273399274,-0.0010967858694916482,straight_channels
0.15,straight_bias,straight,h1_exc,113,25,0.29265127,0.008129403,0.24347968,0.006744722,0.8271484375000001,0.2943603400771197,0.008154185598721983,0.0005556056642910113,0.00023402734602050274,383,0.276942,0.23044258,0.27859881536014014,0.0003679985568680725,0.015709251,0.0130371,0.015761524716979558,0.00018760710742293882,C_channels
0.15,straight_bias,straight,h1_exc,114,25,1.0964811,0.009628387,0.90621436,0.00788546,0.8271484375000001,1.0955885299585872,0.009533306926736372,0.009315414449346698,0.0009624003580926657,256,1.0524004,0.8700984,1.0519253892065776,0.006378641652379923,0.044080734,0.036115944,0.04366314075200961,0.0029367727969667754,straight_channels
0.15,straight_bias,straight,h1_exc,115,25,0.930406,0.018159566,0.7699734,0.0149081675,0.8271484375000001,0.930876851363093,0.01802356959842474,0.005873545593933549,0.0009252915009530962,287,0.96895635,0.80161345,0.9691289394991819,0.0067682871831814114,-0.038550377,-0.031640053,-0.038252088136088935,-0.0008947415892478624,C_channels
0.15,straight_bias,straight,h1_exc,116,25,0.8443675,0.010709507,0.6992988,0.008805029,0.8271484375000001,0.8454332341801369,0.010645040502304536,0.017310247002212988,0.0011331822953570406,299,0.8364769,0.6928101,0.8375886587510679,0.01710102480823406,0.007890582,0.006488681,0.007844575429069023,0.00020922219397892863,C_channels
0.15,straight_bias,straight,h1_exc,117,25,1.2074183,0.0072949114,0.99699503,0.005962341,0.8271484375000001,1.2053398943203666,0.007208308424565647,0.04783259673487162,0.0008035475645057555,224,1.187538,0.9807402,1.1856882172225014,0.04594914796272607,0.019880295,0.016254842,0.019651677097865194,0.0018834487721455517,C_channels
0.15,straight_bias,straight,h1_exc,118,25,2.9456244,0.13704385,2.394973,0.10853898,0.8271484375000001,2.8954572141553485,0.13122067248659752,0.10207957306306537,0.0035295980564271803,48,2.9471781,2.3964524,2.897245989545101,0.10297465500126006,-0.0015537739,-0.0014793873,-0.0017887753897523062,-0.0008950819381946945,straight_channels
0.15,straight_bias,straight,h1_exc,119,25,1.0934163,0.077614,0.9027421,0.06347935,0.8271484375000001,1.0913906169937322,0.0767448107750672,0.0217407774871275,0.0036706464190669414,258,1.0402833,0.8593466,1.0389266925039475,0.01956866204857585,0.05313301,0.04339546,0.05246392448978465,0.002172115438551652,C_channels
0.15,straight_bias,straight,h1_exc,120,25,1.5675981,0.050844967,1.2901627,0.041267224,0.8271484375000001,1.559771512212923,0.0498909530027306,0.06487598087844784,0.0029881319518809506,169,1.5282493,1.258219,1.521152567482612,0.0629133219084848,0.03934884,0.03194368,0.03861894473031091,0.0019626589699630465,C_channels
0.15,straight_bias,straight,h1_exc,121,25,2.0102339,0.12012797,1.6466963,0.096683584,0.8271484375000001,1.9908111137018891,0.11688782642642315,0.08203481554966893,0.008106605751570418,100,1.9989803,1.6377069,1.9799431059977213,0.08123387751413254,0.011253595,0.008989453,0.010868007704167848,0.0008009380355363943,C_channels
0.15,straight_bias,straight,h1_exc,122,25,0.971957,0.0138264345,0.804108,0.011343856,0.8271484375000001,0.97214481119752,0.013714414111745166,0.014308649769987995,0.0014710742973313771,276,0.9316777,0.7710426,0.9321695283969776,0.010101848283493363,0.04027933,0.03306544,0.03997528280054241,0.004206801486494632,C_channels
0.15,straight_bias,straight,h1_exc,123,25,1.8633794,0.032440454,1.5301945,0.02622634,0.8271484375000001,1.8499636822536853,0.03170693243900261,0.0893078857743877,0.002452650063428213,122,1.8774235,1.5415459,1.8636869909167297,0.09017407774863337,-0.014044166,-0.011351347,-0.013723308663044387,-0.0008661919742456725,C_channels
0.15,straight_bias,straight,h1_exc,124,25,0.40574294,0.013080135,0.33723915,0.010835127,0.8271484375000001,0.4077129919128857,0.013099373785149818,5.05096058446374e-05,2.446948672542311e-05,376,0.37984356,0.31577876,0.3817679467823855,7.215657977805343e-06,0.02589938,0.021460384,0.025945045130500166,4.3293947866832055e-05,straight_channels
0.15,straight_bias,straight,h1_exc,125,25,1.5501026,0.023660913,1.2762674,0.019235127,0.8271484375000001,1.5429725822534954,0.023254745937957764,0.07619734824562442,0.00217980258419342,172,1.4815212,1.220502,1.475553740370076,0.07248850004503248,0.06858134,0.05576539,0.0674188418834194,0.0037088482005919465,straight_channels
0.15,straight_bias,straight,h1_exc,126,25,0.7509783,0.008437652,0.62244093,0.006948314,0.8271484375000001,0.752514218507089,0.0084003227948022,0.002669793451787977,0.0004888353107046528,322,0.7852063,0.6506264,0.7865896630248411,0.0035068097772133966,-0.034228027,-0.028185487,-0.03407544451775213,-0.0008370163254254196,C_channels
0.15,straight_bias,straight,h1_exc,127,25,0.80685675,0.016462075,0.6684139,0.013550753,0.8271484375000001,0.8080942117935982,0.016382492184006964,0.007035266528360209,0.0007865149943743836,312,0.7978344,0.6609913,0.7991204672518522,0.006609542707669694,0.009022355,0.0074225664,0.008973744541746043,0.0004257238206905149,C_channels
0.25,C_bias,C,h1_exc,0,25,5.1093926,0.11182746,7.903429,0.1591855,1.6533203125,4.780337424479088,0.09628230666259062,0.2338858627333999,0.00203663111886008,10,4.6499205,7.245043,4.382116847202967,0.22765775580304393,0.45947218,0.65838623,0.3982205772761205,0.00622810693035597,C_channels
0.25,C_bias,C,h1_exc,1,25,1.9552482,0.01883192,3.1821725,0.029697264,1.6533203125,1.924716369920425,0.017962196177858533,0.21035447917521968,0.001868220303888954,140,2.0334585,3.3052564,1.9991627167918333,0.20921344216548532,-0.078210235,-0.12308383,-0.07444634687140828,0.0011410370097343636,straight_channels
0.25,C_bias,C,h1_exc,2,25,2.264857,0.03365033,3.6671457,0.052475836,1.6533203125,2.2180491458060705,0.03173966663579922,0.1773032766276902,0.004279886582695883,107,2.091972,3.3968158,2.054541793446688,0.17212100896658666,0.17288494,0.27032995,0.16350735235938263,0.0051822676611035234,C_channels
0.25,C_bias,C,h1_exc,3,25,0.928171,0.016581642,1.5362103,0.02704589,1.6533203125,0.9291667898706184,0.016358530731748137,0.024168272856763453,0.0020040702401092677,291,0.97935873,1.6194625,0.9795212390686002,0.02644766613590342,-0.051187754,-0.08325219,-0.05035444919798182,-0.0022793932791399657,C_channels
0.25,C_bias,C,h1_exc,4,25,0.59411186,0.0076866937,0.98885447,0.012665691,1.6533203125,0.5981021570485803,0.007660760604972461,0.0,0.0,345,0.6293065,1.0468179,0.6331609784318851,6.704097879823427e-06,-0.035194635,-0.05796343,-0.03505882138330485,-6.704097879823427e-06,straight_channels
0.25,C_bias,C,h1_exc,5,25,0.67323387,0.007964964,1.1190757,0.013094194,1.6533203125,0.6768655590705238,0.007919938062357254,0.0032783038632336558,0.0003388278747846289,332,0.80148625,1.3294165,0.804088922313684,0.0039353054554563515,-0.12825239,-0.21034086,-0.1272233632431602,-0.0006570015922226957,C_channels
0.25,C_bias,C,h1_exc,6,25,2.7288795,0.054175407,4.384593,0.08326183,1.6533203125,2.6519925290902813,0.050360373830987196,0.21045504064341702,0.002718739008374372,72,2.5419314,4.0967045,2.477864877908174,0.19459859249038497,0.18694806,0.28788853,0.17412765118210727,0.015856448153032054,C_channels
0.25,C_bias,C,h1_exc,7,25,2.8548956,0.028102811,4.579147,0.04305916,1.6533203125,2.769666994470532,0.026044051542212805,0.22285542072766876,0.00200039199917916,61,2.8457649,4.5652165,2.7612413078705784,0.21389424285576644,0.009130716,0.013930321,0.008425686599953686,0.008961177871902315,straight_channels
0.25,C_bias,C,h1_exc,8,25,1.4195895,0.028926248,2.3303385,0.046328876,1.6533203125,1.4094900879889303,0.028021718229727176,0.05861375754864417,0.0021848551645017697,210,1.3516152,2.2214112,1.3436060224495565,0.05959919870464463,0.06797433,0.10892725,0.06588406553937376,-0.0009854411560004661,C_channels
0.25,C_bias,C,h1_exc,9,25,0.7017956,0.0073235873,1.1660066,0.01202704,1.6533203125,0.7052514937454443,0.007274476666373813,0.008990163236265107,0.0006575674317162095,329,0.70295197,1.1679087,0.7064019080132573,0.006134249560038436,-0.0011563897,-0.0019021034,-0.001150414267813038,0.002855913676226671,straight_channels
0.25,C_bias,C,h1_exc,10,25,1.0749117,0.0066129877,1.7749469,0.010727253,1.6533203125,1.0735650638329555,0.006488308985735087,0.040673761836888735,0.000793930981059568,263,1.0765908,1.7776777,1.0752167032712454,0.03924578898848634,-0.0016790628,-0.0027307272,-0.0016516394382899424,0.0014279728484023965,straight_channels
0.25,C_bias,C,h1_exc,11,25,0.93563056,0.024929125,1.5481427,0.040620036,1.6533203125,0.9363840366244404,0.024568763393702713,0.05460487723116181,0.0025223657850473946,288,0.77499944,1.2858804,0.7777563790035217,0.0361149752786088,0.16063112,0.26226223,0.15862765762091868,0.018489901952553005,straight_channels
0.25,C_bias,C,h1_exc,12,25,1.7068552,0.015933039,2.7892218,0.025312258,1.6533203125,1.6870426032226424,0.015309953443670678,0.14055141205049815,0.002037225955811286,165,1.6846462,2.7539475,1.6657071584591163,0.1382246519098674,0.022208929,0.035274267,0.021335444763526112,0.0023267601406307403,straight_channels
0.25,C_bias,C,h1_exc,13,25,8.993734,0.26402014,13.102867,0.33372527,1.6533203125,7.925183589653645,0.20185155597586887,0.23921562054785953,0.002456534301109753,1,7.106635,10.650325,6.441779623618533,0.2331081873793404,1.8870993,2.4525423,1.4834039660351115,0.0061074331685191385,C_channels
0.25,C_bias,C,h1_exc,14,25,1.7030094,0.03368024,2.782563,0.053517412,1.6533203125,1.6830150068482288,0.03236965691124016,0.07676862482185806,0.0021563577374533295,166,1.6631263,2.7192383,1.6447134644226282,0.07582983315404583,0.039883018,0.06332469,0.03830154242560058,0.0009387916678122304,straight_channels
0.25,C_bias,C,h1_exc,15,25,1.0139583,0.0049561257,1.6759952,0.008051195,1.6533203125,1.0137147730143596,0.00486971281821073,0.011665066831501075,0.001231930165825253,271,0.97927934,1.6196051,0.9796075607326528,0.007086177529578653,0.034678996,0.056390166,0.03410721228170688,0.004578889301922421,straight_channels
0.25,C_bias,C,h1_exc,16,25,2.3423395,0.04275209,3.7874527,0.06655374,1.6533203125,2.290816099367716,0.040254595969598364,0.17079359758638163,0.001567194311654933,95,2.1004534,3.4098835,2.0624457372577853,0.15503792774265482,0.24188614,0.3775692,0.22837036210993045,0.01575566984372681,C_channels
0.25,C_bias,C,h1_exc,17,25,1.0197034,0.008415762,1.6853017,0.013677998,1.6533203125,1.019343683844903,0.008273048071798432,0.028747171708682854,0.0009682877513112435,269,0.9755835,1.6135522,0.97594658195422,0.022384982820730422,0.044119895,0.07174945,0.04339710189068302,0.006362188887952432,C_channels
0.25,C_bias,C,h1_exc,18,25,1.8142487,0.031106753,2.9590912,0.049210902,1.6533203125,1.7897869912603845,0.029764892121752654,0.16161568758890335,0.00252090869683677,154,1.6983197,2.7754087,1.6786877851802935,0.15320204474972496,0.11592901,0.18368244,0.11109920608009105,0.008413642839178392,C_channels
0.25,C_bias,C,h1_exc,19,25,1.6613433,0.024629774,2.7166464,0.039101593,1.6533203125,1.6431458710789641,0.023650344257510843,0.15491829380695976,0.002049249104568406,174,1.4598621,2.3951457,1.4486882364939058,0.13104451757764973,0.20148122,0.32150078,0.19445763458505838,0.02387377622931003,C_channels
0.25,C_bias,C,h1_exc,20,25,3.4919894,0.06226778,5.542705,0.09345006,1.6533203125,3.3524690850462004,0.05652266078511478,0.19972780317709135,0.0015185269229521824,35,3.3087173,5.2673573,3.1859265326165755,0.19506913600922224,0.18327212,0.2753477,0.1665425524296249,0.004658667167869113,straight_channels
0.25,C_bias,C,h1_exc,21,25,4.1165853,0.095195346,6.4675,0.13984339,1.6533203125,3.911825092627237,0.08458336169159725,0.23868599681535346,0.003371008700354539,25,3.6171677,5.7286696,3.464948191811979,0.2316533981394187,0.49941754,0.73883057,0.446876900815258,0.007032598675934754,C_channels
0.25,C_bias,C,h1_exc,22,25,2.325454,0.02842775,3.7617855,0.044244055,1.6533203125,2.2752915129288334,0.026760727340785665,0.24543031928245582,0.00234405629065639,100,2.2724261,3.6792703,2.225382685982476,0.2417296572527933,0.05302787,0.08251524,0.049908826946357454,0.003700662029662516,C_channels
0.25,C_bias,C,h1_exc,23,25,3.412732,0.044665303,5.424753,0.06721044,1.6533203125,3.281126666786777,0.040651798368546245,0.21069638816709066,0.0032977290969660425,39,3.4113455,5.4225807,3.2798123278808164,0.20476326154344693,0.001386404,0.00217247,0.0013143389059604438,0.005933126623643731,C_channels
0.25,C_bias,C,h1_exc,24,25,1.4587762,0.014578911,2.3935344,0.02335116,1.6533203125,1.4477136178956218,0.014123797110734212,0.11357412218208868,0.0024824195095334116,202,1.5260255,2.501152,1.512805511283297,0.11397636805487808,-0.0672493,-0.10761762,-0.06509189338767518,-0.0004022458727894057,straight_channels
0.25,C_bias,C,h1_exc,25,25,3.3345492,0.04235144,5.3071613,0.063884296,1.6533203125,3.210001653373203,0.03864000081697633,0.2317606637054959,0.0022141714779639735,43,3.1895862,5.088203,3.077566246890562,0.2274432246708896,0.14496303,0.21895838,0.1324354064826414,0.004317439034606296,straight_channels
0.25,C_bias,C,h1_exc,26,25,3.107698,0.046814606,4.9637294,0.07107174,1.6533203125,3.0022792429528415,0.04298727570761458,0.21939160311722167,0.004456933229917615,51,3.1067648,4.962446,3.0015032305166023,0.20981071863836084,0.0009331703,0.0012831688,0.0007760124362392595,0.009580884478860824,C_channels
0.25,C_bias,C,h1_exc,27,25,1.9489366,0.058388397,3.1703491,0.091844365,1.6533203125,1.9175649156758034,0.05555146452338265,0.14431241096107908,0.003597724629180567,141,1.7035649,2.7828405,1.6831830125139284,0.12493756808838938,0.2453717,0.38750863,0.23438190316187502,0.0193748428726897,C_channels
0.25,C_bias,C,h1_exc,28,25,2.3729663,0.024890197,3.83582,0.038689055,1.6533203125,2.320070664173421,0.023400821963168672,0.1974893153438385,0.002080087944372574,92,2.282652,3.6953263,2.2350939741325386,0.18609841488151446,0.09031439,0.14049363,0.08497669004088237,0.01139090046232405,straight_channels
0.25,C_bias,C,h1_exc,29,25,4.4718237,0.060489975,6.9900184,0.08788281,1.6533203125,4.227866753536855,0.053155342482136055,0.25541855438837396,0.001922030731321698,20,4.388046,6.868232,4.154205296418156,0.25004273862377435,0.083777905,0.121786594,0.07366145711869887,0.005375815764599612,C_channels
0.25,C_bias,C,h1_exc,30,25,0.7535915,0.005779169,1.2510028,0.009471883,1.6533203125,0.7566608784712301,0.005729006525063536,0.013314338389329326,0.00047098772748481265,316,0.74012184,1.2289165,0.7433021553627944,0.01198017403773051,0.013469636,0.022086263,0.013358723108435666,0.0013341643515988166,straight_channels
0.25,C_bias,C,h1_exc,31,25,0.5041926,0.0038248936,0.8404718,0.006321308,1.6533203125,0.5083538834478847,0.003823401904454719,0.002936394871362661,0.00044471217783416796,365,0.49667513,0.82804346,0.5008366710745689,0.0026749350540495476,0.007517457,0.012428343,0.007517212373315818,0.00026145981731311337,straight_channels
0.25,C_bias,C,h1_exc,32,25,0.94222695,0.005632285,1.5592718,0.009172674,1.6533203125,0.9431154132542074,0.005548031856941867,0.019924578898835227,0.0007469956640421456,286,0.9843788,1.6278893,0.9846182117517038,0.021077683734164854,-0.04215187,-0.06861746,-0.041502798497496385,-0.001153104835329627,C_channels
0.25,C_bias,C,h1_exc,33,25,1.2995263,0.006788957,2.1379168,0.010927866,1.6533203125,1.2931049533238956,0.006609648783352079,0.09179124476211839,0.0008825166245607311,232,1.2686555,2.0881894,1.2630277456554762,0.08656331182428008,0.030870795,0.04972744,0.03007720766841948,0.005227932937838312,straight_channels
0.25,C_bias,C,h1_exc,34,25,0.59473205,0.0065069674,0.9898875,0.010723114,1.6533203125,0.5987269782294585,0.006485805380414235,0.016773601212981618,0.0007221819605127376,344,0.63797575,1.0611054,0.6418026667540812,0.01664622447679403,-0.043243706,-0.071217895,-0.043075688524622624,0.00012737673618758855,straight_channels
0.25,C_bias,C,h1_exc,35,25,0.86663574,0.017833846,1.4357861,0.029128576,1.6533203125,0.8684258775183515,0.017618228537215935,0.041337467526991245,0.0015784283196978337,301,0.6675451,1.1096599,0.6711705947180637,0.021312327159958674,0.19909066,0.32612622,0.1972552828002878,0.02002514036703257,C_channels
0.25,C_bias,C,h1_exc,36,25,8.598828,0.32050264,12.583737,0.40864807,1.6533203125,7.61119137175068,0.2471681131728688,0.2233805413557166,0.001768053563739844,2,6.8093147,10.24153,6.194523079318863,0.21543618536812584,1.7895136,2.342207,1.416668292431817,0.007944355987590773,C_channels
0.25,C_bias,C,h1_exc,37,25,1.2980468,0.020387482,2.1353,0.03280838,1.6533203125,1.2915221866332696,0.019843932850244092,0.048215492760633534,0.002771895641916313,233,1.2646306,2.0814483,1.2589504155431763,0.04418000502803638,0.03341627,0.053851604,0.03257177109009324,0.004035487732597154,C_channels
0.25,C_bias,C,h1_exc,38,25,0.86200815,0.005026155,1.4284182,0.008208089,1.6533203125,0.8639693521696789,0.004964608508141075,0.017960231593591117,0.00045683561997267834,303,0.7611383,1.2633824,0.7641485834290792,0.009211430486877389,0.100869834,0.16503572,0.09982076874059964,0.008748801106713729,C_channels
0.25,C_bias,C,h1_exc,39,25,0.58160263,0.0051136,0.96825624,0.008431797,1.6533203125,0.5856434447213039,0.0050999172461443885,0.001877143473998862,0.00018359991006880032,349,0.597287,0.994112,0.6012821672621984,0.0021386072236636734,-0.015684366,-0.02585578,-0.01563872254089449,-0.0002614637496648113,straight_channels
0.25,C_bias,C,h1_exc,40,25,1.9158734,0.026116058,3.1198826,0.041247595,1.6533203125,1.8870406292759623,0.024948338039526157,0.10220397217790815,0.004556197844316365,144,1.7829212,2.9096801,1.7599010929344288,0.08606015731281488,0.13295221,0.21020246,0.12713953634153352,0.016143814865093267,straight_channels
0.25,C_bias,C,h1_exc,41,25,2.1753187,0.041562613,3.5268922,0.06502925,1.6533203125,2.1332177057366217,0.03933251817244546,0.15922232464580638,0.0029936474548873963,116,2.0880098,3.3900821,2.050469072155609,0.15136512193065332,0.08730888,0.13681006,0.08274863358101259,0.007857202715153055,straight_channels
0.25,C_bias,C,h1_exc,42,25,0.79437757,0.006003436,1.3178172,0.009829638,1.6533203125,0.7970731485356075,0.00594539234687969,0.007696304366037294,0.0007579831860481712,310,0.6402334,1.0648167,0.6440474756157435,0.00419005218665719,0.15414417,0.2530005,0.15302567291986402,0.003506252179380104,C_channels
0.25,C_bias,C,h1_exc,43,25,3.378945,0.060698215,5.3729496,0.0914329,1.6533203125,3.2497935236102276,0.05530259310642541,0.23044666052105048,0.0031522403982096295,41,2.6332998,4.2380104,2.5633328371427773,0.20152518226749222,0.7456453,1.1349392,0.6864606864674503,0.028921478253558258,C_channels
0.25,C_bias,C,h1_exc,44,25,0.6182377,0.007037079,1.0286049,0.011580789,1.6533203125,0.6221449612584086,0.007004564615251246,0.0005296237325060507,0.00016469445734052394,341,0.6727771,1.1183362,0.6764183534378919,0.0004893991452271101,-0.054539442,-0.089731336,-0.05427339217948335,4.022458727894059e-05,C_channels
0.25,C_bias,C,h1_exc,45,25,2.0397744,0.02650268,3.3149755,0.04164795,1.6533203125,2.0050413288261972,0.025190490130704474,0.15220313416563125,0.0034810416302420606,129,2.1363451,3.4664075,2.09663385194505,0.15912125028659477,-0.09657073,-0.15143204,-0.09159252311885258,-0.006918116120963519,C_channels
0.25,C_bias,C,h1_exc,46,25,1.3940719,0.01776734,2.2897282,0.028483877,1.6533203125,1.3849272080106882,0.01722828682656926,0.10379954747330611,0.0024759391638183455,216,1.4343411,2.354255,1.4239557905419036,0.09903293388075167,-0.040269136,-0.0645268,-0.03902858253121533,0.004766613592554439,C_channels
0.25,C_bias,C,h1_exc,47,25,1.4567035,0.01220519,2.3902547,0.019536287,1.6533203125,1.4457298924110904,0.011816394898905454,0.08056314422183812,0.0018152647505760581,204,1.443525,2.3691604,1.4329711005416426,0.07954412134410496,0.013178587,0.021094322,0.012758791869447839,0.0010190228777331584,straight_channels
0.25,C_bias,C,h1_exc,48,25,2.9286792,0.075905986,4.689046,0.11547477,1.6533203125,2.8361388519945,0.06984415820675313,0.23043325232529083,0.004377241163469857,55,2.3790045,3.8438544,2.324930213344781,0.20600351965121427,0.54967475,0.8451915,0.5112086386497188,0.024429732674076554,C_channels
0.25,C_bias,C,h1_exc,49,25,0.5594791,0.0070047574,0.93175215,0.011559403,1.6533203125,0.5635642290812588,0.006991629267961659,0.008889633788645865,0.0007408382060404173,352,0.50941515,0.8490857,0.5135639265512473,0.00599342698986781,0.050063968,0.08266646,0.05000030253001153,0.002896206798778055,C_channels
0.25,C_bias,C,h1_exc,50,25,0.7907183,0.01583939,1.3116863,0.025938993,1.6533203125,0.7933648500263993,0.015689030510969787,0.019488704116092756,0.002018810246699775,311,0.7151242,1.1877987,0.7184323157779109,0.010022578580351126,0.07559413,0.12388754,0.07493253424848845,0.00946612553574163,straight_channels
0.25,C_bias,C,h1_exc,51,25,2.4650831,0.06716477,3.9764755,0.104173355,1.6533203125,2.405145252729659,0.06300857456768366,0.18557546322631013,0.004807597742958774,89,1.9916961,3.2381475,1.9585724591279345,0.15514623313487375,0.473387,0.738328,0.4465727936017245,0.030429230091436388,C_channels
0.25,C_bias,C,h1_exc,52,25,0.64837575,0.0063382746,1.0782149,0.010427235,1.6533203125,0.6521512124036122,0.006306844921206019,0.003968825944855469,0.0003269636945715643,337,0.65681463,1.0920954,0.6605467830391138,0.003318512159341278,-0.008438885,-0.013880491,-0.00839557063550167,0.0006503137855141906,straight_channels
0.25,C_bias,C,h1_exc,53,25,2.8657978,0.05953165,4.5942097,0.09107215,1.6533203125,2.778777659193188,0.05508439561000536,0.1928018066233259,0.002653781305196807,60,2.4774778,3.99697,2.4175411994300076,0.17366965557682587,0.38831997,0.59723973,0.3612364597631803,0.01913215104650004,straight_channels
0.25,C_bias,C,h1_exc,54,25,2.2843401,0.06667327,3.6955292,0.103761345,1.6533203125,2.2352166068473904,0.062759372636211,0.14155032263459183,0.004383330906190484,104,2.2512217,3.6437452,2.203895426994011,0.14649794686990153,0.033118486,0.05178404,0.031321179853379455,-0.0049476242353097,C_channels
0.25,C_bias,C,h1_exc,55,25,1.2882777,0.00930298,2.1197772,0.014991481,1.6533203125,1.2821333890674935,0.009067499540420874,0.04477666973934067,0.001914405401289067,237,1.2730097,2.0951746,1.2672526416862937,0.03333277465848208,0.015268087,0.024602652,0.014880747381199821,0.011443895080858593,C_channels
0.25,C_bias,C,h1_exc,56,25,0.5869778,0.015250214,0.97698176,0.025112871,1.6533203125,0.5909210281096242,0.015189356451177414,0.017698818402733848,0.0016225151909067001,348,0.5768429,0.96030396,0.5808335687213426,0.013354522529562233,0.010134876,0.016677797,0.010087459388281594,0.004344295873171615,C_channels
0.25,C_bias,C,h1_exc,57,25,2.8190265,0.03522827,4.523945,0.053973295,1.6533203125,2.7362784554669277,0.0326453947864953,0.21275454621619644,0.002657489939372092,66,2.5819404,4.1593823,2.5157752819630606,0.20923427127066282,0.23708606,0.3645625,0.22050317350386717,0.0035202749455336135,C_channels
0.25,C_bias,C,h1_exc,58,25,2.1761048,0.016893607,3.5290003,0.026436677,1.6533203125,2.134492820632188,0.015990052018727205,0.23045261129269798,0.0017033671929584566,115,2.3151274,3.7459803,2.2657317217506834,0.226115045920339,-0.13902259,-0.21697998,-0.13123890111849557,0.004337565372358992,C_channels
0.25,C_bias,C,h1_exc,59,25,0.4532422,0.0068363287,0.7561593,0.011317519,1.6533203125,0.4573580120834489,0.006845327449827836,0.0019642843876169457,0.000409453156697376,373,0.45218033,0.7544011,0.45629459292133767,0.00240677113885661,0.0010618865,0.0017582178,0.0010634191621112232,-0.0004424867512396644,straight_channels
0.25,C_bias,C,h1_exc,60,25,1.5770898,0.01765569,2.5825965,0.028164046,1.6533203125,1.5620665536979852,0.017034839274115147,0.09299224283230174,0.0023333828147416324,186,1.5681939,2.5683963,1.5534777586653945,0.0885468108058204,0.008895874,0.014200211,0.00858879503259069,0.004445432026481344,C_channels
0.25,C_bias,C,h1_exc,61,25,5.287424,0.109632865,8.156853,0.15532248,1.6533203125,4.933618915817922,0.09394578368280904,0.2583290036032361,0.002334586779413648,9,4.802799,7.465696,4.515577327051381,0.25102153691422857,0.48462486,0.69115686,0.41804158876654096,0.007307466689007502,C_channels
0.25,C_bias,C,h1_exc,62,25,2.7610748,0.028255628,4.4353156,0.043336846,1.6533203125,2.682671692648814,0.026212007359839865,0.2337651889715631,0.0023493311938683776,70,2.6805935,4.311692,2.607898857805001,0.22632364032495908,0.08048129,0.12362337,0.07477283484381303,0.007441548646604013,straight_channels
0.25,C_bias,C,h1_exc,63,25,1.0451267,0.010019249,1.7265763,0.016256599,1.6533203125,1.0443084368825866,0.009832697870082743,0.032286935389229623,0.002047424248371637,268,0.9785653,1.6184138,0.9788870791123059,0.018577055224990716,0.0665614,0.10816252,0.06542135777028069,0.013709880164238908,straight_channels
0.25,C_bias,C,h1_exc,64,25,2.9109418,0.058207568,4.663333,0.088866964,1.6533203125,2.8205866645424202,0.053750602980737465,0.2279929606970351,0.0032722236357444513,56,2.7985108,4.491396,2.7165913708990574,0.2249895248468742,0.11243105,0.17193699,0.1039952936433628,0.003003435850160885,C_channels
0.25,C_bias,C,h1_exc,65,25,1.584093,0.01756381,2.5937705,0.027990306,1.6533203125,1.5688250756502398,0.016929753216699574,0.11604793429974353,0.004405033187407954,183,1.6967894,2.7731423,1.6773171021370485,0.1271560627220827,-0.11269641,-0.17937183,-0.10849202648680878,-0.011108128422339186,C_channels
0.25,C_bias,C,h1_exc,66,25,1.0760173,0.0072110095,1.7767348,0.011689401,1.6533203125,1.074646389044224,0.007070258239841523,0.06553926087315382,0.0008379273121018066,260,1.0973592,1.8113396,1.0955769035827925,0.06856951311483402,-0.02134192,-0.034604788,-0.020930514538568534,-0.003030252241680201,straight_channels
0.25,C_bias,C,h1_exc,67,25,1.6332706,0.021220146,2.6720588,0.033769544,1.6533203125,1.616177206611988,0.020425288482512773,0.13414229447738696,0.0021765073432583144,178,1.6301991,2.6672163,1.613248240159311,0.12711597913770034,0.0030715466,0.0048425198,0.00292896645267704,0.007026315339686617,C_channels
0.25,C_bias,C,h1_exc,68,25,1.3315812,0.024598842,2.1891437,0.0395192,1.6533203125,1.3240892162326943,0.023902928654810026,0.07075504902365645,0.001737137713744321,226,1.2810711,2.1078866,1.2749414619892052,0.06892483030246466,0.050510168,0.081257105,0.04914775424348905,0.0018302187211917953,straight_channels
0.25,C_bias,C,h1_exc,69,25,2.0776975,0.031625047,3.3743527,0.049662683,1.6533203125,2.040955259593174,0.03003814992134725,0.18266655493154893,0.004241118241352236,126,2.0752425,3.3705451,2.0386521410675296,0.17798039051355233,0.002454996,0.0038075447,0.0023031185256443543,0.004686164417996602,C_channels
0.25,C_bias,C,h1_exc,70,25,1.527516,0.012796903,2.5035348,0.020450182,1.6533203125,1.514246687948753,0.012369158687062157,0.13771557864733283,0.0013719779750179452,190,1.3902807,2.283776,1.3813269629977625,0.12125701835236632,0.13723528,0.21975875,0.13291972495099058,0.016458560294966507,C_channels
0.25,C_bias,C,h1_exc,71,25,1.6725755,0.011852325,2.7348037,0.018864335,1.6533203125,1.6541282478952906,0.01140996986385345,0.1568077989094022,0.002244560678254904,172,1.5732085,2.5765536,1.558411637336453,0.13402162071555013,0.09936702,0.1582501,0.09571661055883762,0.022786178193852064,C_channels
0.25,C_bias,C,h1_exc,72,25,4.3689,0.068227604,6.8395433,0.09948371,1.6533203125,4.136853274871455,0.060172072367163335,0.24326489566727288,0.0023880080715639697,22,4.0426064,6.361666,3.8478123152161263,0.2353473560712014,0.32629347,0.47787714,0.2890409596553285,0.007917539596071471,straight_channels
0.25,C_bias,C,h1_exc,73,25,0.8570349,0.0046174815,1.4202967,0.0075425454,1.6533203125,0.8590571389961267,0.004562059323755556,0.01992451485767901,0.0004271250792718614,305,0.826328,1.3701046,0.8286987557396632,0.02090329685696191,0.030706942,0.050192118,0.03035838325646345,-0.000978781999282901,C_channels
0.25,C_bias,C,h1_exc,74,25,2.3910112,0.026618555,3.8638117,0.04135439,1.6533203125,2.3370012006554832,0.02501293454773342,0.1812318779852667,0.0017995935035081737,91,2.3168962,3.7485328,2.2672754980445062,0.17257018352453482,0.07411504,0.11527896,0.06972570261097699,0.008661694460731867,C_channels
0.25,C_bias,C,h1_exc,75,25,1.6810902,0.020516112,2.748169,0.032623615,1.6533203125,1.6622120280258117,0.019732181460709947,0.14799910864809904,0.0023802027998362793,169,1.9578004,3.1859636,1.9270093363492615,0.15628592977444372,-0.27671015,-0.4377947,-0.26479730832344983,-0.008286821126344684,C_channels
0.25,C_bias,C,h1_exc,76,25,5.293511,0.16496575,8.157586,0.23243567,1.6533203125,4.934062666276698,0.14058720238011657,0.21723958769779833,0.0019089440473310094,8,4.235081,6.6362996,4.013922296029938,0.20808849409183935,1.0584297,1.5212865,0.9201403702467594,0.009151093605958976,C_channels
0.25,C_bias,C,h1_exc,77,25,1.9747273,0.013880859,3.2129583,0.021870006,1.6533203125,1.9433368209762145,0.013227929788257677,0.19962121846962236,0.0016150093870039891,136,1.9420347,3.161497,1.912211017072259,0.19593265066848797,0.03269255,0.05146122,0.031125803903955473,0.0036885678011343848,C_channels
0.25,C_bias,C,h1_exc,78,25,3.7854595,0.055829253,5.981287,0.08290245,1.6533203125,3.617742578624079,0.0501430046788134,0.2366077264726082,0.002477731092407928,30,3.6057105,5.713745,3.4559212357420948,0.23133160144118714,0.17974901,0.2675419,0.16182134288198435,0.005276125031421053,C_channels
0.25,C_bias,C,h1_exc,79,25,1.5519867,0.007499243,2.5426908,0.01197767,1.6533203125,1.5379298627815112,0.0072446152054455315,0.16310346476545137,0.0017610671540827226,188,1.6012013,2.6211982,1.5854146055078144,0.15748493077172926,-0.0492146,-0.07850742,-0.04748474272630321,0.0056185339937221135,C_channels
0.25,C_bias,C,h1_exc,80,25,2.5069273,0.03501493,4.0432653,0.054197516,1.6533203125,2.4455426320906786,0.03278101393944259,0.21664962708437385,0.003438463767516235,86,2.4779577,3.9985518,2.4184980922365353,0.21275319461074155,0.028969526,0.044713497,0.027044539854143235,0.0038964324736323053,C_channels
0.25,C_bias,C,h1_exc,81,25,0.920912,0.013444095,1.5244391,0.021902965,1.6533203125,0.9220470032461541,0.01324786535313333,0.05018017263047835,0.0012868695894888088,293,0.94559497,1.5646609,0.9463749112133024,0.051634788846925336,-0.024682939,-0.04022181,-0.024327907967148343,-0.0014546162164469842,straight_channels
0.25,C_bias,C,h1_exc,82,25,1.3247494,0.02866635,2.1780164,0.0461133,1.6533203125,1.3173590278597127,0.027891328128412714,0.05416240677109346,0.002105233514729867,227,1.2569741,2.068775,1.25128506042766,0.05173552333859739,0.06777525,0.109241486,0.06607396743205274,0.0024268834324960714,C_channels
0.25,C_bias,C,h1_exc,83,25,1.8420482,0.017029252,3.0034997,0.02693187,1.6533203125,1.816647212875093,0.016289566693350764,0.14285038507050485,0.0029179857577390327,150,1.7901524,2.921367,1.7669696691523809,0.13327746585088973,0.051895738,0.08213282,0.04967754372271216,0.009572919219615117,straight_channels
0.25,C_bias,C,h1_exc,84,25,2.900737,0.055357333,4.6479278,0.0845649,1.6533203125,2.811268556718907,0.051148529267971116,0.17062599513938603,0.0024501788675631198,58,2.8128226,4.513671,2.730064380083663,0.16578563647015354,0.08791447,0.13425684,0.08120417663524426,0.004840358669232492,straight_channels
0.25,C_bias,C,h1_exc,85,25,1.3833119,0.012833439,2.2725506,0.020600043,1.6533203125,1.3745374021631642,0.01245980196200727,0.08728735439530101,0.0024740339122151524,219,1.3837036,2.2731657,1.3749094534382322,0.08699237408858879,-0.00039172173,-0.00061511993,-0.0003720512750680083,0.0002949803067122253,straight_channels
0.25,C_bias,C,h1_exc,86,25,0.44050053,0.006753895,0.735058,0.0111837825,1.6533203125,0.44459502958994945,0.006764437528392981,0.0016425039805567396,0.0002919042538082557,379,0.4467771,0.74545336,0.45088259375239575,0.0014480710979286545,-0.0062765777,-0.010395348,-0.006287564162446302,0.000194432882628085,straight_channels
0.25,C_bias,C,h1_exc,87,25,2.8044448,0.044613436,4.5011516,0.068347156,1.6533203125,2.7224922194863734,0.04133933120803368,0.19797871448906562,0.0016191148202141998,68,2.4683933,3.98353,2.4094121617133752,0.19030252241666779,0.33605146,0.5176215,0.3130800577729982,0.007676192072397836,C_channels
0.25,C_bias,C,h1_exc,88,25,1.3565434,0.019379385,2.2294195,0.03111288,1.6533203125,1.3484498502914568,0.018818422132010525,0.13225844297315656,0.003061461365959849,223,1.258764,2.0721123,1.2533036837449694,0.11531048353296294,0.09777939,0.15730715,0.09514616654648744,0.016947959440193616,straight_channels
0.25,C_bias,C,h1_exc,89,25,2.3698761,0.077840865,3.8277447,0.120672956,1.6533203125,2.315186432716696,0.07298824769248476,0.11345344842025185,0.0015958334855610753,94,1.9170272,3.1201208,1.8871846621494266,0.1021905639821485,0.4528489,0.70762396,0.4280017705672694,0.011262884438103346,straight_channels
0.25,C_bias,C,h1_exc,90,25,3.165776,0.06788184,5.0504255,0.10300785,1.6533203125,3.05471696875056,0.06230362929835413,0.18011843934327496,0.0034646233012191117,47,2.615731,4.210283,2.546562132734837,0.1770015922230981,0.550045,0.8401427,0.5081548360157231,0.0031168471201768466,C_channels
0.25,C_bias,C,h1_exc,91,25,1.3958251,0.013532998,2.2926261,0.021726226,1.6533203125,1.3866798406233896,0.013140965915874452,0.09578815050691712,0.0031517448906252304,215,1.4460405,2.3731542,1.435386763135936,0.09988435431148923,-0.050215364,-0.08052802,-0.04870692251254649,-0.00409620380457211,straight_channels
0.25,C_bias,C,h1_exc,92,25,3.5964994,0.084010854,5.6974077,0.12530047,1.6533203125,3.4460397499963396,0.0757871657839344,0.23366974517821784,0.0024324244741626426,34,3.0386846,4.857603,2.938089369134799,0.22566663873273637,0.55781484,0.83980465,0.5079503808615407,0.008003106445481467,C_channels
0.25,C_bias,C,h1_exc,93,25,2.1460986,0.023405377,3.4818707,0.036678825,1.6533203125,2.105986817223683,0.022184946442425912,0.17888485162751575,0.0036601972369991703,117,1.8096123,2.95206,1.7855340933239108,0.14691207799481457,0.33648634,0.52981067,0.3204527238997723,0.03197277363270118,C_channels
0.25,C_bias,C,h1_exc,94,25,1.8223937,0.021635383,2.972293,0.034255777,1.6533203125,1.797771863434106,0.020719381647403542,0.1359319099820078,0.0020834501288047196,152,1.7657083,2.882539,1.7434848812886679,0.13259274679684446,0.05668533,0.089753866,0.054286982145438145,0.003339163185163335,straight_channels
0.25,C_bias,C,h1_exc,95,25,1.3517073,0.015009408,2.2217422,0.024123436,1.6533203125,1.3438063273573453,0.014590902834582207,0.07637930908321479,0.002094330467587426,225,1.0042988,1.6602134,1.0041691630464384,0.035082544205115994,0.34740853,0.5615288,0.33963716431090685,0.041296764878098795,C_channels
0.25,C_bias,C,h1_exc,96,25,0.55516696,0.007601988,0.9246311,0.012544132,1.6533203125,0.5592570981821773,0.007587235988127403,0.007126456046252303,0.0008704641408713574,353,0.5319194,0.8862597,0.5360483925533939,0.003955417749095822,0.02324754,0.038371444,0.02320870562878341,0.003171038297156481,C_channels
0.25,C_bias,C,h1_exc,97,25,2.0189183,0.07281577,3.279381,0.11398516,1.6533203125,1.9835121462925047,0.06894318025605761,0.10088326489558293,0.0036971433368793378,131,1.8489468,3.0125065,1.8220949145458496,0.0957278136259987,0.16997147,0.26687455,0.16141723174665512,0.005155451269584221,C_channels
0.25,C_bias,C,h1_exc,98,25,0.51865554,0.004674935,0.8643682,0.0077211168,1.6533203125,0.5228074539567605,0.0046700669465672634,0.0014279728484023898,0.0003162494298534124,362,0.4063887,0.67853326,0.41040639864548933,0.0011396966395699826,0.11226684,0.18583494,0.1124010553112712,0.00028827620883240717,C_channels
0.25,C_bias,C,h1_exc,99,25,5.3962016,0.16203682,8.3033905,0.2292958,1.6533203125,5.022251450906465,0.13868807451283882,0.19847412788533192,0.0020156821499548215,7,4.6811433,7.286072,4.406932909515953,0.1900812871866336,0.7150583,1.0173187,0.6153185413905122,0.008392840698698306,straight_channels
0.25,C_bias,C,h1_exc,100,25,0.70081747,0.0076899845,1.164397,0.012625918,1.6533203125,0.7042778817044858,0.007636704094029304,0.01919383222993447,0.001221740985176567,330,0.71363664,1.1854495,0.7170113481301632,0.020118997737350104,-0.012819171,-0.02105248,-0.012733466425677409,-0.0009251655074156324,straight_channels
0.25,C_bias,C,h1_exc,101,25,1.0850244,0.021972818,1.7910647,0.035611257,1.6533203125,1.0833137849558796,0.021539236558581767,0.031750524417693576,0.001454946085013844,258,1.145421,1.8889009,1.142489347808607,0.03567250481854046,-0.06039667,-0.09783614,-0.05917556285272729,-0.003921980400846882,straight_channels
0.25,C_bias,C,h1_exc,102,25,1.8239009,0.019767154,2.9747267,0.031251397,1.6533203125,1.7992439463124583,0.018902202814049616,0.1359984807638959,0.003159206886218109,151,1.7880784,2.918055,1.76496662584273,0.13208413642828115,0.03582251,0.05667162,0.03427732046972842,0.0039143443356147445,C_channels
0.25,C_bias,C,h1_exc,103,25,0.48910102,0.009039159,0.81547517,0.014951003,1.6533203125,0.49323483866706314,0.009043016501088479,0.0064359339646304905,0.0003758930946448841,368,0.5477614,0.91239494,0.5518561114546624,0.0068582747163589905,-0.05866036,-0.096919775,-0.058621272787599266,-0.0004223407517285,straight_channels
0.25,C_bias,C,h1_exc,104,25,0.7101395,0.005500953,1.1797221,0.009029749,1.6533203125,0.7135471960127151,0.0054615846060769935,0.021312159192364736,0.0011250276428128407,325,0.7180369,1.1926808,0.7213851800357447,0.024885498415234387,-0.007897377,-0.012958765,-0.007837984023029598,-0.0035733392228696516,C_channels
0.25,C_bias,C,h1_exc,105,25,4.1778235,0.07171711,6.559649,0.10507852,1.6533203125,3.9675608539742626,0.06355605616826492,0.2460806167767987,0.001731917543009915,24,3.8187695,6.030321,3.64740015283188,0.2387530377941517,0.3590541,0.52932787,0.3201607011423828,0.007327578982647021,C_channels
0.25,C_bias,C,h1_exc,106,25,0.5312183,0.0054266863,0.8851147,0.008959983,1.6533203125,0.5353558594825124,0.005419386834127738,0.003908481199233663,0.0004006985021736416,360,0.54836273,0.91341734,0.5524745457553186,0.0038347400549073023,-0.017144442,-0.02830261,-0.017118686272806216,7.374114432636032e-05,straight_channels
0.25,C_bias,C,h1_exc,107,25,0.4651278,0.007992262,0.77582395,0.013223421,1.6533203125,0.4692520875707966,0.007998099491563548,0.001206737618368217,0.00028492415989249566,371,0.44514203,0.74272865,0.44923455657800176,0.0010793372880704428,0.019985765,0.0330953,0.020017530992794852,0.0001274003302977741,C_channels
0.25,C_bias,C,h1_exc,108,25,1.5308145,0.0103642065,2.5088408,0.016554793,1.6533203125,1.5174560080157269,0.01001305896223538,0.1471683566578839,0.002129516881285627,189,1.4242913,2.33837,1.4143478172815733,0.13437693790318078,0.106523275,0.17047071,0.10310819073415356,0.012791418754703104,C_channels
0.25,C_bias,C,h1_exc,109,25,1.3672783,0.029067332,2.2463713,0.046577524,1.6533203125,1.3587029085486235,0.028172111218209506,0.07271934970244472,0.0016125678205896675,221,1.366011,2.2444084,1.3575157275393024,0.07132489734344144,0.001267314,0.0019629002,0.0011871810093211366,0.001394452359003276,C_channels
0.25,C_bias,C,h1_exc,110,25,1.5227606,0.016188027,2.4958732,0.025853273,1.6533203125,1.509612659532452,0.01563718290400638,0.10682979971498631,0.002347950171352275,191,1.4586685,2.3933842,1.4476228027750841,0.0999175371804069,0.06409216,0.102488995,0.06198985675736779,0.006912262534579411,straight_channels
0.25,C_bias,C,h1_exc,111,25,0.9698616,0.012631651,1.6041881,0.020568935,1.6533203125,0.9702827127244124,0.012440986387102166,0.03750915293475777,0.001374670131009854,279,0.9291687,1.5379272,0.9302051503699125,0.035967393557634585,0.040692925,0.066260934,0.040077562354499885,0.0015417593771231836,straight_channels
0.25,C_bias,C,h1_exc,112,25,0.8630941,0.011865335,1.4301169,0.019371534,1.6533203125,0.8649968308902067,0.01171674563124966,0.04059317559178597,0.0006439049130972737,302,0.91502565,1.514861,0.9162537784214774,0.042497276460200704,-0.05193156,-0.084744096,-0.051256947531270636,-0.0019041008684147348,straight_channels
0.25,C_bias,C,h1_exc,113,25,0.5305269,0.013208917,0.88387704,0.021808397,1.6533203125,0.534607260591773,0.013190666876965434,0.008882929690766041,0.0011026152151770547,361,0.38575786,0.6442715,0.38968340796309325,0.003050364535319659,0.14476901,0.23960555,0.14492385262867974,0.005832565155446382,C_channels
0.25,C_bias,C,h1_exc,114,25,0.94362646,0.0061161774,1.561548,0.009963935,1.6533203125,0.9444921096843405,0.006026621244265715,0.013924411296393258,0.00044836082391498254,285,0.94798434,1.5686483,0.9487867465824639,0.012556775328909277,-0.0043578744,-0.0071003437,-0.004294636898123372,0.0013676359674839808,straight_channels
0.25,C_bias,C,h1_exc,115,25,1.2594826,0.031230442,2.0728118,0.05035328,1.6533203125,1.2537266425941165,0.0304558532218624,0.05005949886864153,0.0037511100129956954,248,1.2478147,2.0541732,1.2424532784189108,0.04261795022203753,0.011667967,0.01863861,0.011273364175205636,0.007441548646603999,C_channels
0.25,C_bias,C,h1_exc,116,25,0.8975302,0.00666875,1.4863944,0.01088122,1.6533203125,0.8990359029903263,0.006581435011441506,0.046982317941802576,0.0007624050908379228,297,0.86764556,1.4376206,0.8695354728582881,0.04567471157004008,0.029884636,0.048773766,0.02950043013203818,0.0013076063717624986,C_channels
0.25,C_bias,C,h1_exc,117,25,1.2386072,0.0061104037,2.039744,0.009858248,1.6533203125,1.2337257832477986,0.005962697028163341,0.10148628934311123,0.0012391529888299575,251,1.2973807,2.1344702,1.2910203990597022,0.09882445800844702,-0.058773518,-0.094726324,-0.05729461581190365,0.0026618313346642025,C_channels
0.25,C_bias,C,h1_exc,118,25,3.0328884,0.067959115,4.8485856,0.10343271,1.6533203125,2.9326352762576433,0.06256059832616014,0.21945193999814006,0.0019731081861736935,52,2.8754265,4.6087384,2.7875652507396382,0.20993882510667064,0.15746188,0.23984718,0.14507002551800507,0.009513114891469415,straight_channels
0.25,C_bias,C,h1_exc,119,25,1.2904323,0.034768507,2.1225343,0.05592063,1.6533203125,1.2838010613200321,0.03382322826722437,0.06267661107846922,0.002560909814507101,235,1.2012811,1.9789146,1.19693363265632,0.055402490731857046,0.08915126,0.14361966,0.08686742866371211,0.0072741203466121784,C_channels
0.25,C_bias,C,h1_exc,120,25,1.97481,0.024509517,3.2128375,0.038613357,1.6533203125,1.94326373741567,0.023355037129846375,0.1607307466687667,0.0013959046944206446,137,1.7855148,2.9139287,1.7624707501471795,0.14964887287341855,0.18929517,0.2989087,0.18079298726849058,0.01108187379534814,C_channels
0.25,C_bias,C,h1_exc,121,25,2.5177746,0.06357732,4.0583673,0.09835025,1.6533203125,2.4546769292795974,0.05948650794932246,0.17708811126338347,0.0035451008605610363,84,2.2610028,3.6598313,2.213625011991276,0.16724712980795503,0.2567718,0.39853597,0.24105191728832143,0.009840981455428444,C_channels
0.25,C_bias,C,h1_exc,122,25,1.4839096,0.013389568,2.4337924,0.021411728,1.6533203125,1.4720634163215127,0.012950743488009371,0.12544037542937614,0.002370376626236386,197,1.0418512,1.7212491,1.0410862969092742,0.04566161065947736,0.44205844,0.71254325,0.4309771194122385,0.07977876476989879,C_channels
0.25,C_bias,C,h1_exc,123,25,2.3402915,0.032815717,3.784719,0.051127315,1.6533203125,2.2891626112095245,0.03092402317849043,0.19208581245270082,0.002381349452000254,96,2.0597904,3.346446,2.0240760142729397,0.17544624151497906,0.28050113,0.43827295,0.26508659693658476,0.016639570937721754,C_channels
0.25,C_bias,C,h1_exc,124,25,0.3710217,0.006682702,0.619834,0.011097007,1.6533203125,0.37490253111321326,0.006711952717768592,9.385737031752798e-05,7.437722502026838e-05,382,0.36493638,0.60973215,0.3687925313059115,7.37450766780577e-05,0.0060853064,0.010101855,0.006109999807301758,2.0112293639470283e-05,straight_channels
0.25,C_bias,C,h1_exc,125,25,1.4571353,0.009265115,2.390986,0.014835906,1.6533203125,1.4461722815659752,0.008973401109305187,0.11441883851494643,0.0013596033364110984,203,1.4660056,2.4051778,1.4547560755372404,0.11291041649198615,-0.008870244,-0.014191866,-0.008583793971265186,0.0015084220229602818,straight_channels
0.25,C_bias,C,h1_exc,126,25,0.91829973,0.011773155,1.5202074,0.0191863,1.6533203125,0.9194875154349219,0.0116047075619167,0.034050113131623184,0.0019892435936730815,294,0.94587326,1.565146,0.9466683125792922,0.03256850750018221,-0.027573526,-0.044938564,-0.027180797144370272,0.0014816056314409728,C_channels
0.25,C_bias,C,h1_exc,127,25,1.0457783,0.013165199,1.7275872,0.021365069,1.6533203125,1.0449198988269834,0.012922522395792377,0.06323305120249456,0.0020080731680810027,267,1.0558654,1.7439749,1.0548318235584524,0.0672954806001008,-0.010087132,-0.016387701,-0.009911924731468957,-0.004062429397606232,C_channels
0.25,C_bias,straight,h1_exc,0,25,4.434712,0.22984517,3.5589237,0.17822942,0.8271484375000001,4.30264202226093,0.21547452392683392,0.126439974745083,0.003234627444925214,12,4.2218804,3.3948681,4.104303368464133,0.12346712365822723,0.2128315,0.16405559,0.19833865379679683,0.002972851086855771,C_channels
0.25,C_bias,straight,h1_exc,1,25,1.9622229,0.0387426,1.6099951,0.031288456,0.8271484375000001,1.9464402908589298,0.03782689353866612,0.10564404693239757,0.003127752897268244,109,2.0314803,1.665849,2.0139661395481685,0.10392712185433035,-0.06925738,-0.055853844,-0.06752584868923872,0.0017169250780672135,straight_channels
0.25,C_bias,straight,h1_exc,2,25,1.9415779,0.07776834,1.5925994,0.06284532,0.8271484375000001,1.9254093662496994,0.07597828428259643,0.0718463064850078,0.006133225451593971,115,1.7641319,1.4493349,1.7522064595248663,0.0640026760667475,0.17744601,0.14326453,0.17320290672483307,0.007843630418260292,C_channels
0.25,C_bias,straight,h1_exc,3,25,0.79968363,0.034382746,0.6623614,0.028305143,0.8271484375000001,0.8007768676939356,0.03422014965037919,0.0034851146468324375,0.0007712222220071287,309,0.8886948,0.7355586,0.8892704007887718,0.004343826102638816,-0.08901119,-0.073197246,-0.08849353309483621,-0.0008587114558063786,C_channels
0.25,C_bias,straight,h1_exc,4,25,0.7084844,0.014929153,0.5874017,0.012302297,0.8271484375000001,0.7101527118962019,0.014873143151152906,0.0003030576350678244,0.00017230924774959912,328,0.7457685,0.6181259,0.747297460896014,0.0006494092180024809,-0.037284076,-0.030724227,-0.03714474899981213,-0.00034635158293465644,straight_channels
0.25,C_bias,straight,h1_exc,5,25,0.6663665,0.011298802,0.5526883,0.009319021,0.8271484375000001,0.6681851450588138,0.01126644313644415,0.0005411743483354007,0.00020033470128910923,333,0.7733999,0.64088666,0.7748145561719215,0.000757644087669561,-0.10703337,-0.088198364,-0.10662941111310775,-0.00021646973933416025,C_channels
0.25,C_bias,straight,h1_exc,6,25,2.5680878,0.11068502,2.0950716,0.08849155,0.8271484375000001,2.5328845701289247,0.10698388426280182,0.11968611887785724,0.004901782844918208,67,2.4605558,2.009131,2.428984772231783,0.11311937618908564,0.107532024,0.0859406,0.10389979789714143,0.006566742688771596,C_channels
0.25,C_bias,straight,h1_exc,7,25,2.8189135,0.05422535,2.2966413,0.04323786,0.8271484375000001,2.776576988043139,0.052273399638629835,0.11988772063939386,0.001952360427554096,53,2.8289983,2.3046606,2.7862718380864235,0.11723235329745905,-0.0100848675,-0.008019209,-0.009694850043284742,0.0026553673419348056,straight_channels
0.25,C_bias,straight,h1_exc,8,25,1.0963305,0.042529635,0.90581274,0.0347792,0.8271484375000001,1.0951029870095428,0.04204710429278766,0.017238149641850154,0.003320773207593252,255,1.1347734,0.93746024,1.133363999105087,0.014106611346609446,-0.03844285,-0.031647503,-0.03826101209554422,0.0031315382952407083,C_channels
0.25,C_bias,straight,h1_exc,9,25,0.89942276,0.020270266,0.7445085,0.016653717,0.8271484375000001,0.9000905575075016,0.020133891617227936,0.010765761702885573,0.0012187094662315435,293,0.8960422,0.74172705,0.8967278274160723,0.009560722091605503,0.003380537,0.0027814507,0.003362730091429289,0.0012050396112800697,straight_channels
0.25,C_bias,straight,h1_exc,10,25,1.1912646,0.012401681,0.9837714,0.010143102,0.8271484375000001,1.1893528083132698,0.012262734729893749,0.034281591052553184,0.0011949704758547025,232,1.1988192,0.98995095,1.196823828413694,0.032484778332588844,-0.007554531,-0.006179571,-0.007471020100424219,0.00179681271996434,straight_channels
0.25,C_bias,straight,h1_exc,11,25,0.9346111,0.041351795,0.773202,0.03390576,0.8271484375000001,0.9347801526044581,0.04099114142823035,0.027643185712972265,0.00277518198861992,290,0.79526865,0.65876466,0.7964285978301643,0.019345179038496127,0.13934243,0.11443734,0.13835155477429384,0.008298006674476138,straight_channels
0.25,C_bias,straight,h1_exc,12,25,1.8056206,0.02435116,1.4835352,0.01971305,0.8271484375000001,1.7935537549730036,0.02383254221925564,0.09010887782323687,0.003187076105452427,134,1.8106678,1.4876313,1.798505866455711,0.09060701722730169,-0.005047202,-0.0040961504,-0.004952111482707355,-0.0004981394040648179,straight_channels
0.25,C_bias,straight,h1_exc,13,25,7.4067326,0.58770335,5.770387,0.4312392,0.8271484375000001,6.976241164644526,0.5213564594104684,0.11767295030204954,0.004217184293586142,1,5.899566,4.661511,5.635639955018206,0.11417335618281393,1.5071664,1.1088762,1.3406012096263202,0.0034995941192356023,C_channels
0.25,C_bias,straight,h1_exc,14,25,1.768836,0.08724132,1.4526298,0.070572674,0.8271484375000001,1.7561900562244182,0.0853204441186224,0.04891494543154242,0.0020582993752866546,138,1.6784843,1.379629,1.667934083196257,0.046945070803601566,0.0903517,0.07300079,0.08825597302816113,0.0019698746279408555,straight_channels
0.25,C_bias,straight,h1_exc,15,25,1.0513794,0.007934565,0.8692672,0.0065024686,0.8271484375000001,1.0509204089805708,0.007861307741724926,0.008261916670856635,0.001196492898572158,267,1.0502689,0.86835366,1.049815968113426,0.010368867975966044,0.0011105537,0.0009135604,0.0011044408671447847,-0.0021069513051094092,straight_channels
0.25,C_bias,straight,h1_exc,16,25,1.8304389,0.091599226,1.502382,0.0738428,0.8271484375000001,1.8163390994575337,0.08927394294951171,0.07604581942809051,0.00376135393168881,128,1.6572534,1.3626026,1.6473494113256912,0.06910418855663818,0.17318547,0.13977945,0.16898968813184245,0.006941630871452331,C_channels
0.25,C_bias,straight,h1_exc,17,25,1.0122008,0.017126402,0.8371081,0.014052364,0.8271484375000001,1.0120409053875603,0.01698892598136182,0.003441868855413149,0.0006909188759274649,276,0.9281628,0.7681331,0.92865205869334,0.0020492468656967177,0.08403802,0.06897497,0.08338884669422031,0.0013926219897164313,C_channels
0.25,C_bias,straight,h1_exc,18,25,1.4313153,0.042279758,1.1794136,0.03441937,0.8271484375000001,1.42587902160264,0.041612081723267885,0.04632444872902496,0.004974079265791326,189,1.3594121,1.1209104,1.3551502266619084,0.03622236226634511,0.07190323,0.05850315,0.07072879494073159,0.010102086462679856,C_channels
0.25,C_bias,straight,h1_exc,19,25,1.2165138,0.038759697,1.0041955,0.031652983,0.8271484375000001,1.2140450755306118,0.038267595477387936,0.0428104987823191,0.0027592761648268134,224,1.0448016,0.86374456,1.0442437250386367,0.03196536484167767,0.17171216,0.1404509,0.1698013504919751,0.010845133940641433,C_channels
0.25,C_bias,straight,h1_exc,20,25,3.4876091,0.13061577,2.8239908,0.1030854,0.8271484375000001,3.414128045215042,0.12462744216882876,0.12304139983753672,0.0033445456888709,30,3.3288848,2.6993048,3.2633862630756925,0.12056604845490877,0.15872431,0.124686,0.15074178213934974,0.002475351382627944,straight_channels
0.25,C_bias,straight,h1_exc,21,25,3.7707129,0.24014235,3.0403013,0.187977,0.8271484375000001,3.675641673574591,0.22725909187371038,0.11329255913894382,0.005157864313552976,22,3.3527787,2.7144158,3.28165520493902,0.10782357716234524,0.41793418,0.32588553,0.39398646863557074,0.0054689819765985775,C_channels
0.25,C_bias,straight,h1_exc,22,25,1.9518322,0.063377894,1.6012049,0.051160775,0.8271484375000001,1.9358131637644898,0.061851986257193486,0.11339406512121096,0.005331678764353164,114,1.9564127,1.6049708,1.9403661586548409,0.11254261747982994,-0.0045804977,-0.0037659407,-0.004552994890351103,0.0008514476413810229,C_channels
0.25,C_bias,straight,h1_exc,23,25,2.8169563,0.12206442,2.2932186,0.0972946,0.8271484375000001,2.772439147506904,0.11762652469409199,0.10437449264895429,0.005210909196144814,54,2.6968787,2.1976593,2.6569103639456757,0.09936682601235738,0.12007761,0.09555936,0.1155287835612282,0.005007666636596908,C_channels
0.25,C_bias,straight,h1_exc,24,25,1.6379977,0.02110707,1.3476835,0.017134495,0.8271484375000001,1.6293127892970327,0.020715138358029895,0.0811545052763767,0.00238490686301024,158,1.7455564,1.4349012,1.7347567146566893,0.0850431019727628,-0.10755861,-0.08721769,-0.10544392535965663,-0.0038885966963860957,straight_channels
0.25,C_bias,straight,h1_exc,25,25,3.3554566,0.12550116,2.719997,0.099124536,0.8271484375000001,3.288402444656002,0.11983886759699736,0.12986741228454057,0.0025091475802049602,35,3.20922,2.6046247,3.148920474124178,0.12915988148816762,0.14623666,0.11537218,0.13948197053182376,0.0007075307963729516,straight_channels
0.25,C_bias,straight,h1_exc,26,25,2.4170523,0.13561565,1.973206,0.108718865,0.8271484375000001,2.3855523976923028,0.13143815571147902,0.08634977902039653,0.0079108641726984,79,2.3970406,1.9572937,2.3663148603381767,0.0798690320332064,0.020011663,0.015912294,0.019237537354126033,0.006480746987190131,C_channels
0.25,C_bias,straight,h1_exc,27,25,1.585493,0.09592808,1.3036445,0.07772233,0.8271484375000001,1.576070815739489,0.093964190260594,0.05538739063763381,0.004881830359386425,164,1.4391518,1.1850631,1.432709078891672,0.0485756871631783,0.1463412,0.118581414,0.14336173684781683,0.006811703474455512,C_channels
0.25,C_bias,straight,h1_exc,28,25,2.5264983,0.0719013,2.0629206,0.057532463,0.8271484375000001,2.4940150714013107,0.0695551841030605,0.12380625958318409,0.002104989155628137,68,2.4805524,2.0262995,2.4497410660241603,0.12119419139521855,0.045945883,0.036621094,0.04427400537715043,0.002612068187965541,straight_channels
0.25,C_bias,straight,h1_exc,29,25,3.5550015,0.15419,2.8760123,0.12156547,0.8271484375000001,3.477020865855585,0.14696935177667636,0.12200956074671054,0.004186466472581445,27,3.5233076,2.8513567,3.447212852408031,0.11999639217090285,0.031693935,0.02465558,0.029808013447553794,0.002013168575807689,C_channels
0.25,C_bias,straight,h1_exc,30,25,0.82291734,0.010985565,0.6816535,0.009040736,0.8271484375000001,0.8241005581033695,0.010930003842569513,0.004690177685573473,0.0004292912239219611,302,0.81167203,0.67240095,0.8129144873403991,0.00406236793581967,0.01124531,0.009252548,0.011186070762970401,0.0006278097497538033,straight_channels
0.25,C_bias,straight,h1_exc,31,25,0.58647406,0.013368019,0.48673669,0.011038949,0.8271484375000001,0.5884514178368963,0.013345789557379495,0.0007937223775585878,0.0002197026656616293,351,0.5826091,0.48354772,0.5845960583770683,0.000757644087669561,0.003864944,0.0031889677,0.003855359459827956,3.607828988902678e-05,straight_channels
0.25,C_bias,straight,h1_exc,32,25,0.93742484,0.009036329,0.77577776,0.007422141,0.8271484375000001,0.9378941878568043,0.008973166655643933,0.007612519166584637,0.000534620528074927,286,0.95370597,0.7891436,0.9540531523207223,0.008355731938298588,-0.016281128,-0.013365865,-0.016158964463917957,-0.0007432127717139515,C_channels
0.25,C_bias,straight,h1_exc,33,25,1.3639228,0.009712481,1.1247656,0.007919251,0.8271484375000001,1.3598110757883375,0.009574159479242747,0.06613851798656872,0.0013110548842891977,200,1.3399994,1.1052574,1.3362261116770742,0.06296360049353378,0.023923397,0.019508243,0.023584964111263318,0.0031749174930349455,straight_channels
0.25,C_bias,straight,h1_exc,34,25,0.7126534,0.016574176,0.5908295,0.013659298,0.8271484375000001,0.714296769803414,0.016513720819676454,0.0054405748786506055,0.0006220829668436038,326,0.7964599,0.6598675,0.7977619097214201,0.0066167583656475,-0.083806515,-0.06903803,-0.08346513991800619,-0.0011761834869968941,straight_channels
0.25,C_bias,straight,h1_exc,35,25,0.5065935,0.018601691,0.42068818,0.015383643,0.8271484375000001,0.508600586706455,0.018598406999637898,0.004654099395684446,0.000808212748081059,365,0.39997265,0.3324649,0.40194103272965104,0.0012771714620715456,0.10662088,0.08822328,0.10665955397680399,0.0033769279336129006,C_channels
0.25,C_bias,straight,h1_exc,36,25,5.170592,0.56409776,4.08815,0.42584696,0.8271484375000001,4.942462370838396,0.5148374011943573,0.0876485974564015,0.005654193612383505,7,3.9697776,3.1753995,3.838971867904024,0.07932172815001413,1.2008142,0.9127505,1.1034905029343722,0.00832686930638736,C_channels
0.25,C_bias,straight,h1_exc,37,25,1.0804181,0.028109113,0.89294386,0.02299362,0.8271484375000001,1.0795449111295277,0.027798662941062507,0.008117615225031011,0.0015421446863558635,259,1.0399239,0.8597415,1.0394041459529237,0.007778447412696733,0.040494204,0.03320235,0.04014076517660392,0.00033916781233427843,C_channels
0.25,C_bias,straight,h1_exc,38,25,0.7103932,0.006575722,0.58900446,0.0054209805,0.8271484375000001,0.7120904000945327,0.006553818058619638,0.00015874447551171754,5.828626110359499e-05,327,0.63536024,0.5271134,0.6372657369158892,6.49409218002481e-05,0.07503295,0.06189108,0.07482466317864356,9.380355371146944e-05,C_channels
0.25,C_bias,straight,h1_exc,39,25,0.6664156,0.009626362,0.55273455,0.007941758,0.8271484375000001,0.6682410480729143,0.00960137007098356,0.004199475849602845,0.0004660588084087449,332,0.6737331,0.5587744,0.6755431067213523,0.003117164246411908,-0.007317543,-0.006039858,-0.007302058648438026,0.0010823116031909367,straight_channels
0.25,C_bias,straight,h1_exc,40,25,2.0694268,0.05517266,1.6962314,0.04448737,0.8271484375000001,2.0506977562085797,0.05378401964948732,0.07759690801760108,0.004467943373200967,100,1.929293,1.583227,1.9140786010937396,0.06848363676444448,0.14013374,0.11300433,0.13661915511484013,0.009113271253156599,straight_channels
0.25,C_bias,straight,h1_exc,41,25,2.892047,0.097394906,2.3538167,0.07746591,0.8271484375000001,2.8457006636020803,0.09365418020873412,0.1226084603588684,0.003093327131384422,48,2.751073,2.241796,2.7102704416100414,0.12009694023032157,0.14097404,0.11202073,0.1354302219920389,0.002511520128546829,straight_channels
0.25,C_bias,straight,h1_exc,42,25,0.7803238,0.009033696,0.64660525,0.007435136,0.8271484375000001,0.781728142989718,0.008988877611009971,0.002157481735363798,0.00047356105487766323,311,0.62796044,0.52100146,0.6298766091320296,0.0013204654099383778,0.15236336,0.1256038,0.15185153385768846,0.00083701632542542,C_channels
0.25,C_bias,straight,h1_exc,43,25,2.6233337,0.126422,2.1386347,0.10102639,0.8271484375000001,2.5855512192486922,0.12213816179045787,0.11138056595789853,0.00510143377842285,65,2.1419036,1.7537035,2.120179756410843,0.09738973572643872,0.48143005,0.3849312,0.46537146283784914,0.013990830231459805,C_channels
0.25,C_bias,straight,h1_exc,44,25,0.6267904,0.015393086,0.5200152,0.012704895,0.8271484375000001,0.6286842358459175,0.015359872705739911,0.00019482276540074426,8.519876253410318e-05,346,0.67278594,0.557986,0.6745899566558574,6.49409218002481e-05,-0.045995533,-0.03797084,-0.04590572080993993,0.00012988184360049617,C_channels
0.25,C_bias,straight,h1_exc,45,25,1.8185225,0.06337233,1.493432,0.051250305,0.8271484375000001,1.8055187784411009,0.06196022452112325,0.08431476824181404,0.00629353796301331,130,1.9310242,1.5842421,1.9153056339891765,0.08800919814170648,-0.11250174,-0.09081006,-0.10978685554807566,-0.0036944298998924374,C_channels
0.25,C_bias,straight,h1_exc,46,25,1.1686856,0.021226456,0.96525645,0.017356668,0.8271484375000001,1.1669688315878708,0.02098373982683028,0.03123658338591933,0.0038051719495860153,240,1.1731104,0.96886665,1.1713334807796796,0.028285379272996944,-0.0044248104,-0.0036101937,-0.004364649191808789,0.0029512041129223857,C_channels
0.25,C_bias,straight,h1_exc,47,25,1.7185727,0.03253967,1.4129462,0.02639,0.8271484375000001,1.708213590577131,0.031904792344544804,0.06794964944052348,0.003074771852303067,146,1.741826,1.4317765,1.730978939742946,0.07190403174883024,-0.023253322,-0.0188303,-0.022765349165815074,-0.003954382308306761,straight_channels
0.25,C_bias,straight,h1_exc,48,25,1.9821913,0.12864111,1.6237247,0.103785634,0.8271484375000001,1.9630389390358025,0.12547400966369435,0.07618291692966882,0.0075058215140360734,107,1.6191912,1.330959,1.609093371397479,0.061354739785278826,0.36300015,0.29276574,0.3539455676383234,0.014828177144389991,C_channels
0.25,C_bias,straight,h1_exc,49,25,0.52361614,0.0067410357,0.43481416,0.0055735707,0.8271484375000001,0.5256784941658305,0.0067382955947451854,0.0008370163254254198,0.00022886265394987857,359,0.49816975,0.41377068,0.5002375237564443,0.0003391359249568511,0.025446385,0.02104348,0.0254409704093862,0.0004978804004685687,C_channels
0.25,C_bias,straight,h1_exc,50,25,1.0513514,0.036922187,0.869033,0.03022774,0.8271484375000001,1.0506372894490543,0.036544516650943444,0.017902047442935057,0.002642068289660771,268,0.9771276,0.80822694,0.9771243603966531,0.012533566670833258,0.07422382,0.060806036,0.07351292905240125,0.005368480772101799,straight_channels
0.25,C_bias,straight,h1_exc,51,25,1.5639203,0.10021721,1.2859769,0.081379086,0.8271484375000001,1.5547110564834443,0.09838510195038008,0.06538829259487201,0.006945665210977158,167,1.1895564,0.9815056,1.186613602417372,0.042196595182937564,0.3743639,0.3044713,0.3680974540660724,0.02319169741193445,C_channels
0.25,C_bias,straight,h1_exc,52,25,0.80139184,0.0125748515,0.6639349,0.010345354,0.8271484375000001,0.8026791929734755,0.012507251940489846,0.004329379168375894,0.0006017275324270602,308,0.806504,0.6681404,0.807763615990703,0.0037881495070800335,-0.005112171,-0.004205525,-0.005084423017227557,0.0005412296612958608,straight_channels
0.25,C_bias,straight,h1_exc,53,25,3.244741,0.13034427,2.6323361,0.10322272,0.8271484375000001,3.1824227127798004,0.12479346579500725,0.12047216811118634,0.0029860543541807253,38,2.9069202,2.3650134,2.859236840063653,0.11622981870648846,0.33782077,0.26732278,0.3231858727161474,0.004242349404697879,straight_channels
0.25,C_bias,straight,h1_exc,54,25,1.9369302,0.08200115,1.5887402,0.06611542,0.8271484375000001,1.9207437034888095,0.07993174168241048,0.06690322545371981,0.004176412015384832,116,1.8926477,1.5529747,1.8775043066901336,0.06507801930182638,0.044282436,0.03576553,0.043239396798675944,0.0018252061518934243,C_channels
0.25,C_bias,straight,h1_exc,55,25,1.1502347,0.018428734,0.9501789,0.015083126,0.8271484375000001,1.1487405116110427,0.018235089411255727,0.013045909623872061,0.0012203993742158927,244,1.1310426,0.93447614,1.1297563040206777,0.00875259312707788,0.0191921,0.015702784,0.01898420759036501,0.004293316496794181,C_channels
0.25,C_bias,straight,h1_exc,56,25,0.5348113,0.025074631,0.44397357,0.020710578,0.8271484375000001,0.5367519878543612,0.025038525780142516,0.0023883827906535687,0.000543801685790996,357,0.5542858,0.4600999,0.5562483041794035,0.0022584983440018538,-0.019474506,-0.016126335,-0.01949631632504234,0.000129884446651715,C_channels
0.25,C_bias,straight,h1_exc,57,25,2.4395435,0.037398703,1.9939002,0.029987471,0.8271484375000001,2.4105711561523773,0.03625403842482111,0.11796879227913955,0.0024076566827173733,75,2.2997828,1.8818676,2.275126833382026,0.11789622246498055,0.13976073,0.11203253,0.13544432277035146,7.256981415899866e-05,C_channels
0.25,C_bias,straight,h1_exc,58,25,1.9221071,0.0311323,1.577679,0.025171176,0.8271484375000001,1.9073710868319302,0.03043126755058302,0.10894921980688288,0.0027434623708615623,118,2.0442657,1.6762279,2.0265139125572578,0.1078957337421233,-0.12215865,-0.09854889,-0.11914282572532753,0.001053486064759579,C_channels
0.25,C_bias,straight,h1_exc,59,25,0.51591855,0.020331992,0.42838868,0.016810084,0.8271484375000001,0.5179102638440327,0.02032293390080822,7.215657977805343e-05,4.657687196661463e-05,363,0.52841574,0.43871412,0.5303934202959224,6.49409218002481e-05,-0.012497187,-0.010325432,-0.012483156451889688,7.215657977805329e-06,straight_channels
0.25,C_bias,straight,h1_exc,60,25,1.1835055,0.014423026,0.9774173,0.011792704,0.8271484375000001,1.1816709971421206,0.014257059173384275,0.02362401020602191,0.0022022744681860123,234,1.2043003,0.99442863,1.2022371840798742,0.021827299655817894,-0.02079475,-0.017011344,-0.020566186937753583,0.0017967105502040143,C_channels
0.25,C_bias,straight,h1_exc,61,25,4.8426785,0.26015073,3.872184,0.20049533,0.8271484375000001,4.681365597458313,0.2423934054063815,0.13240732389272802,0.004019276404913054,8,4.608459,3.6930444,4.46479029062048,0.13235681428688342,0.23421955,0.17913961,0.21657530683783222,5.050960584460085e-05,C_channels
0.25,C_bias,straight,h1_exc,62,25,2.7901702,0.05508408,2.273737,0.04389013,0.8271484375000001,2.7488863223323095,0.053061975117021966,0.13172905204281435,0.0022476243747632874,57,2.7758124,2.2623181,2.735081153059275,0.1301776855775862,0.014357805,0.011418819,0.013805169273034323,0.00155136646522816,straight_channels
0.25,C_bias,straight,h1_exc,63,25,1.3119928,0.022992304,1.082334,0.01876382,0.8271484375000001,1.3085124932888732,0.022684947206821512,0.0232272030305554,0.0028031051263051076,211,1.2518673,1.0332634,1.249187368448062,0.013514927392429408,0.06012547,0.049070597,0.059325124840811094,0.009712275638125992,straight_channels
0.25,C_bias,straight,h1_exc,64,25,2.2875633,0.10618387,1.8704396,0.08513717,0.8271484375000001,2.261310687869455,0.10292852815277047,0.09986431009827794,0.005242474288492999,87,2.1721418,1.7779896,2.1495412548198907,0.09221610895635228,0.11542153,0.09245002,0.11176943304956444,0.007648201141925659,C_channels
0.25,C_bias,straight,h1_exc,65,25,1.3173223,0.023380734,1.0866802,0.019076943,0.8271484375000001,1.31376689525088,0.02306350515593539,0.02189950829662032,0.0021642010132395056,210,1.3927248,1.1481093,1.3880330168580037,0.02615662285859259,-0.0754025,-0.061429143,-0.07426612160712365,-0.00425711456197227,C_channels
0.25,C_bias,straight,h1_exc,66,25,1.3067179,0.023749763,1.0780233,0.01938362,0.8271484375000001,1.3033008779076654,0.02343426985174242,0.054824569315364995,0.0015764712788039975,212,1.288231,1.0629616,1.2850916741127196,0.05354739785329345,0.018486857,0.015061736,0.018209203794945727,0.0012771714620715413,straight_channels
0.25,C_bias,straight,h1_exc,67,25,1.2421198,0.040800076,1.0250949,0.033296984,0.8271484375000001,1.2393117822840654,0.04025514774944828,0.04698809078032764,0.0034905477584844078,221,1.2061015,0.9957003,1.203774644514541,0.04043654730762114,0.036018252,0.029394567,0.035537137769524385,0.006551543472706499,C_channels
0.25,C_bias,straight,h1_exc,68,25,1.5248702,0.058037717,1.2553003,0.047207933,0.8271484375000001,1.5176239082406653,0.05707310901544322,0.05268851850068348,0.0035514173870837894,171,1.4858735,1.2236868,1.4794041118092847,0.05305673311080269,0.038996696,0.03161347,0.038219796431380626,-0.00036821461011921075,straight_channels
0.25,C_bias,straight,h1_exc,69,25,1.5971856,0.05313328,1.3141629,0.043159492,0.8271484375000001,1.5887872129579101,0.05217865480192162,0.061130938552187646,0.006195257155682371,161,1.6443982,1.3525035,1.6351399186401394,0.05810047803728862,-0.0472126,-0.038340688,-0.04635270568222927,0.003030460514899025,C_channels
0.25,C_bias,straight,h1_exc,70,25,1.3804336,0.02997624,1.1380968,0.024423698,0.8271484375000001,1.3759281241610415,0.02952758718771717,0.058742396324646944,0.0021655281990503226,196,1.271969,1.0496495,1.2689977628920015,0.05100730338075787,0.1084646,0.08844733,0.10693036126903999,0.007735092943889077,C_channels
0.25,C_bias,straight,h1_exc,71,25,1.3489767,0.026089069,1.1124825,0.021277009,0.8271484375000001,1.344961264247273,0.025723324683424,0.05061062505632668,0.004172064386185424,202,1.2835552,1.0591351,1.280465494684071,0.037506990168632175,0.06542158,0.05334747,0.06449576956320202,0.013103634887694504,C_channels
0.25,C_bias,straight,h1_exc,72,25,4.2032795,0.18568933,3.3818018,0.14461221,0.8271484375000001,4.088506559374194,0.17483222647956378,0.13089925137536673,0.0027711258253799416,16,3.9572918,3.1909492,3.857770819745633,0.1296509425452064,0.24598765,0.19085264,0.23073573962856075,0.001248308830160333,straight_channels
0.25,C_bias,straight,h1_exc,73,25,0.65208685,0.006042256,0.5409233,0.0049856086,0.8271484375000001,0.6539615873610856,0.006027465407830424,0.00035356724091246185,0.00010176806709609905,337,0.62297994,0.5169028,0.6249214595830221,0.0003968611887792939,0.029106915,0.024020493,0.029040127778063418,-4.329394786683203e-05,C_channels
0.25,C_bias,straight,h1_exc,74,25,1.8900446,0.05129227,1.551503,0.0414616,0.8271484375000001,1.8757250029188466,0.050125950051810864,0.07255344096683272,0.0034347403602650135,122,1.8389311,1.5102723,1.82587810015851,0.0702299990979794,0.051113486,0.04123068,0.04984690276033654,0.002323441868853318,C_channels
0.25,C_bias,straight,h1_exc,75,25,1.3468853,0.041941807,1.1106029,0.03419574,0.8271484375000001,1.3426885946503393,0.04134171826311181,0.05390818075218371,0.004378482130163614,204,1.5320431,1.2611824,1.5247352576095685,0.06205451674283454,-0.18515778,-0.15057957,-0.18204666295922922,-0.00814633599065083,C_channels
0.25,C_bias,straight,h1_exc,76,25,3.922193,0.3393483,3.1502776,0.26445457,0.8271484375000001,3.8086000567996576,0.3197183773520689,0.10474236821165228,0.005714135201156954,19,3.0298045,2.4540277,2.9668527551172033,0.09562911517985422,0.8923886,0.69624996,0.8417473016824544,0.009113253031798066,C_channels
0.25,C_bias,straight,h1_exc,77,25,1.740383,0.034468513,1.4306029,0.027931439,0.8271484375000001,1.7295599437170819,0.03376835080561531,0.09018817262021898,0.003191717093669652,143,1.7350588,1.4263387,1.724404748743619,0.0894164336609638,0.0053242445,0.0042642355,0.005155194973462951,0.0007717389592551832,C_channels
0.25,C_bias,straight,h1_exc,78,25,2.9777744,0.11402699,2.421399,0.09057685,0.8271484375000001,2.9274057211388604,0.10950494925572862,0.11296112564254264,0.0037809978951939046,44,2.7910898,2.2733564,2.7484261907613523,0.11002435284557587,0.18668461,0.14804268,0.17897953037750813,0.0029367727969667745,C_channels
0.25,C_bias,straight,h1_exc,79,25,1.5089322,0.018704474,1.2428225,0.015215042,0.8271484375000001,1.502538744563463,0.018394571975828913,0.08258282485974144,0.0032443105089144364,176,1.5918891,1.3102151,1.584014540508785,0.08243861061613163,-0.08295691,-0.06739259,-0.08147579594532206,0.0001442142436098165,C_channels
0.25,C_bias,straight,h1_exc,80,25,2.4209788,0.09468183,1.9778365,0.075851634,0.8271484375000001,2.3911505104492985,0.09170256461928857,0.11634526923413334,0.0041731873995887415,77,2.375597,1.9416112,2.347355205165977,0.11556597817253036,0.045381784,0.03622532,0.04379530528332154,0.0007792910616029741,C_channels
0.25,C_bias,straight,h1_exc,81,25,1.0277753,0.0185663,0.84987146,0.015215891,0.8271484375000001,1.027471454543357,0.018395599168940773,0.03363210569530256,0.0020180155505835355,274,1.04527,0.8642121,1.0448089754330354,0.033985749075463166,-0.017494678,-0.014340639,-0.017337520889678437,-0.0003536433801606051,straight_channels
0.25,C_bias,straight,h1_exc,82,25,1.2286502,0.07081787,1.0135465,0.057813,0.8271484375000001,1.2253501497141477,0.06989434462584156,0.024237303389892696,0.0027947830100408353,223,1.1463313,0.9464257,1.144202975116867,0.02182013150352483,0.0823189,0.06712079,0.08114717459728071,0.002417171886367867,C_channels
0.25,C_bias,straight,h1_exc,83,25,1.8109967,0.038025983,1.4877506,0.030773506,0.8271484375000001,1.7986501890170563,0.03720433154146491,0.07947310729210298,0.004026831849129778,131,1.7939427,1.4739453,1.78195975607244,0.07751059799758499,0.017053962,0.013805389,0.01669043294461625,0.0019625092945179945,straight_channels
0.25,C_bias,straight,h1_exc,84,25,3.8421116,0.15081757,3.1015546,0.11787726,0.8271484375000001,3.7496952833087307,0.14251040293744718,0.12927572833036052,0.002168299219278952,20,3.7466223,3.0271816,3.659780592376147,0.12920315851620154,0.09548926,0.07437301,0.08991469093258386,7.256981415898478e-05,straight_channels
0.25,C_bias,straight,h1_exc,85,25,1.5601686,0.03393302,1.2843542,0.027595775,0.8271484375000001,1.5527493649671664,0.033362542312370125,0.05706122415506643,0.0029191291405561938,168,1.592151,1.3103294,1.5841526716408958,0.06062585941357419,-0.031982422,-0.025975227,-0.03140330667372937,-0.0035646352585077604,straight_channels
0.25,C_bias,straight,h1_exc,86,25,0.48265362,0.01656992,0.40089664,0.013704859,0.8271484375000001,0.484673157003848,0.016568802340390446,0.0002669793451787977,0.00010316540573644727,369,0.4828531,0.40106526,0.4848769913639317,0.000230901055289771,-0.00019949675,-0.00016862154,-0.00020383436008369893,3.60782898890267e-05,straight_channels
0.25,C_bias,straight,h1_exc,87,25,2.329014,0.11071629,1.9035624,0.08881803,0.8271484375000001,2.3013553936556175,0.1073785844664413,0.09326237936313406,0.004381792102715672,85,2.0370977,1.6694541,2.0183245598393373,0.08649409217995264,0.29191637,0.23410833,0.28303083381628014,0.006768287183181412,C_channels
0.25,C_bias,straight,h1_exc,88,25,1.375477,0.03768456,1.133972,0.030714247,0.8271484375000001,1.37094138045196,0.03713268960896924,0.06355551546850946,0.005370999222212769,199,1.302941,1.074872,1.2994910649418079,0.051923874808287244,0.07253599,0.05910003,0.07145031551015202,0.011631640660222216,straight_channels
0.25,C_bias,straight,h1_exc,89,25,2.6219678,0.15503614,2.1362977,0.12340865,0.8271484375000001,2.5827258982970176,0.1491977096672676,0.0734481825560806,0.0029253405274730433,66,2.0953245,1.7158067,2.0743637334995753,0.065907819969274,0.5266433,0.42049098,0.5083621647974423,0.007540362586806598,straight_channels
0.25,C_bias,straight,h1_exc,90,25,2.850055,0.12775199,2.3193448,0.101790935,0.8271484375000001,2.80402481021905,0.1230624711525842,0.10505998015684578,0.003972026923179004,49,2.302416,1.8828753,2.2763451094981266,0.09834220257950901,0.5476389,0.43646944,0.5276797007209235,0.00671777757733677,C_channels
0.25,C_bias,straight,h1_exc,91,25,1.404213,0.044169918,1.1573074,0.036006883,0.8271484375000001,1.3991531869475162,0.04353134224483302,0.05609431232002162,0.005425925789590611,193,1.4514734,1.1957723,1.4456562596171174,0.0578046360601986,-0.047260404,-0.038464904,-0.046503072669601186,-0.001710323740176982,straight_channels
0.25,C_bias,straight,h1_exc,92,25,2.7196314,0.15579307,2.2142088,0.12401452,0.8271484375000001,2.676918261523296,0.1499301832486332,0.10714530531243155,0.005216562667312281,62,2.4293456,1.9833918,2.3978666834883056,0.10658248399016271,0.29028583,0.23081708,0.2790515780349905,0.0005628213222688416,C_channels
0.25,C_bias,straight,h1_exc,93,25,1.9515973,0.042592797,1.6013651,0.03442015,0.8271484375000001,1.9360068621092554,0.04161302710437289,0.08301614503465046,0.003739197547421474,113,1.615398,1.3292428,1.6070185306472167,0.05742942184535273,0.33619928,0.27212226,0.32898833146203876,0.025586723189297736,C_channels
0.25,C_bias,straight,h1_exc,94,25,2.261575,0.04359474,1.8510392,0.035035383,0.8271484375000001,2.237856083897185,0.042356827207159976,0.11149601453325499,0.0025415112221834593,88,2.2154675,1.8140106,2.193089479417002,0.1108830161449347,0.04610753,0.03702855,0.04476660448018288,0.0006129983883202822,straight_channels
0.25,C_bias,straight,h1_exc,95,25,1.052605,0.030345153,0.8701322,0.024867503,0.8271484375000001,1.0519661984501074,0.030064134731170644,0.019099660549088616,0.002342366224985352,266,0.7728296,0.64038414,0.7742070120898333,0.00829073505089714,0.27977544,0.22974807,0.2777591863602741,0.010808925498191476,C_channels
0.25,C_bias,straight,h1_exc,96,25,0.5052487,0.009689976,0.4196175,0.008013248,0.8271484375000001,0.5073061398692414,0.00968779989556519,0.000735997113736145,0.0002231124541130615,367,0.52790827,0.4383543,0.5299584205087153,0.0013421084792949658,-0.02265954,-0.01873681,-0.022652280639473887,-0.0006061113655588207,C_channels
0.25,C_bias,straight,h1_exc,97,25,1.4746621,0.08829708,1.2137456,0.07151034,0.8271484375000001,1.467385397581248,0.08645405398371218,0.04314958069396317,0.003920878724039716,180,1.3997056,1.1530594,1.3940174281040938,0.040912780734156294,0.07495642,0.06068623,0.0733679694771543,0.0022367999598068775,C_channels
0.25,C_bias,straight,h1_exc,98,25,0.51909125,0.008806791,0.4310675,0.0072812755,0.8271484375000001,0.5211489160218019,0.00880286440697589,0.0,0.0,362,0.39628407,0.32941344,0.3982519238097073,0.0,0.122807175,0.10165405,0.1228969922120946,0.0,C_channels
0.25,C_bias,straight,h1_exc,99,25,5.779609,0.35660878,4.5804305,0.26956066,0.8271484375000001,5.537616336534602,0.3258915168865078,0.1173546596112508,0.0030994601130623924,4,5.048432,4.028107,4.869872227041774,0.1130332822223207,0.73117733,0.55232334,0.667744109492828,0.004321377388930098,straight_channels
0.25,C_bias,straight,h1_exc,100,25,0.7303524,0.010273541,0.60544294,0.008464327,0.8271484375000001,0.7319640664486795,0.010233141938146291,0.0040407684675709925,0.0009687541504165557,323,0.73677415,0.6107331,0.7383597090809211,0.0035068097772133966,-0.006421745,-0.0052901506,-0.006395642632241572,0.0005339586903575959,straight_channels
0.25,C_bias,straight,h1_exc,101,25,1.1679746,0.044738565,0.9644239,0.036536194,0.8271484375000001,1.165962289092476,0.04417126539058498,0.01819067376204727,0.002094553180384238,241,1.1899638,0.98242515,1.1877252867955348,0.017663806433971793,-0.021989226,-0.018001258,-0.021762997703058895,0.0005268673280754768,straight_channels
0.25,C_bias,straight,h1_exc,102,25,1.5300221,0.039895363,1.2597758,0.032417376,0.8271484375000001,1.523034658202922,0.03919172724644114,0.041360151528780226,0.004476501686618699,170,1.5126399,1.245653,1.5059607255949965,0.03827184991427954,0.017382264,0.0141227245,0.017073932607925446,0.003088301614500688,C_channels
0.25,C_bias,straight,h1_exc,103,25,0.6029636,0.012796941,0.5003568,0.010564078,0.8271484375000001,0.604917742949585,0.012771682857057544,0.0057725263822442745,0.0002723851153698544,348,0.6434103,0.5337384,0.6452752240026827,0.005786957698199885,-0.0404467,-0.03338158,-0.040357481053097666,-1.4431315955610279e-05,straight_channels
0.25,C_bias,straight,h1_exc,104,25,0.6372623,0.017611984,0.5286459,0.0145372525,0.8271484375000001,0.639118458701157,0.01757514296004118,0.00199873725985208,0.000441488801474238,343,0.6537827,0.54226077,0.6555785275302547,0.002713082193552372,-0.01652044,-0.013614893,-0.016460068829097674,-0.000714344933700292,C_channels
0.25,C_bias,straight,h1_exc,105,25,3.5070906,0.14483085,2.8387368,0.11407329,0.8271484375000001,3.431955660388384,0.13791151186548473,0.12864796608629145,0.0028511300870431443,29,3.2663617,2.6498296,3.203572104680249,0.12601425092439253,0.24072886,0.18890715,0.22838355570813462,0.0026337151618989196,C_channels
0.25,C_bias,straight,h1_exc,106,25,0.58595556,0.0077282637,0.48632798,0.006381222,0.8271484375000001,0.5879573141127932,0.007714724322104049,0.001984301388556837,0.00041620579448242663,352,0.59159434,0.4909864,0.5935892404900632,0.0013132438950953307,-0.005638778,-0.004658431,-0.005631926377270058,0.0006710574934615061,straight_channels
0.25,C_bias,straight,h1_exc,107,25,0.45910615,0.022878606,0.38136917,0.018929686,0.8271484375000001,0.46106497935657925,0.022885476398264815,2.8862631911221374e-05,2.8862631911221374e-05,373,0.44643077,0.3708764,0.4483794629003105,2.886002886000283e-05,0.012675375,0.010492772,0.012685516456268753,2.6030512185445985e-09,C_channels
0.25,C_bias,straight,h1_exc,108,25,1.4597807,0.022619417,1.2027984,0.018412197,0.8271484375000001,1.4541505286951721,0.022259845503015015,0.0746676287543297,0.003103465596816327,183,1.3752754,1.1339941,1.3709680658578502,0.06790655722912609,0.08450532,0.068804264,0.08318246283732189,0.00676107152520361,C_channels
0.25,C_bias,straight,h1_exc,109,25,1.0877419,0.0382994,0.89883345,0.031328723,0.8271484375000001,1.0866652334589555,0.03787557251833584,0.027909979590751748,0.001699408634864168,257,1.0985093,0.9076882,1.097370427904134,0.02824208532513011,-0.01076746,-0.008854747,-0.01070519444517859,-0.0003321057343783629,C_channels
0.25,C_bias,straight,h1_exc,110,25,1.7118409,0.036324184,1.4074472,0.02944219,0.8271484375000001,1.7015654771410498,0.03559480663375758,0.06735095156483507,0.004283488314549227,148,1.6394707,1.3487887,1.6306488928080345,0.062321637954304746,0.07237017,0.05865848,0.07091658433301529,0.005029313610530328,straight_channels
0.25,C_bias,straight,h1_exc,111,25,0.94274473,0.024905412,0.7800582,0.020434435,0.8271484375000001,0.943069219616111,0.0247046767295805,0.024583529375606056,0.0015535183028255613,283,0.93758255,0.7758328,0.9379606736606789,0.025363037791985777,0.0051621795,0.004225433,0.005108545955432087,-0.0007795084163797206,straight_channels
0.25,C_bias,straight,h1_exc,112,25,1.1558495,0.016708743,0.95478296,0.013670315,0.8271484375000001,1.1543066381994094,0.016527039621740132,0.03734103003514265,0.0008745420135840469,243,1.2140021,1.0023323,1.2117925338435218,0.039851933891313474,-0.058152676,-0.047549367,-0.05748589564411244,-0.0025109038561708236,straight_channels
0.25,C_bias,straight,h1_exc,113,25,0.39585894,0.012977451,0.32905075,0.010744759,0.8271484375000001,0.397813421887249,0.012990121027811838,0.0018183458104069463,0.0005748914458089543,380,0.276942,0.23044258,0.27859881536014014,0.0003679985568680725,0.11891693,0.098608166,0.11921460652710886,0.0014503472535388738,C_channels
0.25,C_bias,straight,h1_exc,114,25,1.0547371,0.010921954,0.8720099,0.008951621,0.8271484375000001,1.054236308461771,0.010822266238818575,0.008146477856942232,0.0009366862562552601,263,1.0524004,0.8700984,1.0519253892065776,0.006378641652379923,0.0023367405,0.0019114614,0.0023109192551933333,0.001767836204562309,straight_channels
0.25,C_bias,straight,h1_exc,115,25,0.91015536,0.022446383,0.7533112,0.018431429,0.8271484375000001,0.9107328461092848,0.022283097065900787,0.007511499954895362,0.0011339282730272735,291,0.96895635,0.80161345,0.9691289394991819,0.0067682871831814114,-0.058800995,-0.048302233,-0.05839609338989704,0.0007432127717139506,C_channels
0.25,C_bias,straight,h1_exc,116,25,0.87775666,0.011867531,0.7267469,0.009751486,0.8271484375000001,0.8786172483616697,0.011789281404639545,0.019092542505531506,0.001286285491778614,295,0.8364769,0.6928101,0.8375886587510679,0.01710102480823406,0.041279733,0.0339368,0.04102858961060174,0.001991517697297447,C_channels
0.25,C_bias,straight,h1_exc,117,25,1.1251535,0.008157924,0.9296957,0.006676126,0.8271484375000001,1.1239769190136228,0.00807125489786653,0.04482320661806111,0.0012192912168897323,251,1.187538,0.9807402,1.1856882172225014,0.04594914796272607,-0.062384486,-0.051044464,-0.06171129820887855,-0.0011259413446649616,C_channels
0.25,C_bias,straight,h1_exc,118,25,3.0244012,0.14211069,2.4573061,0.11256605,0.8271484375000001,2.9708162757903964,0.13608929562328506,0.10446108054468795,0.0036261660816116316,42,2.9471781,2.3964524,2.897245989545101,0.10297465500126006,0.07722306,0.06085372,0.0735702862452956,0.0014864255434278856,straight_channels
0.25,C_bias,straight,h1_exc,119,25,1.1491778,0.08650519,0.94815683,0.070685655,0.8271484375000001,1.1462958252013273,0.08545703739875993,0.025211508974451867,0.0038988803729463786,247,1.0402833,0.8593466,1.0389266925039475,0.01956866204857585,0.10889447,0.088810205,0.1073691326973798,0.005642846925876018,C_channels
0.25,C_bias,straight,h1_exc,120,25,1.6579951,0.058694024,1.3634331,0.047568742,0.8271484375000001,1.6483536190642516,0.057509317914422035,0.06808694867857121,0.003254821673277352,155,1.5282493,1.258219,1.521152567482612,0.0629133219084848,0.12974584,0.10521412,0.12720105158163952,0.005173626770086412,C_channels
0.25,C_bias,straight,h1_exc,121,25,2.1963153,0.14470042,1.7955773,0.1160603,0.8271484375000001,2.1708040496069185,0.14031374849550962,0.08520970505990329,0.008315881991588208,95,1.9989803,1.6377069,1.9799431059977213,0.08123387751413254,0.197335,0.15787041,0.19086094360919725,0.003975827545770749,C_channels
0.25,C_bias,straight,h1_exc,122,25,1.2438321,0.02819142,1.0266343,0.02302367,0.8271484375000001,1.2411730244905703,0.027834991432288632,0.0422693244339837,0.003099107601277371,220,0.9316777,0.7710426,0.9321695283969776,0.010101848283493363,0.3121544,0.25559175,0.3090034960935927,0.032167476150490336,C_channels
0.25,C_bias,straight,h1_exc,123,25,2.0706744,0.04110096,1.697452,0.03313558,0.8271484375000001,2.0521733109981493,0.04006001831236916,0.09657436637494671,0.002546308644612515,99,1.8774235,1.5415459,1.8636869909167297,0.09017407774863337,0.1932509,0.15590608,0.18848632008141952,0.0064002886263133385,C_channels
0.25,C_bias,straight,h1_exc,124,25,0.4019702,0.015198633,0.33410373,0.0125890495,0.8271484375000001,0.403922342688772,0.015219818979509253,0.0001010192116892748,4.4284784316780276e-05,379,0.37984356,0.31577876,0.3817679467823855,7.215657977805343e-06,0.022126645,0.018324971,0.02215439590638646,9.380355371146945e-05,straight_channels
0.25,C_bias,straight,h1_exc,125,25,1.4577353,0.018414885,1.2011609,0.014995109,0.8271484375000001,1.4521709604358255,0.01812868018261382,0.07302245873539008,0.0019766655962003914,184,1.4815212,1.220502,1.475553740370076,0.07248850004503248,-0.023785949,-0.019341111,-0.02338277993425053,0.0005339586903576055,straight_channels
0.25,C_bias,straight,h1_exc,126,25,0.74505895,0.008386928,0.6175651,0.006907403,0.8271484375000001,0.7466194532761855,0.00835086263759347,0.002474970686387233,0.0004573697046608995,318,0.7852063,0.6506264,0.7865896630248411,0.0035068097772133966,-0.040147364,-0.033061326,-0.039970209748655616,-0.0010318390908261635,C_channels
0.25,C_bias,straight,h1_exc,127,25,0.7592994,0.015621482,0.62926626,0.012868104,0.8271484375000001,0.7607657737589385,0.015557187667790469,0.004892216108952022,0.0006091891628266128,315,0.7978344,0.6609913,0.7991204672518522,0.006609542707669694,-0.038535,-0.03172505,-0.03835469349291365,-0.0017173265987176717,C_channels
0.25,straight_bias,C,h1_exc,0,25,4.9025054,0.0998017,7.6088214,0.14299126,1.6533203125,4.602146010077687,0.08648732578678117,0.23205564401220807,0.0019151242563729817,10,4.6499205,7.245043,4.382116847202967,0.22765775580304393,0.25258493,0.3637786,0.22002916287472019,0.004397888209164147,C_channels
0.25,straight_bias,C,h1_exc,1,25,1.9685636,0.016836679,3.2031946,0.026527328,1.6533203125,1.9374313001170724,0.016044881411593024,0.20539344674415033,0.0017459134380671567,132,2.0334585,3.3052564,1.9991627167918333,0.20921344216548532,-0.064894915,-0.10206175,-0.0617314166747609,-0.0038199954213349874,straight_channels
0.25,straight_bias,C,h1_exc,2,25,2.1787841,0.030838402,3.5327866,0.04827579,1.6533203125,2.1367829144790864,0.02919929670933554,0.17723623564889196,0.004253758909700607,110,2.091972,3.3968158,2.054541793446688,0.17212100896658666,0.08681202,0.13597083,0.08224112103239856,0.005115226682305296,C_channels
0.25,straight_bias,C,h1_exc,3,25,1.0389937,0.02297777,1.7163423,0.037348464,1.6533203125,1.0381184496562934,0.02258997362005092,0.03242760909180027,0.002378695642533213,266,0.97935873,1.6194625,0.9795212390686002,0.02644766613590342,0.059634984,0.09687984,0.05859721058769318,0.005979942955896853,C_channels
0.25,straight_bias,C,h1_exc,4,25,0.71710795,0.008404974,1.1911342,0.013794103,1.6533203125,0.7204497623749081,0.008343272960752462,0.00018101064275523253,6.76804054678404e-05,325,0.6293065,1.0468179,0.6331609784318851,6.704097879823427e-06,0.08780146,0.14431632,0.08728878394302297,0.0001743065448754091,straight_channels
0.25,straight_bias,C,h1_exc,5,25,0.7520187,0.008422446,1.2483999,0.013808183,1.6533203125,0.7550865276381284,0.008351789736125891,0.0039353054554563515,0.00034185969347958124,317,0.80148625,1.3294165,0.804088922313684,0.0039353054554563515,-0.049467564,-0.08101666,-0.04900239467555556,0.0,C_channels
0.25,straight_bias,C,h1_exc,6,25,2.650289,0.052433964,4.26376,0.08083956,1.6533203125,2.5789073880490183,0.04889527967000355,0.20033057145999475,0.002911217112237476,67,2.5419314,4.0967045,2.477864877908174,0.19459859249038497,0.10835767,0.1670556,0.10104251014084431,0.00573197896960978,C_channels
0.25,straight_bias,C,h1_exc,7,25,2.758209,0.02734118,4.4309454,0.041957308,1.6533203125,2.6800284788800997,0.02537760313513567,0.20604310607398915,0.002092789578985988,63,2.8457649,4.5652165,2.7612413078705784,0.21389424285576644,-0.087555885,-0.13427114,-0.08121282899047877,-0.00785113678177729,straight_channels
0.25,straight_bias,C,h1_exc,8,25,1.3382405,0.023394471,2.1998892,0.037585706,1.6533203125,1.3305885684203844,0.02273346894122039,0.057929931138434254,0.0023404131334273746,226,1.3516152,2.2214112,1.3436060224495565,0.05959919870464463,-0.013374686,-0.021522045,-0.013017454029172093,-0.0016692675662103792,C_channels
0.25,straight_bias,C,h1_exc,9,25,0.8039015,0.007245032,1.3333955,0.011854696,1.6533203125,0.8064956268361915,0.007170235564654242,0.011303109025382299,0.0007585487521456337,305,0.70295197,1.1679087,0.7064019080132573,0.006134249560038436,0.100949526,0.16548681,0.10009371882293416,0.005168859465343863,straight_channels
0.25,straight_bias,C,h1_exc,10,25,0.98331285,0.006264271,1.6261543,0.010192259,1.6533203125,0.9835688425724336,0.006164721535761489,0.035397636805467696,0.000737450766780577,281,1.0765908,1.7776777,1.0752167032712454,0.03924578898848634,-0.09327793,-0.15152335,-0.09164786069881181,-0.0038481521830186424,straight_channels
0.25,straight_bias,C,h1_exc,11,25,0.9098667,0.021557277,1.5062451,0.035158966,1.6533203125,0.9110424821686651,0.021265671555542497,0.0533713232212743,0.0026490215816982374,295,0.77499944,1.2858804,0.7777563790035217,0.0361149752786088,0.13486725,0.22036469,0.13328610316514344,0.0172563479426655,straight_channels
0.25,straight_bias,C,h1_exc,12,25,1.7047964,0.01331614,2.7859988,0.02115426,1.6533203125,1.6850931756742593,0.012795015677806358,0.1462029665631893,0.0018222921123413136,162,1.6846462,2.7539475,1.6657071584591163,0.1382246519098674,0.020150185,0.032051325,0.019386017215142992,0.007978314653321883,straight_channels
0.25,straight_bias,C,h1_exc,13,25,7.600859,0.22443482,11.306387,0.29608038,1.6533203125,6.838594170096159,0.1790822833877375,0.2346568339895796,0.002312831180351565,1,7.106635,10.650325,6.441779623618533,0.2331081873793404,0.49422407,0.6560621,0.3968145464776258,0.0015486466102392071,C_channels
0.25,straight_bias,C,h1_exc,14,25,1.6536665,0.031269416,2.7041984,0.04975226,1.6533203125,1.6356166434683466,0.03009233115425497,0.07903460990523838,0.002520844809278665,173,1.6631263,2.7192383,1.6447134644226282,0.07582983315404583,-0.009459853,-0.015039921,-0.00909682095428166,0.003204776751192545,straight_channels
0.25,straight_bias,C,h1_exc,15,25,1.0419093,0.0065803668,1.7213892,0.010678638,1.6533203125,1.0411710121193718,0.006458904334825238,0.009922064862138672,0.0010592156412846203,265,0.97927934,1.6196051,0.9796075607326528,0.007086177529578653,0.06263,0.10178411,0.06156345138671904,0.002835887332560019,straight_channels
0.25,straight_bias,C,h1_exc,16,25,2.2905202,0.040662553,3.7068496,0.06339535,1.6533203125,2.2420638096725587,0.03834426638816024,0.16362691695285037,0.0015680317418289844,96,2.1004534,3.4098835,2.0624457372577853,0.15503792774265482,0.19006681,0.29696608,0.17961807241477334,0.008588989210195547,C_channels
0.25,straight_bias,C,h1_exc,17,25,0.98622406,0.00863001,1.6308676,0.014044305,1.6533203125,0.9864196176908598,0.008494606362314958,0.02347104667726182,0.0007198116974607391,280,0.9755835,1.6135522,0.97594658195422,0.022384982820730422,0.010640562,0.017315388,0.010473035736639824,0.0010860638565313961,C_channels
0.25,straight_bias,C,h1_exc,18,25,1.7264591,0.026887994,2.8200638,0.042691603,1.6533203125,1.7056970753392127,0.025821737027197457,0.1529003603451329,0.0025033904023088406,157,1.6983197,2.7754087,1.6786877851802935,0.15320204474972496,0.028139472,0.044655085,0.027009290158919175,-0.0003016844045920508,C_channels
0.25,straight_bias,C,h1_exc,19,25,1.477976,0.021936439,2.4241061,0.035030484,1.6533203125,1.466204773923029,0.021187959300640397,0.13239206203678178,0.0021480281039639726,200,1.4598621,2.3951457,1.4486882364939058,0.13104451757764973,0.018113852,0.028960466,0.01751653742912329,0.001347544459132044,C_channels
0.25,straight_bias,C,h1_exc,20,25,3.1062505,0.048377126,4.9614434,0.073508136,1.6533203125,3.0008966773417414,0.04446091625811283,0.20091443973711065,0.0013343077717416602,45,3.3087173,5.2673573,3.1859265326165755,0.19506913600922224,-0.20246673,-0.30591393,-0.18502985527483418,0.005845303727888412,straight_channels
0.25,straight_bias,C,h1_exc,21,25,3.9569964,0.08893301,6.2328424,0.13105555,1.6533203125,3.7698941992705453,0.07926809587812234,0.2387530377941517,0.0033819322171760604,25,3.6171677,5.7286696,3.464948191811979,0.2316533981394187,0.33982873,0.5041728,0.30494600745856637,0.007099639654732981,C_channels
0.25,straight_bias,C,h1_exc,22,25,2.3015242,0.024470054,3.7246377,0.03815687,1.6533203125,2.2528229095779495,0.023078934352712212,0.24349871217568114,0.0025640494804113063,92,2.2724261,3.6792703,2.225382685982476,0.2417296572527933,0.029098034,0.04536748,0.0274402235954736,0.0017690549228878416,C_channels
0.25,straight_bias,C,h1_exc,23,25,3.1976995,0.04154116,5.100458,0.06297888,1.6533203125,3.0849789734220705,0.03809236481318665,0.19764350959507446,0.0034905904602565187,37,3.4113455,5.4225807,3.2798123278808164,0.20476326154344693,-0.21364594,-0.32212257,-0.19483335445874594,-0.007119751948372471,C_channels
0.25,straight_bias,C,h1_exc,24,25,1.397872,0.010984511,2.2959504,0.017627638,1.6533203125,1.38869063644333,0.010661961996913003,0.10040727394611547,0.0019943029182995595,213,1.5260255,2.501152,1.512805511283297,0.11397636805487808,-0.12815356,-0.20520163,-0.12411487483996697,-0.013569094108762614,straight_channels
0.25,straight_bias,C,h1_exc,25,25,3.1080692,0.03933204,4.964667,0.05976655,1.6533203125,3.00284642214315,0.036149408210575704,0.2263631941653913,0.0024886879580892883,44,3.1895862,5.088203,3.077566246890562,0.2274432246708896,-0.08151698,-0.12353611,-0.07471982474741168,-0.0010800305054982917,straight_channels
0.25,straight_bias,C,h1_exc,26,25,3.119271,0.0437103,4.9814606,0.066378616,1.6533203125,3.013003929557348,0.04014867262268389,0.21196346266637728,0.004117017111730562,41,3.1067648,4.962446,3.0015032305166023,0.20981071863836084,0.012506247,0.019014359,0.011500699040745577,0.0021527440280164345,C_channels
0.25,straight_bias,C,h1_exc,27,25,1.8166777,0.05354206,2.9617612,0.08464542,1.6533203125,1.7914019418283633,0.05119723136749577,0.12858413949692282,0.003496292267887823,150,1.7035649,2.7828405,1.6831830125139284,0.12493756808838938,0.11311281,0.17892075,0.10821892931443489,0.0036465714085334444,C_channels
0.25,straight_bias,C,h1_exc,28,25,2.2579398,0.019923963,3.6567986,0.031102423,1.6533203125,2.2117908684240324,0.018812097287406012,0.18093689767855448,0.0019901000976596766,105,2.282652,3.6953263,2.2350939741325386,0.18609841488151446,-0.024712086,-0.038527727,-0.023303105708506244,-0.0051615172029599865,straight_channels
0.25,straight_bias,C,h1_exc,29,25,4.081166,0.04897092,6.419076,0.07208344,1.6533203125,3.8825362702630413,0.0435992019924553,0.25144978630526493,0.0018477105549298532,24,4.388046,6.868232,4.154205296418156,0.25004273862377435,-0.30688,-0.4491558,-0.2716690261551147,0.0014070476814905808,C_channels
0.25,straight_bias,C,h1_exc,30,25,0.7654214,0.00486957,1.2703984,0.007978193,1.6533203125,0.7683921397060186,0.004825557954895665,0.010163374185824397,0.0004655646921660777,314,0.74012184,1.2289165,0.7433021553627944,0.01198017403773051,0.02529955,0.041481853,0.02508998434322418,-0.0018167998519061125,straight_channels
0.25,straight_bias,C,h1_exc,31,25,0.5563815,0.004126893,0.92666227,0.0068082656,1.6533203125,0.5604856172606888,0.00411793494583411,0.0030972696263682382,0.00042895645917406447,351,0.49667513,0.82804346,0.5008366710745689,0.0026749350540495476,0.05970639,0.098618805,0.05964894618611993,0.0004223345723186906,straight_channels
0.25,straight_bias,C,h1_exc,32,25,1.000974,0.0061854124,1.6548795,0.0100542605,1.6533203125,1.000943019916771,0.0060812539334801335,0.023296740132386407,0.0008577796521977344,273,0.9843788,1.6278893,0.9846182117517038,0.021077683734164854,0.016595244,0.026990175,0.016324808165067206,0.0022190563982215535,C_channels
0.25,straight_bias,C,h1_exc,33,25,1.3400556,0.006933424,2.203124,0.011144642,1.6533203125,1.3325451630030198,0.0067407638907163855,0.09556660068874714,0.0008026553158059037,225,1.2686555,2.0881894,1.2630277456554762,0.08656331182428008,0.07140005,0.11493468,0.06951741734754369,0.009003288864467066,straight_channels
0.25,straight_bias,C,h1_exc,34,25,0.6031766,0.0056267474,1.0038092,0.00927037,1.6533203125,0.6071474575536201,0.005607122586126066,0.017377021704502324,0.0006967586697852458,348,0.63797575,1.0611054,0.6418026667540812,0.01664622447679403,-0.03479916,-0.057296157,-0.03465520920046106,0.000730797227708295,straight_channels
0.25,straight_bias,C,h1_exc,35,25,0.7298451,0.01464472,1.2119412,0.02402412,1.6533203125,0.7330347327538795,0.014530832104086667,0.027828710299147047,0.0015132090983962679,321,0.6675451,1.1096599,0.6711705947180637,0.021312327159958674,0.062300026,0.10228133,0.06186413803581581,0.006516383139188373,C_channels
0.25,straight_bias,C,h1_exc,36,25,7.27708,0.2661855,10.866352,0.35306233,1.6533203125,6.5724422894149095,0.21354744596518388,0.22052381199739493,0.0017920410185303052,3,6.8093147,10.24153,6.194523079318863,0.21543618536812584,0.46776533,0.62482166,0.3779192100960467,0.005087626629269093,C_channels
0.25,straight_bias,C,h1_exc,37,25,1.1507362,0.019715061,1.8975573,0.031873286,1.6533203125,1.1477250696602455,0.019278349075867365,0.030201794666304186,0.0022264140142304904,252,1.2646306,2.0814483,1.2589504155431763,0.04418000502803638,-0.11389434,-0.18389106,-0.11122534588293087,-0.013978210361732194,C_channels
0.25,straight_bias,C,h1_exc,38,25,0.77058136,0.004519437,1.2788553,0.007402266,1.6533203125,0.7735072621462851,0.004477212286123853,0.009332038522264408,0.00040821765491720646,310,0.7611383,1.2633824,0.7641485834290792,0.009211430486877389,0.009443045,0.015472889,0.00935867871720586,0.00012060803538701918,C_channels
0.25,straight_bias,C,h1_exc,39,25,0.6425876,0.004871288,1.0687028,0.00801662,1.6533203125,0.6463979181983411,0.004848799988661586,0.002373250087692965,0.00021037970786013565,339,0.597287,0.994112,0.6012821672621984,0.0021386072236636734,0.045300603,0.0745908,0.04511575093614273,0.00023464286402929144,straight_channels
0.25,straight_bias,C,h1_exc,40,25,1.6889294,0.020515103,2.7606313,0.03263943,1.6533203125,1.6697498733822425,0.019741746085941213,0.08399564233630771,0.0042057938666109525,165,1.7829212,2.9096801,1.7599010929344288,0.08606015731281488,-0.09399176,-0.1490488,-0.0901512195521863,-0.00206451497650717,straight_channels
0.25,straight_bias,C,h1_exc,41,25,2.3008556,0.043336857,3.7228231,0.06748978,1.6533203125,2.2517253640847357,0.04082075448490947,0.1668381798372858,0.003117646996462789,93,2.0880098,3.3900821,2.050469072155609,0.15136512193065332,0.2128458,0.33274102,0.20125629192912653,0.015473057906632476,straight_channels
0.25,straight_bias,C,h1_exc,42,25,0.62901294,0.0064465734,1.0463506,0.010613901,1.6533203125,0.6328783204069779,0.006419748301854003,0.003767703008460766,0.0004939886063875806,343,0.6402334,1.0648167,0.6440474756157435,0.00419005218665719,-0.011220455,-0.018466115,-0.011169155208765602,-0.00042234917819642444,C_channels
0.25,straight_bias,C,h1_exc,43,25,2.799411,0.050434507,4.4931045,0.07739499,1.6533203125,2.7176247389893815,0.04681185540419126,0.21066957177557136,0.0038193686517879926,62,2.6332998,4.2380104,2.5633328371427773,0.20152518226749222,0.16611123,0.25509405,0.15429190184660424,0.009144389508079137,C_channels
0.25,straight_bias,C,h1_exc,44,25,0.6517193,0.007696709,1.0837022,0.012651393,1.6533203125,0.6554702414508364,0.00765211270326852,0.0006100729070639319,0.000168960114654695,338,0.6727771,1.1183362,0.6764183534378919,0.0004893991452271101,-0.021057844,-0.034633994,-0.020948111987055484,0.00012067376183682178,C_channels
0.25,straight_bias,C,h1_exc,45,25,2.1341398,0.027390601,3.463015,0.042919073,1.6533203125,2.0945821131801416,0.02595932134370902,0.15757311656736983,0.003216579889506322,115,2.1363451,3.4664075,2.09663385194505,0.15912125028659477,-0.0022053719,-0.003392458,-0.002051738764908162,-0.0015481337192249367,C_channels
0.25,straight_bias,C,h1_exc,46,25,1.4393668,0.020333389,2.3623114,0.032544345,1.6533203125,1.4288285893532457,0.019684234041177393,0.10181475362452824,0.002310809990778895,206,1.4343411,2.354255,1.4239557905419036,0.09903293388075167,0.0050257444,0.008056402,0.004872798811342172,0.002781819743776573,C_channels
0.25,straight_bias,C,h1_exc,47,25,1.5636125,0.014997181,2.5611444,0.02392331,1.6533203125,1.54909144141121,0.014469857198330247,0.09313332774650705,0.0020146418343827133,189,1.443525,2.3691604,1.4329711005416426,0.07954412134410496,0.120087504,0.19198394,0.11612034086956746,0.01358920640240209,straight_channels
0.25,straight_bias,C,h1_exc,48,25,2.5842557,0.058354758,4.1615205,0.08982904,1.6533203125,2.517068584109328,0.054332508832921046,0.22238764052854584,0.004883176583333915,74,2.3790045,3.8438544,2.324930213344781,0.20600351965121427,0.20525122,0.31766605,0.19213837076454698,0.01638412087733157,C_channels
0.25,straight_bias,C,h1_exc,49,25,0.51580137,0.006551453,0.85963845,0.0108254235,1.6533203125,0.5199467055568676,0.006547686706114082,0.007347673861586102,0.0005658672766646612,362,0.50941515,0.8490857,0.5135639265512473,0.00599342698986781,0.0063862205,0.010552764,0.006382779005620343,0.001354246871718292,C_channels
0.25,straight_bias,C,h1_exc,50,25,0.7433844,0.012858712,1.2341812,0.021087877,1.6533203125,0.7464864182090101,0.012754865487947692,0.011517640157536648,0.0015620188393944473,320,0.7151242,1.1877987,0.7184323157779109,0.010022578580351126,0.028260231,0.046382427,0.02805410243109918,0.0014950615771855223,straight_channels
0.25,straight_bias,C,h1_exc,51,25,2.087336,0.05457321,3.3882694,0.085646614,1.6533203125,2.049372518799129,0.051802794505036366,0.16184362691681733,0.004921597460450062,118,1.9916961,3.2381475,1.9585724591279345,0.15514623313487375,0.095639944,0.15012193,0.09080005967119442,0.006697393781943589,C_channels
0.25,straight_bias,C,h1_exc,52,25,0.6833793,0.005987964,1.135767,0.00983978,1.6533203125,0.6869612281018632,0.005951526287357624,0.003955394154985636,0.0003325399779276926,331,0.65681463,1.0920954,0.6605467830391138,0.003318512159341278,0.026564658,0.043671608,0.02641444506274937,0.0006368819956443584,straight_channels
0.25,straight_bias,C,h1_exc,53,25,2.5860004,0.046284005,4.1649623,0.071477756,1.6533203125,2.5191502081092154,0.04323285242121949,0.18115813290858862,0.0027031720192332,73,2.4774778,3.99697,2.4175411994300076,0.17366965557682587,0.10852265,0.16799235,0.10160900867920786,0.0074884773317627495,straight_channels
0.25,straight_bias,C,h1_exc,54,25,2.3180566,0.067751825,3.747983,0.10534545,1.6533203125,2.2669430399469896,0.06371750764387228,0.14920576256355253,0.004408916537559918,91,2.2512217,3.6437452,2.203895426994011,0.14649794686990153,0.06683493,0.104237795,0.06304761295297867,0.002707815693651,C_channels
0.25,straight_bias,C,h1_exc,55,25,1.2607301,0.009804042,2.075383,0.01581191,1.6533203125,1.255281733284467,0.009563730712210674,0.03260873208746115,0.0015073067440120756,240,1.2730097,2.0951746,1.2672526416862937,0.03333277465848208,-0.0122795105,-0.019791603,-0.011970908401826685,-0.0007240425710209261,C_channels
0.25,straight_bias,C,h1_exc,56,25,0.52946,0.013915004,0.8821026,0.022960091,1.6533203125,0.5335339734185173,0.0138872613791384,0.011980116175984101,0.001395081061696768,359,0.5768429,0.96030396,0.5808335687213426,0.013354522529562233,-0.04738289,-0.07820135,-0.04729959530282535,-0.001374406353578132,C_channels
0.25,straight_bias,C,h1_exc,57,25,2.4377515,0.028459977,3.9363165,0.044171322,1.6533203125,2.3808552939925676,0.026716735038691077,0.192193078018778,0.0027577015507757926,84,2.5819404,4.1593823,2.5157752819630606,0.20923427127066282,-0.14418888,-0.22306585,-0.13491998797049298,-0.01704119325188483,C_channels
0.25,straight_bias,C,h1_exc,58,25,2.221575,0.016632264,3.600094,0.02600752,1.6533203125,2.177493405271319,0.015730478219018705,0.22643090589103626,0.0016732847240321746,108,2.3151274,3.7459803,2.2657317217506834,0.226115045920339,-0.09355235,-0.14588618,-0.08823831647936453,0.00031585997069727423,C_channels
0.25,straight_bias,C,h1_exc,59,25,0.4938939,0.006371106,0.8234283,0.010531653,1.6533203125,0.4980451934306806,0.006370001641662494,0.0032850017817036684,0.0005723902018131195,368,0.45218033,0.7544011,0.45629459292133767,0.00240677113885661,0.041713566,0.069027185,0.04175060050934293,0.0008782306428470584,straight_channels
0.25,straight_bias,C,h1_exc,60,25,1.5862569,0.018988695,2.597189,0.03027559,1.6533203125,1.570892746285253,0.01831199314323157,0.0868775966072402,0.002165393417527666,182,1.5681939,2.5683963,1.5534777586653945,0.0885468108058204,0.01806295,0.02879262,0.017414987619858602,-0.0016692141985801962,C_channels
0.25,straight_bias,C,h1_exc,61,25,4.7964077,0.09829874,7.456457,0.1416033,1.6533203125,4.5099893476293325,0.08564783623927251,0.25444650120461015,0.002572425151676843,12,4.802799,7.465696,4.515577327051381,0.25102153691422857,-0.0063915253,-0.00923872,-0.0055879794220485834,0.0034249642903815825,C_channels
0.25,straight_bias,C,h1_exc,62,25,3.0239017,0.026013719,4.8372087,0.03957309,1.6533203125,2.925754225418799,0.023935524130973083,0.22850917623378153,0.0023940568825070443,49,2.6805935,4.311692,2.607898857805001,0.22632364032495908,0.3433082,0.5255165,0.3178553676137983,0.00218553590882245,straight_channels
0.25,straight_bias,C,h1_exc,63,25,0.94387156,0.0078005595,1.5619321,0.012699699,1.6533203125,0.9447244196541403,0.007681330208326192,0.012959021201698683,0.0012119530613095603,290,0.9785653,1.6184138,0.9788870791123059,0.018577055224990716,-0.034693718,-0.05648172,-0.034162659458165545,-0.005618034023292032,straight_channels
0.25,straight_bias,C,h1_exc,64,25,2.9804375,0.06291155,4.769074,0.095761456,1.6533203125,2.884543149730377,0.05792069126209152,0.22964216877547167,0.003003135921580258,51,2.7985108,4.491396,2.7165913708990574,0.2249895248468742,0.18192673,0.277678,0.1679517788313194,0.004652643928597461,C_channels
0.25,straight_bias,C,h1_exc,65,25,1.6451297,0.01902177,2.6909957,0.030261321,1.6533203125,1.6276311944709432,0.018303362806862674,0.12269839939652837,0.004038070396397267,174,1.6967894,2.7731423,1.6773171021370485,0.1271560627220827,-0.051659703,-0.082146645,-0.04968590766610537,-0.004457663325554348,C_channels
0.25,straight_bias,C,h1_exc,66,25,1.1839286,0.007770752,1.9514403,0.012548393,1.6533203125,1.1803159249618664,0.007589813071637785,0.07258503629786262,0.0009030671348692831,248,1.0973592,1.8113396,1.0955769035827925,0.06856951311483402,0.08656943,0.14010072,0.08473902137907396,0.004015523183028599,straight_channels
0.25,straight_bias,C,h1_exc,67,25,1.6448071,0.021063777,2.6904309,0.03351636,1.6533203125,1.6272895994862993,0.020272150746056244,0.127565212680924,0.0020256483238166568,175,1.6301991,2.6672163,1.613248240159311,0.12711597913770034,0.014608026,0.023214579,0.014041359326988356,0.00044923354322365383,C_channels
0.25,straight_bias,C,h1_exc,68,25,1.379449,0.02608052,2.266022,0.04183938,1.6533203125,1.3705886316290519,0.025306275957294375,0.072974105421878,0.0015963931453564964,217,1.2810711,2.1078866,1.2749414619892052,0.06892483030246466,0.09837794,0.15813541,0.09564716963984665,0.004049275119413345,straight_channels
0.25,straight_bias,C,h1_exc,69,25,2.023798,0.02912483,3.2897723,0.04581139,1.6533203125,1.989797326731084,0.027708719489461884,0.17831559540754352,0.004308849105304401,125,2.0752425,3.3705451,2.0386521410675296,0.17798039051355233,-0.05144453,-0.08077288,-0.04885481433644556,0.00033520489399119224,C_channels
0.25,straight_bias,C,h1_exc,70,25,1.4221132,0.010076605,2.3348494,0.016159419,1.6533203125,1.4122184322807934,0.009773918600565416,0.1294963546466693,0.0011468580408320137,209,1.3902807,2.283776,1.3813269629977625,0.12125701835236632,0.031832457,0.051073313,0.03089146928303088,0.008239336294302985,C_channels
0.25,straight_bias,C,h1_exc,71,25,1.6144547,0.008488946,2.6423223,0.013533282,1.6533203125,1.5981913827396752,0.008185517166928303,0.1379032933879679,0.0020543438794645742,179,1.5732085,2.5765536,1.558411637336453,0.13402162071555013,0.041246295,0.06576872,0.039779745403222266,0.003881672672417763,C_channels
0.25,straight_bias,C,h1_exc,72,25,4.4106426,0.059054922,6.901045,0.08611572,1.6533203125,4.174051965025964,0.05208653157933571,0.23610407760835816,0.002313669087041595,17,4.0426064,6.361666,3.8478123152161263,0.2353473560712014,0.36803627,0.53937864,0.3262396498098381,0.0007567215371567515,straight_channels
0.25,straight_bias,C,h1_exc,73,25,0.802725,0.004870436,1.331489,0.0079689445,1.6533203125,0.805342368827625,0.004819964216094372,0.019864242017916815,0.0004650899956693198,306,0.826328,1.3701046,0.8286987557396632,0.02090329685696191,-0.023602962,-0.038615584,-0.02335638691203823,-0.0010390548390450949,C_channels
0.25,straight_bias,C,h1_exc,74,25,2.3355463,0.024134347,3.777633,0.03756354,1.6533203125,2.2848765920572145,0.02272006196115211,0.17432604540747731,0.0016259701735928712,88,2.3168962,3.7485328,2.2672754980445062,0.17257018352453482,0.018650055,0.02910018,0.017601094012708263,0.0017558618829424943,C_channels
0.25,straight_bias,C,h1_exc,75,25,2.0269828,0.028492978,3.294802,0.04479972,1.6533203125,1.9928394140760923,0.027096817441179435,0.16081119584332457,0.0023965415230868107,123,1.9578004,3.1859636,1.9270093363492615,0.15628592977444372,0.069182396,0.10883832,0.0658300777268308,0.0045252660688808455,C_channels
0.25,straight_bias,C,h1_exc,76,25,4.483484,0.14714861,6.9972157,0.21285845,1.6533203125,4.232219961111676,0.12874604483066385,0.20800134081940164,0.0019999188470064422,16,4.235081,6.6362996,4.013922296029938,0.20808849409183935,0.2484026,0.36091614,0.21829766508173787,-8.715327243771775e-05,C_channels
0.25,straight_bias,C,h1_exc,77,25,1.9462554,0.011021858,3.1681433,0.017386844,1.6533203125,1.916230855168146,0.010516319719873176,0.19901114556255842,0.0015577112444342448,134,1.9420347,3.161497,1.912211017072259,0.19593265066848797,0.004220724,0.0066461563,0.004019838095886907,0.0030784948940704437,C_channels
0.25,straight_bias,C,h1_exc,78,25,3.4203155,0.046119433,5.4360805,0.069352254,1.6533203125,3.287977843927116,0.04194726006308611,0.22936059666451908,0.0025589097532326215,33,3.6057105,5.713745,3.4559212357420948,0.23133160144118714,-0.185395,-0.27766466,-0.16794339181497886,-0.0019710047766680616,C_channels
0.25,straight_bias,C,h1_exc,79,25,1.5223314,0.007921886,2.4953125,0.012665418,1.6533203125,1.509273487207274,0.007660595279706405,0.15350994170823465,0.0018002490527042757,193,1.6012013,2.6211982,1.5854146055078144,0.15748493077172926,-0.07886994,-0.12588573,-0.07614111830054049,-0.0039749890634946106,C_channels
0.25,straight_bias,C,h1_exc,80,25,2.362015,0.028243618,3.8186843,0.04391642,1.6533203125,2.3097063712373638,0.026562559868455328,0.2138272018769682,0.0034787501883182127,87,2.4779577,3.9985518,2.4184980922365353,0.21275319461074155,-0.11594272,-0.1798675,-0.10879172099917156,0.0010740072662266398,C_channels
0.25,straight_bias,C,h1_exc,81,25,1.0223161,0.011823386,1.6895027,0.01920309,1.6533203125,1.0218846729206446,0.011614863089430669,0.05839918934003096,0.0012169539982163542,268,0.94559497,1.5646609,0.9463749112133024,0.051634788846925336,0.07672113,0.12484181,0.07550976170734214,0.006764400493105623,straight_channels
0.25,straight_bias,C,h1_exc,82,25,1.2711753,0.03174079,2.0916383,0.051137496,1.6533203125,1.2651137621677038,0.03093018139835631,0.05140031844460621,0.002094152613594206,236,1.2569741,2.068775,1.25128506042766,0.05173552333859739,0.014201164,0.022863388,0.013828701740043803,-0.00033520489399117837,C_channels
0.25,straight_bias,C,h1_exc,83,25,1.9647589,0.019417042,3.1971438,0.030589724,1.6533203125,1.9337715211318989,0.01850199432830947,0.12857746180197582,0.003074102231528018,133,1.7901524,2.921367,1.7669696691523809,0.13327746585088973,0.17460644,0.27577686,0.16680185197951802,-0.004700004048913908,straight_channels
0.25,straight_bias,C,h1_exc,84,25,2.9904861,0.055457536,4.7849045,0.084535755,1.6533203125,2.8941182440408175,0.05113089848556643,0.1650548898012528,0.0023490466038083723,50,2.8128226,4.513671,2.730064380083663,0.16578563647015354,0.17766356,0.27123356,0.1640538639571547,-0.0007307466689007447,straight_channels
0.25,straight_bias,C,h1_exc,85,25,1.300195,0.013018685,2.1389148,0.020956362,1.6533203125,1.2937086569897658,0.01267531865808328,0.07738540182680181,0.002256904953646215,233,1.3837036,2.2731657,1.3749094534382322,0.08699237408858879,-0.08350861,-0.13425088,-0.08120079644846645,-0.009606972261786972,straight_channels
0.25,straight_bias,C,h1_exc,86,25,0.50600857,0.007106547,0.84344983,0.01174277,1.6533203125,0.5101551206661137,0.007102537403815212,0.0014480845802773321,0.00027005684043561,366,0.4467771,0.74545336,0.45088259375239575,0.0014480710979286545,0.05923146,0.09799647,0.05927252691371793,1.3482348677588962e-08,straight_channels
0.25,straight_bias,C,h1_exc,87,25,2.6494656,0.040956933,4.26313,0.06311227,1.6533203125,2.578526424848059,0.03817303998153081,0.1961954244530326,0.0015795882286492521,68,2.4683933,3.98353,2.4094121617133752,0.19030252241666779,0.18107224,0.27960014,0.1691142631346838,0.0058929020363648055,C_channels
0.25,straight_bias,C,h1_exc,88,25,1.7517086,0.023030015,2.8602543,0.03650189,1.6533203125,1.7300061211719506,0.02207792798415848,0.15397301600590466,0.0030459521103752005,156,1.258764,2.0721123,1.2533036837449694,0.11531048353296294,0.4929446,0.78814197,0.47670243742698126,0.03866253247294171,straight_channels
0.25,straight_bias,C,h1_exc,89,25,1.8654339,0.049613677,3.039133,0.07831433,1.6533203125,1.8381997221584967,0.047367909439671944,0.10813039470367204,0.0017553420701163184,143,1.9170272,3.1201208,1.8871846621494266,0.1021905639821485,-0.051593304,-0.08098769,-0.0489849399909299,0.005939830721523542,straight_channels
0.25,straight_bias,C,h1_exc,90,25,2.6008854,0.05696541,4.1872745,0.08823299,1.6533203125,2.5326455576750355,0.05336714664209826,0.17602949803052373,0.0035261568628589084,72,2.615731,4.210283,2.546562132734837,0.1770015922230981,-0.01484561,-0.023008347,-0.013916575059801595,-0.0009720941925743798,C_channels
0.25,straight_bias,C,h1_exc,91,25,1.5781884,0.0144638065,2.5844135,0.023072131,1.6533203125,1.563165558555115,0.013955027320102151,0.11977497005047712,0.0036385694542669924,187,1.4460405,2.3731542,1.435386763135936,0.09988435431148923,0.13214791,0.21125937,0.12777879541917891,0.019890615738987885,straight_channels
0.25,straight_bias,C,h1_exc,92,25,3.1065333,0.06859616,4.9605055,0.10381181,1.6533203125,3.000329498151433,0.06278989208851671,0.23047347691256978,0.0023187627425590705,46,3.0386846,4.857603,2.938089369134799,0.22566663873273637,0.06784868,0.10290241,0.062240129016633894,0.004806838179833406,C_channels
0.25,straight_bias,C,h1_exc,93,25,1.8724536,0.024441697,3.0513766,0.03862622,1.6533203125,1.8456051749433715,0.023362817952249693,0.16387496857440387,0.003341126931074232,141,1.8096123,2.95206,1.7855340933239108,0.14691207799481457,0.062841296,0.0993166,0.06007108161946073,0.0169628905795893,C_channels
0.25,straight_bias,C,h1_exc,94,25,1.6770053,0.019849584,2.7416904,0.031581983,1.6533203125,1.6582934570955847,0.019102155590893725,0.12076091510925938,0.002076537728569349,169,1.7657083,2.882539,1.7434848812886679,0.13259274679684446,-0.08870304,-0.14084864,-0.08519142419308312,-0.011831831687585087,straight_channels
0.25,straight_bias,C,h1_exc,95,25,1.1795233,0.015087041,1.9442135,0.024364416,1.6533203125,1.1759448445052494,0.01473665730702185,0.057554680298284124,0.0019422368599846336,249,1.0042988,1.6602134,1.0041691630464384,0.035082544205115994,0.17522454,0.28400016,0.17177568145881095,0.02247213609316813,C_channels
0.25,straight_bias,C,h1_exc,96,25,0.5665432,0.0073919217,0.9434024,0.01219423,1.6533203125,0.5706108038019095,0.007375600504364007,0.005175543901465198,0.0006580972149174768,350,0.5319194,0.8862597,0.5360483925533939,0.003955417749095822,0.0346238,0.057142735,0.03456241124851567,0.001220126152369376,C_channels
0.25,straight_bias,C,h1_exc,97,25,1.8964868,0.06445052,3.0871515,0.10132982,1.6533203125,1.867243446371856,0.06128867845891454,0.09714237827864146,0.0034479425891646978,139,1.8489468,3.0125065,1.8220949145458496,0.0957278136259987,0.04753995,0.07464504,0.04514853182600631,0.0014145646526427524,C_channels
0.25,straight_bias,C,h1_exc,98,25,0.40704277,0.00522044,0.67961675,0.008654231,1.6533203125,0.4110617597562257,0.005234455320256656,0.0012335540098875105,0.00030042163970370455,380,0.4063887,0.67853326,0.41040639864548933,0.0011396966395699826,0.00065407157,0.0010834932,0.0006553611107363855,9.385737031752787e-05,C_channels
0.25,straight_bias,C,h1_exc,99,25,5.520433,0.1565047,8.479631,0.22010937,1.6533203125,5.128849540283126,0.1331317181482271,0.18799631274600853,0.0021782670464262507,7,4.6811433,7.286072,4.406932909515953,0.1900812871866336,0.83928967,1.1935596,0.7219166307671729,-0.0020849744406250814,straight_channels
0.25,straight_bias,C,h1_exc,100,25,0.7689271,0.0076384507,1.2761201,0.012513421,1.6533203125,0.7718528943319781,0.007568660750972331,0.027198525098443643,0.0013163825241964656,312,0.71363664,1.1854495,0.7170113481301632,0.020118997737350104,0.05529046,0.090670586,0.05484154620181492,0.007079527361093539,straight_channels
0.25,straight_bias,C,h1_exc,101,25,1.1503117,0.02047589,1.8968507,0.03310569,1.6533203125,1.1472977529081785,0.020023760978778043,0.03917204391180828,0.0014191391837779215,253,1.145421,1.8889009,1.142489347808607,0.03567250481854046,0.0048906803,0.007949829,0.004808405099571589,0.00349953909326782,straight_channels
0.25,straight_bias,C,h1_exc,102,25,1.6263895,0.013999056,2.6612582,0.02228567,1.6533203125,1.6096446495690275,0.013479342344890819,0.11726808011387138,0.0028825139220811646,178,1.7880784,2.918055,1.76496662584273,0.13208413642828115,-0.16168892,-0.25679684,-0.15532197627370237,-0.01481605631440977,C_channels
0.25,straight_bias,C,h1_exc,103,25,0.5065954,0.007803901,0.84441286,0.012900464,1.6533203125,0.5107375698213511,0.00780276143512217,0.005383390597498212,0.00033678223258259017,365,0.5477614,0.91239494,0.5518561114546624,0.0068582747163589905,-0.041166008,-0.06798208,-0.0411185416333113,-0.001474884118860778,straight_channels
0.25,straight_bias,C,h1_exc,104,25,0.705497,0.0059106993,1.1720968,0.009704619,1.6533203125,0.708935109969288,0.00586977511797385,0.02474455562745472,0.001075241897029156,329,0.7180369,1.1926808,0.7213851800357447,0.024885498415234387,-0.012539864,-0.020583987,-0.012450070066456709,-0.00014094278777966596,C_channels
0.25,straight_bias,C,h1_exc,105,25,3.7440884,0.055801224,5.919771,0.0828543,1.6533203125,3.5805349707754415,0.05011388313202928,0.2404961032429058,0.001656098767718317,29,3.8187695,6.030321,3.64740015283188,0.2387530377941517,-0.07468104,-0.11054993,-0.06686518205643832,0.0017430654487541053,C_channels
0.25,straight_bias,C,h1_exc,106,25,0.54437166,0.0047946176,0.90683675,0.007913437,1.6533203125,0.5484943181416935,0.00478639064280185,0.003921897259696705,0.00041360806768600425,355,0.54836273,0.91341734,0.5524745457553186,0.0038347400549073023,-0.0039910674,-0.006580591,-0.0039802276136251535,8.715720478940248e-05,straight_channels
0.25,straight_bias,C,h1_exc,107,25,0.4428496,0.008654608,0.7389297,0.014328161,1.6533203125,0.4469367909761288,0.008666294870754505,0.0011933277373149852,0.000244286155236189,376,0.44514203,0.74272865,0.44923455657800176,0.0010793372880704428,-0.0022924244,-0.0037989616,-0.0022977656018729475,0.0001139904492445424,C_channels
0.25,straight_bias,C,h1_exc,108,25,1.3661026,0.006437451,2.2449903,0.01033784,1.6533203125,1.3578676592043328,0.006252774858776889,0.1222149403494227,0.0020491778024883055,220,1.4242913,2.33837,1.4143478172815733,0.13437693790318078,-0.058188677,-0.093379736,-0.056480158077240494,-0.012161997553758089,C_channels
0.25,straight_bias,C,h1_exc,109,25,1.4023134,0.029893221,2.3025897,0.047849905,1.6533203125,1.3927063935116653,0.028941701797191376,0.07229676739196908,0.0014881726481486652,212,1.366011,2.2444084,1.3575157275393024,0.07132489734344144,0.036302328,0.058181286,0.03519066597236287,0.0009718700485276399,C_channels
0.25,straight_bias,C,h1_exc,110,25,1.5883118,0.013018148,2.6005857,0.020760067,1.6533203125,1.5729472941814941,0.012556591132215411,0.1213911003099628,0.0019819067902264232,181,1.4586685,2.3933842,1.4476228027750841,0.0999175371804069,0.12964332,0.20720148,0.12532449140641,0.021473563129555895,straight_channels
0.25,straight_bias,C,h1_exc,111,25,0.9630584,0.011858797,1.593126,0.019313179,1.6533203125,0.9635919271771669,0.011681450189553844,0.03750246681334285,0.0013798736696237178,285,0.9291687,1.5379272,0.9302051503699125,0.035967393557634585,0.03388971,0.055198908,0.03338677680725444,0.001535073255708265,straight_channels
0.25,straight_bias,C,h1_exc,112,25,0.87046576,0.011752803,1.4421579,0.019184612,1.6533203125,0.8722797547884926,0.011603686639773103,0.04085477247964397,0.0006663667580128559,300,0.91502565,1.514861,0.9162537784214774,0.042497276460200704,-0.044559896,-0.07270312,-0.04397402363298475,-0.0016425039805567365,straight_channels
0.25,straight_bias,C,h1_exc,113,25,0.42676267,0.010407224,0.7122546,0.017239232,1.6533203125,0.4308025206518501,0.010427036802664295,0.004813542277713221,0.0006940522359079983,377,0.38575786,0.6442715,0.38968340796309325,0.003050364535319659,0.041004807,0.06798309,0.04111911268875684,0.0017631777423935619,C_channels
0.25,straight_bias,C,h1_exc,114,25,1.016911,0.0059271255,1.6807871,0.009632721,1.6533203125,1.0166131158977447,0.00582628826952723,0.02139948043239638,0.0006144955783433255,270,0.94798434,1.5686483,0.9487867465824639,0.012556775328909277,0.06892669,0.11213875,0.06782636931528085,0.008842705103487104,straight_channels
0.25,straight_bias,C,h1_exc,115,25,1.1754609,0.02424307,1.9374161,0.03919609,1.6533203125,1.1718334644909851,0.02370749832736834,0.036356322802282445,0.0027323983165605747,250,1.2478147,2.0541732,1.2424532784189108,0.04261795022203753,-0.07235372,-0.116757154,-0.07061981392792571,-0.006261627419755084,C_channels
0.25,straight_bias,C,h1_exc,116,25,0.8743142,0.005771831,1.4485098,0.009422523,1.6533203125,0.8761217177654761,0.005699151748436676,0.04553423279976071,0.0007039781621662085,298,0.86764556,1.4376206,0.8695354728582881,0.04567471157004008,0.0066686273,0.010889173,0.006586244907187955,-0.0001404787702793675,C_channels
0.25,straight_bias,C,h1_exc,117,25,1.325908,0.0057562813,2.1803808,0.009260455,1.6533203125,1.3187890199139696,0.005601125548781599,0.10416156875881658,0.000857240231954807,228,1.2973807,2.1344702,1.2910203990597022,0.09882445800844702,0.02852726,0.045910597,0.027768620854267345,0.00533711075036955,C_channels
0.25,straight_bias,C,h1_exc,118,25,2.8059812,0.059450734,4.502596,0.09106603,1.6533203125,2.7233658247214168,0.05508069510402509,0.211708706946944,0.0019030734475886189,61,2.8754265,4.6087384,2.7875652507396382,0.20993882510667064,-0.06944537,-0.10614252,-0.06419942601822148,0.0017698818402733518,straight_channels
0.25,straight_bias,C,h1_exc,119,25,1.3023273,0.03453704,2.141698,0.055541907,1.6533203125,1.295391938091147,0.03359416033998909,0.06148998575374048,0.0025433879798349305,232,1.2012811,1.9789146,1.19693363265632,0.055402490731857046,0.101046205,0.16278327,0.09845830543482692,0.006087495021883431,C_channels
0.25,straight_bias,C,h1_exc,120,25,1.8570452,0.021854945,3.0270977,0.034556083,1.6533203125,1.8309202534340678,0.020901021251248472,0.15340316768611964,0.0013302862887825421,144,1.7855148,2.9139287,1.7624707501471795,0.14964887287341855,0.07153034,0.113168955,0.06844950328688837,0.0037542948127010922,C_channels
0.25,straight_bias,C,h1_exc,121,25,2.268022,0.05859983,3.670688,0.091392845,1.6533203125,2.220191653545622,0.055278365216689995,0.16269449681831727,0.003149228143064125,101,2.2610028,3.6598313,2.213625011991276,0.16724712980795503,0.0070192814,0.010856628,0.006566641554345942,-0.0045526329896377615,C_channels
0.25,straight_bias,C,h1_exc,122,25,1.0997052,0.010697896,1.8150994,0.01734946,1.6533203125,1.0978510107613368,0.010493706578377456,0.059116735104282975,0.001895230210349338,258,1.0418512,1.7212491,1.0410862969092742,0.04566161065947736,0.057854056,0.093850255,0.05676471385206261,0.013455124444805615,C_channels
0.25,straight_bias,C,h1_exc,123,25,1.989266,0.02526015,3.235575,0.03979407,1.6533203125,1.9570163330390744,0.024069181844982565,0.16909746082278632,0.0025007970046170567,130,2.0597904,3.346446,2.0240760142729397,0.17544624151497906,-0.070524335,-0.11087108,-0.0670596812338653,-0.006348780692192746,C_channels
0.25,straight_bias,C,h1_exc,124,25,0.46001777,0.0073249615,0.7673723,0.0121242795,1.6533203125,0.46414011026165775,0.007333291360642998,0.0002212352300341731,0.00013606456218571275,371,0.36493638,0.60973215,0.3687925313059115,7.37450766780577e-05,0.09508139,0.15764016,0.09534757895574625,0.00014749015335611542,straight_channels
0.25,straight_bias,C,h1_exc,125,25,1.5812618,0.009469898,2.5893912,0.015103027,1.6533203125,1.5661762551553338,0.009134967449470234,0.12274532808168713,0.0015249022906221625,185,1.4660056,2.4051778,1.4547560755372404,0.11291041649198615,0.11525619,0.1842134,0.11142017961809336,0.009834911589700984,straight_channels
0.25,straight_bias,C,h1_exc,126,25,0.9160479,0.012622868,1.5165225,0.020572627,1.6533203125,0.917258778323107,0.01244321887923897,0.030181848654965066,0.0020451830094198125,294,0.94587326,1.565146,0.9466683125792922,0.03256850750018221,-0.02982539,-0.048623443,-0.0294095342561852,-0.002386658845217146,C_channels
0.25,straight_bias,C,h1_exc,127,25,1.091514,0.013168233,1.8017845,0.02134072,1.6533203125,1.0897976119341612,0.012907795657145426,0.07128444074741234,0.0018653167725042363,259,1.0558654,1.7439749,1.0548318235584524,0.0672954806001008,0.035648584,0.05780959,0.03496578837570885,0.003988960147311552,C_channels
0.25,straight_bias,straight,h1_exc,0,25,4.438277,0.2223666,3.5621996,0.17232212,0.8271484375000001,4.306602824815982,0.20833276704349782,0.12537927302234564,0.0029577135200723735,10,4.2218804,3.3948681,4.104303368464133,0.12346712365822723,0.21639633,0.16733146,0.20229945635184876,0.001912149364118404,C_channels
0.25,straight_bias,straight,h1_exc,1,25,1.9636768,0.03859551,1.6111706,0.031166248,0.8271484375000001,1.9478615121098262,0.037679148011138856,0.10257742157615651,0.002829381237915378,106,2.0314803,1.665849,2.0139661395481685,0.10392712185433035,-0.0678035,-0.05467832,-0.06610462743834233,-0.0013497002781738404,straight_channels
0.25,straight_bias,straight,h1_exc,2,25,1.872771,0.07054555,1.5371635,0.05706322,0.8271484375000001,1.8583890154743978,0.0689878800028908,0.07138450437442825,0.005957030065240167,120,1.7641319,1.4493349,1.7522064595248663,0.0640026760667475,0.10863912,0.087828636,0.10618255594953152,0.007381828307680749,C_channels
0.25,straight_bias,straight,h1_exc,3,25,0.9283893,0.038080204,0.76813424,0.031279296,0.8271484375000001,0.9286534249584504,0.03781582027561958,0.006191034544956985,0.0012519877046782615,288,0.8886948,0.7355586,0.8892704007887718,0.004343826102638816,0.039694488,0.032575607,0.03938302416967854,0.0018472084423181686,C_channels
0.25,straight_bias,straight,h1_exc,4,25,0.8071132,0.015798723,0.6686284,0.013003906,0.8271484375000001,0.8083535513943958,0.015721369037241202,0.0010607017227373854,0.00035246722805909946,310,0.7457685,0.6181259,0.747297460896014,0.0006494092180024809,0.061344683,0.05050248,0.06105609049838179,0.00041129250473490454,straight_channels
0.25,straight_bias,straight,h1_exc,5,25,0.73332286,0.011711723,0.60788524,0.009648281,0.8271484375000001,0.7349167584741173,0.011664509835138762,0.00052674303237979,0.0002100921563853527,326,0.7733999,0.64088666,0.7748145561719215,0.000757644087669561,-0.04007703,-0.033001423,-0.039897797697804216,-0.00023090105528977096,C_channels
0.25,straight_bias,straight,h1_exc,6,25,2.5299673,0.11326109,2.0644946,0.09061281,0.8271484375000001,2.495917961634356,0.10954842484702167,0.1136173535532121,0.005660649699023486,60,2.4605558,2.009131,2.428984772231783,0.11311937618908564,0.069411516,0.055363655,0.06693318940257287,0.0004979773641264618,C_channels
0.25,straight_bias,straight,h1_exc,7,25,2.7655468,0.050032444,2.2542017,0.039903775,0.8271484375000001,2.725268637036377,0.048242580357874494,0.11368269144032318,0.0019526766839026112,54,2.8289983,2.3046606,2.7862718380864235,0.11723235329745905,-0.06345153,-0.050458908,-0.06100320105004675,-0.003549661857135872,straight_channels
0.25,straight_bias,straight,h1_exc,8,25,1.0928878,0.025909327,0.90317744,0.02120614,0.8271484375000001,1.091916974951138,0.02563764703681107,0.012035716205453705,0.0025668575346063254,257,1.1347734,0.93746024,1.133363999105087,0.014106611346609446,-0.041885614,-0.034282804,-0.041447024153949075,-0.0020708951411557413,C_channels
0.25,straight_bias,straight,h1_exc,9,25,1.0401084,0.022246733,0.8599583,0.01823668,0.8271484375000001,1.0396662094366946,0.022047651290767824,0.016516585796358035,0.0017874577904047446,268,0.8960422,0.74172705,0.8967278274160723,0.009560722091605503,0.14406621,0.11823124,0.14293838202062237,0.006955863704752532,straight_channels
0.25,straight_bias,straight,h1_exc,10,25,1.0835723,0.015570542,0.89561653,0.0127606625,0.8271484375000001,1.08277604164315,0.015427294656245049,0.023183909082688567,0.0012538230940887132,259,1.1988192,0.98995095,1.196823828413694,0.032484778332588844,-0.11524689,-0.09433442,-0.11404778677054406,-0.009300869249900277,straight_channels
0.25,straight_bias,straight,h1_exc,11,25,0.918894,0.036647864,0.76035315,0.030062126,0.8271484375000001,0.9192462832527071,0.03634429309912491,0.027253540182170778,0.002749178315338076,290,0.79526865,0.65876466,0.7964285978301643,0.019345179038496127,0.12362534,0.10158849,0.12281768542254279,0.007908361143674651,straight_channels
0.25,straight_bias,straight,h1_exc,12,25,1.7967017,0.021943541,1.4763325,0.017768541,0.8271484375000001,1.7848460285895678,0.021481683356419076,0.09648742901958694,0.0031738168617703676,134,1.8106678,1.4876313,1.798505866455711,0.09060701722730169,-0.0139660835,-0.011298776,-0.01365983786614322,0.005880411792285253,straight_channels
0.25,straight_bias,straight,h1_exc,13,25,6.3174987,0.47736132,4.973024,0.35630235,0.8271484375000001,6.012250598339939,0.4307598534837035,0.11559484080444159,0.004190753893425963,1,5.899566,4.661511,5.635639955018206,0.11417335618281393,0.4179325,0.31151295,0.3766106433217331,0.0014214846216276528,C_channels
0.25,straight_bias,straight,h1_exc,14,25,1.6723964,0.07788077,1.3746988,0.06310588,0.8271484375000001,1.6619735700599356,0.07629329480501326,0.04840245735839819,0.00238405016515446,152,1.6784843,1.379629,1.667934083196257,0.046945070803601566,-0.006087899,-0.004930258,-0.005960513136321399,0.0014573865547966233,straight_channels
0.25,straight_bias,straight,h1_exc,15,25,1.1003468,0.009415609,0.90938085,0.0077087376,0.8271484375000001,1.0994167730913558,0.009319654540100173,0.009344236733964032,0.0013959447905587934,254,1.0502689,0.86835366,1.049815968113426,0.010368867975966044,0.050077915,0.04102719,0.049600804977929736,-0.001024631242002012,straight_channels
0.25,straight_bias,straight,h1_exc,16,25,1.8117633,0.08424345,1.4874729,0.06796948,0.8271484375000001,1.7983142232734426,0.08217325357925341,0.07498511770535313,0.003585507449627466,130,1.6572534,1.3626026,1.6473494113256912,0.06910418855663818,0.1545099,0.1248703,0.15096481194775135,0.00588092914871495,C_channels
0.25,straight_bias,straight,h1_exc,17,25,0.90834945,0.018806567,0.7518521,0.015455115,0.8271484375000001,0.9089687297870839,0.018684813938662944,0.0019843059438964692,0.0004261211080006156,293,0.9281628,0.7681331,0.92865205869334,0.0020492468656967177,-0.019813359,-0.016281009,-0.019683328906256126,-6.494092180024842e-05,C_channels
0.25,straight_bias,straight,h1_exc,18,25,1.3576297,0.038009558,1.119416,0.03098842,0.8271484375000001,1.3533436120004927,0.037464156276778834,0.03552978730074831,0.004121288052542208,199,1.3594121,1.1209104,1.3551502266619084,0.03622236226634511,-0.0017824173,-0.0014944077,-0.0018066146614157397,-0.0006925749655967983,C_channels
0.25,straight_bias,straight,h1_exc,19,25,1.0727099,0.032122422,0.8865894,0.026294367,0.8271484375000001,1.0718625609466157,0.031789175624898476,0.03343735906914996,0.002425440687384578,261,1.0448016,0.86374456,1.0442437250386367,0.03196536484167767,0.027908325,0.022844851,0.027618835907978978,0.0014719942274722952,C_channels
0.25,straight_bias,straight,h1_exc,20,25,3.064744,0.10213222,2.4908142,0.081123404,0.8271484375000001,3.0113266531507694,0.0980759930915494,0.12011184269854773,0.0030931335616487306,40,3.3288848,2.6993048,3.2633862630756925,0.12056604845490877,-0.26414084,-0.20849061,-0.25205960992492304,-0.00045420575636104243,straight_channels
0.25,straight_bias,straight,h1_exc,21,25,3.716339,0.21982501,2.9990618,0.17230469,0.8271484375000001,3.6257845382380056,0.2083116922736895,0.11262198971758579,0.004953453289867538,22,3.3527787,2.7144158,3.28165520493902,0.10782357716234524,0.36356044,0.28464603,0.34412933329898543,0.00479841255524055,C_channels
0.25,straight_bias,straight,h1_exc,22,25,1.9649769,0.06105622,1.6118648,0.0492775,0.8271484375000001,1.9487006928940283,0.05957515830542937,0.1127663028771419,0.00510959451912663,104,1.9564127,1.6049708,1.9403661586548409,0.11254261747982994,0.008564234,0.0068939924,0.008334534239187397,0.00022368539731196235,C_channels
0.25,straight_bias,straight,h1_exc,23,25,2.5283163,0.10409443,2.063486,0.08329364,0.8271484375000001,2.494698751615522,0.10069974881679224,0.09523946964905272,0.005730682501189478,61,2.6968787,2.1976593,2.6569103639456757,0.09936682601235738,-0.16856241,-0.13417315,-0.1622116123301538,-0.004127356363304663,C_channels
0.25,straight_bias,straight,h1_exc,24,25,1.6098644,0.017129947,1.3248662,0.013912976,0.8271484375000001,1.6017272625865555,0.01682040917025117,0.07580770271482294,0.0017984728965685832,160,1.7455564,1.4349012,1.7347567146566893,0.0850431019727628,-0.135692,-0.11003506,-0.13302945207013384,-0.009235399257939855,straight_channels
0.25,straight_bias,straight,h1_exc,25,25,3.1594687,0.111397594,2.5655732,0.0881817,0.8271484375000001,3.1017083069798628,0.10660927650302407,0.1283732862648454,0.002341909965124876,37,3.20922,2.6046247,3.148920474124178,0.12915988148816762,-0.04975128,-0.039051533,-0.04721216714431531,-0.0007865952233222229,straight_channels
0.25,straight_bias,straight,h1_exc,26,25,2.4405215,0.13367458,1.992095,0.107114084,0.8271484375000001,2.408388677347225,0.12949802069341956,0.0826553621357602,0.007607430597977224,70,2.3970406,1.9572937,2.3663148603381767,0.0798690320332064,0.043480873,0.034801245,0.04207381700904822,0.0027863301025538023,C_channels
0.25,straight_bias,straight,h1_exc,27,25,1.5123138,0.08876574,1.2443662,0.07199427,0.8271484375000001,1.5044049589372996,0.0870391140880723,0.05003337241810225,0.004614354039202855,179,1.4391518,1.1850631,1.432709078891672,0.0485756871631783,0.07316208,0.059303045,0.07169588004562755,0.0014576852549239502,C_channels
0.25,straight_bias,straight,h1_exc,28,25,2.4769669,0.062368583,2.023481,0.049932662,0.8271484375000001,2.4463333644807213,0.06036723233240186,0.11860331464722318,0.0020322529951301445,66,2.4805524,2.0262995,2.4497410660241603,0.12119419139521855,-0.003585577,-0.0028185844,-0.0034077015434390567,-0.002590876747995366,straight_channels
0.25,straight_bias,straight,h1_exc,29,25,3.2843695,0.12947111,2.6636965,0.1024674,0.8271484375000001,3.220336800186689,0.12388030185896942,0.11928925768907794,0.004026253636189302,28,3.5233076,2.8513567,3.447212852408031,0.11999639217090285,-0.2389381,-0.18766022,-0.22687605222134222,-0.0007071344818249115,C_channels
0.25,straight_bias,straight,h1_exc,30,25,0.83968604,0.009348758,0.69545287,0.007690517,0.8271484375000001,0.8407836812414033,0.009297626182921577,0.004408737089350052,0.00042651184129674144,300,0.81167203,0.67240095,0.8129144873403991,0.00406236793581967,0.028014004,0.023051918,0.027869193901004286,0.000346369153530382,straight_channels
0.25,straight_bias,straight,h1_exc,31,25,0.65685874,0.011731078,0.5448436,0.009678057,0.8271484375000001,0.6587011336461153,0.011700508461792632,0.0011256426445376334,0.00024005848137129495,334,0.5826091,0.48354772,0.5845960583770683,0.000757644087669561,0.074249625,0.061295897,0.07410507526904697,0.0003679985568680724,straight_channels
0.25,straight_bias,straight,h1_exc,32,25,0.9589407,0.009190842,0.79344195,0.0075460384,0.8271484375000001,0.9592497387857157,0.009122955366039631,0.008911284890802423,0.0006004415661993455,277,0.95370597,0.7891436,0.9540531523207223,0.008355731938298588,0.0052347183,0.0042983294,0.005196586464993436,0.0005555529525038353,C_channels
0.25,straight_bias,straight,h1_exc,33,25,1.417934,0.011533552,1.1687799,0.009395907,0.8271484375000001,1.4130231759880667,0.01135939634088043,0.068707063808923,0.0013226623529752047,190,1.3399994,1.1052574,1.3362261116770742,0.06296360049353378,0.0779345,0.06352246,0.07679706431099254,0.005743463315389219,straight_channels
0.25,straight_bias,straight,h1_exc,34,25,0.7334483,0.013706809,0.6079804,0.011293779,0.8271484375000001,0.735031781278401,0.013653871672348543,0.006089990604281134,0.0005997634079047519,325,0.7964599,0.6598675,0.7977619097214201,0.0066167583656475,-0.06301159,-0.051887155,-0.06273012844301917,-0.0005267677613663658,straight_channels
0.25,straight_bias,straight,h1_exc,35,25,0.42733374,0.013476358,0.35512075,0.011158999,0.8271484375000001,0.42933132188530143,0.013490927223562514,0.002005952917829885,0.0004662714785400402,374,0.39997265,0.3324649,0.40194103272965104,0.0012771714620715456,0.027361095,0.022655845,0.027390289155650394,0.0007287814557583394,C_channels
0.25,straight_bias,straight,h1_exc,36,25,4.3467116,0.4919004,3.4628823,0.3752676,0.8271484375000001,4.186530734164057,0.45368832723174923,0.08295804297916413,0.005616329734834111,12,3.9697776,3.1753995,3.838971867904024,0.07932172815001413,0.37693405,0.28748274,0.34755886626003285,0.0036363148291500003,C_channels
0.25,straight_bias,straight,h1_exc,37,25,0.9584082,0.028364878,0.79288775,0.02325175,0.8271484375000001,0.9585796866336187,0.028110734070259904,0.00525299900784229,0.0011684818135559872,278,1.0399239,0.8597415,1.0394041459529237,0.007778447412696733,-0.08151573,-0.06685376,-0.08082445931930504,-0.002525448404854443,C_channels
0.25,straight_bias,straight,h1_exc,38,25,0.63769215,0.008686296,0.52903914,0.007167217,0.8271484375000001,0.6395939333716557,0.008664970468060602,7.937223775585877e-05,5.89891992107016e-05,338,0.63536024,0.5271134,0.6372657369158892,6.49409218002481e-05,0.0023319125,0.0019257665,0.0023281964557665402,1.4431315955610672e-05,C_channels
0.25,straight_bias,straight,h1_exc,39,25,0.72636515,0.007244142,0.6021661,0.0059697456,0.8271484375000001,0.7280024914061813,0.007217260006616102,0.004848922161085191,0.0005016828587211116,328,0.6737331,0.5587744,0.6755431067213523,0.003117164246411908,0.052632034,0.043391705,0.052459384684829025,0.0017317579146732824,straight_channels
0.25,straight_bias,straight,h1_exc,40,25,1.8041725,0.042029127,1.4821756,0.034011643,0.8271484375000001,1.7919100861617066,0.041119152031548575,0.06515739153958225,0.00423156713498233,132,1.929293,1.583227,1.9140786010937396,0.06848363676444448,-0.12512052,-0.10105145,-0.12216851493203307,-0.0033262452248622315,straight_channels
0.25,straight_bias,straight,h1_exc,41,25,3.0412443,0.10246726,2.4721668,0.08128802,0.8271484375000001,2.988782419869236,0.09827500135094636,0.12691523463046245,0.0028963554201162423,41,2.751073,2.241796,2.7102704416100414,0.12009694023032157,0.29017138,0.23037076,0.2785119782591945,0.006818294400140881,straight_channels
0.25,straight_bias,straight,h1_exc,42,25,0.620966,0.010409521,0.5152286,0.008590251,0.8271484375000001,0.6228974415889339,0.010385380768963108,0.0011905835663378816,0.0003598798113690269,346,0.62796044,0.52100146,0.6298766091320296,0.0013204654099383778,-0.0069944263,-0.005772829,-0.006979167543095688,-0.0001298818436004962,C_channels
0.25,straight_bias,straight,h1_exc,43,25,2.3205404,0.10319087,1.8970134,0.08285868,0.8271484375000001,2.293437645217914,0.10017389515371238,0.10474205324245484,0.005048342897198268,74,2.1419036,1.7537035,2.120179756410843,0.09738973572643872,0.17863679,0.14330995,0.17325788880707105,0.007352317516016116,C_channels
0.25,straight_bias,straight,h1_exc,44,25,0.66688055,0.012822708,0.55310637,0.010574145,0.8271484375000001,0.6686905291173253,0.012783854538550831,0.0001876045043717204,9.401085128269827e-05,333,0.67278594,0.557986,0.6745899566558574,6.49409218002481e-05,-0.00590539,-0.0048796535,-0.00589942753853212,0.0001226635825714723,C_channels
0.25,straight_bias,straight,h1_exc,45,25,1.952532,0.07021535,1.6016256,0.056637365,0.8271484375000001,1.9363216680381532,0.06847303807163993,0.08904843510409574,0.006123892338660466,110,1.9310242,1.5842421,1.9153056339891765,0.08800919814170648,0.02150786,0.017383456,0.021016034048976673,0.0010392369623892644,C_channels
0.25,straight_bias,straight,h1_exc,46,25,1.1803524,0.02298067,0.9747868,0.018787086,0.8271484375000001,1.1784908363878805,0.022713075921538744,0.028747181383576487,0.003403473734735904,233,1.1731104,0.96886665,1.1713334807796796,0.028285379272996944,0.0072420835,0.0059201717,0.007157355608200966,0.0004618021105795428,C_channels
0.25,straight_bias,straight,h1_exc,47,25,1.8716722,0.04224968,1.5367837,0.0341815,0.8271484375000001,1.857929843747917,0.04132450861469448,0.08514476413810305,0.0036451126658431296,121,1.741826,1.4317765,1.730978939742946,0.07190403174883024,0.1298461,0.10500717,0.126950904004971,0.013240732389272813,straight_channels
0.25,straight_bias,straight,h1_exc,48,25,1.77805,0.111090645,1.4593365,0.08991415,0.8271484375000001,1.7642982574066464,0.10870376143598079,0.07114638766116069,0.007810942817497393,136,1.6191912,1.330959,1.609093371397479,0.061354739785278826,0.15885878,0.12837756,0.15520488600916726,0.00979164787588186,C_channels
0.25,straight_bias,straight,h1_exc,49,25,0.4925909,0.0070119533,0.40915492,0.0058007557,0.8271484375000001,0.4946572099172898,0.007012956272276254,0.0003968611887792939,0.00012410791882704473,369,0.49816975,0.41377068,0.5002375237564443,0.0003391359249568511,-0.0055788457,-0.004615754,-0.0055803138391544715,5.7725263822442795e-05,C_channels
0.25,straight_bias,straight,h1_exc,50,25,0.9745058,0.026363036,0.8061178,0.021612348,0.8271484375000001,0.9745745292217538,0.02612874201263826,0.013255163705228414,0.0021210925440043617,275,0.9771276,0.80822694,0.9771243603966531,0.012533566670833258,-0.0026218295,-0.00210917,-0.002549831174899264,0.000721597034395156,straight_channels
0.25,straight_bias,straight,h1_exc,51,25,1.2457145,0.082988165,1.0271875,0.06771737,0.8271484375000001,1.241841782437953,0.08186846446560316,0.046382016508248684,0.006480189356083556,214,1.1895564,0.9815056,1.186613602417372,0.042196595182937564,0.056158185,0.045681894,0.055228180020581163,0.00418542132531112,C_channels
0.25,straight_bias,straight,h1_exc,52,25,0.8304015,0.0121774785,0.68780595,0.010013152,0.8271484375000001,0.831538712898332,0.012105628480350144,0.004235591232971737,0.0005771699528881983,303,0.806504,0.6681404,0.807763615990703,0.0037881495070800335,0.023897469,0.01966554,0.023775096907629023,0.00044744172589170333,straight_channels
0.25,straight_bias,straight,h1_exc,53,25,2.999164,0.11307654,2.4384148,0.08986833,0.8271484375000001,2.9479773961963827,0.10864836641531869,0.11854604491736398,0.003024139131558077,42,2.9069202,2.3650134,2.859236840063653,0.11622981870648846,0.09224391,0.07340145,0.08874055613272969,0.002316226210875516,straight_channels
0.25,straight_bias,straight,h1_exc,54,25,1.9591311,0.079792276,1.6067265,0.06432757,0.8271484375000001,1.942488769682898,0.07777027926562502,0.06930639487682032,0.004331937058606922,109,1.8926477,1.5529747,1.8775043066901336,0.06507801930182638,0.06648338,0.053751826,0.0649844629927645,0.004228375574993934,C_channels
0.25,straight_bias,straight,h1_exc,55,25,1.1041089,0.017598722,0.91242594,0.014415505,0.8271484375000001,1.1030981427247564,0.017427954618010007,0.0070424821863380145,0.0008928605343369083,252,1.1310426,0.93447614,1.1297563040206777,0.00875259312707788,-0.02693367,-0.022050202,-0.026658161295921357,-0.0017101109407398661,C_channels
0.25,straight_bias,straight,h1_exc,56,25,0.5301931,0.02484985,0.4401576,0.020526813,0.8271484375000001,0.5321385659982413,0.024816359913465376,0.002532695950209675,0.0005851360312494273,365,0.5542858,0.4600999,0.5562483041794035,0.0022584983440018538,-0.024092734,-0.019942313,-0.024109738181162244,0.00027419760620782125,C_channels
0.25,straight_bias,straight,h1_exc,57,25,2.1404681,0.027876869,1.7538162,0.022450065,0.8271484375000001,2.1203162445659225,0.027141519780562926,0.10877604401541553,0.00248027856595236,91,2.2997828,1.8818676,2.275126833382026,0.11789622246498055,-0.15931463,-0.1280514,-0.15481058881610332,-0.009120178449565017,C_channels
0.25,straight_bias,straight,h1_exc,58,25,1.9600253,0.031921826,1.6082972,0.025791116,0.8271484375000001,1.9443876937117408,0.0311807577388139,0.10794624334796793,0.0025911354790981835,107,2.0442657,1.6762279,2.0265139125572578,0.1078957337421233,-0.08424044,-0.0679307,-0.08212621884551696,5.05096058446286e-05,C_channels
0.25,straight_bias,straight,h1_exc,59,25,0.56031126,0.020230247,0.4650849,0.01671504,0.8271484375000001,0.562275016319223,0.02020802872922871,0.00015874447551171754,7.461027567051915e-05,357,0.52841574,0.43871412,0.5303934202959224,6.49409218002481e-05,0.03189552,0.026370794,0.03188159602330065,9.380355371146944e-05,straight_channels
0.25,straight_bias,straight,h1_exc,60,25,1.1850443,0.012342903,0.97868484,0.010092536,0.8271484375000001,1.1832033931721482,0.012201601865710053,0.019604942725697117,0.001931753515036193,232,1.2043003,0.99442863,1.2022371840798742,0.021827299655817894,-0.019255996,-0.015743792,-0.019033790907726056,-0.0022223569301207773,C_channels
0.25,straight_bias,straight,h1_exc,61,25,4.5012274,0.23432928,3.610192,0.18142568,0.8271484375000001,4.364623941846222,0.2193387189167921,0.13144764138167994,0.003944743748181924,9,4.608459,3.6930444,4.46479029062048,0.13235681428688342,-0.10723162,-0.08285236,-0.10016634877425812,-0.0009091729052034814,C_channels
0.25,straight_bias,straight,h1_exc,62,25,3.0998526,0.06412024,2.5196278,0.050849065,0.8271484375000001,3.046161669009509,0.06147513709590418,0.12874176964000295,0.002336718542872289,38,2.7758124,2.2623181,2.735081153059275,0.1301776855775862,0.32404017,0.25730968,0.31108051595023367,-0.001435915937583243,straight_channels
0.25,straight_bias,straight,h1_exc,63,25,1.2000965,0.018505305,0.9909622,0.015128716,0.8271484375000001,1.1980463560931656,0.018290206418958517,0.009993686299260401,0.0010411780249297176,227,1.2518673,1.0332634,1.249187368448062,0.013514927392429408,-0.051770806,-0.042301238,-0.05114101235489654,-0.003521241093169007,straight_channels
0.25,straight_bias,straight,h1_exc,64,25,2.2655501,0.11007568,1.8526245,0.0882589,0.8271484375000001,2.2397726137220078,0.10670261298868408,0.09299540001795525,0.005145249038575174,80,2.1721418,1.7779896,2.1495412548198907,0.09221610895635228,0.093408346,0.07463491,0.09023135890211709,0.0007792910616029741,C_channels
0.25,straight_bias,straight,h1_exc,65,25,1.352695,0.026836341,1.1155088,0.021880167,0.8271484375000001,1.3486198051471834,0.02645252588386312,0.0252764056443814,0.0025716542083178686,203,1.3927248,1.1481093,1.3880330168580037,0.02615662285859259,-0.040029764,-0.032600522,-0.03941321171082035,-0.0008802172142111896,C_channels
0.25,straight_bias,straight,h1_exc,66,25,1.3921454,0.022033485,1.1477096,0.017955003,0.8271484375000001,1.3875497625471402,0.021707112271959414,0.05748672671640337,0.0014589054866835718,192,1.288231,1.0629616,1.2850916741127196,0.05354739785329345,0.10391438,0.08474803,0.10245808843442061,0.003939328863109916,straight_channels
0.25,straight_bias,straight,h1_exc,67,25,1.2253754,0.040761672,1.0114126,0.033270568,0.8271484375000001,1.2227703702386215,0.04022321358204707,0.04086948678628946,0.0032645715938542804,216,1.2061015,0.9957003,1.203774644514541,0.04043654730762114,0.019273877,0.01571232,0.01899572572408048,0.0004329394786683205,C_channels
0.25,straight_bias,straight,h1_exc,68,25,1.5884303,0.06265937,1.3068737,0.050903253,0.8271484375000001,1.5799747482299242,0.061540650101482776,0.0561883286731702,0.003416170188308063,165,1.4858735,1.2236868,1.4794041118092847,0.05305673311080269,0.102556825,0.083186865,0.10057063642063957,0.0031315955623675146,straight_channels
0.25,straight_bias,straight,h1_exc,69,25,1.6215419,0.050419506,1.3339881,0.040940132,0.8271484375000001,1.612755227075611,0.049495506556051984,0.06021466582478559,0.006279773292097426,159,1.6443982,1.3525035,1.6351399186401394,0.05810047803728862,-0.022856355,-0.018515468,-0.02238469156452849,0.002114187787496967,C_channels
0.25,straight_bias,straight,h1_exc,70,25,1.3181142,0.025097407,1.087313,0.020470716,0.8271484375000001,1.314531920122645,0.02474854045862056,0.05657677419735995,0.0019744095551842054,207,1.271969,1.0496495,1.2689977628920015,0.05100730338075787,0.0461452,0.03766358,0.04553415723064358,0.0055694708166020845,C_channels
0.25,straight_bias,straight,h1_exc,71,25,1.3009845,0.022889491,1.0733502,0.018679202,0.8271484375000001,1.297651207378455,0.022582646969371747,0.03933976729499473,0.0033490830886939264,209,1.2835552,1.0591351,1.280465494684071,0.037506990168632175,0.017429352,0.014215112,0.01718571269438396,0.001832777126362553,C_channels
0.25,straight_bias,straight,h1_exc,72,25,4.249764,0.1829482,3.4181387,0.1422536,0.8271484375000001,4.132436813602534,0.17198073006220554,0.12794083160446654,0.002762646215115172,14,3.9572918,3.1909492,3.857770819745633,0.1296509425452064,0.29247212,0.22718954,0.27466599385690094,-0.0017101109407398618,straight_channels
0.25,straight_bias,straight,h1_exc,73,25,0.5893091,0.0058544665,0.48910195,0.0048356485,0.8271484375000001,0.5913109833300145,0.005846167637070437,0.0003679985568680725,7.964508915442598e-05,352,0.62297994,0.5169028,0.6249214595830221,0.0003968611887792939,-0.033670843,-0.027800858,-0.033610476253007615,-2.886263191122137e-05,C_channels
0.25,straight_bias,straight,h1_exc,74,25,1.8760916,0.04368819,1.5403377,0.03532017,0.8271484375000001,1.8622264535137112,0.042701127256454544,0.0713336830532002,0.0028937785697119565,118,1.8389311,1.5102723,1.82587810015851,0.0702299990979794,0.037160516,0.030065417,0.036348353355201146,0.0011036839552207994,C_channels
0.25,straight_bias,straight,h1_exc,75,25,1.601083,0.060423765,1.3171959,0.049066264,0.8271484375000001,1.5924540148616315,0.05931978022005186,0.06666546405694357,0.004802638816468632,161,1.5320431,1.2611824,1.5247352576095685,0.06205451674283454,0.06903994,0.056013465,0.067718757252063,0.004610947314109028,C_channels
0.25,straight_bias,straight,h1_exc,76,25,3.327559,0.28478122,2.6879814,0.22384833,0.8271484375000001,3.249696462496843,0.2706265433684661,0.09915757193100103,0.005437605143350185,27,3.0298045,2.4540277,2.9668527551172033,0.09562911517985422,0.29775453,0.23395371,0.28284370737963993,0.0035284567511468107,C_channels
0.25,straight_bias,straight,h1_exc,77,25,1.7446574,0.029118447,1.4341209,0.023598282,0.8271484375000001,1.7338131673595814,0.028529680807343395,0.0918481103994842,0.0029735727110185247,140,1.7350588,1.4263387,1.724404748743619,0.0894164336609638,0.009598613,0.007782221,0.009408418615962422,0.0024316767385204052,C_channels
0.25,straight_bias,straight,h1_exc,78,25,2.6161368,0.09148876,2.134078,0.07309014,0.8271484375000001,2.580042282673101,0.08836399609571778,0.10677009109758567,0.004091034150604159,58,2.7910898,2.2733564,2.7484261907613523,0.11002435284557587,-0.17495298,-0.13927841,-0.1683839080882512,-0.003254261747990192,C_channels
0.25,straight_bias,straight,h1_exc,79,25,1.5276005,0.020846276,1.2579923,0.016952056,0.8271484375000001,1.5208785535027491,0.020494576189489532,0.08160120318226063,0.0029034697457109592,176,1.5918891,1.3102151,1.584014540508785,0.08243861061613163,-0.064288616,-0.052222848,-0.06313598700603595,-0.000837407433870993,C_channels
0.25,straight_bias,straight,h1_exc,80,25,2.2487996,0.08128613,1.8400308,0.06530648,0.8271484375000001,2.2245471801601377,0.07895375615153734,0.115327327833763,0.00425395495222459,82,2.375597,1.9416112,2.347355205165977,0.11556597817253036,-0.12679744,-0.10158038,-0.1228080250058392,-0.0002386503387673683,C_channels
0.25,straight_bias,straight,h1_exc,81,25,1.1170393,0.01776163,0.92301255,0.014536461,0.8271484375000001,1.1158970865681388,0.017574185899896896,0.038560476233391754,0.001977249383897889,248,1.04527,0.8642121,1.0448089754330354,0.033985749075463166,0.07176936,0.05880046,0.07108811113510338,0.0045747271579285875,straight_channels
0.25,straight_bias,straight,h1_exc,82,25,1.1398274,0.06424609,0.941048,0.052534938,0.8271484375000001,1.1377015189989654,0.06351331072471396,0.02082438892394622,0.002415092330847809,241,1.1463313,0.9464257,1.144202975116867,0.02182013150352483,-0.0065039396,-0.0053776503,-0.0065014561179015384,-0.0009957425795786082,C_channels
0.25,straight_bias,straight,h1_exc,83,25,1.9481611,0.049974713,1.5984819,0.040331416,0.8271484375000001,1.9325211335688999,0.04875958800595849,0.07248128438705467,0.004002305917243596,111,1.7939427,1.4739453,1.78195975607244,0.07751059799758499,0.15421844,0.12453663,0.15056137749645981,-0.005029313610530314,straight_channels
0.25,straight_bias,straight,h1_exc,84,25,3.9366837,0.14877427,3.1756544,0.11609025,0.8271484375000001,3.8392796724448353,0.1403499621420647,0.1274641790866852,0.0021923471280203407,19,3.7466223,3.0271816,3.659780592376147,0.12920315851620154,0.19006133,0.14847279,0.17949908006868842,-0.0017389794295163408,straight_channels
0.25,straight_bias,straight,h1_exc,85,25,1.5132931,0.030275991,1.2462788,0.024633853,0.8271484375000001,1.5067171406906332,0.029781657891853094,0.055921096181260406,0.0026965601291168693,178,1.592151,1.3103294,1.5841526716408958,0.06062585941357419,-0.0788579,-0.064050674,-0.07743553095026257,-0.004704763232313787,straight_channels
0.25,straight_bias,straight,h1_exc,86,25,0.5796399,0.017431589,0.4810711,0.014397274,0.8271484375000001,0.5816019042409122,0.017405913261968668,0.000288620462246972,0.00011736724531309601,355,0.4828531,0.40106526,0.4848769913639317,0.000230901055289771,0.0967868,0.080005854,0.09672491287698048,5.7719406957201005e-05,straight_channels
0.25,straight_bias,straight,h1_exc,87,25,2.2183957,0.10059684,1.8150363,0.08084245,0.8271484375000001,2.1943295984803743,0.09773632444245661,0.09136466131497124,0.004284719335965945,84,2.0370977,1.6694541,2.0183245598393373,0.08649409217995264,0.18129802,0.1455822,0.176005038641037,0.004870569135018599,C_channels
0.25,straight_bias,straight,h1_exc,88,25,1.6589657,0.061348915,1.3641694,0.049770664,0.8271484375000001,1.6492436139573805,0.06017137936104235,0.07480451931333612,0.005681113535286953,153,1.302941,1.074872,1.2994910649418079,0.051923874808287244,0.35602474,0.28929734,0.3497525490155726,0.022880644505048876,straight_channels
0.25,straight_bias,straight,h1_exc,89,25,2.0984144,0.09934331,1.7185117,0.07985988,0.8271484375000001,2.077633984161042,0.09654842877658465,0.07295751781358982,0.00285309631753013,95,2.0953245,1.7158067,2.0743637334995753,0.065907819969274,0.0030899048,0.002704978,0.0032702506614668003,0.007049697844315819,straight_channels
0.25,straight_bias,straight,h1_exc,90,25,2.3099713,0.08540358,1.8890575,0.06859874,0.8271484375000001,2.2838191446055243,0.08293401390017562,0.09947506088202446,0.0040569642614298055,75,2.302416,1.8828753,2.2763451094981266,0.09834220257950901,0.0075552464,0.0061821938,0.007474035107397636,0.0011328583025154437,C_channels
0.25,straight_bias,straight,h1_exc,91,25,1.5748478,0.056128375,1.2959623,0.045630574,0.8271484375000001,1.5667832741143908,0.05516612232944297,0.06777645217388359,0.005745324016603578,167,1.4514734,1.1957723,1.4456562596171174,0.0578046360601986,0.12337446,0.10019004,0.12112701449727337,0.009971816113684986,straight_channels
0.25,straight_bias,straight,h1_exc,92,25,2.497078,0.13444237,2.0373626,0.10727171,0.8271484375000001,2.463115861787418,0.1296885831157705,0.10917975383195083,0.00474673376726842,63,2.4293456,1.9833918,2.3978666834883056,0.10658248399016271,0.067732334,0.053970814,0.06524917829911248,0.0025972698417881246,C_channels
0.25,straight_bias,straight,h1_exc,93,25,1.6730199,0.031022713,1.3760206,0.025184093,0.8271484375000001,1.663571385399975,0.03044688500076569,0.0698259222512223,0.0031714184939556356,150,1.615398,1.3292428,1.6070185306472167,0.05742942184535273,0.057621837,0.046777725,0.056552854752758286,0.012396500405869579,C_channels
0.25,straight_bias,straight,h1_exc,94,25,2.1166873,0.03924114,1.7345473,0.031569067,0.8271484375000001,2.0970205597088363,0.03816614577855414,0.1016974835391885,0.002450033783949082,92,2.2154675,1.8140106,2.193089479417002,0.1108830161449347,-0.098780155,-0.07946336,-0.09606891970816589,-0.0091855326057462,straight_channels
0.25,straight_bias,straight,h1_exc,95,25,0.8794659,0.027020905,0.7280555,0.022209171,0.8271484375000001,0.8801993502117316,0.026850284559363388,0.013565432442934414,0.0018488449534710195,296,0.7728296,0.64038414,0.7742070120898333,0.00829073505089714,0.106636286,0.08767134,0.10599233812189823,0.005274697392037274,C_channels
0.25,straight_bias,straight,h1_exc,96,25,0.56047994,0.010632768,0.46527305,0.0087851975,0.8271484375000001,0.5625024821656096,0.010621064802660465,0.0018688554162515838,0.00036805750360103764,356,0.52790827,0.4383543,0.5299584205087153,0.0013421084792949658,0.032571673,0.02691874,0.032544061656894274,0.000526746936956618,C_channels
0.25,straight_bias,straight,h1_exc,97,25,1.4637265,0.086903155,1.2048836,0.070367314,0.8271484375000001,1.456671466533644,0.08507217283121978,0.044318571299680413,0.0036527482370916796,186,1.3997056,1.1530594,1.3940174281040938,0.040912780734156294,0.06402087,0.051824212,0.0626540384295502,0.0034057905655241194,C_channels
0.25,straight_bias,straight,h1_exc,98,25,0.39903316,0.0104865525,0.33169037,0.008687469,0.8271484375000001,0.4010046323826299,0.010502914603658766,0.0,0.0,378,0.39628407,0.32941344,0.3982519238097073,0.0,0.0027490854,0.0022769272,0.002752708572922591,0.0,C_channels
0.25,straight_bias,straight,h1_exc,99,25,5.9154296,0.36888102,4.6822143,0.27801737,0.8271484375000001,5.660669585950847,0.33611544597329357,0.10959141336690754,0.0034683529554888353,4,5.048432,4.028107,4.869872227041774,0.1130332822223207,0.8669977,0.6541071,0.7907973589090735,-0.0034418688554131577,straight_channels
0.25,straight_bias,straight,h1_exc,100,25,0.8070478,0.010357707,0.6685979,0.008521946,0.8271484375000001,0.8083166766484942,0.010302801897158704,0.00718678818750327,0.0011216088238767226,311,0.73677415,0.6107331,0.7383597090809211,0.0035068097772133966,0.07027364,0.057864785,0.06995696756757308,0.0036799784102898737,straight_channels
0.25,straight_bias,straight,h1_exc,101,25,1.214708,0.044239692,1.0026462,0.03609128,0.8271484375000001,1.2121719577708268,0.04363337390932235,0.018710201136449254,0.0019506347269232227,221,1.1899638,0.98242515,1.1877252867955348,0.017663806433971793,0.024744153,0.020221055,0.024446670975291962,0.0010463947024774607,straight_channels
0.25,straight_bias,straight,h1_exc,102,25,1.3881912,0.033554144,1.1443837,0.027329085,0.8271484375000001,1.38352870597127,0.03304012089048451,0.027556597817238605,0.00402269265095391,193,1.5126399,1.245653,1.5059607255949965,0.03827184991427954,-0.12444866,-0.101269364,-0.12243201962372652,-0.010715252097040932,C_channels
0.25,straight_bias,straight,h1_exc,103,25,0.6110206,0.012190991,0.50701165,0.010063314,0.8271484375000001,0.6129633409420812,0.012166273459689266,0.004531433210061756,0.0002806850763038397,348,0.6434103,0.5337384,0.6452752240026827,0.005786957698199885,-0.0323897,-0.026726723,-0.03231188306060151,-0.001255524488138129,straight_channels
0.25,straight_bias,straight,h1_exc,104,25,0.6411535,0.02026538,0.5318404,0.01672979,0.8271484375000001,0.6429806091327152,0.020225863408217,0.0028934521678249526,0.0005175554961127798,337,0.6537827,0.54226077,0.6555785275302547,0.002713082193552372,-0.012629211,-0.010420382,-0.012597918397539543,0.00018036997427258068,C_channels
0.25,straight_bias,straight,h1_exc,105,25,3.2478373,0.118513055,2.6352394,0.093825,0.8271484375000001,3.1859326651429147,0.11343186946670575,0.12610805447810397,0.0026845197465132785,32,3.2663617,2.6498296,3.203572104680249,0.12601425092439253,-0.018524408,-0.014590263,-0.01763943953733449,9.380355371144122e-05,C_channels
0.25,straight_bias,straight,h1_exc,106,25,0.59228206,0.008151894,0.49155197,0.006730798,0.8271484375000001,0.5942729942058782,0.008137352278704789,0.0015224960241632718,0.0003694109641930175,351,0.59159434,0.4909864,0.5935892404900632,0.0013132438950953307,0.0006877184,0.0005655587,0.000683753715814972,0.00020925212906794106,straight_channels
0.25,straight_bias,straight,h1_exc,107,25,0.44277945,0.022851324,0.367854,0.018912554,0.8271484375000001,0.44472551368884083,0.022864763883784646,2.8862631911221374e-05,2.8862631911221374e-05,372,0.44643077,0.3708764,0.4483794629003105,2.886002886000283e-05,-0.003651321,-0.0030224025,-0.0036539492114696648,2.6030512185445985e-09,C_channels
0.25,straight_bias,straight,h1_exc,108,25,1.3210843,0.01333939,1.0898097,0.010884364,0.8271484375000001,1.3175502706986097,0.013158900169556877,0.061780036054806704,0.0026188022989312746,206,1.3752754,1.1339941,1.3709680658578502,0.06790655722912609,-0.054191113,-0.044184446,-0.0534177951592405,-0.006126521174319381,C_channels
0.25,straight_bias,straight,h1_exc,109,25,1.1201966,0.040387426,0.9253842,0.033015817,0.8271484375000001,1.1187643380231072,0.03991522643027219,0.028970634458567197,0.0016470805127158457,247,1.0985093,0.9076882,1.097370427904134,0.02824208532513011,0.02168727,0.017696023,0.02139391011897307,0.0007285491334370862,C_channels
0.25,straight_bias,straight,h1_exc,110,25,1.7665193,0.029283153,1.4518307,0.023715125,0.8271484375000001,1.7552240232013054,0.028670941618976483,0.08329755569578488,0.0038236077325228476,138,1.6394707,1.3487887,1.6306488928080345,0.062321637954304746,0.12704861,0.10304201,0.12457513039327095,0.020975917741480138,straight_channels
0.25,straight_bias,straight,h1_exc,111,25,0.939807,0.02367267,0.7776557,0.019425021,0.8271484375000001,0.9401646754649436,0.023484323241676132,0.025095995322814934,0.0016131907678004907,283,0.93758255,0.7758328,0.9379606736606789,0.025363037791985777,0.0022244453,0.0018229485,0.0022040018042647214,-0.0002670424691708431,straight_channels
0.25,straight_bias,straight,h1_exc,112,25,1.1550558,0.017495425,0.95412916,0.014314166,0.8271484375000001,1.1535162192440525,0.017305438277217096,0.03819247767652368,0.0009222055982210619,238,1.2140021,1.0023323,1.2117925338435218,0.039851933891313474,-0.05894637,-0.04820317,-0.05827631459946936,-0.0016594562147897937,straight_channels
0.25,straight_bias,straight,h1_exc,113,25,0.30494165,0.009083983,0.25367686,0.0075344844,0.8271484375000001,0.30668842976260274,0.009108987062901842,0.0006999188238471182,0.0002797172872904777,382,0.276942,0.23044258,0.27859881536014014,0.0003679985568680725,0.02799964,0.023234278,0.028089614402462604,0.00033192026697904573,C_channels
0.25,straight_bias,straight,h1_exc,114,25,1.1220239,0.009270821,0.9271306,0.007589177,0.8271484375000001,1.1208756643931321,0.009175109197608911,0.011638856318200018,0.001147159139248406,246,1.0524004,0.8700984,1.0519253892065776,0.006378641652379923,0.06962359,0.057032168,0.0689502751865545,0.005260214665820095,straight_channels
0.25,straight_bias,straight,h1_exc,115,25,0.9018738,0.017191079,0.74654126,0.01411972,0.8271484375000001,0.9025481542577855,0.01707035824791369,0.005296290352657903,0.0008300548202545419,294,0.96895635,0.80161345,0.9691289394991819,0.0067682871831814114,-0.067082524,-0.05507219,-0.06658078524139643,-0.0014719968305235082,C_channels
0.25,straight_bias,straight,h1_exc,116,25,0.8486581,0.0109744435,0.7028264,0.009022234,0.8271484375000001,0.8496979644266885,0.010907635707027036,0.017368024327059802,0.0011523656434684268,298,0.8364769,0.6928101,0.8375886587510679,0.01710102480823406,0.012181163,0.0100162625,0.01210930567562063,0.0002669995188257432,C_channels
0.25,straight_bias,straight,h1_exc,117,25,1.2192327,0.007276501,1.0066524,0.005946411,0.8271484375000001,1.217015283997138,0.00718904899230609,0.04879207295411066,0.0008484019362828139,219,1.187538,0.9807402,1.1856882172225014,0.04594914796272607,0.03169465,0.025912166,0.03132706677463659,0.002842924991384589,C_channels
0.25,straight_bias,straight,h1_exc,118,25,2.850058,0.13260844,2.3191628,0.10518185,0.8271484375000001,2.8038047896527907,0.12716200246258924,0.10147379814187653,0.003510798267758743,50,2.9471781,2.3964524,2.897245989545101,0.10297465500126006,-0.09712005,-0.07728958,-0.09344119989231015,-0.0015008568593835314,straight_channels
0.25,straight_bias,straight,h1_exc,119,25,1.1342958,0.08179201,0.9361057,0.06684622,0.8271484375000001,1.1317264381329648,0.0808152619794215,0.023061242897065876,0.0037202455365566624,242,1.0402833,0.8593466,1.0389266925039475,0.01956866204857585,0.0940125,0.0767591,0.09279974562901727,0.003492580848490027,C_channels
0.25,straight_bias,straight,h1_exc,120,25,1.591435,0.052607432,1.3095012,0.042679384,0.8271484375000001,1.5831512944346953,0.05159821565436551,0.06609542707669695,0.002970841436475134,163,1.5282493,1.258219,1.521152567482612,0.0629133219084848,0.06318569,0.051282167,0.061998726952083194,0.003182105168212157,C_channels
0.25,straight_bias,straight,h1_exc,121,25,2.0263703,0.122212626,1.659634,0.09832103,0.8271484375000001,2.0064523559262724,0.11886744945028878,0.08270587174160485,0.008123593467913906,99,1.9989803,1.6377069,1.9799431059977213,0.08123387751413254,0.027390003,0.021927118,0.026509249928551082,0.0014719942274723091,C_channels
0.25,straight_bias,straight,h1_exc,122,25,0.9975913,0.014092595,0.82514024,0.011557476,0.8271484375000001,0.9975720886904358,0.013972674365359044,0.017671146387645286,0.0016233720436596517,270,0.9316777,0.7710426,0.9321695283969776,0.010101848283493363,0.06591362,0.054097652,0.06540256029345815,0.0075692981041519235,C_channels
0.25,straight_bias,straight,h1_exc,123,25,1.8561114,0.031898502,1.5243222,0.025789049,0.8271484375000001,1.8428641190831712,0.031178258305629605,0.08890412194453963,0.00242637519449799,124,1.8774235,1.5415459,1.8636869909167297,0.09017407774863337,-0.021312118,-0.017223716,-0.020822871833558576,-0.0012699558040937392,C_channels
0.25,straight_bias,straight,h1_exc,124,25,0.43917605,0.0124420235,0.36493123,0.01030072,0.8271484375000001,0.44119193992787864,0.012453290420172736,7.937223775585877e-05,3.908018835093897e-05,373,0.37984356,0.31577876,0.3817679467823855,7.215657977805343e-06,0.05933249,0.049152464,0.059423993145493126,7.215657977805343e-05,straight_channels
0.25,straight_bias,straight,h1_exc,125,25,1.594228,0.025130043,1.3121121,0.020413507,0.8271484375000001,1.586307905851484,0.02467937554451075,0.07809506629378722,0.0021916118423408217,162,1.4815212,1.220502,1.475553740370076,0.07248850004503248,0.11270678,0.091610074,0.11075416548140793,0.005606566248754746,straight_channels
0.25,straight_bias,straight,h1_exc,126,25,0.72941697,0.008400931,0.6046779,0.0069208844,0.8271484375000001,0.7310391309106808,0.008367161020852401,0.002244050758976127,0.0004354422776193115,327,0.7852063,0.6506264,0.7865896630248411,0.0035068097772133966,-0.05578935,-0.045948505,-0.05555053211416028,-0.0012627590182372694,C_channels
0.25,straight_bias,straight,h1_exc,127,25,0.81149584,0.016696952,0.6722301,0.013743142,0.8271484375000001,0.8127079507154611,0.016615084652582445,0.007230089293760954,0.0007939901863484759,308,0.7978344,0.6609913,0.7991204672518522,0.006609542707669694,0.013661444,0.011238813,0.01358748346360894,0.0006205465860912602,C_channels
