filename,contour_type,contrast,quadrant,position,stimulus_id,jitter,layer,channel_group,n_channels,contour_mean_activation,background_mean_activation,contour_preference_ratio,activation_on_contour_pct,contour_area_pct,contour_enrichment,dice_top_activation,top_activation_percentile,condition,bias_strength
C_high_BL_0_J000_008.png,C,high,BL,0,008,0,h1_exc,all_channels,128,2.091322,0.60739756,3.443086,5.4520035,1.647186279296875,3.309888817330535,0.24786296793624998,90,baseline,0.0
C_high_BL_0_J000_008.png,C,high,BL,0,008,0,h1_exc,C_channels,77,2.3927188,0.65150374,3.6726093,5.7943864,1.647186279296875,3.5177480680371342,0.2536272230045349,90,baseline,0.0
C_high_BL_0_J000_008.png,C,high,BL,0,008,0,h1_exc,straight_channels,51,1.761865,0.6663993,2.643858,4.240114,1.647186279296875,2.5741558435664773,0.20070088101391914,90,baseline,0.0
C_high_BL_0_J000_008.png,C,high,BL,0,008,0,h1_exc,matched_channels,77,2.3927188,0.65150374,3.6726093,5.7943864,1.647186279296875,3.5177480680371342,0.2536272230045349,90,baseline,0.0
C_high_BL_0_J000_008.png,C,high,BL,0,008,0,h1_exc,all_channels,128,2.2798312,0.6239657,3.6537766,5.766386,1.647186279296875,3.5007491681866516,0.2500900664853601,90,matched_bias,0.15
C_high_BL_0_J000_008.png,C,high,BL,0,008,0,h1_exc,C_channels,77,2.6210444,0.66939,3.9155715,6.154126,1.647186279296875,3.7361446044602156,0.2542822519895673,90,matched_bias,0.15
C_high_BL_0_J000_008.png,C,high,BL,0,008,0,h1_exc,straight_channels,51,1.8754792,0.6661976,2.8151996,4.5025334,1.647186279296875,2.733469471594196,0.20528608390914574,90,matched_bias,0.15
C_high_BL_0_J000_008.png,C,high,BL,0,008,0,h1_exc,matched_channels,77,2.6210444,0.66939,3.9155715,6.154126,1.647186279296875,3.7361446044602156,0.2542822519895673,90,matched_bias,0.15
C_high_BL_0_J001_011.png,C,high,BL,0,011,1,h1_exc,all_channels,128,2.1493306,0.6410918,3.3526096,5.3163533,1.647186279296875,3.227536166139897,0.25388923459854784,90,baseline,0.0
C_high_BL_0_J001_011.png,C,high,BL,0,011,1,h1_exc,C_channels,77,2.4238079,0.6470162,3.7461314,5.9035354,1.647186279296875,3.5840119629567573,0.2602999934498394,90,baseline,0.0
C_high_BL_0_J001_011.png,C,high,BL,0,011,1,h1_exc,straight_channels,51,1.818564,0.71578723,2.540649,4.0813475,1.647186279296875,2.4777692068195387,0.21321193462803745,90,baseline,0.0
C_high_BL_0_J001_011.png,C,high,BL,0,011,1,h1_exc,matched_channels,77,2.4238079,0.6470162,3.7461314,5.9035354,1.647186279296875,3.5840119629567573,0.2602999934498394,90,baseline,0.0
C_high_BL_0_J001_011.png,C,high,BL,0,011,1,h1_exc,all_channels,128,2.3368866,0.66282845,3.525628,5.57542,1.647186279296875,3.384814419006281,0.25722988242221295,90,matched_bias,0.15
C_high_BL_0_J001_011.png,C,high,BL,0,011,1,h1_exc,C_channels,77,2.6526186,0.673628,3.9378095,6.186914,1.647186279296875,3.756049942458871,0.2625356172009752,90,matched_bias,0.15
C_high_BL_0_J001_011.png,C,high,BL,0,011,1,h1_exc,straight_channels,51,1.9330207,0.71935105,2.687173,4.3065896,1.647186279296875,2.6145127794029914,0.2183866636097932,90,matched_bias,0.15
C_high_BL_0_J001_011.png,C,high,BL,0,011,1,h1_exc,matched_channels,77,2.6526186,0.673628,3.9378095,6.186914,1.647186279296875,3.756049942458871,0.2625356172009752,90,matched_bias,0.15
C_high_BL_0_J002_015.png,C,high,BL,0,015,2,h1_exc,all_channels,128,1.9337335,0.6104573,3.16768,5.037878,1.647186279296875,3.0584749698526896,0.24196770707095863,90,baseline,0.0
C_high_BL_0_J002_015.png,C,high,BL,0,015,2,h1_exc,C_channels,77,2.1610248,0.621825,3.4752944,5.5001993,1.647186279296875,3.3391483122895393,0.24897651721080502,90,baseline,0.0
C_high_BL_0_J002_015.png,C,high,BL,0,015,2,h1_exc,straight_channels,51,1.6534725,0.6561993,2.519772,4.04917,1.647186279296875,2.458234410736188,0.19794327634761316,90,baseline,0.0
C_high_BL_0_J002_015.png,C,high,BL,0,015,2,h1_exc,matched_channels,77,2.1610248,0.621825,3.4752944,5.5001993,1.647186279296875,3.3391483122895393,0.24897651721080502,90,baseline,0.0
C_high_BL_0_J002_015.png,C,high,BL,0,015,2,h1_exc,all_channels,128,2.0897706,0.62391835,3.3494296,5.3115788,1.647186279296875,3.2246375441102506,0.24773196213924353,90,matched_bias,0.15
C_high_BL_0_J002_015.png,C,high,BL,0,015,2,h1_exc,C_channels,77,2.3650079,0.65418154,3.6152165,5.7090054,1.647186279296875,3.4659135963740515,0.25303769691800576,90,matched_bias,0.15
C_high_BL_0_J002_015.png,C,high,BL,0,015,2,h1_exc,straight_channels,51,1.7628039,0.6668142,2.6436207,4.2397494,1.647186279296875,2.5739343868749085,0.20364851144656482,90,matched_bias,0.15
C_high_BL_0_J002_015.png,C,high,BL,0,015,2,h1_exc,matched_channels,77,2.3650079,0.65418154,3.6152165,5.7090054,1.647186279296875,3.4659135963740515,0.25303769691800576,90,matched_bias,0.15
C_high_BL_0_J003_012.png,C,high,BL,0,012,3,h1_exc,all_channels,128,2.1930926,0.6273123,3.4960139,5.5311775,1.647186279296875,3.3579550514064898,0.2522516621359669,90,baseline,0.0
C_high_BL_0_J003_012.png,C,high,BL,0,012,3,h1_exc,C_channels,77,2.500613,0.6389789,3.9134517,6.150997,1.647186279296875,3.7342449981725356,0.26351816067852374,90,baseline,0.0
C_high_BL_0_J003_012.png,C,high,BL,0,012,3,h1_exc,straight_channels,51,1.8248445,0.70574576,2.5856967,4.1507096,1.647186279296875,2.519878690121096,0.20515507811213926,90,baseline,0.0
C_high_BL_0_J003_012.png,C,high,BL,0,012,3,h1_exc,matched_channels,77,2.500613,0.6389789,3.9134517,6.150997,1.647186279296875,3.7342449981725356,0.26351816067852374,90,baseline,0.0
C_high_BL_0_J003_012.png,C,high,BL,0,012,3,h1_exc,all_channels,128,2.4058626,0.6470916,3.7179627,5.861747,1.647186279296875,3.55864228965084,0.2589329577832971,90,matched_bias,0.15
C_high_BL_0_J003_012.png,C,high,BL,0,012,3,h1_exc,C_channels,77,2.7373414,0.6388419,4.284849,6.695658,1.647186279296875,4.064906471385113,0.2700029476303442,90,matched_bias,0.15
C_high_BL_0_J003_012.png,C,high,BL,0,012,3,h1_exc,straight_channels,51,1.9566009,0.710753,2.7528563,4.407219,1.647186279296875,2.6756044302595265,0.21183637375946948,90,matched_bias,0.15
C_high_BL_0_J003_012.png,C,high,BL,0,012,3,h1_exc,matched_channels,77,2.7373414,0.6388419,4.284849,6.695658,1.647186279296875,4.064906471385113,0.2700029476303442,90,matched_bias,0.15
C_high_BL_0_J004_024.png,C,high,BL,0,024,4,h1_exc,all_channels,128,2.3839161,0.624387,3.8180103,6.010003,1.647186279296875,3.6486480788218807,0.2645662070545755,90,baseline,0.0
C_high_BL_0_J004_024.png,C,high,BL,0,024,4,h1_exc,C_channels,77,2.759556,0.64768815,4.2606244,6.6603255,1.647186279296875,4.043456147291159,0.27190253168693806,90,baseline,0.0
C_high_BL_0_J004_024.png,C,high,BL,0,024,4,h1_exc,straight_channels,51,1.8755465,0.6479794,2.894454,4.6234293,1.647186279296875,2.806864850954081,0.21792814332027055,90,baseline,0.0
C_high_BL_0_J004_024.png,C,high,BL,0,024,4,h1_exc,matched_channels,77,2.759556,0.64768815,4.2606244,6.6603255,1.647186279296875,4.043456147291159,0.27190253168693806,90,baseline,0.0
C_high_BL_0_J004_024.png,C,high,BL,0,024,4,h1_exc,all_channels,128,2.6117554,0.6466282,4.039037,6.335881,1.647186279296875,3.8464873550640672,0.267186322994705,90,matched_bias,0.15
C_high_BL_0_J004_024.png,C,high,BL,0,024,4,h1_exc,C_channels,77,3.0251455,0.65951174,4.586947,7.134051,1.647186279296875,4.331052833826783,0.27321258965700285,90,matched_bias,0.15
C_high_BL_0_J004_024.png,C,high,BL,0,024,4,h1_exc,straight_channels,51,2.0372481,0.6768071,3.0100868,4.799271,1.647186279296875,2.9136176872675454,0.22225133462148422,90,matched_bias,0.15
C_high_BL_0_J004_024.png,C,high,BL,0,024,4,h1_exc,matched_channels,77,3.0251455,0.65951174,4.586947,7.134051,1.647186279296875,4.331052833826783,0.27321258965700285,90,matched_bias,0.15
C_high_BL_0_J005_022.png,C,high,BL,0,022,5,h1_exc,all_channels,128,2.338747,0.6228309,3.755027,5.916726,1.647186279296875,3.5920200106154123,0.2563128418431676,90,baseline,0.0
C_high_BL_0_J005_022.png,C,high,BL,0,022,5,h1_exc,C_channels,77,2.649121,0.6271054,4.2243633,6.607386,1.647186279296875,4.011316846884145,0.2595879867683295,90,baseline,0.0
C_high_BL_0_J005_022.png,C,high,BL,0,022,5,h1_exc,straight_channels,51,1.929056,0.6752898,2.8566344,4.5657773,1.647186279296875,2.7718645616806934,0.22126879114393566,90,baseline,0.0
C_high_BL_0_J005_022.png,C,high,BL,0,022,5,h1_exc,matched_channels,77,2.649121,0.6271054,4.2243633,6.607386,1.647186279296875,4.011316846884145,0.2595879867683295,90,baseline,0.0
C_high_BL_0_J005_022.png,C,high,BL,0,022,5,h1_exc,all_channels,128,2.586146,0.64856863,3.987467,6.2600484,1.647186279296875,3.8004495484885354,0.26129106212941366,90,matched_bias,0.15
C_high_BL_0_J005_022.png,C,high,BL,0,022,5,h1_exc,C_channels,77,2.9416342,0.64900976,4.532496,7.055338,1.647186279296875,4.2832665325884065,0.26410768676505286,90,matched_bias,0.15
C_high_BL_0_J005_022.png,C,high,BL,0,022,5,h1_exc,straight_channels,51,2.102003,0.7004774,3.000815,4.785196,1.647186279296875,2.905072643317569,0.22611600563317522,90,matched_bias,0.15
C_high_BL_0_J005_022.png,C,high,BL,0,022,5,h1_exc,matched_channels,77,2.9416342,0.64900976,4.532496,7.055338,1.647186279296875,4.2832665325884065,0.26410768676505286,90,matched_bias,0.15
C_high_BL_0_J006_019.png,C,high,BL,0,019,6,h1_exc,all_channels,128,1.9924797,0.60092545,3.3156853,5.260883,1.647186279296875,3.1938602747278533,0.2225788491140004,90,baseline,0.0
C_high_BL_0_J006_019.png,C,high,BL,0,019,6,h1_exc,C_channels,77,2.248618,0.61528724,3.6545823,5.7675858,1.647186279296875,3.5014775146389225,0.22795008679126585,90,baseline,0.0
C_high_BL_0_J006_019.png,C,high,BL,0,019,6,h1_exc,straight_channels,51,1.6918095,0.66529036,2.5429642,4.084914,1.647186279296875,2.4799345611371013,0.19212000130999504,90,baseline,0.0
C_high_BL_0_J006_019.png,C,high,BL,0,019,6,h1_exc,matched_channels,77,2.248618,0.61528724,3.6545823,5.7675858,1.647186279296875,3.5014775146389225,0.22795008679126585,90,baseline,0.0
C_high_BL_0_J006_019.png,C,high,BL,0,019,6,h1_exc,all_channels,128,2.1794834,0.6249583,3.4874063,5.51831,1.647186279296875,3.350143275168598,0.22867061867480146,90,matched_bias,0.15
C_high_BL_0_J006_019.png,C,high,BL,0,019,6,h1_exc,C_channels,77,2.4678142,0.6363518,3.8780658,6.0987716,1.647186279296875,3.702539058114905,0.2315527462089439,90,matched_bias,0.15
C_high_BL_0_J006_019.png,C,high,BL,0,019,6,h1_exc,straight_channels,51,1.8116049,0.6752009,2.6830606,4.300284,1.647186279296875,2.610684618240498,0.19808076507378963,90,matched_bias,0.15
C_high_BL_0_J006_019.png,C,high,BL,0,019,6,h1_exc,matched_channels,77,2.4678142,0.6363518,3.8780658,6.0987716,1.647186279296875,3.702539058114905,0.2315527462089439,90,matched_bias,0.15
C_high_BL_0_J007_010.png,C,high,BL,0,010,7,h1_exc,all_channels,128,1.9505727,0.59542525,3.275932,5.2010894,1.647186279296875,3.1575599044063134,0.22506795925712342,90,baseline,0.0
C_high_BL_0_J007_010.png,C,high,BL,0,010,7,h1_exc,C_channels,77,2.2575662,0.6325268,3.5691233,5.6403227,1.647186279296875,3.424216630439142,0.22703304621222054,90,baseline,0.0
C_high_BL_0_J007_010.png,C,high,BL,0,010,7,h1_exc,straight_channels,51,1.6361679,0.6885041,2.3764098,3.8276095,1.647186279296875,2.323725958565289,0.20083188681092562,90,baseline,0.0
C_high_BL_0_J007_010.png,C,high,BL,0,010,7,h1_exc,matched_channels,77,2.2575662,0.6325268,3.5691233,5.6403227,1.647186279296875,3.424216630439142,0.22703304621222054,90,baseline,0.0
C_high_BL_0_J007_010.png,C,high,BL,0,010,7,h1_exc,all_channels,128,2.1416337,0.6199797,3.4543612,5.4688807,1.647186279296875,3.3201348802604578,0.23043919693438888,90,matched_bias,0.15
C_high_BL_0_J007_010.png,C,high,BL,0,010,7,h1_exc,C_channels,77,2.48966,0.6561258,3.7944858,5.975185,1.647186279296875,3.6275101099830938,0.2317492549044536,90,matched_bias,0.15
C_high_BL_0_J007_010.png,C,high,BL,0,010,7,h1_exc,straight_channels,51,1.7347678,0.68399185,2.5362403,4.074555,1.647186279296875,2.473645480582415,0.20502407231513278,90,matched_bias,0.15
C_high_BL_0_J007_010.png,C,high,BL,0,010,7,h1_exc,matched_channels,77,2.48966,0.6561258,3.7944858,5.975185,1.647186279296875,3.6275101099830938,0.2317492549044536,90,matched_bias,0.15
C_high_BL_0_J008_010.png,C,high,BL,0,010,8,h1_exc,all_channels,128,1.9034592,0.59640485,3.1915555,5.0739236,1.647186279296875,3.080358075324285,0.2283431041822853,90,baseline,0.0
C_high_BL_0_J008_010.png,C,high,BL,0,010,8,h1_exc,C_channels,77,2.2044978,0.6342249,3.475893,5.5010934,1.647186279296875,3.3396910982982866,0.2293911505583371,90,baseline,0.0
C_high_BL_0_J008_010.png,C,high,BL,0,010,8,h1_exc,straight_channels,51,1.5992396,0.6895929,2.3191068,3.738765,1.647186279296875,2.269788806275787,0.19768774768277023,90,baseline,0.0
C_high_BL_0_J008_010.png,C,high,BL,0,010,8,h1_exc,matched_channels,77,2.2044978,0.6342249,3.475893,5.5010934,1.647186279296875,3.3396910982982866,0.2293911505583371,90,baseline,0.0
C_high_BL_0_J008_010.png,C,high,BL,0,010,8,h1_exc,all_channels,128,2.0906653,0.6211578,3.3657556,5.3360868,1.647186279296875,3.2395162494390983,0.23351783316404104,90,matched_bias,0.15
C_high_BL_0_J008_010.png,C,high,BL,0,010,8,h1_exc,C_channels,77,2.4308255,0.65786713,3.6950097,5.8276696,1.647186279296875,3.5379541818561036,0.2345003766415896,90,matched_bias,0.15
C_high_BL_0_J008_010.png,C,high,BL,0,010,8,h1_exc,straight_channels,51,1.6965582,0.68520206,2.475997,3.9816248,1.647186279296875,2.417228013347341,0.20161792159296446,90,matched_bias,0.15
C_high_BL_0_J008_010.png,C,high,BL,0,010,8,h1_exc,matched_channels,77,2.4308255,0.65786713,3.6950097,5.8276696,1.647186279296875,3.5379541818561036,0.2345003766415896,90,matched_bias,0.15
C_high_BL_0_J009_001.png,C,high,BL,0,001,9,h1_exc,all_channels,128,2.1849782,0.6105483,3.5787146,5.654622,1.647186279296875,3.4328977327486445,0.24019912881137123,90,baseline,0.0
C_high_BL_0_J009_001.png,C,high,BL,0,001,9,h1_exc,C_channels,77,2.4677224,0.61058223,4.041589,6.3396306,1.647186279296875,3.84876358247035,0.24530835489462374,90,baseline,0.0
C_high_BL_0_J009_001.png,C,high,BL,0,001,9,h1_exc,straight_channels,51,1.822207,0.6746135,2.7011125,4.3279643,1.647186279296875,2.627489273071317,0.2126809458308074,90,baseline,0.0
C_high_BL_0_J009_001.png,C,high,BL,0,001,9,h1_exc,matched_channels,77,2.4677224,0.61058223,4.041589,6.3396306,1.647186279296875,3.84876358247035,0.24530835489462374,90,baseline,0.0
C_high_BL_0_J009_001.png,C,high,BL,0,001,9,h1_exc,all_channels,128,2.40466,0.63097286,3.8110356,5.999682,1.647186279296875,3.642382157136901,0.2455703664886367,90,matched_bias,0.15
C_high_BL_0_J009_001.png,C,high,BL,0,001,9,h1_exc,C_channels,77,2.7530744,0.65145916,4.226012,6.6097956,1.647186279296875,4.012779618991985,0.2485834998197856,90,matched_bias,0.15
C_high_BL_0_J009_001.png,C,high,BL,0,001,9,h1_exc,straight_channels,51,1.9653465,0.68676543,2.8617435,4.573569,1.647186279296875,2.776594760818257,0.21805914911727703,90,matched_bias,0.15
C_high_BL_0_J009_001.png,C,high,BL,0,001,9,h1_exc,matched_channels,77,2.7530744,0.65145916,4.226012,6.6097956,1.647186279296875,4.012779618991985,0.2485834998197856,90,matched_bias,0.15
C_high_BL_0_J010_022.png,C,high,BL,0,022,10,h1_exc,all_channels,128,2.3521686,0.6217648,3.7830522,5.9582534,1.647186279296875,3.6172310456638397,0.2564438476401741,90,baseline,0.0
C_high_BL_0_J010_022.png,C,high,BL,0,022,10,h1_exc,C_channels,77,2.6620128,0.626192,4.251113,6.6464453,1.647186279296875,4.035029503062558,0.2592604722758133,90,baseline,0.0
C_high_BL_0_J010_022.png,C,high,BL,0,022,10,h1_exc,straight_channels,51,1.9436882,0.6744033,2.8820858,4.6045837,1.647186279296875,2.7954237903473005,0.22113778534692918,90,baseline,0.0
C_high_BL_0_J010_022.png,C,high,BL,0,022,10,h1_exc,matched_channels,77,2.6620128,0.626192,4.251113,6.6464453,1.647186279296875,4.035029503062558,0.2592604722758133,90,baseline,0.0
C_high_BL_0_J010_022.png,C,high,BL,0,022,10,h1_exc,all_channels,128,2.597501,0.64733046,4.012635,6.2970753,1.647186279296875,3.8229284158833314,0.2613565650279169,90,matched_bias,0.15
C_high_BL_0_J010_022.png,C,high,BL,0,022,10,h1_exc,C_channels,77,2.951252,0.64790905,4.5550404,7.0879445,1.647186279296875,4.303061865955955,0.2639111780695431,90,matched_bias,0.15
C_high_BL_0_J010_022.png,C,high,BL,0,022,10,h1_exc,straight_channels,51,2.11644,0.6994905,3.0256882,4.822945,1.647186279296875,2.927990081807433,0.22795008679126585,90,matched_bias,0.15
C_high_BL_0_J010_022.png,C,high,BL,0,022,10,h1_exc,matched_channels,77,2.951252,0.64790905,4.5550404,7.0879445,1.647186279296875,4.303061865955955,0.2639111780695431,90,matched_bias,0.15
C_high_BL_0_J011_015.png,C,high,BL,0,015,11,h1_exc,all_channels,128,1.9358757,0.6104629,3.1711602,5.0431337,1.647186279296875,3.0616656831265106,0.24439131431557842,90,baseline,0.0
C_high_BL_0_J011_015.png,C,high,BL,0,015,11,h1_exc,C_channels,77,2.1598246,0.6212287,3.4766982,5.5022993,1.647186279296875,3.3404232080668854,0.25185864474494746,90,baseline,0.0
C_high_BL_0_J011_015.png,C,high,BL,0,015,11,h1_exc,straight_channels,51,1.6595722,0.65602434,2.529742,4.0645404,1.647186279296875,2.467565698312702,0.1980152621752864,90,baseline,0.0
C_high_BL_0_J011_015.png,C,high,BL,0,015,11,h1_exc,matched_channels,77,2.1598246,0.6212287,3.4766982,5.5022993,1.647186279296875,3.3404232080668854,0.25185864474494746,90,baseline,0.0
C_high_BL_0_J011_015.png,C,high,BL,0,015,11,h1_exc,all_channels,128,2.0931494,0.6233092,3.3581238,5.3246326,1.647186279296875,3.2325625093238335,0.25035207807937304,90,matched_bias,0.15
C_high_BL_0_J011_015.png,C,high,BL,0,015,11,h1_exc,C_channels,77,2.3670354,0.6542819,3.6177607,5.712794,1.647186279296875,3.4682135616217837,0.25762289981323233,90,matched_bias,0.15
C_high_BL_0_J011_015.png,C,high,BL,0,015,11,h1_exc,straight_channels,51,1.7641402,0.6610511,2.6686897,4.278235,1.647186279296875,2.597298791550109,0.20391052304057775,90,matched_bias,0.15
C_high_BL_0_J011_015.png,C,high,BL,0,015,11,h1_exc,matched_channels,77,2.3670354,0.6542819,3.6177607,5.712794,1.647186279296875,3.4682135616217837,0.25762289981323233,90,matched_bias,0.15
C_high_BL_0_J012_022.png,C,high,BL,0,022,12,h1_exc,all_channels,128,2.2795308,0.62290555,3.6595128,5.774916,1.647186279296875,3.5059277809389084,0.25480627517759313,90,baseline,0.0
C_high_BL_0_J012_022.png,C,high,BL,0,022,12,h1_exc,C_channels,77,2.577617,0.62735695,4.1086926,6.438112,1.647186279296875,3.908551099476535,0.2574918940162259,90,baseline,0.0
C_high_BL_0_J012_022.png,C,high,BL,0,022,12,h1_exc,straight_channels,51,1.8886509,0.67535585,2.7965271,4.474005,1.647186279296875,2.716150110884149,0.21491500998912164,90,baseline,0.0
C_high_BL_0_J012_022.png,C,high,BL,0,022,12,h1_exc,matched_channels,77,2.577617,0.62735695,4.1086926,6.438112,1.647186279296875,3.908551099476535,0.2574918940162259,90,baseline,0.0
C_high_BL_0_J012_022.png,C,high,BL,0,022,12,h1_exc,all_channels,128,2.5182621,0.64869833,3.8820236,6.1046143,1.647186279296875,3.7060861284963353,0.25814692300125824,90,matched_bias,0.15
C_high_BL_0_J012_022.png,C,high,BL,0,022,12,h1_exc,C_channels,77,2.8578818,0.6493414,4.401201,6.864993,1.647186279296875,4.167708983498382,0.2611600563324072,90,matched_bias,0.15
C_high_BL_0_J012_022.png,C,high,BL,0,022,12,h1_exc,straight_channels,51,2.058446,0.700671,2.937821,4.689453,1.647186279296875,2.8469476436704437,0.2227753578095101,90,matched_bias,0.15
C_high_BL_0_J012_022.png,C,high,BL,0,022,12,h1_exc,matched_channels,77,2.8578818,0.6493414,4.401201,6.864993,1.647186279296875,4.167708983498382,0.2611600563324072,90,matched_bias,0.15
C_high_BL_0_J013_010.png,C,high,BL,0,010,13,h1_exc,all_channels,128,2.0449374,0.5928776,3.4491727,5.4611154,1.647186279296875,3.3154206028458173,0.23253528968649245,90,baseline,0.0
C_high_BL_0_J013_010.png,C,high,BL,0,010,13,h1_exc,C_channels,77,2.3723106,0.6299127,3.7660944,5.9331303,1.647186279296875,3.601978903560974,0.232404283889486,90,baseline,0.0
C_high_BL_0_J013_010.png,C,high,BL,0,010,13,h1_exc,straight_channels,51,1.6994578,0.6857526,2.4782376,3.9850845,1.647186279296875,2.41932837808679,0.20155241869446122,90,baseline,0.0
C_high_BL_0_J013_010.png,C,high,BL,0,010,13,h1_exc,matched_channels,77,2.3723106,0.6299127,3.7660944,5.9331303,1.647186279296875,3.601978903560974,0.232404283889486,90,baseline,0.0
C_high_BL_0_J013_010.png,C,high,BL,0,010,13,h1_exc,all_channels,128,2.2427528,0.6173912,3.6326282,5.734924,1.647186279296875,3.481648600910299,0.23829954475477735,90,matched_bias,0.15
C_high_BL_0_J013_010.png,C,high,BL,0,010,13,h1_exc,C_channels,77,2.613546,0.653396,3.9999416,6.278404,1.647186279296875,3.811593307105458,0.23653096649518995,90,matched_bias,0.15
C_high_BL_0_J013_010.png,C,high,BL,0,010,13,h1_exc,straight_channels,51,1.8010623,0.6811654,2.6440897,4.240471,1.647186279296875,2.5743723789982336,0.20469655782261661,90,matched_bias,0.15
C_high_BL_0_J013_010.png,C,high,BL,0,010,13,h1_exc,matched_channels,77,2.613546,0.653396,3.9999416,6.278404,1.647186279296875,3.811593307105458,0.23653096649518995,90,matched_bias,0.15
C_high_BL_0_J014_017.png,C,high,BL,0,017,14,h1_exc,all_channels,128,2.1222787,0.5971416,3.5540626,5.617859,1.647186279296875,3.4105789510406948,0.2269675433137173,90,baseline,0.0
C_high_BL_0_J014_017.png,C,high,BL,0,017,14,h1_exc,C_channels,77,2.4291508,0.63515544,3.8244982,6.019601,1.647186279296875,3.65447485044005,0.23096322012241477,90,baseline,0.0
C_high_BL_0_J014_017.png,C,high,BL,0,017,14,h1_exc,straight_channels,51,1.8008919,0.68167824,2.6418502,4.2370315,1.647186279296875,2.5722843174083163,0.19880129695732524,90,baseline,0.0
C_high_BL_0_J014_017.png,C,high,BL,0,017,14,h1_exc,matched_channels,77,2.4291508,0.63515544,3.8244982,6.019601,1.647186279296875,3.65447485044005,0.23096322012241477,90,baseline,0.0
C_high_BL_0_J014_017.png,C,high,BL,0,017,14,h1_exc,all_channels,128,2.337868,0.6245678,3.7431772,5.899155,1.647186279296875,3.581352745742702,0.23161824910744713,90,matched_bias,0.15
C_high_BL_0_J014_017.png,C,high,BL,0,017,14,h1_exc,C_channels,77,2.671136,0.65067965,4.1051474,6.4329147,1.647186279296875,3.9053959929648885,0.236268954901177,90,matched_bias,0.15
C_high_BL_0_J014_017.png,C,high,BL,0,017,14,h1_exc,straight_channels,51,1.9396268,0.6900728,2.810757,4.495748,1.647186279296875,2.7293500876451424,0.20371401434506806,90,matched_bias,0.15
C_high_BL_0_J014_017.png,C,high,BL,0,017,14,h1_exc,matched_channels,77,2.671136,0.65067965,4.1051474,6.4329147,1.647186279296875,3.9053959929648885,0.236268954901177,90,matched_bias,0.15
C_high_BL_0_J015_019.png,C,high,BL,0,019,15,h1_exc,all_channels,128,1.9138949,0.60237324,3.1772575,5.05234,1.647186279296875,3.067254786844316,0.2266400288212011,90,baseline,0.0
C_high_BL_0_J015_019.png,C,high,BL,0,019,15,h1_exc,C_channels,77,2.1596305,0.61695874,3.5004456,5.5378013,1.647186279296875,3.361976299645162,0.2308322143254083,90,baseline,0.0
C_high_BL_0_J015_019.png,C,high,BL,0,019,15,h1_exc,straight_channels,51,1.6289006,0.6663707,2.4444363,3.9328678,1.647186279296875,2.387627793517779,0.19179248681747885,90,baseline,0.0
C_high_BL_0_J015_019.png,C,high,BL,0,019,15,h1_exc,matched_channels,77,2.1596305,0.61695874,3.5004456,5.5378013,1.647186279296875,3.361976299645162,0.2308322143254083,90,baseline,0.0
C_high_BL_0_J015_019.png,C,high,BL,0,019,15,h1_exc,all_channels,128,2.091079,0.62654126,3.337496,5.293657,1.647186279296875,3.21375721763624,0.23181475780295685,90,matched_bias,0.15
C_high_BL_0_J015_019.png,C,high,BL,0,019,15,h1_exc,C_channels,77,2.3658879,0.63882387,3.7035058,5.840286,1.647186279296875,3.5456133990398038,0.23456587954009284,90,matched_bias,0.15
C_high_BL_0_J015_019.png,C,high,BL,0,019,15,h1_exc,straight_channels,51,1.7442917,0.6761175,2.5798647,4.141736,1.647186279296875,2.5144308555085004,0.19860478826181555,90,matched_bias,0.15
C_high_BL_0_J015_019.png,C,high,BL,0,019,15,h1_exc,matched_channels,77,2.3658879,0.63882387,3.7035058,5.840286,1.647186279296875,3.5456133990398038,0.23456587954009284,90,matched_bias,0.15
C_high_BL_0_J016_017.png,C,high,BL,0,017,16,h1_exc,all_channels,128,2.0935013,0.5970805,3.5062294,5.5464425,1.647186279296875,3.3672223626054394,0.2269675433137173,90,baseline,0.0
C_high_BL_0_J016_017.png,C,high,BL,0,017,16,h1_exc,C_channels,77,2.3828633,0.6351309,3.7517674,5.9118934,1.647186279296875,3.589086071309463,0.23076671142690505,90,baseline,0.0
C_high_BL_0_J016_017.png,C,high,BL,0,017,16,h1_exc,straight_channels,51,1.7979316,0.68094283,2.640356,4.2347364,1.647186279296875,2.570891021909596,0.20089738970942883,90,baseline,0.0
C_high_BL_0_J016_017.png,C,high,BL,0,017,16,h1_exc,matched_channels,77,2.3828633,0.6351309,3.7517674,5.9118934,1.647186279296875,3.589086071309463,0.23076671142690505,90,baseline,0.0
C_high_BL_0_J016_017.png,C,high,BL,0,017,16,h1_exc,all_channels,128,2.3071034,0.6245559,3.6939902,5.826154,1.647186279296875,3.5370341957570104,0.23220777519397628,90,matched_bias,0.15
C_high_BL_0_J016_017.png,C,high,BL,0,017,16,h1_exc,C_channels,77,2.6217854,0.65077716,4.0286994,6.3206897,1.647186279296875,3.837264624689303,0.23679297808920288,90,matched_bias,0.15
C_high_BL_0_J016_017.png,C,high,BL,0,017,16,h1_exc,straight_channels,51,1.9453511,0.6983229,2.7857473,4.4575286,1.647186279296875,2.706147216086145,0.2037795172435713,90,matched_bias,0.15
C_high_BL_0_J016_017.png,C,high,BL,0,017,16,h1_exc,matched_channels,77,2.6217854,0.65077716,4.0286994,6.3206897,1.647186279296875,3.837264624689303,0.23679297808920288,90,matched_bias,0.15
C_high_BL_0_J017_012.png,C,high,BL,0,012,17,h1_exc,all_channels,128,1.8465838,0.63054216,2.9285653,4.675369,1.647186279296875,2.8383970994889123,0.2396096027248421,90,baseline,0.0
C_high_BL_0_J017_012.png,C,high,BL,0,012,17,h1_exc,C_channels,77,2.0698295,0.6436616,3.2157106,5.1103616,1.647186279296875,3.102479427667986,0.2476664592407403,90,baseline,0.0
C_high_BL_0_J017_012.png,C,high,BL,0,012,17,h1_exc,straight_channels,51,1.6103966,0.71160394,2.2630517,3.6516955,1.647186279296875,2.2169292651423183,0.18838633609531052,90,baseline,0.0
C_high_BL_0_J017_012.png,C,high,BL,0,012,17,h1_exc,matched_channels,77,2.0698295,0.6436616,3.2157106,5.1103616,1.647186279296875,3.102479427667986,0.2476664592407403,90,baseline,0.0
C_high_BL_0_J017_012.png,C,high,BL,0,012,17,h1_exc,all_channels,128,2.0257378,0.65045094,3.114359,4.9572787,1.647186279296875,3.009543462507324,0.24622539547366906,90,matched_bias,0.15
C_high_BL_0_J017_012.png,C,high,BL,0,012,17,h1_exc,C_channels,77,2.2598004,0.64215714,3.519077,5.565636,1.647186279296875,3.3788747478982923,0.25598532735065144,90,matched_bias,0.15
C_high_BL_0_J017_012.png,C,high,BL,0,012,17,h1_exc,straight_channels,51,1.7262076,0.71683186,2.4081068,3.876684,1.647186279296875,2.3535188312422224,0.1989323027543317,90,matched_bias,0.15
C_high_BL_0_J017_012.png,C,high,BL,0,012,17,h1_exc,matched_channels,77,2.2598004,0.64215714,3.519077,5.565636,1.647186279296875,3.3788747478982923,0.25598532735065144,90,matched_bias,0.15
C_high_BL_0_J018_017.png,C,high,BL,0,017,18,h1_exc,all_channels,128,2.1410248,0.5977832,3.5816076,5.6589355,1.647186279296875,3.435516421940713,0.23096322012241477,90,baseline,0.0
C_high_BL_0_J018_017.png,C,high,BL,0,017,18,h1_exc,C_channels,77,2.4349282,0.636108,3.8278534,6.0245633,1.647186279296875,3.657487529903001,0.23685848098770612,90,baseline,0.0
C_high_BL_0_J018_017.png,C,high,BL,0,017,18,h1_exc,straight_channels,51,1.8388549,0.6814865,2.6983,4.323652,1.647186279296875,2.6248711628509906,0.20154581777683842,90,baseline,0.0
C_high_BL_0_J018_017.png,C,high,BL,0,017,18,h1_exc,matched_channels,77,2.4349282,0.636108,3.8278534,6.0245633,1.647186279296875,3.657487529903001,0.23685848098770612,90,baseline,0.0
C_high_BL_0_J018_017.png,C,high,BL,0,017,18,h1_exc,all_channels,128,2.3559337,0.6251263,3.7687323,5.937039,1.647186279296875,3.6043518192482815,0.23548292011913816,90,matched_bias,0.15
C_high_BL_0_J018_017.png,C,high,BL,0,017,18,h1_exc,C_channels,77,2.6736193,0.6517905,4.101961,6.4282417,1.647186279296875,3.9025590314258354,0.2411816722889198,90,matched_bias,0.15
C_high_BL_0_J018_017.png,C,high,BL,0,017,18,h1_exc,straight_channels,51,1.9821322,0.69070977,2.8697035,4.5857077,1.647186279296875,2.7839642026447544,0.20600661579268134,90,matched_bias,0.15
C_high_BL_0_J018_017.png,C,high,BL,0,017,18,h1_exc,matched_channels,77,2.6736193,0.6517905,4.101961,6.4282417,1.647186279296875,3.9025590314258354,0.2411816722889198,90,matched_bias,0.15
C_high_BL_0_J019_024.png,C,high,BL,0,024,19,h1_exc,all_channels,128,2.1167908,0.62500787,3.3868227,5.3676934,1.647186279296875,3.258704530934464,0.2586054432907809,90,baseline,0.0
C_high_BL_0_J019_024.png,C,high,BL,0,024,19,h1_exc,C_channels,77,2.4077256,0.6488796,3.7105892,5.850802,1.647186279296875,3.5519977204461584,0.2676360778148072,90,baseline,0.0
C_high_BL_0_J019_024.png,C,high,BL,0,024,19,h1_exc,straight_channels,51,1.7407789,0.6522086,2.6690524,4.2787924,1.647186279296875,2.597637200533696,0.2069891592702299,90,baseline,0.0
C_high_BL_0_J019_024.png,C,high,BL,0,024,19,h1_exc,matched_channels,77,2.4077256,0.6488796,3.7105892,5.850802,1.647186279296875,3.5519977204461584,0.2676360778148072,90,baseline,0.0
C_high_BL_0_J019_024.png,C,high,BL,0,024,19,h1_exc,all_channels,128,2.3227825,0.6475473,3.5870469,5.6670423,1.647186279296875,3.4404379712392275,0.2636491664755302,90,matched_bias,0.15
C_high_BL_0_J019_024.png,C,high,BL,0,024,19,h1_exc,C_channels,77,2.6433017,0.6610859,3.998424,6.2761707,1.647186279296875,3.8102373552841393,0.2703304621228604,90,matched_bias,0.15
C_high_BL_0_J019_024.png,C,high,BL,0,024,19,h1_exc,straight_channels,51,1.894616,0.6828622,2.7745216,4.4403644,1.647186279296875,2.6957268826616807,0.216217986506774,90,matched_bias,0.15
C_high_BL_0_J019_024.png,C,high,BL,0,024,19,h1_exc,matched_channels,77,2.6433017,0.6610859,3.998424,6.2761707,1.647186279296875,3.8102373552841393,0.2703304621228604,90,matched_bias,0.15
C_high_BL_0_J020_019.png,C,high,BL,0,019,20,h1_exc,all_channels,128,1.7405883,0.60269904,2.8879893,4.61358,1.647186279296875,2.80088552028172,0.21111584187593385,90,baseline,0.0
C_high_BL_0_J020_019.png,C,high,BL,0,019,20,h1_exc,C_channels,77,1.9439329,0.6188597,3.1411529,4.997797,1.647186279296875,3.0341419454520127,0.21622506795918636,90,baseline,0.0
C_high_BL_0_J020_019.png,C,high,BL,0,019,20,h1_exc,straight_channels,51,1.5204958,0.6652176,2.285712,3.6869113,1.647186279296875,2.2383086651977955,0.17829888972581198,90,baseline,0.0
C_high_BL_0_J020_019.png,C,high,BL,0,019,20,h1_exc,matched_channels,77,1.9439329,0.6188597,3.1411529,4.997797,1.647186279296875,3.0341419454520127,0.21622506795918636,90,baseline,0.0
C_high_BL_0_J020_019.png,C,high,BL,0,019,20,h1_exc,all_channels,128,1.8961121,0.626334,3.0273178,4.825417,1.647186279296875,2.929490776564418,0.21615956506068315,90,matched_bias,0.15
C_high_BL_0_J020_019.png,C,high,BL,0,019,20,h1_exc,C_channels,77,2.1252346,0.64231575,3.308707,5.250391,1.647186279296875,3.1874907171009363,0.21923820129033528,90,matched_bias,0.15
C_high_BL_0_J020_019.png,C,high,BL,0,019,20,h1_exc,straight_channels,51,1.6255292,0.6775521,2.3991206,3.8627765,1.647186279296875,2.345075686318955,0.1851766940686519,90,matched_bias,0.15
C_high_BL_0_J020_019.png,C,high,BL,0,019,20,h1_exc,matched_channels,77,2.1252346,0.64231575,3.308707,5.250391,1.647186279296875,3.1874907171009363,0.21923820129033528,90,matched_bias,0.15
C_high_BL_0_J021_024.png,C,high,BL,0,024,21,h1_exc,all_channels,128,2.301302,0.6243988,3.6856282,5.8137307,1.647186279296875,3.529491930865328,0.26338715488151726,90,baseline,0.0
C_high_BL_0_J021_024.png,C,high,BL,0,024,21,h1_exc,C_channels,77,2.6534383,0.6481127,4.0941,6.416713,1.647186279296875,3.8955601315146433,0.27039596502136365,90,baseline,0.0
C_high_BL_0_J021_024.png,C,high,BL,0,024,21,h1_exc,straight_channels,51,1.8294812,0.64843196,2.8213928,4.511991,1.647186279296875,2.739211134366194,0.21458749549660544,90,baseline,0.0
C_high_BL_0_J021_024.png,C,high,BL,0,024,21,h1_exc,matched_channels,77,2.6534383,0.6481127,4.0941,6.416713,1.647186279296875,3.8955601315146433,0.27039596502136365,90,baseline,0.0
C_high_BL_0_J021_024.png,C,high,BL,0,024,21,h1_exc,all_channels,128,2.522101,0.6468364,3.8991327,6.12987,1.647186279296875,3.7214187476714313,0.26725182589320823,90,matched_bias,0.15
C_high_BL_0_J021_024.png,C,high,BL,0,024,21,h1_exc,C_channels,77,2.9079764,0.6602316,4.4044795,6.8697543,1.647186279296875,4.170599499923631,0.2731470867584996,90,matched_bias,0.15
C_high_BL_0_J021_024.png,C,high,BL,0,024,21,h1_exc,straight_channels,51,1.9916257,0.6787334,2.934327,4.684136,1.647186279296875,2.8437195867192213,0.21956571578285147,90,matched_bias,0.15
C_high_BL_0_J021_024.png,C,high,BL,0,024,21,h1_exc,matched_channels,77,2.9079764,0.6602316,4.4044795,6.8697543,1.647186279296875,4.170599499923631,0.2731470867584996,90,matched_bias,0.15
C_high_BL_0_J022_015.png,C,high,BL,0,015,22,h1_exc,all_channels,128,1.8300202,0.6119678,2.9903865,4.7693586,1.647186279296875,2.895457949073022,0.24150918678143599,90,baseline,0.0
C_high_BL_0_J022_015.png,C,high,BL,0,015,22,h1_exc,C_channels,77,2.0293756,0.62293667,3.2577558,5.173723,1.647186279296875,3.1409460207647024,0.24439131431557842,90,baseline,0.0
C_high_BL_0_J022_015.png,C,high,BL,0,015,22,h1_exc,straight_channels,51,1.5929214,0.6592951,2.4160979,3.889048,1.647186279296875,2.3610250551429237,0.20056987521691266,90,baseline,0.0
C_high_BL_0_J022_015.png,C,high,BL,0,015,22,h1_exc,matched_channels,77,2.0293756,0.62293667,3.2577558,5.173723,1.647186279296875,3.1409460207647024,0.24439131431557842,90,baseline,0.0
C_high_BL_0_J022_015.png,C,high,BL,0,015,22,h1_exc,all_channels,128,1.9693615,0.6258394,3.146752,5.006261,1.647186279296875,3.0392803196681544,0.24688042445870143,90,matched_bias,0.15
C_high_BL_0_J022_015.png,C,high,BL,0,015,22,h1_exc,C_channels,77,2.2121015,0.6560525,3.3718362,5.345213,1.647186279296875,3.24505671953052,0.24897651721080502,90,matched_bias,0.15
C_high_BL_0_J022_015.png,C,high,BL,0,015,22,h1_exc,straight_channels,51,1.6825334,0.659885,2.5497372,4.0953507,1.647186279296875,2.4862705384029433,0.20633413028519754,90,matched_bias,0.15
C_high_BL_0_J022_015.png,C,high,BL,0,015,22,h1_exc,matched_channels,77,2.2121015,0.6560525,3.3718362,5.345213,1.647186279296875,3.24505671953052,0.24897651721080502,90,matched_bias,0.15
C_high_BL_0_J023_003.png,C,high,BL,0,003,23,h1_exc,all_channels,128,1.8524578,0.610862,3.0325305,4.8333254,1.647186279296875,2.934291899740458,0.23148724331044068,90,baseline,0.0
C_high_BL_0_J023_003.png,C,high,BL,0,003,23,h1_exc,C_channels,77,2.0947082,0.6470832,3.2371542,5.1426873,1.647186279296875,3.1221042538573207,0.23142174041193744,90,baseline,0.0
C_high_BL_0_J023_003.png,C,high,BL,0,003,23,h1_exc,straight_channels,51,1.6184124,0.68788004,2.3527539,3.7909524,1.647186279296875,2.301471587463711,0.20338649985255186,90,baseline,0.0
C_high_BL_0_J023_003.png,C,high,BL,0,003,23,h1_exc,matched_channels,77,2.0947082,0.6470832,3.2371542,5.1426873,1.647186279296875,3.1221042538573207,0.23142174041193744,90,baseline,0.0
C_high_BL_0_J023_003.png,C,high,BL,0,003,23,h1_exc,all_channels,128,2.0252612,0.63329434,3.1979775,5.083614,1.647186279296875,3.0862410072014925,0.23587593751015756,90,matched_bias,0.15
C_high_BL_0_J023_003.png,C,high,BL,0,003,23,h1_exc,C_channels,77,2.297708,0.6661398,3.4492881,5.4612875,1.647186279296875,3.315525107245368,0.23620345200267376,90,matched_bias,0.15
C_high_BL_0_J023_003.png,C,high,BL,0,003,23,h1_exc,straight_channels,51,1.7200767,0.6898602,2.4933698,4.008442,1.647186279296875,2.4335085540081134,0.20639963318370078,90,matched_bias,0.15
C_high_BL_0_J023_003.png,C,high,BL,0,003,23,h1_exc,matched_channels,77,2.297708,0.6661398,3.4492881,5.4612875,1.647186279296875,3.315525107245368,0.23620345200267376,90,matched_bias,0.15
C_high_BL_0_J024_019.png,C,high,BL,0,019,24,h1_exc,all_channels,128,1.5978404,0.60459447,2.6428301,4.2385364,1.647186279296875,2.57319793481824,0.20253496217200978,90,baseline,0.0
C_high_BL_0_J024_019.png,C,high,BL,0,019,24,h1_exc,C_channels,77,1.7796533,0.6209131,2.8661876,4.580346,1.647186279296875,2.780709223507498,0.2062686273866943,90,baseline,0.0
C_high_BL_0_J024_019.png,C,high,BL,0,019,24,h1_exc,straight_channels,51,1.4107004,0.6673184,2.113984,3.4193819,1.647186279296875,2.0758926170870127,0.1706350506009332,90,baseline,0.0
C_high_BL_0_J024_019.png,C,high,BL,0,019,24,h1_exc,matched_channels,77,1.7796533,0.6209131,2.8661876,4.580346,1.647186279296875,2.780709223507498,0.2062686273866943,90,baseline,0.0
C_high_BL_0_J024_019.png,C,high,BL,0,019,24,h1_exc,all_channels,128,1.7402983,0.62812346,2.7706308,4.434412,1.647186279296875,2.692113230529844,0.2073166737627461,90,matched_bias,0.15
C_high_BL_0_J024_019.png,C,high,BL,0,019,24,h1_exc,C_channels,77,1.9448739,0.64462376,3.0170684,4.809867,1.647186279296875,2.920050352814412,0.20882324042832057,90,matched_bias,0.15
C_high_BL_0_J024_019.png,C,high,BL,0,019,24,h1_exc,straight_channels,51,1.5069352,0.6787173,2.2202694,3.5851364,1.647186279296875,2.1765215245353855,0.1741067042216048,90,matched_bias,0.15
C_high_BL_0_J024_019.png,C,high,BL,0,019,24,h1_exc,matched_channels,77,1.9448739,0.64462376,3.0170684,4.809867,1.647186279296875,2.920050352814412,0.20882324042832057,90,matched_bias,0.15
C_high_BL_0_J025_022.png,C,high,BL,0,022,25,h1_exc,all_channels,128,2.0859416,0.62682396,3.3277948,5.2790813,1.647186279296875,3.2049085030072364,0.2449153375036043,90,baseline,0.0
C_high_BL_0_J025_022.png,C,high,BL,0,022,25,h1_exc,C_channels,77,2.3478055,0.6325162,3.7118504,5.852674,1.647186279296875,3.5531342419770073,0.24812497953026294,90,baseline,0.0
C_high_BL_0_J025_022.png,C,high,BL,0,022,25,h1_exc,straight_channels,51,1.750698,0.67834944,2.5808203,4.1432066,1.647186279296875,2.515323629935688,0.2092817607178432,90,baseline,0.0
C_high_BL_0_J025_022.png,C,high,BL,0,022,25,h1_exc,matched_channels,77,2.3478055,0.6325162,3.7118504,5.852674,1.647186279296875,3.5531342419770073,0.24812497953026294,90,baseline,0.0
C_high_BL_0_J025_022.png,C,high,BL,0,022,25,h1_exc,all_channels,128,2.302383,0.6530406,3.5256352,5.575429,1.647186279296875,3.3848199192378363,0.2491075230078115,90,matched_bias,0.15
C_high_BL_0_J025_022.png,C,high,BL,0,022,25,h1_exc,C_channels,77,2.5993893,0.6546951,3.9703815,6.234898,1.647186279296875,3.785180905691004,0.2515966331509345,90,matched_bias,0.15
C_high_BL_0_J025_022.png,C,high,BL,0,022,25,h1_exc,straight_channels,51,1.90779,0.7043712,2.7085006,4.3392878,1.647186279296875,2.634363694057836,0.21511151868463135,90,matched_bias,0.15
C_high_BL_0_J025_022.png,C,high,BL,0,022,25,h1_exc,matched_channels,77,2.5993893,0.6546951,3.9703815,6.234898,1.647186279296875,3.785180905691004,0.2515966331509345,90,matched_bias,0.15
C_high_BL_0_J026_024.png,C,high,BL,0,024,26,h1_exc,all_channels,128,2.2234197,0.6239584,3.56341,5.6318026,1.647186279296875,3.419044096890183,0.2622736056069622,90,baseline,0.0
C_high_BL_0_J026_024.png,C,high,BL,0,024,26,h1_exc,C_channels,77,2.5519712,0.6476425,3.940401,6.190734,1.647186279296875,3.7583690137741113,0.26974093603633126,90,baseline,0.0
C_high_BL_0_J026_024.png,C,high,BL,0,024,26,h1_exc,straight_channels,51,1.7885797,0.6494088,2.7541661,4.409223,1.647186279296875,2.6768211393767345,0.22028624766638707,90,baseline,0.0
C_high_BL_0_J026_024.png,C,high,BL,0,024,26,h1_exc,matched_channels,77,2.5519712,0.6476425,3.940401,6.190734,1.647186279296875,3.7583690137741113,0.26974093603633126,90,baseline,0.0
C_high_BL_0_J026_024.png,C,high,BL,0,024,26,h1_exc,all_channels,128,2.4438944,0.6467828,3.7785394,5.951568,1.647186279296875,3.6131724537477656,0.26548324763362086,90,matched_bias,0.15
C_high_BL_0_J026_024.png,C,high,BL,0,024,26,h1_exc,C_channels,77,2.802723,0.6595165,4.249663,6.644328,1.647186279296875,4.033744185793844,0.27164052009292516,90,matched_bias,0.15
C_high_BL_0_J026_024.png,C,high,BL,0,024,26,h1_exc,straight_channels,51,1.9545546,0.67997813,2.8744373,4.5929255,1.647186279296875,2.788346150279106,0.22408541577957486,90,matched_bias,0.15
C_high_BL_0_J026_024.png,C,high,BL,0,024,26,h1_exc,matched_channels,77,2.802723,0.6595165,4.249663,6.644328,1.647186279296875,4.033744185793844,0.27164052009292516,90,matched_bias,0.15
C_high_BL_0_J027_012.png,C,high,BL,0,012,27,h1_exc,all_channels,128,1.887823,0.63130707,2.9903402,4.7692876,1.647186279296875,2.895414815678193,0.2466184128646885,90,baseline,0.0
C_high_BL_0_J027_012.png,C,high,BL,0,012,27,h1_exc,C_channels,77,2.13655,0.6420377,3.327764,5.279035,1.647186279296875,3.2048804228777175,0.2556578128581352,90,baseline,0.0
C_high_BL_0_J027_012.png,C,high,BL,0,012,27,h1_exc,straight_channels,51,1.6072963,0.71010834,2.2634523,3.6523178,1.647186279296875,2.2173070442044063,0.1941505911635954,90,baseline,0.0
C_high_BL_0_J027_012.png,C,high,BL,0,012,27,h1_exc,matched_channels,77,2.13655,0.6420377,3.327764,5.279035,1.647186279296875,3.2048804228777175,0.2556578128581352,90,baseline,0.0
C_high_BL_0_J027_012.png,C,high,BL,0,012,27,h1_exc,all_channels,128,2.063914,0.6496371,3.177026,5.051991,1.647186279296875,3.067042883186501,0.2534307143090252,90,matched_bias,0.15
C_high_BL_0_J027_012.png,C,high,BL,0,012,27,h1_exc,C_channels,77,2.3255453,0.6417022,3.6240258,5.7221203,1.647186279296875,3.4738756157791655,0.2622736056069622,90,matched_bias,0.15
C_high_BL_0_J027_012.png,C,high,BL,0,012,27,h1_exc,straight_channels,51,1.7226422,0.71535784,2.4080846,3.8766503,1.647186279296875,2.3534984224882933,0.20436904333010042,90,matched_bias,0.15
C_high_BL_0_J027_012.png,C,high,BL,0,012,27,h1_exc,matched_channels,77,2.3255453,0.6417022,3.6240258,5.7221203,1.647186279296875,3.4738756157791655,0.2622736056069622,90,matched_bias,0.15
C_high_BL_0_J028_008.png,C,high,BL,0,008,28,h1_exc,all_channels,128,1.8583138,0.6091586,3.0506241,4.8607607,1.647186279296875,2.9509477588334128,0.23777552156675144,90,baseline,0.0
C_high_BL_0_J028_008.png,C,high,BL,0,008,28,h1_exc,C_channels,77,2.1181545,0.6533085,3.2421963,5.150285,1.647186279296875,3.1267166322452526,0.2445223201125849,90,baseline,0.0
C_high_BL_0_J028_008.png,C,high,BL,0,008,28,h1_exc,straight_channels,51,1.5930372,0.6695333,2.379325,3.8321254,1.647186279296875,2.3264675345097383,0.19840827956630583,90,baseline,0.0
C_high_BL_0_J028_008.png,C,high,BL,0,008,28,h1_exc,matched_channels,77,2.1181545,0.6533085,3.2421963,5.150285,1.647186279296875,3.1267166322452526,0.2445223201125849,90,baseline,0.0
C_high_BL_0_J028_008.png,C,high,BL,0,008,28,h1_exc,all_channels,128,2.0277572,0.6272178,3.2329392,5.1363354,1.647186279296875,3.118248012565308,0.24189428178416128,90,matched_bias,0.15
C_high_BL_0_J028_008.png,C,high,BL,0,008,28,h1_exc,C_channels,77,2.3193674,0.67126834,3.4552016,5.470139,1.647186279296875,3.3208988334749026,0.24674941866169497,90,matched_bias,0.15
C_high_BL_0_J028_008.png,C,high,BL,0,008,28,h1_exc,straight_channels,51,1.6967952,0.6700226,2.5324447,4.068704,1.647186279296875,2.4700934889411723,0.20567910130016517,90,matched_bias,0.15
C_high_BL_0_J028_008.png,C,high,BL,0,008,28,h1_exc,matched_channels,77,2.3193674,0.67126834,3.4552016,5.470139,1.647186279296875,3.3208988334749026,0.24674941866169497,90,matched_bias,0.15
C_high_BL_0_J029_012.png,C,high,BL,0,012,29,h1_exc,all_channels,128,1.7445527,0.63178676,2.7612998,4.4201393,1.647186279296875,2.6834483394291366,0.23902007663831296,90,baseline,0.0
C_high_BL_0_J029_012.png,C,high,BL,0,012,29,h1_exc,C_channels,77,1.9927706,0.64373565,3.095635,4.9289446,1.647186279296875,2.992341922546909,0.25061408967338594,90,baseline,0.0
C_high_BL_0_J029_012.png,C,high,BL,0,012,29,h1_exc,straight_channels,51,1.4682199,0.7121734,2.0616045,3.337486,1.647186279296875,2.0261739976574953,0.19257852159951772,90,baseline,0.0
C_high_BL_0_J029_012.png,C,high,BL,0,012,29,h1_exc,matched_channels,77,1.9927706,0.64373565,3.095635,4.9289446,1.647186279296875,2.992341922546909,0.25061408967338594,90,baseline,0.0
C_high_BL_0_J029_012.png,C,high,BL,0,012,29,h1_exc,all_channels,128,1.9077884,0.65067345,2.9320214,4.6806293,1.647186279296875,2.8415907076214464,0.2452428519961205,90,matched_bias,0.15
C_high_BL_0_J029_012.png,C,high,BL,0,012,29,h1_exc,C_channels,77,2.1703544,0.6431547,3.3745449,5.3492765,1.647186279296875,3.247523718126011,0.2574918940162259,90,matched_bias,0.15
C_high_BL_0_J029_012.png,C,high,BL,0,012,29,h1_exc,straight_channels,51,1.566532,0.71719176,2.1842582,3.5290394,1.647186279296875,2.1424652486884113,0.20089738970942883,90,matched_bias,0.15
C_high_BL_0_J029_012.png,C,high,BL,0,012,29,h1_exc,matched_channels,77,2.1703544,0.6431547,3.3745449,5.3492765,1.647186279296875,3.247523718126011,0.2574918940162259,90,matched_bias,0.15
C_high_BL_0_J030_026.png,C,high,BL,0,026,30,h1_exc,all_channels,128,1.4564798,0.61992306,2.3494525,3.7858343,1.647186279296875,2.2983643908637696,0.19886679985582847,90,baseline,0.0
C_high_BL_0_J030_026.png,C,high,BL,0,026,30,h1_exc,C_channels,77,1.6522145,0.65165234,2.5354233,4.073295,1.647186279296875,2.472880658910356,0.1959191694231828,90,baseline,0.0
C_high_BL_0_J030_026.png,C,high,BL,0,026,30,h1_exc,straight_channels,51,1.2579467,0.66900593,1.8803222,3.052971,1.647186279296875,1.8534460285810617,0.17476173320663715,90,baseline,0.0
C_high_BL_0_J030_026.png,C,high,BL,0,026,30,h1_exc,matched_channels,77,1.6522145,0.65165234,2.5354233,4.073295,1.647186279296875,2.472880658910356,0.1959191694231828,90,baseline,0.0
C_high_BL_0_J030_026.png,C,high,BL,0,026,30,h1_exc,all_channels,128,1.6024724,0.64000654,2.5038376,4.0245934,1.647186279296875,2.443314019441869,0.20666164477771373,90,matched_bias,0.15
C_high_BL_0_J030_026.png,C,high,BL,0,026,30,h1_exc,C_channels,77,1.830153,0.67864287,2.6967835,4.321327,1.647186279296875,2.6234599192282473,0.20233845347650006,90,matched_bias,0.15
C_high_BL_0_J030_026.png,C,high,BL,0,026,30,h1_exc,straight_channels,51,1.3573682,0.680322,1.995185,3.2334366,1.647186279296875,1.9630060093888317,0.1851766940686519,90,matched_bias,0.15
C_high_BL_0_J030_026.png,C,high,BL,0,026,30,h1_exc,matched_channels,77,1.830153,0.67864287,2.6967835,4.321327,1.647186279296875,2.6234599192282473,0.20233845347650006,90,matched_bias,0.15
C_high_BL_0_J031_009.png,C,high,BL,0,009,31,h1_exc,all_channels,128,2.0826867,0.62524384,3.3309991,5.283896,1.647186279296875,3.207831441850075,0.24891101431230178,90,baseline,0.0
C_high_BL_0_J031_009.png,C,high,BL,0,009,31,h1_exc,C_channels,77,2.339646,0.6289037,3.7201977,5.8650646,1.647186279296875,3.5606565323435677,0.25094160416590217,90,baseline,0.0
C_high_BL_0_J031_009.png,C,high,BL,0,009,31,h1_exc,straight_channels,51,1.7626671,0.687657,2.563294,4.1162276,1.647186279296875,2.4989448088215984,0.20155241869446122,90,baseline,0.0
C_high_BL_0_J031_009.png,C,high,BL,0,009,31,h1_exc,matched_channels,77,2.339646,0.6289037,3.7201977,5.8650646,1.647186279296875,3.5606565323435677,0.25094160416590217,90,baseline,0.0
C_high_BL_0_J031_009.png,C,high,BL,0,009,31,h1_exc,all_channels,128,2.284127,0.6394286,3.5721376,5.644817,1.647186279296875,3.4269450347764456,0.252841188222496,90,matched_bias,0.15
C_high_BL_0_J031_009.png,C,high,BL,0,009,31,h1_exc,C_channels,77,2.6072454,0.6726362,3.87616,6.0959578,1.647186279296875,3.7008308019881753,0.2540202403955543,90,matched_bias,0.15
C_high_BL_0_J031_009.png,C,high,BL,0,009,31,h1_exc,straight_channels,51,1.9004182,0.693429,2.7406096,4.388472,1.647186279296875,2.6642232932281114,0.21000229260137884,90,matched_bias,0.15
C_high_BL_0_J031_009.png,C,high,BL,0,009,31,h1_exc,matched_channels,77,2.6072454,0.6726362,3.87616,6.0959578,1.647186279296875,3.7008308019881753,0.2540202403955543,90,matched_bias,0.15
C_high_BL_0_J032_012.png,C,high,BL,0,012,32,h1_exc,all_channels,128,1.4294088,0.6317472,2.2626278,3.651036,1.647186279296875,2.216528906182266,0.20305898536003567,90,baseline,0.0
C_high_BL_0_J032_012.png,C,high,BL,0,012,32,h1_exc,C_channels,77,1.6052548,0.6464484,2.483191,3.992732,1.647186279296875,2.4239711524912115,0.2115088592669533,90,baseline,0.0
C_high_BL_0_J032_012.png,C,high,BL,0,012,32,h1_exc,straight_channels,51,1.2696315,0.7152668,1.775046,2.886975,1.647186279296875,1.752670641281795,0.1558968984377048,90,baseline,0.0
C_high_BL_0_J032_012.png,C,high,BL,0,012,32,h1_exc,matched_channels,77,1.6052548,0.6464484,2.483191,3.992732,1.647186279296875,2.4239711524912115,0.2115088592669533,90,baseline,0.0
C_high_BL_0_J032_012.png,C,high,BL,0,012,32,h1_exc,all_channels,128,1.5635052,0.65223145,2.3971632,3.859746,1.647186279296875,2.343235858863705,0.21078832738341768,90,matched_bias,0.15
C_high_BL_0_J032_012.png,C,high,BL,0,012,32,h1_exc,C_channels,77,1.7409687,0.64673924,2.6919174,4.3138676,1.647186279296875,2.6189312022571305,0.21740412013224464,90,matched_bias,0.15
C_high_BL_0_J032_012.png,C,high,BL,0,012,32,h1_exc,straight_channels,51,1.3554188,0.72037286,1.8815517,3.0549061,1.647186279296875,1.8546209069898625,0.16722889987876485,90,matched_bias,0.15
C_high_BL_0_J032_012.png,C,high,BL,0,012,32,h1_exc,matched_channels,77,1.7409687,0.64673924,2.6919174,4.3138676,1.647186279296875,2.6189312022571305,0.21740412013224464,90,matched_bias,0.15
C_high_BL_0_J033_027.png,C,high,BL,0,027,33,h1_exc,all_channels,128,1.2364632,0.61375785,2.014578,3.2638402,1.647186279296875,1.9814639180308273,0.16487079553264833,90,baseline,0.0
C_high_BL_0_J033_027.png,C,high,BL,0,027,33,h1_exc,C_channels,77,1.3742235,0.6301997,2.180616,3.5233626,1.647186279296875,2.1390189193902045,0.18262208102702562,90,baseline,0.0
C_high_BL_0_J033_027.png,C,high,BL,0,027,33,h1_exc,straight_channels,51,1.117977,0.6784389,1.647867,2.6856828,1.647186279296875,1.6304669308147957,0.13808011004482426,90,baseline,0.0
C_high_BL_0_J033_027.png,C,high,BL,0,027,33,h1_exc,matched_channels,77,1.3742235,0.6301997,2.180616,3.5233626,1.647186279296875,2.1390189193902045,0.18262208102702562,90,baseline,0.0
C_high_BL_0_J033_027.png,C,high,BL,0,027,33,h1_exc,all_channels,128,1.3521838,0.6420859,2.1059234,3.4067883,1.647186279296875,2.0682471504822004,0.1748272361051404,90,matched_bias,0.15
C_high_BL_0_J033_027.png,C,high,BL,0,027,33,h1_exc,C_channels,77,1.5091339,0.66133726,2.281943,3.6810572,1.647186279296875,2.2347546471554534,0.19094094913693677,90,matched_bias,0.15
C_high_BL_0_J033_027.png,C,high,BL,0,027,33,h1_exc,straight_channels,51,1.2016561,0.69945616,1.7179863,2.796767,1.647186279296875,1.6979057041432193,0.1481675564143228,90,matched_bias,0.15
C_high_BL_0_J033_027.png,C,high,BL,0,027,33,h1_exc,matched_channels,77,1.5091339,0.66133726,2.281943,3.6810572,1.647186279296875,2.2347546471554534,0.19094094913693677,90,matched_bias,0.15
C_high_BL_0_J034_000.png,C,high,BL,0,000,34,h1_exc,all_channels,128,2.068667,0.60646313,3.4110348,5.403993,1.647186279296875,3.2807419323754794,0.2403301346083777,90,baseline,0.0
C_high_BL_0_J034_000.png,C,high,BL,0,000,34,h1_exc,C_channels,77,2.3292725,0.64435947,3.614865,5.7084827,1.647186279296875,3.465596319859072,0.24792847083475322,90,baseline,0.0
C_high_BL_0_J034_000.png,C,high,BL,0,000,34,h1_exc,straight_channels,51,1.8602823,0.73432565,2.5333207,4.0700545,1.647186279296875,2.470913312928784,0.2027314708675195,90,baseline,0.0
C_high_BL_0_J034_000.png,C,high,BL,0,000,34,h1_exc,matched_channels,77,2.3292725,0.64435947,3.614865,5.7084827,1.647186279296875,3.465596319859072,0.24792847083475322,90,baseline,0.0
C_high_BL_0_J034_000.png,C,high,BL,0,000,34,h1_exc,all_channels,128,2.2740917,0.6346438,3.583257,5.6613936,1.647186279296875,3.437008721607429,0.24478433170659786,90,matched_bias,0.15
C_high_BL_0_J034_000.png,C,high,BL,0,000,34,h1_exc,C_channels,77,2.5594115,0.66464764,3.8507795,6.05846,1.647186279296875,3.6780662120383747,0.24989355778985037,90,matched_bias,0.15
C_high_BL_0_J034_000.png,C,high,BL,0,000,34,h1_exc,straight_channels,51,2.0064712,0.75250024,2.666406,4.2747307,1.647186279296875,2.595171359881691,0.20967477810886265,90,matched_bias,0.15
C_high_BL_0_J034_000.png,C,high,BL,0,000,34,h1_exc,matched_channels,77,2.5594115,0.66464764,3.8507795,6.05846,1.647186279296875,3.6780662120383747,0.24989355778985037,90,matched_bias,0.15
C_high_BL_0_J035_018.png,C,high,BL,0,018,35,h1_exc,all_channels,128,1.8734698,0.6176967,3.032993,4.834027,1.647186279296875,2.9347177334571874,0.23273179838200217,90,baseline,0.0
C_high_BL_0_J035_018.png,C,high,BL,0,018,35,h1_exc,C_channels,77,2.1192195,0.64285046,3.296598,5.232181,1.647186279296875,3.1764355411606413,0.23869256214579676,90,baseline,0.0
C_high_BL_0_J035_018.png,C,high,BL,0,018,35,h1_exc,straight_channels,51,1.6463213,0.7236053,2.2751648,3.6705236,1.647186279296875,2.2283597595147953,0.18910686797884613,90,baseline,0.0
C_high_BL_0_J035_018.png,C,high,BL,0,018,35,h1_exc,matched_channels,77,2.1192195,0.64285046,3.296598,5.232181,1.647186279296875,3.1764355411606413,0.23869256214579676,90,baseline,0.0
C_high_BL_0_J035_018.png,C,high,BL,0,018,35,h1_exc,all_channels,128,2.0700173,0.6422606,3.2230177,5.12138,1.647186279296875,3.109168577696853,0.2380375331607644,90,matched_bias,0.15
C_high_BL_0_J035_018.png,C,high,BL,0,018,35,h1_exc,C_channels,77,2.333942,0.6498904,3.5912852,5.673358,1.647186279296875,3.4442722116050186,0.24458782301108814,90,matched_bias,0.15
C_high_BL_0_J035_018.png,C,high,BL,0,018,35,h1_exc,straight_channels,51,1.7572548,0.7164522,2.4527175,3.9456668,1.647186279296875,2.395398028533135,0.1985392853633123,90,matched_bias,0.15
C_high_BL_0_J035_018.png,C,high,BL,0,018,35,h1_exc,matched_channels,77,2.333942,0.6498904,3.5912852,5.673358,1.647186279296875,3.4442722116050186,0.24458782301108814,90,matched_bias,0.15
C_high_BL_0_J036_029.png,C,high,BL,0,029,36,h1_exc,all_channels,128,1.6045818,0.6208721,2.5844,4.148716,1.647186279296875,2.518668349693057,0.18393213899709038,90,baseline,0.0
C_high_BL_0_J036_029.png,C,high,BL,0,029,36,h1_exc,C_channels,77,1.844932,0.63466257,2.9069493,4.642463,1.647186279296875,2.818420258480038,0.19605017522018928,90,baseline,0.0
C_high_BL_0_J036_029.png,C,high,BL,0,029,36,h1_exc,straight_channels,51,1.3454263,0.7037767,1.9117233,3.1023731,1.647186279296875,1.8834379227945357,0.15386630858410444,90,baseline,0.0
C_high_BL_0_J036_029.png,C,high,BL,0,029,36,h1_exc,matched_channels,77,1.844932,0.63466257,2.9069493,4.642463,1.647186279296875,2.818420258480038,0.19605017522018928,90,baseline,0.0
C_high_BL_0_J036_029.png,C,high,BL,0,029,36,h1_exc,all_channels,128,1.7568314,0.64101434,2.7407053,4.388619,1.647186279296875,2.6643124548764816,0.19159597812196916,90,matched_bias,0.15
C_high_BL_0_J036_029.png,C,high,BL,0,029,36,h1_exc,C_channels,77,2.0219035,0.6482209,3.1191583,4.96454,1.647186279296875,3.0139517533559665,0.19984934333337703,90,matched_bias,0.15
C_high_BL_0_J036_029.png,C,high,BL,0,029,36,h1_exc,straight_channels,51,1.4405353,0.7140446,2.0174305,3.2683105,1.647186279296875,1.9841778480745642,0.1619886679985059,90,matched_bias,0.15
C_high_BL_0_J036_029.png,C,high,BL,0,029,36,h1_exc,matched_channels,77,2.0219035,0.6482209,3.1191583,4.96454,1.647186279296875,3.0139517533559665,0.19984934333337703,90,matched_bias,0.15
C_high_BL_0_J037_008.png,C,high,BL,0,008,37,h1_exc,all_channels,128,1.8848742,0.6046531,3.117282,4.9617023,1.647186279296875,3.0122290229356703,0.23495889693111224,90,baseline,0.0
C_high_BL_0_J037_008.png,C,high,BL,0,008,37,h1_exc,C_channels,77,2.1458218,0.6492209,3.305226,5.245156,1.647186279296875,3.1843124517195833,0.23993711721735828,90,baseline,0.0
C_high_BL_0_J037_008.png,C,high,BL,0,008,37,h1_exc,straight_channels,51,1.6198666,0.6663364,2.4310043,3.912103,1.647186279296875,2.3750215522788873,0.20017685782589323,90,baseline,0.0
C_high_BL_0_J037_008.png,C,high,BL,0,008,37,h1_exc,matched_channels,77,2.1458218,0.6492209,3.305226,5.245156,1.647186279296875,3.1843124517195833,0.23993711721735828,90,baseline,0.0
C_high_BL_0_J037_008.png,C,high,BL,0,008,37,h1_exc,all_channels,128,2.0620902,0.6236707,3.3063765,5.246888,1.647186279296875,3.185364153890132,0.23895457373980972,90,matched_bias,0.15
C_high_BL_0_J037_008.png,C,high,BL,0,008,37,h1_exc,C_channels,77,2.3544366,0.6675303,3.5270858,5.577595,1.647186279296875,3.3861350535512975,0.24380178822904927,90,matched_bias,0.15
C_high_BL_0_J037_008.png,C,high,BL,0,008,37,h1_exc,straight_channels,51,1.729918,0.6666646,2.594885,4.164845,1.647186279296875,2.52846020929086,0.2074408855701161,90,matched_bias,0.15
C_high_BL_0_J037_008.png,C,high,BL,0,008,37,h1_exc,matched_channels,77,2.3544366,0.6675303,3.5270858,5.577595,1.647186279296875,3.3861350535512975,0.24380178822904927,90,matched_bias,0.15
C_high_BL_0_J038_010.png,C,high,BL,0,010,38,h1_exc,all_channels,128,1.2379917,0.60326487,2.0521529,3.3226924,1.647186279296875,2.017192843242358,0.1495431172828908,90,baseline,0.0
C_high_BL_0_J038_010.png,C,high,BL,0,010,38,h1_exc,C_channels,77,1.337067,0.64278466,2.0801165,3.3664453,1.647186279296875,2.0437550535952265,0.14731601873378072,90,baseline,0.0
C_high_BL_0_J038_010.png,C,high,BL,0,010,38,h1_exc,straight_channels,51,1.2405895,0.6957802,1.7830192,2.8995662,1.647186279296875,1.7603146604572506,0.13192283758551995,90,baseline,0.0
C_high_BL_0_J038_010.png,C,high,BL,0,010,38,h1_exc,matched_channels,77,1.337067,0.64278466,2.0801165,3.3664453,1.647186279296875,2.0437550535952265,0.14731601873378072,90,baseline,0.0
C_high_BL_0_J038_010.png,C,high,BL,0,010,38,h1_exc,all_channels,128,1.3470571,0.6289875,2.1416278,3.462548,1.647186279296875,2.1020986150752075,0.15576589264069834,90,matched_bias,0.15
C_high_BL_0_J038_010.png,C,high,BL,0,010,38,h1_exc,C_channels,77,1.4610077,0.6683402,2.186024,3.5317912,1.647186279296875,2.144135871651868,0.15177021583200087,90,matched_bias,0.15
C_high_BL_0_J038_010.png,C,high,BL,0,010,38,h1_exc,straight_channels,51,1.297194,0.6917525,1.8752285,3.0449529,1.647186279296875,1.8485783236546152,0.14083123178196022,90,matched_bias,0.15
C_high_BL_0_J038_010.png,C,high,BL,0,010,38,h1_exc,matched_channels,77,1.4610077,0.6683402,2.186024,3.5317912,1.647186279296875,2.144135871651868,0.15177021583200087,90,matched_bias,0.15
C_high_BL_0_J039_031.png,C,high,BL,0,031,39,h1_exc,all_channels,128,2.407882,0.61926574,3.8882854,6.1138597,1.647186279296875,3.7116989700555902,0.2591294664788068,90,baseline,0.0
C_high_BL_0_J039_031.png,C,high,BL,0,031,39,h1_exc,C_channels,77,2.7367964,0.6274672,4.361656,6.8075113,1.647186279296875,4.132812040681059,0.263321651983014,90,baseline,0.0
C_high_BL_0_J039_031.png,C,high,BL,0,031,39,h1_exc,straight_channels,51,1.987225,0.6828227,2.910309,4.6475787,1.647186279296875,2.821525862907687,0.22362689549005219,90,baseline,0.0
C_high_BL_0_J039_031.png,C,high,BL,0,031,39,h1_exc,matched_channels,77,2.7367964,0.6274672,4.361656,6.8075113,1.647186279296875,4.132812040681059,0.263321651983014,90,baseline,0.0
C_high_BL_0_J039_031.png,C,high,BL,0,031,39,h1_exc,all_channels,128,2.6036103,0.62939596,4.136681,6.479126,1.647186279296875,3.933450647727409,0.26076703894138775,90,matched_bias,0.15
C_high_BL_0_J039_031.png,C,high,BL,0,031,39,h1_exc,C_channels,77,2.9947991,0.657201,4.5569,7.0906315,1.647186279296875,4.304693118840911,0.26430419546056255,90,matched_bias,0.15
C_high_BL_0_J039_031.png,C,high,BL,0,031,39,h1_exc,straight_channels,51,2.123448,0.6978724,3.042745,4.8488154,1.647186279296875,2.9436958482706763,0.2276880751972529,90,matched_bias,0.15
C_high_BL_0_J039_031.png,C,high,BL,0,031,39,h1_exc,matched_channels,77,2.9947991,0.657201,4.5569,7.0906315,1.647186279296875,4.304693118840911,0.26430419546056255,90,matched_bias,0.15
C_high_BL_0_J040_022.png,C,high,BL,0,022,40,h1_exc,all_channels,128,1.5380764,0.63308775,2.4294837,3.909752,1.647186279296875,2.3735942421902854,0.1990633085513382,90,baseline,0.0
C_high_BL_0_J040_022.png,C,high,BL,0,022,40,h1_exc,C_channels,77,1.6437354,0.64289224,2.5567822,4.106201,1.647186279296875,2.4928577894051016,0.18465267088062598,90,baseline,0.0
C_high_BL_0_J040_022.png,C,high,BL,0,022,40,h1_exc,straight_channels,51,1.4419845,0.6817174,2.1152234,3.4213176,1.647186279296875,2.0770677849816845,0.19297153899053712,90,baseline,0.0
C_high_BL_0_J040_022.png,C,high,BL,0,022,40,h1_exc,matched_channels,77,1.6437354,0.64289224,2.5567822,4.106201,1.647186279296875,2.4928577894051016,0.18465267088062598,90,baseline,0.0
C_high_BL_0_J040_022.png,C,high,BL,0,022,40,h1_exc,all_channels,128,1.6931946,0.659891,2.56587,4.1201944,1.647186279296875,2.5013530417852086,0.20501064352375797,90,matched_bias,0.15
C_high_BL_0_J040_022.png,C,high,BL,0,022,40,h1_exc,C_channels,77,1.8173865,0.6660037,2.7287934,4.370378,1.647186279296875,2.6532384623545497,0.19192349261448532,90,matched_bias,0.15
C_high_BL_0_J040_022.png,C,high,BL,0,022,40,h1_exc,straight_channels,51,1.5641218,0.70909464,2.2058012,3.5626066,1.647186279296875,2.1628437513437584,0.20456555202561014,90,matched_bias,0.15
C_high_BL_0_J040_022.png,C,high,BL,0,022,40,h1_exc,matched_channels,77,1.8173865,0.6660037,2.7287934,4.370378,1.647186279296875,2.6532384623545497,0.19192349261448532,90,matched_bias,0.15
C_high_BL_0_J041_020.png,C,high,BL,0,020,41,h1_exc,all_channels,128,1.2106307,0.62029797,1.9516921,3.1651824,1.647186279296875,1.921569146509314,0.14757803032779368,90,baseline,0.0
C_high_BL_0_J041_020.png,C,high,BL,0,020,41,h1_exc,C_channels,77,1.326008,0.632285,2.0971682,3.3931046,1.647186279296875,2.0599397744325882,0.14463039989514798,90,baseline,0.0
C_high_BL_0_J041_020.png,C,high,BL,0,020,41,h1_exc,straight_channels,51,1.1540656,0.7198323,1.6032423,2.6148562,1.647186279296875,1.587468436402378,0.15046015786193612,90,baseline,0.0
C_high_BL_0_J041_020.png,C,high,BL,0,020,41,h1_exc,matched_channels,77,1.326008,0.632285,2.0971682,3.3931046,1.647186279296875,2.0599397744325882,0.14463039989514798,90,baseline,0.0
C_high_BL_0_J041_020.png,C,high,BL,0,020,41,h1_exc,all_channels,128,1.3097135,0.64464796,2.0316725,3.2906234,1.647186279296875,1.9977239051947353,0.1526167550926336,90,matched_bias,0.15
C_high_BL_0_J041_020.png,C,high,BL,0,020,41,h1_exc,C_channels,77,1.4409659,0.65990424,2.1835985,3.528011,1.647186279296875,2.1418409724068836,0.1469230013427613,90,matched_bias,0.15
C_high_BL_0_J041_020.png,C,high,BL,0,020,41,h1_exc,straight_channels,51,1.2128999,0.72296596,1.6776723,2.732932,1.647186279296875,1.659151796319206,0.1577964824942987,90,matched_bias,0.15
C_high_BL_0_J041_020.png,C,high,BL,0,020,41,h1_exc,matched_channels,77,1.4409659,0.65990424,2.1835985,3.528011,1.647186279296875,2.1418409724068836,0.1469230013427613,90,matched_bias,0.15
C_high_BL_0_J042_036.png,C,high,BL,0,036,42,h1_exc,all_channels,128,1.5724144,0.58061945,2.7081668,4.338777,1.647186279296875,2.6340536546896396,0.23810303605926764,90,baseline,0.0
C_high_BL_0_J042_036.png,C,high,BL,0,036,42,h1_exc,C_channels,77,1.849867,0.6369896,2.9040773,4.638088,1.647186279296875,2.8157642256105677,0.24543936069163022,90,baseline,0.0
C_high_BL_0_J042_036.png,C,high,BL,0,036,42,h1_exc,straight_channels,51,1.3140869,0.6560831,2.0029275,3.245578,1.647186279296875,1.970377043387621,0.179412439000367,90,baseline,0.0
C_high_BL_0_J042_036.png,C,high,BL,0,036,42,h1_exc,matched_channels,77,1.849867,0.6369896,2.9040773,4.638088,1.647186279296875,2.8157642256105677,0.24543936069163022,90,baseline,0.0
C_high_BL_0_J042_036.png,C,high,BL,0,036,42,h1_exc,all_channels,128,1.7118556,0.5988978,2.8583434,4.5683846,1.647186279296875,2.7734474704251366,0.24393279402605575,90,matched_bias,0.15
C_high_BL_0_J042_036.png,C,high,BL,0,036,42,h1_exc,C_channels,77,2.0127099,0.6550068,3.0728076,4.894376,1.647186279296875,2.971355354818829,0.24740444764672734,90,matched_bias,0.15
C_high_BL_0_J042_036.png,C,high,BL,0,036,42,h1_exc,straight_channels,51,1.4398128,0.69637144,2.067593,3.3468552,1.647186279296875,2.0318619608003607,0.192382012904008,90,matched_bias,0.15
C_high_BL_0_J042_036.png,C,high,BL,0,036,42,h1_exc,matched_channels,77,2.0127099,0.6550068,3.0728076,4.894376,1.647186279296875,2.971355354818829,0.24740444764672734,90,matched_bias,0.15
C_high_BL_0_J043_026.png,C,high,BL,0,026,43,h1_exc,all_channels,128,1.3558607,0.622155,2.1792972,3.5213065,1.647186279296875,2.137770656313021,0.1902859201519044,90,baseline,0.0
C_high_BL_0_J043_026.png,C,high,BL,0,026,43,h1_exc,C_channels,77,1.5029753,0.65434897,2.296902,3.7042918,1.647186279296875,2.248860280464909,0.18576622015518102,90,baseline,0.0
C_high_BL_0_J043_026.png,C,high,BL,0,026,43,h1_exc,straight_channels,51,1.2307577,0.67055976,1.8354183,2.982238,1.647186279296875,1.8105044181423606,0.1693904955293717,90,baseline,0.0
C_high_BL_0_J043_026.png,C,high,BL,0,026,43,h1_exc,matched_channels,77,1.5029753,0.65434897,2.296902,3.7042918,1.647186279296875,2.248860280464909,0.18576622015518102,90,baseline,0.0
C_high_BL_0_J043_026.png,C,high,BL,0,026,43,h1_exc,all_channels,128,1.4631213,0.6426344,2.2767553,3.6729946,1.647186279296875,2.2298598753000376,0.19808076507378963,90,matched_bias,0.15
C_high_BL_0_J043_026.png,C,high,BL,0,026,43,h1_exc,C_channels,77,1.6318752,0.68194497,2.392972,3.8532581,1.647186279296875,2.3392971140983625,0.19008941145639469,90,matched_bias,0.15
C_high_BL_0_J043_026.png,C,high,BL,0,026,43,h1_exc,straight_channels,51,1.3071187,0.6820657,1.9164116,3.1097448,1.647186279296875,1.8879132296223917,0.18163953754947706,90,matched_bias,0.15
C_high_BL_0_J043_026.png,C,high,BL,0,026,43,h1_exc,matched_channels,77,1.6318752,0.68194497,2.392972,3.8532581,1.647186279296875,2.3392971140983625,0.19008941145639469,90,matched_bias,0.15
C_high_BL_0_J044_022.png,C,high,BL,0,022,44,h1_exc,all_channels,128,1.6165468,0.6292408,2.5690432,4.125079,1.647186279296875,2.504318535051133,0.18701077522674253,90,baseline,0.0
C_high_BL_0_J044_022.png,C,high,BL,0,022,44,h1_exc,C_channels,77,1.7569773,0.6391193,2.74906,4.4014077,1.647186279296875,2.6720764659456044,0.17934693610186378,90,baseline,0.0
C_high_BL_0_J044_022.png,C,high,BL,0,022,44,h1_exc,straight_channels,51,1.4687469,0.6785488,2.1645412,3.4982972,1.647186279296875,2.12380180507777,0.17037303900692025,90,baseline,0.0
C_high_BL_0_J044_022.png,C,high,BL,0,022,44,h1_exc,matched_channels,77,1.7569773,0.6391193,2.74906,4.4014077,1.647186279296875,2.6720764659456044,0.17934693610186378,90,baseline,0.0
C_high_BL_0_J044_022.png,C,high,BL,0,022,44,h1_exc,all_channels,128,1.7630132,0.6562526,2.6864855,4.3055367,1.647186279296875,2.6138735945990903,0.19153047522346592,90,matched_bias,0.15
C_high_BL_0_J044_022.png,C,high,BL,0,022,44,h1_exc,C_channels,77,1.9200128,0.6626018,2.8976872,4.628355,1.647186279296875,2.80985524000494,0.18419415059110333,90,matched_bias,0.15
C_high_BL_0_J044_022.png,C,high,BL,0,022,44,h1_exc,straight_channels,51,1.5847251,0.7054162,2.2465107,3.6259713,1.647186279296875,2.2013122260986386,0.17901942160934758,90,matched_bias,0.15
C_high_BL_0_J044_022.png,C,high,BL,0,022,44,h1_exc,matched_channels,77,1.9200128,0.6626018,2.8976872,4.628355,1.647186279296875,2.80985524000494,0.18419415059110333,90,matched_bias,0.15
C_high_BL_0_J045_020.png,C,high,BL,0,020,45,h1_exc,all_channels,128,1.5928243,0.6156241,2.5873325,4.1532264,1.647186279296875,2.521406596549986,0.21432548390259248,90,baseline,0.0
C_high_BL_0_J045_020.png,C,high,BL,0,020,45,h1_exc,C_channels,77,1.8453994,0.62732935,2.9416754,4.6953177,1.647186279296875,2.850508030401955,0.21602855926367667,90,baseline,0.0
C_high_BL_0_J045_020.png,C,high,BL,0,020,45,h1_exc,straight_channels,51,1.3288885,0.7153546,1.857664,3.0172923,1.647186279296875,1.8317856824874565,0.17214161726650767,90,baseline,0.0
C_high_BL_0_J045_020.png,C,high,BL,0,020,45,h1_exc,matched_channels,77,1.8453994,0.62732935,2.9416754,4.6953177,1.647186279296875,2.850508030401955,0.21602855926367667,90,baseline,0.0
C_high_BL_0_J045_020.png,C,high,BL,0,020,45,h1_exc,all_channels,128,1.7271616,0.63967276,2.7000706,4.3263664,1.647186279296875,2.6265192059164835,0.21845216650829644,90,matched_bias,0.15
C_high_BL_0_J045_020.png,C,high,BL,0,020,45,h1_exc,C_channels,77,2.0080302,0.6542323,3.0692923,4.889051,1.647186279296875,2.9681226660936653,0.21989323027536767,90,matched_bias,0.15
C_high_BL_0_J045_020.png,C,high,BL,0,020,45,h1_exc,straight_channels,51,1.4033389,0.71792406,1.9547178,3.1699347,1.647186279296875,1.9244543074459437,0.1775128549437731,90,matched_bias,0.15
C_high_BL_0_J045_020.png,C,high,BL,0,020,45,h1_exc,matched_channels,77,2.0080302,0.6542323,3.0692923,4.889051,1.647186279296875,2.9681226660936653,0.21989323027536767,90,matched_bias,0.15
C_high_BL_0_J046_024.png,C,high,BL,0,024,46,h1_exc,all_channels,128,1.4439876,0.63149273,2.2866259,3.6883311,1.647186279296875,2.2391706093796864,0.22984967084785973,90,baseline,0.0
C_high_BL_0_J046_024.png,C,high,BL,0,024,46,h1_exc,C_channels,77,1.6246033,0.65041476,2.4977958,4.0152717,1.647186279296875,2.437654860143201,0.2259194969376655,90,baseline,0.0
C_high_BL_0_J046_024.png,C,high,BL,0,024,46,h1_exc,straight_channels,51,1.2336854,0.6653162,1.8542842,3.0119681,1.647186279296875,1.8285534279911,0.1699145187173976,90,baseline,0.0
C_high_BL_0_J046_024.png,C,high,BL,0,024,46,h1_exc,matched_channels,77,1.6246033,0.65041476,2.4977958,4.0152717,1.647186279296875,2.437654860143201,0.2259194969376655,90,baseline,0.0
C_high_BL_0_J046_024.png,C,high,BL,0,024,46,h1_exc,all_channels,128,1.5708926,0.6512869,2.4119825,3.8826811,1.647186279296875,2.357159695045964,0.2355484230176414,90,matched_bias,0.15
C_high_BL_0_J046_024.png,C,high,BL,0,024,46,h1_exc,C_channels,77,1.7653681,0.66529965,2.6534932,4.254911,1.647186279296875,2.5831388796397787,0.23142174041193744,90,matched_bias,0.15
C_high_BL_0_J046_024.png,C,high,BL,0,024,46,h1_exc,straight_channels,51,1.345028,0.69788617,1.9272885,3.1268427,1.647186279296875,1.898293324510741,0.18255657812852238,90,matched_bias,0.15
C_high_BL_0_J046_024.png,C,high,BL,0,024,46,h1_exc,matched_channels,77,1.7653681,0.66529965,2.6534932,4.254911,1.647186279296875,2.5831388796397787,0.23142174041193744,90,matched_bias,0.15
C_high_BL_0_J047_017.png,C,high,BL,0,017,47,h1_exc,all_channels,128,1.1954927,0.607038,1.9693869,3.192963,1.647186279296875,1.9384345933731126,0.10893132021088366,90,baseline,0.0
C_high_BL_0_J047_017.png,C,high,BL,0,017,47,h1_exc,C_channels,77,1.3668759,0.6469133,2.1129198,3.4177184,1.647186279296875,2.0748827456248713,0.1112894245570002,90,baseline,0.0
C_high_BL_0_J047_017.png,C,high,BL,0,017,47,h1_exc,straight_channels,51,1.0857596,0.695856,1.5603224,2.5466368,1.647186279296875,1.5460527059914675,0.10473913470667646,90,baseline,0.0
C_high_BL_0_J047_017.png,C,high,BL,0,017,47,h1_exc,matched_channels,77,1.3668759,0.6469133,2.1129198,3.4177184,1.647186279296875,2.0748827456248713,0.1112894245570002,90,baseline,0.0
C_high_BL_0_J047_017.png,C,high,BL,0,017,47,h1_exc,all_channels,128,1.2984726,0.6355125,2.0431898,3.3086612,1.647186279296875,2.00867457673548,0.1102413781809484,90,matched_bias,0.15
C_high_BL_0_J047_017.png,C,high,BL,0,017,47,h1_exc,C_channels,77,1.4717128,0.6633464,2.2186189,3.582566,1.647186279296875,2.1749610509459707,0.11404054629413617,90,matched_bias,0.15
C_high_BL_0_J047_017.png,C,high,BL,0,017,47,h1_exc,straight_channels,51,1.1631415,0.71971655,1.6161106,2.6352904,1.647186279296875,1.599873919189501,0.10722824484979948,90,matched_bias,0.15
C_high_BL_0_J047_017.png,C,high,BL,0,017,47,h1_exc,matched_channels,77,1.4717128,0.6633464,2.2186189,3.582566,1.647186279296875,2.1749610509459707,0.11404054629413617,90,matched_bias,0.15
C_high_BL_0_J048_015.png,C,high,BL,0,015,48,h1_exc,all_channels,128,1.5950037,0.6119458,2.606446,4.182625,1.647186279296875,2.539254268975214,0.20161792159296446,90,baseline,0.0
C_high_BL_0_J048_015.png,C,high,BL,0,015,48,h1_exc,C_channels,77,1.7484297,0.6242109,2.801024,4.480878,1.647186279296875,2.7203224707476563,0.1972947302917508,90,baseline,0.0
C_high_BL_0_J048_015.png,C,high,BL,0,015,48,h1_exc,straight_channels,51,1.4368852,0.6669532,2.1544018,3.4824817,1.647186279296875,2.114200282440368,0.1827530868240321,90,baseline,0.0
C_high_BL_0_J048_015.png,C,high,BL,0,015,48,h1_exc,matched_channels,77,1.7484297,0.6242109,2.801024,4.480878,1.647186279296875,2.7203224707476563,0.1972947302917508,90,baseline,0.0
C_high_BL_0_J048_015.png,C,high,BL,0,015,48,h1_exc,all_channels,128,1.7223432,0.6251397,2.7551332,4.410703,1.647186279296875,2.677719703521349,0.20620312448819106,90,matched_bias,0.15
C_high_BL_0_J048_015.png,C,high,BL,0,015,48,h1_exc,C_channels,77,1.9148409,0.65688,2.9150543,4.6548038,1.647186279296875,2.8259121528301088,0.2006353781154159,90,matched_bias,0.15
C_high_BL_0_J048_015.png,C,high,BL,0,015,48,h1_exc,straight_channels,51,1.5319146,0.6774228,2.2613862,3.6491053,1.647186279296875,2.215356777889243,0.18949988536986556,90,matched_bias,0.15
C_high_BL_0_J048_015.png,C,high,BL,0,015,48,h1_exc,matched_channels,77,1.9148409,0.65688,2.9150543,4.6548038,1.647186279296875,2.8259121528301088,0.2006353781154159,90,matched_bias,0.15
C_high_BL_0_J049_017.png,C,high,BL,0,017,49,h1_exc,all_channels,128,1.4326581,0.60232145,2.3785605,3.8309414,1.647186279296875,2.325748741091221,0.17351717813507564,90,baseline,0.0
C_high_BL_0_J049_017.png,C,high,BL,0,017,49,h1_exc,C_channels,77,1.6163367,0.6423311,2.5163605,4.0439086,1.647186279296875,2.4550402236319115,0.1670978940817584,90,baseline,0.0
C_high_BL_0_J049_017.png,C,high,BL,0,017,49,h1_exc,straight_channels,51,1.3103799,0.6969549,1.8801501,3.0527,1.647186279296875,1.8532816006061452,0.1620541708970091,90,baseline,0.0
C_high_BL_0_J049_017.png,C,high,BL,0,017,49,h1_exc,matched_channels,77,1.6163367,0.6423311,2.5163605,4.0439086,1.647186279296875,2.4550402236319115,0.1670978940817584,90,baseline,0.0
C_high_BL_0_J049_017.png,C,high,BL,0,017,49,h1_exc,all_channels,128,1.5634073,0.6304574,2.4797986,3.9874945,1.647186279296875,2.4207914396805013,0.17954344479737347,90,matched_bias,0.15
C_high_BL_0_J049_017.png,C,high,BL,0,017,49,h1_exc,C_channels,77,1.750763,0.65807474,2.6604319,4.265563,1.647186279296875,2.589605704519463,0.17155209117997852,90,matched_bias,0.15
C_high_BL_0_J049_017.png,C,high,BL,0,017,49,h1_exc,straight_channels,51,1.3928063,0.7010305,1.9867984,3.220284,1.647186279296875,1.9550211205998829,0.17083155929644292,90,matched_bias,0.15
C_high_BL_0_J049_017.png,C,high,BL,0,017,49,h1_exc,matched_channels,77,1.750763,0.65807474,2.6604319,4.265563,1.647186279296875,2.589605704519463,0.17155209117997852,90,matched_bias,0.15
C_high_BL_0_J050_015.png,C,high,BL,0,015,50,h1_exc,all_channels,128,0.8810169,0.62084275,1.4190661,2.3214412,1.647186279296875,1.4093373582804694,0.07035011299247687,90,baseline,0.0
C_high_BL_0_J050_015.png,C,high,BL,0,015,50,h1_exc,C_channels,77,0.9237129,0.63554883,1.4534098,2.3762894,1.647186279296875,1.4426354706304254,0.061834736187056025,90,baseline,0.0
C_high_BL_0_J050_015.png,C,high,BL,0,015,50,h1_exc,straight_channels,51,0.889643,0.6717285,1.3244087,2.1699524,1.647186279296875,1.3173691443876698,0.0656339043002438,90,baseline,0.0
C_high_BL_0_J050_015.png,C,high,BL,0,015,50,h1_exc,matched_channels,77,0.9237129,0.63554883,1.4534098,2.3762894,1.647186279296875,1.4426354706304254,0.061834736187056025,90,baseline,0.0
C_high_BL_0_J050_015.png,C,high,BL,0,015,50,h1_exc,all_channels,128,0.93509346,0.6324857,1.4784421,2.4162276,1.647186279296875,1.4668817940126389,0.0784724724068783,90,matched_bias,0.15
C_high_BL_0_J050_015.png,C,high,BL,0,015,50,h1_exc,C_channels,77,0.9970745,0.6676753,1.4933523,2.440001,1.647186279296875,1.4813145463566995,0.06655094487928911,90,matched_bias,0.15
C_high_BL_0_J050_015.png,C,high,BL,0,015,50,h1_exc,straight_channels,51,0.9439165,0.6817584,1.3845322,2.2662282,1.647186279296875,1.3758177892389445,0.07932401008742039,90,matched_bias,0.15
C_high_BL_0_J050_015.png,C,high,BL,0,015,50,h1_exc,matched_channels,77,0.9970745,0.6676753,1.4933523,2.440001,1.647186279296875,1.4813145463566995,0.06655094487928911,90,matched_bias,0.15
C_high_BL_0_J051_017.png,C,high,BL,0,017,51,h1_exc,all_channels,128,0.98938966,0.6082729,1.6265556,2.651871,1.647186279296875,1.609939921907455,0.12635509121274477,90,baseline,0.0
C_high_BL_0_J051_017.png,C,high,BL,0,017,51,h1_exc,C_channels,77,1.0859821,0.6477034,1.6766657,2.731337,1.647186279296875,1.6581834660796007,0.11469557527916854,90,baseline,0.0
C_high_BL_0_J051_017.png,C,high,BL,0,017,51,h1_exc,straight_channels,51,1.0075018,0.7126883,1.413664,2.3128088,1.647186279296875,1.4040966508088117,0.11246847673005847,90,baseline,0.0
C_high_BL_0_J051_017.png,C,high,BL,0,017,51,h1_exc,matched_channels,77,1.0859821,0.6477034,1.6766657,2.731337,1.647186279296875,1.6581834660796007,0.11469557527916854,90,baseline,0.0
C_high_BL_0_J051_017.png,C,high,BL,0,017,51,h1_exc,all_channels,128,1.076645,0.6372846,1.6894258,2.751552,1.647186279296875,1.6704559301088469,0.1353289883076883,90,matched_bias,0.15
C_high_BL_0_J051_017.png,C,high,BL,0,017,51,h1_exc,C_channels,77,1.1680491,0.66422176,1.7585227,2.8608704,1.647186279296875,1.7368225925127925,0.12104935643398256,90,matched_bias,0.15
C_high_BL_0_J051_017.png,C,high,BL,0,017,51,h1_exc,straight_channels,51,1.0623689,0.720341,1.4748138,2.4104412,1.647186279296875,1.4633688829640257,0.12753414338580304,90,matched_bias,0.15
C_high_BL_0_J051_017.png,C,high,BL,0,017,51,h1_exc,matched_channels,77,1.1680491,0.66422176,1.7585227,2.8608704,1.647186279296875,1.7368225925127925,0.12104935643398256,90,matched_bias,0.15
C_high_BL_0_J052_020.png,C,high,BL,0,020,52,h1_exc,all_channels,128,1.1611751,0.6213507,1.8687918,3.0348184,1.647186279296875,1.8424257356882618,0.12969573903640988,90,baseline,0.0
C_high_BL_0_J052_020.png,C,high,BL,0,020,52,h1_exc,C_channels,77,1.3385644,0.6338798,2.1117008,3.4158149,1.647186279296875,2.073727118026514,0.14371335931610266,90,baseline,0.0
C_high_BL_0_J052_020.png,C,high,BL,0,020,52,h1_exc,straight_channels,51,1.0124153,0.7214974,1.403214,2.296105,1.647186279296875,1.3939558159931182,0.08508826515570526,90,baseline,0.0
C_high_BL_0_J052_020.png,C,high,BL,0,020,52,h1_exc,matched_channels,77,1.3385644,0.6338798,2.1117008,3.4158149,1.647186279296875,2.073727118026514,0.14371335931610266,90,baseline,0.0
C_high_BL_0_J052_020.png,C,high,BL,0,020,52,h1_exc,all_channels,128,1.2457693,0.64622825,1.9277543,3.1275742,1.647186279296875,1.8987373958373641,0.13670454917625627,90,matched_bias,0.15
C_high_BL_0_J052_020.png,C,high,BL,0,020,52,h1_exc,C_channels,77,1.4344848,0.6592935,2.175791,3.5158403,1.647186279296875,2.1344521350270074,0.1460714636622192,90,matched_bias,0.15
C_high_BL_0_J052_020.png,C,high,BL,0,020,52,h1_exc,straight_channels,51,1.0591108,0.7247676,1.4613107,2.3888986,1.647186279296875,1.4502904902689915,0.09733411934234056,90,matched_bias,0.15
C_high_BL_0_J052_020.png,C,high,BL,0,020,52,h1_exc,matched_channels,77,1.4344848,0.6592935,2.175791,3.5158403,1.647186279296875,2.1344521350270074,0.1460714636622192,90,matched_bias,0.15
C_high_BL_0_J053_024.png,C,high,BL,0,024,53,h1_exc,all_channels,128,1.0039277,0.6357165,1.5792066,2.5766647,1.647186279296875,1.5642824997668534,0.0996954115219272,90,baseline,0.0
C_high_BL_0_J053_024.png,C,high,BL,0,024,53,h1_exc,C_channels,77,1.0753075,0.65116423,1.6513615,2.6912248,1.647186279296875,1.6338314803543512,0.10015393181144985,90,baseline,0.0
C_high_BL_0_J053_024.png,C,high,BL,0,024,53,h1_exc,straight_channels,51,0.95218766,0.6684228,1.424529,2.3301702,1.647186279296875,1.4146366866410718,0.08633282022726678,90,baseline,0.0
C_high_BL_0_J053_024.png,C,high,BL,0,024,53,h1_exc,matched_channels,77,1.0753075,0.65116423,1.6513615,2.6912248,1.647186279296875,1.6338314803543512,0.10015393181144985,90,baseline,0.0
C_high_BL_0_J053_024.png,C,high,BL,0,024,53,h1_exc,all_channels,128,1.0823227,0.6553412,1.6515408,2.6915102,1.647186279296875,1.6340047376483433,0.11489208397467825,90,matched_bias,0.15
C_high_BL_0_J053_024.png,C,high,BL,0,024,53,h1_exc,C_channels,77,1.1571522,0.6716373,1.7228825,2.804515,1.647186279296875,1.7026094153235563,0.10722824484979948,90,matched_bias,0.15
C_high_BL_0_J053_024.png,C,high,BL,0,024,53,h1_exc,straight_channels,51,1.0384741,0.69986635,1.4838177,2.4248,1.647186279296875,1.4720860262645086,0.10008842891294661,90,matched_bias,0.15
C_high_BL_0_J053_024.png,C,high,BL,0,024,53,h1_exc,matched_channels,77,1.1571522,0.6716373,1.7228825,2.804515,1.647186279296875,1.7026094153235563,0.10722824484979948,90,matched_bias,0.15
C_high_BL_0_J054_031.png,C,high,BL,0,031,54,h1_exc,all_channels,128,1.1668899,0.6370677,1.8316576,2.9763095,1.647186279296875,1.8069052403040906,0.13690105787176599,90,baseline,0.0
C_high_BL_0_J054_031.png,C,high,BL,0,031,54,h1_exc,C_channels,77,1.3132429,0.64637464,2.0317054,3.290675,1.647186279296875,1.9977551696688391,0.1444338911996383,90,baseline,0.0
C_high_BL_0_J054_031.png,C,high,BL,0,031,54,h1_exc,straight_channels,51,1.0158801,0.6929705,1.4659789,2.3963468,1.647186279296875,1.4548122595791964,0.09550322601772,90,baseline,0.0
C_high_BL_0_J054_031.png,C,high,BL,0,031,54,h1_exc,matched_channels,77,1.3132429,0.64637464,2.0317054,3.290675,1.647186279296875,1.9977551696688391,0.1444338911996383,90,baseline,0.0
C_high_BL_0_J054_031.png,C,high,BL,0,031,54,h1_exc,all_channels,128,1.23436,0.6491237,1.9015789,3.0864189,1.647186279296875,1.873752159768576,0.14194478105651526,90,matched_bias,0.15
C_high_BL_0_J054_031.png,C,high,BL,0,031,54,h1_exc,C_channels,77,1.4091544,0.67849255,2.07689,3.361399,1.647186279296875,2.0406914246189207,0.14666098974874836,90,matched_bias,0.15
C_high_BL_0_J054_031.png,C,high,BL,0,031,54,h1_exc,straight_channels,51,1.0771848,0.71151257,1.5139364,2.4728022,1.647186279296875,1.501227989959752,0.09943339992791424,90,matched_bias,0.15
C_high_BL_0_J054_031.png,C,high,BL,0,031,54,h1_exc,matched_channels,77,1.4091544,0.67849255,2.07689,3.361399,1.647186279296875,2.0406914246189207,0.14666098974874836,90,matched_bias,0.15
C_high_BL_0_J055_017.png,C,high,BL,0,017,55,h1_exc,all_channels,128,1.5500251,0.60021293,2.5824587,4.145727,1.647186279296875,2.5168538522515487,0.1619886679985059,90,baseline,0.0
C_high_BL_0_J055_017.png,C,high,BL,0,017,55,h1_exc,C_channels,77,1.7699363,0.6377362,2.7753425,4.4416194,1.647186279296875,2.6964888094750266,0.16048210133293142,90,baseline,0.0
C_high_BL_0_J055_017.png,C,high,BL,0,017,55,h1_exc,straight_channels,51,1.362349,0.68790656,1.9804274,3.2102883,1.647186279296875,1.9489527730220872,0.16932499263086845,90,baseline,0.0
C_high_BL_0_J055_017.png,C,high,BL,0,017,55,h1_exc,matched_channels,77,1.7699363,0.6377362,2.7753425,4.4416194,1.647186279296875,2.6964888094750266,0.16048210133293142,90,baseline,0.0
C_high_BL_0_J055_017.png,C,high,BL,0,017,55,h1_exc,all_channels,128,1.6946086,0.62818015,2.6976473,4.3226523,1.647186279296875,2.624264400464679,0.1636262404610868,90,matched_bias,0.15
C_high_BL_0_J055_017.png,C,high,BL,0,017,55,h1_exc,C_channels,77,1.92605,0.6532405,2.9484546,4.705628,1.647186279296875,2.8567672939118944,0.1631022172730609,90,matched_bias,0.15
C_high_BL_0_J055_017.png,C,high,BL,0,017,55,h1_exc,straight_channels,51,1.4697148,0.7148817,2.0558853,3.3285348,1.647186279296875,2.020739768880852,0.17292765204854652,90,matched_bias,0.15
C_high_BL_0_J055_017.png,C,high,BL,0,017,55,h1_exc,matched_channels,77,1.92605,0.6532405,2.9484546,4.705628,1.647186279296875,2.8567672939118944,0.1631022172730609,90,matched_bias,0.15
C_high_BL_0_J056_029.png,C,high,BL,0,029,56,h1_exc,all_channels,128,1.4666522,0.6232311,2.353304,3.791804,1.647186279296875,2.3019886092299098,0.17174859987548824,90,baseline,0.0
C_high_BL_0_J056_029.png,C,high,BL,0,029,56,h1_exc,C_channels,77,1.6720923,0.6368607,2.6255226,4.2119493,1.647186279296875,2.557057071090385,0.1820325549404965,90,baseline,0.0
C_high_BL_0_J056_029.png,C,high,BL,0,029,56,h1_exc,straight_channels,51,1.2605783,0.70675355,1.7836179,2.9005117,1.647186279296875,1.7608887109401017,0.14109324337597318,90,baseline,0.0
C_high_BL_0_J056_029.png,C,high,BL,0,029,56,h1_exc,matched_channels,77,1.6720923,0.6368607,2.6255226,4.2119493,1.647186279296875,2.557057071090385,0.1820325549404965,90,baseline,0.0
C_high_BL_0_J056_029.png,C,high,BL,0,029,56,h1_exc,all_channels,128,1.5976503,0.6431656,2.484042,3.9940457,1.647186279296875,2.424768686066731,0.17718534045125695,90,matched_bias,0.15
C_high_BL_0_J056_029.png,C,high,BL,0,029,56,h1_exc,C_channels,77,1.8204347,0.6504336,2.7988017,4.4774823,1.647186279296875,2.718261041857901,0.1844561621851163,90,matched_bias,0.15
C_high_BL_0_J056_029.png,C,high,BL,0,029,56,h1_exc,straight_channels,51,1.3461133,0.71701604,1.8773824,3.0483437,1.647186279296875,1.8506368576856567,0.1463989781547354,90,matched_bias,0.15
C_high_BL_0_J056_029.png,C,high,BL,0,029,56,h1_exc,matched_channels,77,1.8204347,0.6504336,2.7988017,4.4774823,1.647186279296875,2.718261041857901,0.1844561621851163,90,matched_bias,0.15
C_high_BL_0_J057_026.png,C,high,BL,0,026,57,h1_exc,all_channels,128,1.3504755,0.619232,2.180888,3.523786,1.647186279296875,2.139275982843947,0.187141781023749,90,baseline,0.0
C_high_BL_0_J057_026.png,C,high,BL,0,026,57,h1_exc,C_channels,77,1.5132537,0.6515458,2.322559,3.7441213,1.647186279296875,2.273040601068459,0.1830806013165483,90,baseline,0.0
C_high_BL_0_J057_026.png,C,high,BL,0,026,57,h1_exc,straight_channels,51,1.2038631,0.6695947,1.7978983,2.9230561,1.647186279296875,1.7745753134508044,0.1670978940817584,90,baseline,0.0
C_high_BL_0_J057_026.png,C,high,BL,0,026,57,h1_exc,matched_channels,77,1.5132537,0.6515458,2.322559,3.7441213,1.647186279296875,2.273040601068459,0.1830806013165483,90,baseline,0.0
C_high_BL_0_J057_026.png,C,high,BL,0,026,57,h1_exc,all_channels,128,1.4749298,0.6394874,2.306425,3.7190802,1.647186279296875,2.257838250535462,0.19323355058455008,90,matched_bias,0.15
C_high_BL_0_J057_026.png,C,high,BL,0,026,57,h1_exc,C_channels,77,1.6653415,0.67956674,2.450593,3.9423835,1.647186279296875,2.393404773566079,0.1906134346444206,90,matched_bias,0.15
C_high_BL_0_J057_026.png,C,high,BL,0,026,57,h1_exc,straight_channels,51,1.2890843,0.68061364,1.894003,3.0745,1.647186279296875,1.8665163156716986,0.18052598827492203,90,matched_bias,0.15
C_high_BL_0_J057_026.png,C,high,BL,0,026,57,h1_exc,matched_channels,77,1.6653415,0.67956674,2.450593,3.9423835,1.647186279296875,2.393404773566079,0.1906134346444206,90,matched_bias,0.15
C_high_BL_0_J058_029.png,C,high,BL,0,029,58,h1_exc,all_channels,128,0.6606365,0.6344157,1.0413306,1.7140985,1.647186279296875,1.0406220988236954,0.009104902891949986,90,baseline,0.0
C_high_BL_0_J058_029.png,C,high,BL,0,029,58,h1_exc,C_channels,77,0.6961025,0.64624834,1.0771439,1.7720051,1.647186279296875,1.0757769735523743,0.01873382897192587,90,baseline,0.0
C_high_BL_0_J058_029.png,C,high,BL,0,029,58,h1_exc,straight_channels,51,0.709148,0.7186091,0.98683417,1.6258523,1.647186279296875,0.9870482513027148,0.01048046376051797,90,baseline,0.0
C_high_BL_0_J058_029.png,C,high,BL,0,029,58,h1_exc,matched_channels,77,0.6961025,0.64624834,1.0771439,1.7720051,1.647186279296875,1.0757769735523743,0.01873382897192587,90,baseline,0.0
C_high_BL_0_J058_029.png,C,high,BL,0,029,58,h1_exc,all_channels,128,0.6968964,0.6543296,1.065054,1.7524644,1.647186279296875,1.0639139149166594,0.013100579700647463,90,matched_bias,0.15
C_high_BL_0_J058_029.png,C,high,BL,0,029,58,h1_exc,C_channels,77,0.7267857,0.6596547,1.101767,1.8117782,1.647186279296875,1.099923062451639,0.021026430419539176,90,matched_bias,0.15
C_high_BL_0_J058_029.png,C,high,BL,0,029,58,h1_exc,straight_channels,51,0.733176,0.7276966,1.0075297,1.6593837,1.647186279296875,1.0074049701462444,0.013559099990170125,90,matched_bias,0.15
C_high_BL_0_J058_029.png,C,high,BL,0,029,58,h1_exc,matched_channels,77,0.7267857,0.6596547,1.101767,1.8117782,1.647186279296875,1.099923062451639,0.021026430419539176,90,matched_bias,0.15
C_high_BL_0_J060_005.png,C,high,BL,0,005,60,h1_exc,all_channels,128,1.373604,0.635794,2.1604548,3.491923,1.647186279296875,2.11993210269274,0.20738217666124933,90,baseline,0.0
C_high_BL_0_J060_005.png,C,high,BL,0,005,60,h1_exc,C_channels,77,1.5254502,0.6740783,2.2630165,3.651639,1.647186279296875,2.2168949610665654,0.1972947302917508,90,baseline,0.0
C_high_BL_0_J060_005.png,C,high,BL,0,005,60,h1_exc,straight_channels,51,1.2249061,0.6585521,1.8599987,3.0209694,1.647186279296875,1.834018052784233,0.17332066943956592,90,baseline,0.0
C_high_BL_0_J060_005.png,C,high,BL,0,005,60,h1_exc,matched_channels,77,1.5254502,0.6740783,2.2630165,3.651639,1.647186279296875,2.2168949610665654,0.1972947302917508,90,baseline,0.0
C_high_BL_0_J060_005.png,C,high,BL,0,005,60,h1_exc,all_channels,128,1.4772184,0.65790236,2.2453458,3.6241598,1.647186279296875,2.2002124692734486,0.21321193462803745,90,matched_bias,0.15
C_high_BL_0_J060_005.png,C,high,BL,0,005,60,h1_exc,C_channels,77,1.6466305,0.70210284,2.345284,3.7793713,1.647186279296875,2.2944406993637365,0.19991484623188027,90,matched_bias,0.15
C_high_BL_0_J060_005.png,C,high,BL,0,005,60,h1_exc,straight_channels,51,1.2975582,0.6672875,1.9445263,3.1539278,1.647186279296875,1.914736556231202,0.1838011332000839,90,matched_bias,0.15
C_high_BL_0_J060_005.png,C,high,BL,0,005,60,h1_exc,matched_channels,77,1.6466305,0.70210284,2.345284,3.7793713,1.647186279296875,2.2944406993637365,0.19991484623188027,90,matched_bias,0.15
straight_high_BL_0_J000_003.png,straight,high,BL,0,003,0,h1_exc,all_channels,128,2.7459314,0.6151098,4.464132,3.6631176,0.844573974609375,4.33723713247603,0.1488620774560664,90,baseline,0.0
straight_high_BL_0_J000_003.png,straight,high,BL,0,003,0,h1_exc,C_channels,77,2.925667,0.6208505,4.7123537,3.8589394,0.844573974609375,4.569095756650359,0.1442892820710738,90,baseline,0.0
straight_high_BL_0_J000_003.png,straight,high,BL,0,003,0,h1_exc,straight_channels,51,2.5469704,0.67884696,3.7519066,3.096788,0.844573974609375,3.6666863838663124,0.14893242815429705,90,baseline,0.0
straight_high_BL_0_J000_003.png,straight,high,BL,0,003,0,h1_exc,matched_channels,51,2.5469704,0.67884696,3.7519066,3.096788,0.844573974609375,3.6666863838663124,0.14893242815429705,90,baseline,0.0
straight_high_BL_0_J000_003.png,straight,high,BL,0,003,0,h1_exc,all_channels,128,2.8557816,0.6230873,4.5832767,3.75721,0.844573974609375,4.4486452160711085,0.15019874072244882,90,matched_bias,0.15
straight_high_BL_0_J000_003.png,straight,high,BL,0,003,0,h1_exc,C_channels,77,3.0458715,0.6286522,4.845082,3.9633229,0.844573974609375,4.692688799450758,0.1463294523197628,90,matched_bias,0.15
straight_high_BL_0_J000_003.png,straight,high,BL,0,003,0,h1_exc,straight_channels,51,2.6329494,0.67885107,3.8785377,3.1979647,0.844573974609375,3.7864825658263914,0.14907312955075835,90,matched_bias,0.15
straight_high_BL_0_J000_003.png,straight,high,BL,0,003,0,h1_exc,matched_channels,51,2.6329494,0.67885107,3.8785377,3.1979647,0.844573974609375,3.7864825658263914,0.14907312955075835,90,matched_bias,0.15
straight_high_BL_0_J001_003.png,straight,high,BL,0,003,1,h1_exc,all_channels,128,2.7459314,0.6151098,4.464132,3.6631176,0.844573974609375,4.33723713247603,0.1488620774560664,90,baseline,0.0
straight_high_BL_0_J001_003.png,straight,high,BL,0,003,1,h1_exc,C_channels,77,2.925667,0.6208505,4.7123537,3.8589394,0.844573974609375,4.569095756650359,0.1442892820710738,90,baseline,0.0
straight_high_BL_0_J001_003.png,straight,high,BL,0,003,1,h1_exc,straight_channels,51,2.5469704,0.67884696,3.7519066,3.096788,0.844573974609375,3.6666863838663124,0.14893242815429705,90,baseline,0.0
straight_high_BL_0_J001_003.png,straight,high,BL,0,003,1,h1_exc,matched_channels,51,2.5469704,0.67884696,3.7519066,3.096788,0.844573974609375,3.6666863838663124,0.14893242815429705,90,baseline,0.0
straight_high_BL_0_J001_003.png,straight,high,BL,0,003,1,h1_exc,all_channels,128,2.8557816,0.6230873,4.5832767,3.75721,0.844573974609375,4.4486452160711085,0.15019874072244882,90,matched_bias,0.15
straight_high_BL_0_J001_003.png,straight,high,BL,0,003,1,h1_exc,C_channels,77,3.0458715,0.6286522,4.845082,3.9633229,0.844573974609375,4.692688799450758,0.1463294523197628,90,matched_bias,0.15
straight_high_BL_0_J001_003.png,straight,high,BL,0,003,1,h1_exc,straight_channels,51,2.6329494,0.67885107,3.8785377,3.1979647,0.844573974609375,3.7864825658263914,0.14907312955075835,90,matched_bias,0.15
straight_high_BL_0_J001_003.png,straight,high,BL,0,003,1,h1_exc,matched_channels,51,2.6329494,0.67885107,3.8785377,3.1979647,0.844573974609375,3.7864825658263914,0.14907312955075835,90,matched_bias,0.15
straight_high_BL_0_J002_004.png,straight,high,BL,0,004,2,h1_exc,all_channels,128,1.388911,0.6294548,2.20653,1.8447796,0.844573974609375,2.1842723600906098,0.09370713004323271,90,baseline,0.0
straight_high_BL_0_J002_004.png,straight,high,BL,0,004,2,h1_exc,C_channels,77,1.2928159,0.6524768,1.9813976,1.6596801,0.844573974609375,1.9651092247000184,0.07858172992364185,90,baseline,0.0
straight_high_BL_0_J002_004.png,straight,high,BL,0,004,2,h1_exc,straight_channels,51,1.6332084,0.69390863,2.353636,1.9653509,0.844573974609375,2.3270322104779795,0.10876217946459292,90,baseline,0.0
straight_high_BL_0_J002_004.png,straight,high,BL,0,004,2,h1_exc,matched_channels,51,1.6332084,0.69390863,2.353636,1.9653509,0.844573974609375,2.3270322104779795,0.10876217946459292,90,baseline,0.0
straight_high_BL_0_J002_004.png,straight,high,BL,0,004,2,h1_exc,all_channels,128,1.4427433,0.6484785,2.2248127,1.8597806,0.844573974609375,2.2020339057249334,0.09342572725031009,90,matched_bias,0.15
straight_high_BL_0_J002_004.png,straight,high,BL,0,004,2,h1_exc,C_channels,77,1.3379927,0.6694516,1.99864,1.673881,0.844573974609375,1.9819235311856656,0.07900383411302578,90,matched_bias,0.15
straight_high_BL_0_J002_004.png,straight,high,BL,0,004,2,h1_exc,straight_channels,51,1.6799427,0.6958597,2.4141977,2.0149024,0.844573974609375,2.3857026027372346,0.10904358225751555,90,matched_bias,0.15
straight_high_BL_0_J002_004.png,straight,high,BL,0,004,2,h1_exc,matched_channels,51,1.6799427,0.6958597,2.4141977,2.0149024,0.844573974609375,2.3857026027372346,0.10904358225751555,90,matched_bias,0.15
straight_high_BL_0_J003_004.png,straight,high,BL,0,004,3,h1_exc,all_channels,128,1.3373634,0.62987894,2.123207,1.776354,0.844573974609375,2.1032544071203465,0.09054134862285323,90,baseline,0.0
straight_high_BL_0_J003_004.png,straight,high,BL,0,004,3,h1_exc,C_channels,77,1.2516395,0.65295494,1.9168849,1.6065106,0.844573974609375,1.9021550136116294,0.07534559780503171,90,baseline,0.0
straight_high_BL_0_J003_004.png,straight,high,BL,0,004,3,h1_exc,straight_channels,51,1.5660359,0.69428515,2.255609,1.8850386,0.844573974609375,2.2319401836002832,0.10615920363005868,90,baseline,0.0
straight_high_BL_0_J003_004.png,straight,high,BL,0,004,3,h1_exc,matched_channels,51,1.5660359,0.69428515,2.255609,1.8850386,0.844573974609375,2.2319401836002832,0.10615920363005868,90,baseline,0.0
straight_high_BL_0_J003_004.png,straight,high,BL,0,004,3,h1_exc,all_channels,128,1.3968028,0.6489729,2.1523283,1.8002796,0.844573974609375,2.1315830822591817,0.09110415420869847,90,matched_bias,0.15
straight_high_BL_0_J003_004.png,straight,high,BL,0,004,3,h1_exc,C_channels,77,1.3025262,0.669979,1.9441301,1.6289723,0.844573974609375,1.928750259457529,0.07604910478733826,90,matched_bias,0.15
straight_high_BL_0_J003_004.png,straight,high,BL,0,004,3,h1_exc,straight_channels,51,1.6181158,0.6962321,2.324104,1.9411697,0.844573974609375,2.298401056797107,0.10665165851767328,90,matched_bias,0.15
straight_high_BL_0_J003_004.png,straight,high,BL,0,004,3,h1_exc,matched_channels,51,1.6181158,0.6962321,2.324104,1.9411697,0.844573974609375,2.298401056797107,0.10665165851767328,90,matched_bias,0.15
straight_high_BL_0_J004_007.png,straight,high,BL,0,007,4,h1_exc,all_channels,128,2.286299,0.61697364,3.7056673,3.05979,0.844573974609375,3.622879643192585,0.1402089415736958,90,baseline,0.0
straight_high_BL_0_J004_007.png,straight,high,BL,0,007,4,h1_exc,C_channels,77,2.3760276,0.6260883,3.7950358,3.131271,0.844573974609375,3.707515200004387,0.1356361461887032,90,baseline,0.0
straight_high_BL_0_J004_007.png,straight,high,BL,0,007,4,h1_exc,straight_channels,51,2.2180266,0.67041206,3.3084528,2.7407978,0.844573974609375,3.2451837352888235,0.1431636708993833,90,baseline,0.0
straight_high_BL_0_J004_007.png,straight,high,BL,0,007,4,h1_exc,matched_channels,51,2.2180266,0.67041206,3.3084528,2.7407978,0.844573974609375,3.2451837352888235,0.1431636708993833,90,baseline,0.0
straight_high_BL_0_J004_007.png,straight,high,BL,0,007,4,h1_exc,all_channels,128,2.395805,0.6400784,3.7429864,3.0896528,0.844573974609375,3.6582381567757367,0.14168630623653955,90,matched_bias,0.15
straight_high_BL_0_J004_007.png,straight,high,BL,0,007,4,h1_exc,C_channels,77,2.4903681,0.6507446,3.8269515,3.1567733,0.844573974609375,3.737710829728163,0.13781701783385353,90,matched_bias,0.15
straight_high_BL_0_J004_007.png,straight,high,BL,0,007,4,h1_exc,straight_channels,51,2.314483,0.6854244,3.3767152,2.795766,0.844573974609375,3.310267858276113,0.14267121601176871,90,matched_bias,0.15
straight_high_BL_0_J004_007.png,straight,high,BL,0,007,4,h1_exc,matched_channels,51,2.314483,0.6854244,3.3767152,2.795766,0.844573974609375,3.310267858276113,0.14267121601176871,90,matched_bias,0.15
straight_high_BL_0_J005_011.png,straight,high,BL,0,011,5,h1_exc,all_channels,128,1.8604698,0.61868405,3.0071404,2.497417,0.844573974609375,2.95701385387699,0.1329628196559383,90,baseline,0.0
straight_high_BL_0_J005_011.png,straight,high,BL,0,011,5,h1_exc,C_channels,77,1.8553121,0.6404599,2.8968434,2.408022,0.844573974609375,2.8511675362503857,0.1259277498328728,90,baseline,0.0
straight_high_BL_0_J005_011.png,straight,high,BL,0,011,5,h1_exc,straight_channels,51,1.9587709,0.67632043,2.896217,2.4075134,0.844573974609375,2.8505654021111733,0.1343698336205514,90,baseline,0.0
straight_high_BL_0_J005_011.png,straight,high,BL,0,011,5,h1_exc,matched_channels,51,1.9587709,0.67632043,2.896217,2.4075134,0.844573974609375,2.8505654021111733,0.1343698336205514,90,baseline,0.0
straight_high_BL_0_J005_011.png,straight,high,BL,0,011,5,h1_exc,all_channels,128,1.9195324,0.6331748,3.0315995,2.5172184,0.844573974609375,2.980459257845099,0.1335959759400142,90,matched_bias,0.15
straight_high_BL_0_J005_011.png,straight,high,BL,0,011,5,h1_exc,C_channels,77,1.916645,0.6586999,2.9097393,2.4184818,0.844573974609375,2.863552359951984,0.1260684512293341,90,matched_bias,0.15
straight_high_BL_0_J005_011.png,straight,high,BL,0,011,5,h1_exc,straight_channels,51,2.0126154,0.68336064,2.9451733,2.4472127,0.844573974609375,2.89757053931433,0.1337366773364755,90,matched_bias,0.15
straight_high_BL_0_J005_011.png,straight,high,BL,0,011,5,h1_exc,matched_channels,51,2.0126154,0.68336064,2.9451733,2.4472127,0.844573974609375,2.89757053931433,0.1337366773364755,90,matched_bias,0.15
straight_high_BL_0_J006_011.png,straight,high,BL,0,011,6,h1_exc,all_channels,128,1.9200184,0.6185356,3.1041358,2.575896,0.844573974609375,3.049935318449763,0.13451053501701274,90,baseline,0.0
straight_high_BL_0_J006_011.png,straight,high,BL,0,011,6,h1_exc,C_channels,77,1.9187653,0.64079696,2.994342,2.487053,0.844573974609375,2.9447425125588715,0.1282493228744844,90,baseline,0.0
straight_high_BL_0_J006_011.png,straight,high,BL,0,011,6,h1_exc,straight_channels,51,2.013446,0.6764612,2.9764397,2.4725504,0.844573974609375,2.927571103548094,0.13697280945508566,90,baseline,0.0
straight_high_BL_0_J006_011.png,straight,high,BL,0,011,6,h1_exc,matched_channels,51,2.013446,0.6764612,2.9764397,2.4725504,0.844573974609375,2.927571103548094,0.13697280945508566,90,baseline,0.0
straight_high_BL_0_J006_011.png,straight,high,BL,0,011,6,h1_exc,all_channels,128,1.9825741,0.6331979,3.1310496,2.5976496,0.844573974609375,3.0756921496714433,0.13507334060285797,90,matched_bias,0.15
straight_high_BL_0_J006_011.png,straight,high,BL,0,011,6,h1_exc,C_channels,77,1.982009,0.6594476,3.0055594,2.496137,0.844573974609375,2.955498214780211,0.12909353125325226,90,matched_bias,0.15
straight_high_BL_0_J006_011.png,straight,high,BL,0,011,6,h1_exc,straight_channels,51,2.0739033,0.6840421,3.0318358,2.5174098,0.844573974609375,2.980685940317573,0.13662105596393237,90,matched_bias,0.15
straight_high_BL_0_J006_011.png,straight,high,BL,0,011,6,h1_exc,matched_channels,51,2.0739033,0.6840421,3.0318358,2.5174098,0.844573974609375,2.980685940317573,0.13662105596393237,90,matched_bias,0.15
straight_high_BL_0_J007_010.png,straight,high,BL,0,010,7,h1_exc,all_channels,128,0.9759356,0.6434082,1.5168219,1.275501,0.844573974609375,1.510230052127473,0.045165148264080635,90,baseline,0.0
straight_high_BL_0_J007_010.png,straight,high,BL,0,010,7,h1_exc,C_channels,77,0.88362104,0.6561229,1.346731,1.1340927,0.844573974609375,1.3427985105236415,0.014070139646131038,90,baseline,0.0
straight_high_BL_0_J007_010.png,straight,high,BL,0,010,7,h1_exc,straight_channels,51,1.2018945,0.71079344,1.6909195,1.4198215,0.844573974609375,1.6811096797338383,0.08688311231485916,90,baseline,0.0
straight_high_BL_0_J007_010.png,straight,high,BL,0,010,7,h1_exc,matched_channels,51,1.2018945,0.71079344,1.6909195,1.4198215,0.844573974609375,1.6811096797338383,0.08688311231485916,90,baseline,0.0
straight_high_BL_0_J007_010.png,straight,high,BL,0,010,7,h1_exc,all_channels,128,1.0245477,0.6660041,1.5383503,1.29337,0.844573974609375,1.5313874592843706,0.049878645045534534,90,matched_bias,0.15
straight_high_BL_0_J007_010.png,straight,high,BL,0,010,7,h1_exc,C_channels,77,0.9263647,0.6800268,1.3622473,1.1470095,0.844573974609375,1.3580923789062433,0.015335912768197207,90,matched_bias,0.15
straight_high_BL_0_J007_010.png,straight,high,BL,0,010,7,h1_exc,straight_channels,51,1.2567284,0.72877645,1.724436,1.4475572,0.844573974609375,1.713949561910497,0.0902599458299306,90,matched_bias,0.15
straight_high_BL_0_J007_010.png,straight,high,BL,0,010,7,h1_exc,matched_channels,51,1.2567284,0.72877645,1.724436,1.4475572,0.844573974609375,1.713949561910497,0.0902599458299306,90,matched_bias,0.15
straight_high_BL_0_J008_013.png,straight,high,BL,0,013,8,h1_exc,all_channels,128,1.9248327,0.6201534,3.1038008,2.5756252,0.844573974609375,3.0496146319133612,0.13648035456747107,90,baseline,0.0
straight_high_BL_0_J008_013.png,straight,high,BL,0,013,8,h1_exc,C_channels,77,1.928608,0.63076633,3.0575633,2.5382295,0.844573974609375,3.005337024036537,0.12993773963202013,90,baseline,0.0
straight_high_BL_0_J008_013.png,straight,high,BL,0,013,8,h1_exc,straight_channels,51,1.970622,0.6556191,3.005742,2.496285,0.844573974609375,2.9556735196561843,0.13907843826938476,90,baseline,0.0
straight_high_BL_0_J008_013.png,straight,high,BL,0,013,8,h1_exc,matched_channels,51,1.970622,0.6556191,3.005742,2.496285,0.844573974609375,2.9556735196561843,0.13907843826938476,90,baseline,0.0
straight_high_BL_0_J008_013.png,straight,high,BL,0,013,8,h1_exc,all_channels,128,2.0074666,0.6358536,3.1571207,2.6187131,0.844573974609375,3.1006320206498605,0.13724938445299428,90,matched_bias,0.15
straight_high_BL_0_J008_013.png,straight,high,BL,0,013,8,h1_exc,C_channels,77,2.0127695,0.6522452,3.0859091,2.5611587,0.844573974609375,3.03248584937001,0.1306412466143267,90,matched_bias,0.15
straight_high_BL_0_J008_013.png,straight,high,BL,0,013,8,h1_exc,straight_channels,51,2.0760732,0.68771845,3.0187836,2.5068433,0.844573974609375,2.968174930980612,0.13964613598785056,90,matched_bias,0.15
straight_high_BL_0_J008_013.png,straight,high,BL,0,013,8,h1_exc,matched_channels,51,2.0760732,0.68771845,3.0187836,2.5068433,0.844573974609375,2.968174930980612,0.13964613598785056,90,matched_bias,0.15
straight_high_BL_0_J009_007.png,straight,high,BL,0,007,9,h1_exc,all_channels,128,2.0280535,0.6197468,3.2723904,2.7117321,0.844573974609375,3.2107692144677555,0.13444018431878207,90,baseline,0.0
straight_high_BL_0_J009_007.png,straight,high,BL,0,007,9,h1_exc,C_channels,77,2.092251,0.6281014,3.331072,2.759018,0.844573974609375,3.2667569622239956,0.12670160751341,90,baseline,0.0
straight_high_BL_0_J009_007.png,straight,high,BL,0,007,9,h1_exc,straight_channels,51,1.9970077,0.6730129,2.9672651,2.465117,0.844573974609375,2.9187697260551952,0.1392943824966973,90,baseline,0.0
straight_high_BL_0_J009_007.png,straight,high,BL,0,007,9,h1_exc,matched_channels,51,1.9970077,0.6730129,2.9672651,2.465117,0.844573974609375,2.9187697260551952,0.1392943824966973,90,baseline,0.0
straight_high_BL_0_J009_007.png,straight,high,BL,0,007,9,h1_exc,all_channels,128,2.1227372,0.6430497,3.3010468,2.7348297,0.844573974609375,3.238117339708535,0.13499824129435983,90,matched_bias,0.15
straight_high_BL_0_J009_007.png,straight,high,BL,0,007,9,h1_exc,C_channels,77,2.1877544,0.65331477,3.3486989,2.773213,0.844573974609375,3.283564211347486,0.12853072566740703,90,matched_bias,0.15
straight_high_BL_0_J009_007.png,straight,high,BL,0,007,9,h1_exc,straight_channels,51,2.0843408,0.68731856,3.0325687,2.5180037,0.844573974609375,2.981389135882869,0.1392943824966973,90,matched_bias,0.15
straight_high_BL_0_J009_007.png,straight,high,BL,0,007,9,h1_exc,matched_channels,51,2.0843408,0.68731856,3.0325687,2.5180037,0.844573974609375,2.981389135882869,0.1392943824966973,90,matched_bias,0.15
straight_high_BL_0_J010_020.png,straight,high,BL,0,020,10,h1_exc,all_channels,128,1.3085752,0.6196482,2.1118033,1.766982,0.844573974609375,2.092157693159594,0.10468183896721492,90,baseline,0.0
straight_high_BL_0_J010_020.png,straight,high,BL,0,020,10,h1_exc,C_channels,77,1.2615068,0.634528,1.9881027,1.6652035,0.844573974609375,1.9716489999161717,0.07977769179356299,90,baseline,0.0
straight_high_BL_0_J010_020.png,straight,high,BL,0,020,10,h1_exc,straight_channels,51,1.4520326,0.66957617,2.1685846,1.8136301,0.844573974609375,2.147390444312307,0.12381722888595313,90,baseline,0.0
straight_high_BL_0_J010_020.png,straight,high,BL,0,020,10,h1_exc,matched_channels,51,1.4520326,0.66957617,2.1685846,1.8136301,0.844573974609375,2.147390444312307,0.12381722888595313,90,baseline,0.0
straight_high_BL_0_J010_020.png,straight,high,BL,0,020,10,h1_exc,all_channels,128,1.3629112,0.6405271,2.1277962,1.7801253,0.844573974609375,2.1077197413041513,0.10510394315659885,90,matched_bias,0.15
straight_high_BL_0_J010_020.png,straight,high,BL,0,020,10,h1_exc,C_channels,77,1.3065381,0.65857756,1.9838789,1.6617242,0.844573974609375,1.9675294764780464,0.07935558760417906,90,matched_bias,0.15
straight_high_BL_0_J010_020.png,straight,high,BL,0,020,10,h1_exc,straight_channels,51,1.5282171,0.69346815,2.2037308,1.8424824,0.844573974609375,2.181552452715407,0.1265609061169487,90,matched_bias,0.15
straight_high_BL_0_J010_020.png,straight,high,BL,0,020,10,h1_exc,matched_channels,51,1.5282171,0.69346815,2.2037308,1.8424824,0.844573974609375,2.181552452715407,0.1265609061169487,90,matched_bias,0.15
straight_high_BL_0_J011_014.png,straight,high,BL,0,014,11,h1_exc,all_channels,128,1.2320035,0.6155482,2.0014737,1.6762149,0.844573974609375,1.9846869119117538,0.10651095712121196,90,baseline,0.0
straight_high_BL_0_J011_014.png,straight,high,BL,0,014,11,h1_exc,C_channels,77,1.2068303,0.6378803,1.8919383,1.5859351,0.844573974609375,1.8777929994466047,0.08252136902455853,90,baseline,0.0
straight_high_BL_0_J011_014.png,straight,high,BL,0,014,11,h1_exc,straight_channels,51,1.3722463,0.6840674,2.0060103,1.6799505,0.844573974609375,1.9891099019226184,0.10932498505043817,90,baseline,0.0
straight_high_BL_0_J011_014.png,straight,high,BL,0,014,11,h1_exc,matched_channels,51,1.3722463,0.6840674,2.0060103,1.6799505,0.844573974609375,1.9891099019226184,0.10932498505043817,90,baseline,0.0
straight_high_BL_0_J011_014.png,straight,high,BL,0,014,11,h1_exc,all_channels,128,1.3085269,0.6361315,2.0570068,1.7219228,0.844573974609375,2.0388062936106217,0.11066164831682061,90,matched_bias,0.15
straight_high_BL_0_J011_014.png,straight,high,BL,0,014,11,h1_exc,C_channels,77,1.2698675,0.6522165,1.9470031,1.6313401,0.844573974609375,1.9315538671479107,0.08751626859893506,90,matched_bias,0.15
straight_high_BL_0_J011_014.png,straight,high,BL,0,014,11,h1_exc,straight_channels,51,1.4595186,0.7044697,2.0717976,1.7340889,0.844573974609375,2.053211357803205,0.11270181856550962,90,matched_bias,0.15
straight_high_BL_0_J011_014.png,straight,high,BL,0,014,11,h1_exc,matched_channels,51,1.4595186,0.7044697,2.0717976,1.7340889,0.844573974609375,2.053211357803205,0.11270181856550962,90,matched_bias,0.15
straight_high_BL_0_J012_012.png,straight,high,BL,0,012,12,h1_exc,all_channels,128,1.639972,0.6058606,2.7068472,2.2536447,0.844573974609375,2.6683804449187023,0.12571669773818084,90,baseline,0.0
straight_high_BL_0_J012_012.png,straight,high,BL,0,012,12,h1_exc,C_channels,77,1.5903155,0.6662858,2.3868368,1.9925225,0.844573974609375,2.3592041839001254,0.10622955432828934,90,baseline,0.0
straight_high_BL_0_J012_012.png,straight,high,BL,0,012,12,h1_exc,straight_channels,51,1.8650559,0.66474277,2.8056808,2.3340104,0.844573974609375,2.7635357057613232,0.1380280699285455,90,baseline,0.0
straight_high_BL_0_J012_012.png,straight,high,BL,0,012,12,h1_exc,matched_channels,51,1.8650559,0.66474277,2.8056808,2.3340104,0.844573974609375,2.7635357057613232,0.1380280699285455,90,baseline,0.0
straight_high_BL_0_J012_012.png,straight,high,BL,0,012,12,h1_exc,all_channels,128,1.7115909,0.62796664,2.7256079,2.2689104,0.844573974609375,2.6864554785800276,0.1265609061169487,90,matched_bias,0.15
straight_high_BL_0_J012_012.png,straight,high,BL,0,012,12,h1_exc,C_channels,77,1.6557329,0.6898818,2.400024,2.0033102,0.844573974609375,2.371977162520344,0.10890288086105424,90,matched_bias,0.15
straight_high_BL_0_J012_012.png,straight,high,BL,0,012,12,h1_exc,straight_channels,51,1.942647,0.68120825,2.8517666,2.3714397,0.844573974609375,2.8078531171607115,0.1380280699285455,90,matched_bias,0.15
straight_high_BL_0_J012_012.png,straight,high,BL,0,012,12,h1_exc,matched_channels,51,1.942647,0.68120825,2.8517666,2.3714397,0.844573974609375,2.8078531171607115,0.1380280699285455,90,matched_bias,0.15
straight_high_BL_0_J013_017.png,straight,high,BL,0,017,13,h1_exc,all_channels,128,1.9141853,0.61261433,3.124617,2.5924513,0.844573974609375,3.0695372829873175,0.13289246895770765,90,baseline,0.0
straight_high_BL_0_J013_017.png,straight,high,BL,0,017,13,h1_exc,C_channels,77,1.8631145,0.61058617,3.051354,2.5332062,0.844573974609375,2.999389361505333,0.12381722888595313,90,baseline,0.0
straight_high_BL_0_J013_017.png,straight,high,BL,0,017,13,h1_exc,straight_channels,51,2.0555818,0.67996585,3.0230663,2.510311,0.844573974609375,2.9722806219889097,0.14154560484007825,90,baseline,0.0
straight_high_BL_0_J013_017.png,straight,high,BL,0,017,13,h1_exc,matched_channels,51,2.0555818,0.67996585,3.0230663,2.510311,0.844573974609375,2.9722806219889097,0.14154560484007825,90,baseline,0.0
straight_high_BL_0_J013_017.png,straight,high,BL,0,017,13,h1_exc,all_channels,128,1.9988561,0.63816494,3.1321936,2.5985744,0.844573974609375,3.0767871699836813,0.1334552745435529,90,matched_bias,0.15
straight_high_BL_0_J013_017.png,straight,high,BL,0,017,13,h1_exc,C_channels,77,1.9342763,0.62816495,3.0792491,2.555772,0.844573974609375,3.026107970041732,0.1245207358682597,90,matched_bias,0.15
straight_high_BL_0_J013_017.png,straight,high,BL,0,017,13,h1_exc,straight_channels,51,2.1366196,0.6935231,3.0808196,2.5570424,0.844573974609375,3.027612035064574,0.1416159555383089,90,matched_bias,0.15
straight_high_BL_0_J013_017.png,straight,high,BL,0,017,13,h1_exc,matched_channels,51,2.1366196,0.6935231,3.0808196,2.5570424,0.844573974609375,3.027612035064574,0.1416159555383089,90,matched_bias,0.15
straight_high_BL_0_J014_018.png,straight,high,BL,0,018,14,h1_exc,all_channels,128,1.3647321,0.6279424,2.1733398,1.8175349,0.844573974609375,2.1520138634084227,0.09813922403176399,90,baseline,0.0
straight_high_BL_0_J014_018.png,straight,high,BL,0,018,14,h1_exc,C_channels,77,1.2895719,0.6453544,1.9982383,1.6735506,0.844573974609375,1.9815322710276966,0.07506419501210909,90,baseline,0.0
straight_high_BL_0_J014_018.png,straight,high,BL,0,018,14,h1_exc,straight_channels,51,1.5767039,0.7001484,2.2519567,1.8820441,0.844573974609375,2.228394564852743,0.11762636744165549,90,baseline,0.0
straight_high_BL_0_J014_018.png,straight,high,BL,0,018,14,h1_exc,matched_channels,51,1.5767039,0.7001484,2.2519567,1.8820441,0.844573974609375,2.228394564852743,0.11762636744165549,90,baseline,0.0
straight_high_BL_0_J014_018.png,straight,high,BL,0,018,14,h1_exc,all_channels,128,1.4540596,0.65419036,2.2226858,1.8580357,0.844573974609375,2.1999679335271725,0.0990537831087625,90,matched_bias,0.15
straight_high_BL_0_J014_018.png,straight,high,BL,0,018,14,h1_exc,C_channels,77,1.3700616,0.665773,2.057851,1.7226168,0.844573974609375,2.039628052860151,0.07710436526079809,90,matched_bias,0.15
straight_high_BL_0_J014_018.png,straight,high,BL,0,018,14,h1_exc,straight_channels,51,1.6566889,0.71251154,2.3251398,1.9420178,0.844573974609375,2.299405178284766,0.11776706883811679,90,matched_bias,0.15
straight_high_BL_0_J014_018.png,straight,high,BL,0,018,14,h1_exc,matched_channels,51,1.6566889,0.71251154,2.3251398,1.9420178,0.844573974609375,2.299405178284766,0.11776706883811679,90,matched_bias,0.15
straight_high_BL_0_J015_011.png,straight,high,BL,0,011,15,h1_exc,all_channels,128,1.5914487,0.6201586,2.5661962,2.1390479,0.844573974609375,2.5326944709155077,0.12346113260635826,90,baseline,0.0
straight_high_BL_0_J015_011.png,straight,high,BL,0,011,15,h1_exc,C_channels,77,1.634284,0.6425958,2.5432534,2.1203291,0.844573974609375,2.5105309662095467,0.11424953392658403,90,baseline,0.0
straight_high_BL_0_J015_011.png,straight,high,BL,0,011,15,h1_exc,straight_channels,51,1.618249,0.677756,2.3876572,1.9931936,0.844573974609375,2.359998842878973,0.1252945935487969,90,baseline,0.0
straight_high_BL_0_J015_011.png,straight,high,BL,0,011,15,h1_exc,matched_channels,51,1.618249,0.677756,2.3876572,1.9931936,0.844573974609375,2.359998842878973,0.1252945935487969,90,baseline,0.0
straight_high_BL_0_J015_011.png,straight,high,BL,0,011,15,h1_exc,all_channels,128,1.6496404,0.6344878,2.599956,2.1665788,0.844573974609375,2.565291862128461,0.124661437264721,90,matched_bias,0.15
straight_high_BL_0_J015_011.png,straight,high,BL,0,011,15,h1_exc,C_channels,77,1.6903849,0.6603585,2.5597987,2.1338294,0.844573974609375,2.5265156092000494,0.11600830138235041,90,matched_bias,0.15
straight_high_BL_0_J015_011.png,straight,high,BL,0,011,15,h1_exc,straight_channels,51,1.676939,0.6842431,2.4507942,2.0448215,0.844573974609375,2.4211277378191456,0.12550564564348887,90,matched_bias,0.15
straight_high_BL_0_J015_011.png,straight,high,BL,0,011,15,h1_exc,matched_channels,51,1.676939,0.6842431,2.4507942,2.0448215,0.844573974609375,2.4211277378191456,0.12550564564348887,90,matched_bias,0.15
straight_high_BL_0_J016_008.png,straight,high,BL,0,008,16,h1_exc,all_channels,128,1.7977654,0.63053906,2.8511562,2.3709443,0.844573974609375,2.8072665092182443,0.13261106616478505,90,baseline,0.0
straight_high_BL_0_J016_008.png,straight,high,BL,0,008,16,h1_exc,C_channels,77,1.8203641,0.6621126,2.7493272,2.2882037,0.844573974609375,2.709299312997897,0.12501319075587428,90,baseline,0.0
straight_high_BL_0_J016_008.png,straight,high,BL,0,008,16,h1_exc,straight_channels,51,1.8645704,0.68379384,2.7268019,2.269882,0.844573974609375,2.687605828611574,0.1293749340461749,90,baseline,0.0
straight_high_BL_0_J016_008.png,straight,high,BL,0,008,16,h1_exc,matched_channels,51,1.8645704,0.68379384,2.7268019,2.269882,0.844573974609375,2.687605828611574,0.1293749340461749,90,baseline,0.0
straight_high_BL_0_J016_008.png,straight,high,BL,0,008,16,h1_exc,all_channels,128,1.8750229,0.65476835,2.8636432,2.3810802,0.844573974609375,2.819267694713003,0.13401808012939814,90,matched_bias,0.15
straight_high_BL_0_J016_008.png,straight,high,BL,0,008,16,h1_exc,C_channels,77,1.8810923,0.6782659,2.7733846,2.3077633,0.844573974609375,2.732458470356929,0.12691265960810197,90,matched_bias,0.15
straight_high_BL_0_J016_008.png,straight,high,BL,0,008,16,h1_exc,straight_channels,51,1.9519815,0.7054137,2.7671444,2.3026905,0.844573974609375,2.7264520905725806,0.13528439269754994,90,matched_bias,0.15
straight_high_BL_0_J016_008.png,straight,high,BL,0,008,16,h1_exc,matched_channels,51,1.9519815,0.7054137,2.7671444,2.3026905,0.844573974609375,2.7264520905725806,0.13528439269754994,90,matched_bias,0.15
straight_high_BL_0_J017_018.png,straight,high,BL,0,018,17,h1_exc,all_channels,128,1.5645524,0.62685746,2.4958663,2.0816445,0.844573974609375,2.4647272743399515,0.11164655809204979,90,baseline,0.0
straight_high_BL_0_J017_018.png,straight,high,BL,0,018,17,h1_exc,C_channels,77,1.4810785,0.64382255,2.3004453,1.9217887,0.844573974609375,2.275453338008291,0.08962678954585471,90,baseline,0.0
straight_high_BL_0_J017_018.png,straight,high,BL,0,018,17,h1_exc,straight_channels,51,1.7885529,0.69921523,2.5579433,2.1323154,0.844573974609375,2.5247230392122404,0.12909353125325226,90,baseline,0.0
straight_high_BL_0_J017_018.png,straight,high,BL,0,018,17,h1_exc,matched_channels,51,1.7885529,0.69921523,2.5579433,2.1323154,0.844573974609375,2.5247230392122404,0.12909353125325226,90,baseline,0.0
straight_high_BL_0_J017_018.png,straight,high,BL,0,018,17,h1_exc,all_channels,128,1.6622,0.653238,2.544555,2.1213913,0.844573974609375,2.5117885881458757,0.11326462415135485,90,matched_bias,0.15
straight_high_BL_0_J017_018.png,straight,high,BL,0,018,17,h1_exc,C_channels,77,1.5708923,0.66427016,2.3648396,1.9745215,0.844573974609375,2.337890526745078,0.09208906398392765,90,matched_bias,0.15
straight_high_BL_0_J017_018.png,straight,high,BL,0,018,17,h1_exc,straight_channels,51,1.8753337,0.7118592,2.6344166,2.1946647,0.844573974609375,2.598546434905449,0.12909353125325226,90,matched_bias,0.15
straight_high_BL_0_J017_018.png,straight,high,BL,0,018,17,h1_exc,matched_channels,51,1.8753337,0.7118592,2.6344166,2.1946647,0.844573974609375,2.598546434905449,0.12909353125325226,90,matched_bias,0.15
straight_high_BL_0_J018_018.png,straight,high,BL,0,018,18,h1_exc,all_channels,128,1.5868834,0.6268365,2.5315747,2.1107986,0.844573974609375,2.4992465264154253,0.1152344437018132,90,baseline,0.0
straight_high_BL_0_J018_018.png,straight,high,BL,0,018,18,h1_exc,C_channels,77,1.5258509,0.643562,2.3709462,1.9795191,0.844573974609375,2.343807842619008,0.09475905733376899,90,baseline,0.0
straight_high_BL_0_J018_018.png,straight,high,BL,0,018,18,h1_exc,straight_channels,51,1.7762411,0.6987944,2.5418649,2.1191962,0.844573974609375,2.5091895028107962,0.13232966337186242,90,baseline,0.0
straight_high_BL_0_J018_018.png,straight,high,BL,0,018,18,h1_exc,matched_channels,51,1.7762411,0.6987944,2.5418649,2.1191962,0.844573974609375,2.5091895028107962,0.13232966337186242,90,baseline,0.0
straight_high_BL_0_J018_018.png,straight,high,BL,0,018,18,h1_exc,all_channels,128,1.6849797,0.6531759,2.579672,2.1500392,0.844573974609375,2.545708529027,0.11832571227572342,90,matched_bias,0.15
straight_high_BL_0_J018_018.png,straight,high,BL,0,018,18,h1_exc,C_channels,77,1.6169218,0.663965,2.4352515,2.0321176,0.844573974609375,2.406085958412782,0.09813922403176399,90,matched_bias,0.15
straight_high_BL_0_J018_018.png,straight,high,BL,0,018,18,h1_exc,straight_channels,51,1.8631595,0.7123127,2.6156483,2.17937,0.844573974609375,2.580436961316799,0.13317387175063028,90,matched_bias,0.15
straight_high_BL_0_J018_018.png,straight,high,BL,0,018,18,h1_exc,matched_channels,51,1.8631595,0.7123127,2.6156483,2.17937,0.844573974609375,2.580436961316799,0.13317387175063028,90,matched_bias,0.15
straight_high_BL_0_J019_009.png,straight,high,BL,0,009,19,h1_exc,all_channels,128,1.5313616,0.61255616,2.499953,2.0849826,0.844573974609375,2.4686796794422055,0.10812902318051702,90,baseline,0.0
straight_high_BL_0_J019_009.png,straight,high,BL,0,009,19,h1_exc,C_channels,77,1.522896,0.638707,2.3843422,1.990481,0.844573974609375,2.356787037361446,0.10003869288399168,90,baseline,0.0
straight_high_BL_0_J019_009.png,straight,high,BL,0,009,19,h1_exc,straight_channels,51,1.6673074,0.6962379,2.394738,1.9989861,0.844573974609375,2.366857328570124,0.12248056561957069,90,baseline,0.0
straight_high_BL_0_J019_009.png,straight,high,BL,0,009,19,h1_exc,matched_channels,51,1.6673074,0.6962379,2.394738,1.9989861,0.844573974609375,2.366857328570124,0.12248056561957069,90,baseline,0.0
straight_high_BL_0_J019_009.png,straight,high,BL,0,009,19,h1_exc,all_channels,128,1.5788581,0.62925917,2.5090744,2.0924304,0.844573974609375,2.4774979946042803,0.10869182876636227,90,matched_bias,0.15
straight_high_BL_0_J019_009.png,straight,high,BL,0,009,19,h1_exc,C_channels,77,1.5650488,0.65622324,2.3849335,1.9909645,0.844573974609375,2.3573595305796,0.10046079707337562,90,matched_bias,0.15
straight_high_BL_0_J019_009.png,straight,high,BL,0,009,19,h1_exc,straight_channels,51,1.712394,0.7012352,2.4419682,2.037608,0.844573974609375,2.4125866358425876,0.1227619684124933,90,matched_bias,0.15
straight_high_BL_0_J019_009.png,straight,high,BL,0,009,19,h1_exc,matched_channels,51,1.712394,0.7012352,2.4419682,2.037608,0.844573974609375,2.4125866358425876,0.1227619684124933,90,matched_bias,0.15
straight_high_BL_0_J020_012.png,straight,high,BL,0,012,20,h1_exc,all_channels,128,1.6269188,0.6064082,2.6828773,2.2341347,0.844573974609375,2.6452800048128147,0.12958598614086686,90,baseline,0.0
straight_high_BL_0_J020_012.png,straight,high,BL,0,012,20,h1_exc,C_channels,77,1.6084099,0.6669369,2.4116373,2.0128088,0.844573974609375,2.3832237748533056,0.10953603714513013,90,baseline,0.0
straight_high_BL_0_J020_012.png,straight,high,BL,0,012,20,h1_exc,straight_channels,51,1.8052304,0.66538835,2.7130477,2.2586906,0.844573974609375,2.674354925426102,0.13837982341969876,90,baseline,0.0
straight_high_BL_0_J020_012.png,straight,high,BL,0,012,20,h1_exc,matched_channels,51,1.8052304,0.66538835,2.7130477,2.2586906,0.844573974609375,2.674354925426102,0.13837982341969876,90,baseline,0.0
straight_high_BL_0_J020_012.png,straight,high,BL,0,012,20,h1_exc,all_channels,128,1.6916407,0.6283126,2.6923554,2.2418501,0.844573974609375,2.6544153366829693,0.13155580569132522,90,matched_bias,0.15
straight_high_BL_0_J020_012.png,straight,high,BL,0,012,20,h1_exc,C_channels,77,1.6680459,0.69049144,2.4157372,2.0161614,0.844573974609375,2.3871933999192216,0.11178725948851109,90,matched_bias,0.15
straight_high_BL_0_J020_012.png,straight,high,BL,0,012,20,h1_exc,straight_channels,51,1.874528,0.6816983,2.7497911,2.2885811,0.844573974609375,2.709746185169661,0.1386612262126214,90,matched_bias,0.15
straight_high_BL_0_J020_012.png,straight,high,BL,0,012,20,h1_exc,matched_channels,51,1.874528,0.6816983,2.7497911,2.2885811,0.844573974609375,2.709746185169661,0.1386612262126214,90,matched_bias,0.15
straight_high_BL_0_J021_011.png,straight,high,BL,0,011,21,h1_exc,all_channels,128,1.8034704,0.61970085,2.9102273,2.418878,0.844573974609375,2.864021533388163,0.1343698336205514,90,baseline,0.0
straight_high_BL_0_J021_011.png,straight,high,BL,0,011,21,h1_exc,C_channels,77,1.8281524,0.6419152,2.8479657,2.3683536,0.844573974609375,2.804199097330444,0.1273347637974859,90,baseline,0.0
straight_high_BL_0_J021_011.png,straight,high,BL,0,011,21,h1_exc,straight_channels,51,1.8577394,0.67769504,2.7412617,2.2816439,0.844573974609375,2.7015322625026883,0.14041999366838775,90,baseline,0.0
straight_high_BL_0_J021_011.png,straight,high,BL,0,011,21,h1_exc,matched_channels,51,1.8577394,0.67769504,2.7412617,2.2816439,0.844573974609375,2.7015322625026883,0.14041999366838775,90,baseline,0.0
straight_high_BL_0_J021_011.png,straight,high,BL,0,011,21,h1_exc,all_channels,128,1.8643894,0.63419425,2.9397767,2.4428382,0.844573974609375,2.892391000080264,0.1347215871117047,90,matched_bias,0.15
straight_high_BL_0_J021_011.png,straight,high,BL,0,011,21,h1_exc,C_channels,77,1.8879992,0.66029274,2.8593366,2.377585,0.844573974609375,2.8151292575442977,0.12775686798686983,90,matched_bias,0.15
straight_high_BL_0_J021_011.png,straight,high,BL,0,011,21,h1_exc,straight_channels,51,1.9178845,0.68393177,2.8042045,2.3328114,0.844573974609375,2.7621160467898758,0.13999788947900382,90,matched_bias,0.15
straight_high_BL_0_J021_011.png,straight,high,BL,0,011,21,h1_exc,matched_channels,51,1.9178845,0.68393177,2.8042045,2.3328114,0.844573974609375,2.7621160467898758,0.13999788947900382,90,matched_bias,0.15
straight_high_BL_0_J022_008.png,straight,high,BL,0,008,22,h1_exc,all_channels,128,2.1603944,0.6284623,3.437588,2.8447325,0.844573974609375,3.3682454998660636,0.14196770902946218,90,baseline,0.0
straight_high_BL_0_J022_008.png,straight,high,BL,0,008,22,h1_exc,C_channels,77,2.2549984,0.65947205,3.4193995,2.8301063,0.844573974609375,3.3509275800169123,0.13760596573916156,90,baseline,0.0
straight_high_BL_0_J022_008.png,straight,high,BL,0,008,22,h1_exc,straight_channels,51,2.1167247,0.68080735,3.109139,2.579941,0.844573974609375,3.054724726703805,0.14372647648522854,90,baseline,0.0
straight_high_BL_0_J022_008.png,straight,high,BL,0,008,22,h1_exc,matched_channels,51,2.1167247,0.68080735,3.109139,2.579941,0.844573974609375,3.054724726703805,0.14372647648522854,90,baseline,0.0
straight_high_BL_0_J022_008.png,straight,high,BL,0,008,22,h1_exc,all_channels,128,2.2539234,0.65170693,3.4584923,2.861536,0.844573974609375,3.3881413329638246,0.1416159555383089,90,matched_bias,0.15
straight_high_BL_0_J022_008.png,straight,high,BL,0,008,22,h1_exc,C_channels,77,2.3397498,0.6754716,3.463876,2.865863,0.844573974609375,3.3932646955951227,0.1373949136444696,90,matched_bias,0.15
straight_high_BL_0_J022_008.png,straight,high,BL,0,008,22,h1_exc,straight_channels,51,2.2118351,0.7033187,3.1448548,2.6088042,0.844573974609375,3.08889957950603,0.1436561257869979,90,matched_bias,0.15
straight_high_BL_0_J022_008.png,straight,high,BL,0,008,22,h1_exc,matched_channels,51,2.2118351,0.7033187,3.1448548,2.6088042,0.844573974609375,3.08889957950603,0.1436561257869979,90,matched_bias,0.15
straight_high_BL_0_J023_018.png,straight,high,BL,0,018,23,h1_exc,all_channels,128,1.5165473,0.6275648,2.416559,2.0168333,0.844573974609375,2.387988905781528,0.10665165851767328,90,baseline,0.0
straight_high_BL_0_J023_018.png,straight,high,BL,0,018,23,h1_exc,C_channels,77,1.454974,0.6444114,2.2578342,1.8868636,0.844573974609375,2.2341010067454303,0.08695346301308982,90,baseline,0.0
straight_high_BL_0_J023_018.png,straight,high,BL,0,018,23,h1_exc,straight_channels,51,1.7065982,0.699217,2.4407275,2.0365934,0.844573974609375,2.4113854728035125,0.12494284005764363,90,baseline,0.0
straight_high_BL_0_J023_018.png,straight,high,BL,0,018,23,h1_exc,matched_channels,51,1.7065982,0.699217,2.4407275,2.0365934,0.844573974609375,2.4113854728035125,0.12494284005764363,90,baseline,0.0
straight_high_BL_0_J023_018.png,straight,high,BL,0,018,23,h1_exc,all_channels,128,1.616116,0.65387845,2.4715848,2.061811,0.844573974609375,2.4412437606161967,0.10960638784336078,90,matched_bias,0.15
straight_high_BL_0_J023_018.png,straight,high,BL,0,018,23,h1_exc,C_channels,77,1.5471014,0.66478,2.327238,1.9437363,0.844573974609375,2.301439956941794,0.08997854303700799,90,matched_bias,0.15
straight_high_BL_0_J023_018.png,straight,high,BL,0,018,23,h1_exc,straight_channels,51,1.7959843,0.7130886,2.518599,2.1002069,0.844573974609375,2.48670559386292,0.12627950332402607,90,matched_bias,0.15
straight_high_BL_0_J023_018.png,straight,high,BL,0,018,23,h1_exc,matched_channels,51,1.7959843,0.7130886,2.518599,2.1002069,0.844573974609375,2.48670559386292,0.12627950332402607,90,matched_bias,0.15
straight_high_BL_0_J024_006.png,straight,high,BL,0,006,24,h1_exc,all_channels,128,1.4414923,0.6465945,2.2293606,1.8635113,0.844573974609375,2.206451249846072,0.10622955432828934,90,baseline,0.0
straight_high_BL_0_J024_006.png,straight,high,BL,0,006,24,h1_exc,C_channels,77,1.43648,0.64594084,2.223857,1.8589965,0.844573974609375,2.2011055803068373,0.100179394280453,90,baseline,0.0
straight_high_BL_0_J024_006.png,straight,high,BL,0,006,24,h1_exc,straight_channels,51,1.5061097,0.70463115,2.137444,1.7880527,0.844573974609375,2.1171060329725995,0.10883253016282358,90,baseline,0.0
straight_high_BL_0_J024_006.png,straight,high,BL,0,006,24,h1_exc,matched_channels,51,1.5061097,0.70463115,2.137444,1.7880527,0.844573974609375,2.1171060329725995,0.10883253016282358,90,baseline,0.0
straight_high_BL_0_J024_006.png,straight,high,BL,0,006,24,h1_exc,all_channels,128,1.5095179,0.66851574,2.258014,1.8870112,0.844573974609375,2.234275747032431,0.1077069189911331,90,matched_bias,0.15
straight_high_BL_0_J024_006.png,straight,high,BL,0,006,24,h1_exc,C_channels,77,1.4903293,0.6599049,2.2584,1.8873272,0.844573974609375,2.2346499283739805,0.10102360265922085,90,matched_bias,0.15
straight_high_BL_0_J024_006.png,straight,high,BL,0,006,24,h1_exc,straight_channels,51,1.5770823,0.7201092,2.19006,1.8312616,0.844573974609375,2.1682666861608806,0.10960638784336078,90,matched_bias,0.15
straight_high_BL_0_J024_006.png,straight,high,BL,0,006,24,h1_exc,matched_channels,51,1.5770823,0.7201092,2.19006,1.8312616,0.844573974609375,2.1682666861608806,0.10960638784336078,90,matched_bias,0.15
straight_high_BL_0_J025_024.png,straight,high,BL,0,024,25,h1_exc,all_channels,128,0.9840529,0.61928904,1.5890042,1.3353885,0.844573974609375,1.58113861610271,0.06824017728373553,90,baseline,0.0
straight_high_BL_0_J025_024.png,straight,high,BL,0,024,25,h1_exc,C_channels,77,0.8999593,0.6363339,1.4142879,1.190306,0.844573974609375,1.4093566341709851,0.0474163706074616,90,baseline,0.0
straight_high_BL_0_J025_024.png,straight,high,BL,0,024,25,h1_exc,straight_channels,51,1.1822674,0.6648045,1.7783685,1.4921544,0.844573974609375,1.76675387474508,0.09455133842200057,90,baseline,0.0
straight_high_BL_0_J025_024.png,straight,high,BL,0,024,25,h1_exc,matched_channels,51,1.1822674,0.6648045,1.7783685,1.4921544,0.844573974609375,1.76675387474508,0.09455133842200057,90,baseline,0.0
straight_high_BL_0_J025_024.png,straight,high,BL,0,024,25,h1_exc,all_channels,128,1.030453,0.6276677,1.6417173,1.3790776,0.844573974609375,1.6328676692390938,0.0718984135917296,90,matched_bias,0.15
straight_high_BL_0_J025_024.png,straight,high,BL,0,024,25,h1_exc,C_channels,77,0.94802076,0.6547111,1.4479985,1.218332,0.844573974609375,1.4425403510319197,0.051426360406608945,90,matched_bias,0.15
straight_high_BL_0_J025_024.png,straight,high,BL,0,024,25,h1_exc,straight_channels,51,1.2441111,0.67603916,1.8402944,1.5433121,0.844573974609375,1.8273260849583302,0.09743571704945744,90,matched_bias,0.15
straight_high_BL_0_J025_024.png,straight,high,BL,0,024,25,h1_exc,matched_channels,51,1.2441111,0.67603916,1.8402944,1.5433121,0.844573974609375,1.8273260849583302,0.09743571704945744,90,matched_bias,0.15
straight_high_BL_0_J026_025.png,straight,high,BL,0,025,26,h1_exc,all_channels,128,1.7793411,0.612925,2.9030323,2.413042,0.844573974609375,2.857111528953268,0.13211861127717045,90,baseline,0.0
straight_high_BL_0_J026_025.png,straight,high,BL,0,025,26,h1_exc,C_channels,77,1.7478335,0.6455938,2.707327,2.2540352,0.844573974609375,2.6688428432872113,0.12494284005764363,90,baseline,0.0
straight_high_BL_0_J026_025.png,straight,high,BL,0,025,26,h1_exc,straight_channels,51,1.9250172,0.66170734,2.909167,2.4180174,0.844573974609375,2.863002450292732,0.1383094727214681,90,baseline,0.0
straight_high_BL_0_J026_025.png,straight,high,BL,0,025,26,h1_exc,matched_channels,51,1.9250172,0.66170734,2.909167,2.4180174,0.844573974609375,2.863002450292732,0.1383094727214681,90,baseline,0.0
straight_high_BL_0_J026_025.png,straight,high,BL,0,025,26,h1_exc,all_channels,128,1.8285835,0.6302994,2.9011347,2.4115026,0.844573974609375,2.855288753455428,0.13190755918247848,90,matched_bias,0.15
straight_high_BL_0_J026_025.png,straight,high,BL,0,025,26,h1_exc,C_channels,77,1.8024516,0.670497,2.6882322,2.2384937,0.844573974609375,2.6504411949052726,0.12494284005764363,90,matched_bias,0.15
straight_high_BL_0_J026_025.png,straight,high,BL,0,025,26,h1_exc,straight_channels,51,1.9757624,0.6773328,2.9169743,2.424349,0.844573974609375,2.8704993449645806,0.13732456294623893,90,matched_bias,0.15
straight_high_BL_0_J026_025.png,straight,high,BL,0,025,26,h1_exc,matched_channels,51,1.9757624,0.6773328,2.9169743,2.424349,0.844573974609375,2.8704993449645806,0.13732456294623893,90,matched_bias,0.15
straight_high_BL_0_J027_015.png,straight,high,BL,0,015,27,h1_exc,all_channels,128,1.7215093,0.6258588,2.7506354,2.2892666,0.844573974609375,2.7105577818176845,0.10756621759467179,90,baseline,0.0
straight_high_BL_0_J027_015.png,straight,high,BL,0,015,27,h1_exc,C_channels,77,1.8208281,0.61577976,2.9569468,2.4567556,0.844573974609375,2.9088696584217377,0.1056667487424441,90,baseline,0.0
straight_high_BL_0_J027_015.png,straight,high,BL,0,015,27,h1_exc,straight_channels,51,1.6321337,0.70165294,2.3261268,1.942826,0.844573974609375,2.3003621565932186,0.10826972457697834,90,baseline,0.0
straight_high_BL_0_J027_015.png,straight,high,BL,0,015,27,h1_exc,matched_channels,51,1.6321337,0.70165294,2.3261268,1.942826,0.844573974609375,2.3003621565932186,0.10826972457697834,90,baseline,0.0
straight_high_BL_0_J027_015.png,straight,high,BL,0,015,27,h1_exc,all_channels,128,1.7755526,0.6399894,2.774347,2.3085465,0.844573974609375,2.7333858077443227,0.1078476203875944,90,matched_bias,0.15
straight_high_BL_0_J027_015.png,straight,high,BL,0,015,27,h1_exc,C_channels,77,1.8802634,0.63660467,2.953581,2.454028,0.844573974609375,2.9056399272043327,0.10573709944067475,90,matched_bias,0.15
straight_high_BL_0_J027_015.png,straight,high,BL,0,015,27,h1_exc,straight_channels,51,1.6862004,0.7138402,2.362154,1.9723232,0.844573974609375,2.3352876304344337,0.10798832178405572,90,matched_bias,0.15
straight_high_BL_0_J027_015.png,straight,high,BL,0,015,27,h1_exc,matched_channels,51,1.6862004,0.7138402,2.362154,1.9723232,0.844573974609375,2.3352876304344337,0.10798832178405572,90,matched_bias,0.15
straight_high_BL_0_J028_016.png,straight,high,BL,0,016,28,h1_exc,all_channels,128,1.2290252,0.6217844,1.9766101,1.6557363,0.844573974609375,1.9604396504553978,0.08589820253962999,90,baseline,0.0
straight_high_BL_0_J028_016.png,straight,high,BL,0,016,28,h1_exc,C_channels,77,1.1730419,0.6442172,1.8208796,1.5272791,0.844573974609375,1.808342627640191,0.0643708888810495,90,baseline,0.0
straight_high_BL_0_J028_016.png,straight,high,BL,0,016,28,h1_exc,straight_channels,51,1.3976816,0.6720476,2.079736,1.7406178,0.844573974609375,2.0609417100151983,0.11896303070803793,90,baseline,0.0
straight_high_BL_0_J028_016.png,straight,high,BL,0,016,28,h1_exc,matched_channels,51,1.3976816,0.6720476,2.079736,1.7406178,0.844573974609375,2.0609417100151983,0.11896303070803793,90,baseline,0.0
straight_high_BL_0_J028_016.png,straight,high,BL,0,016,28,h1_exc,all_channels,128,1.2874492,0.64734393,1.9888179,1.6657922,0.844573974609375,1.9723461261500133,0.08660170952193653,90,matched_bias,0.15
straight_high_BL_0_J028_016.png,straight,high,BL,0,016,28,h1_exc,C_channels,77,1.2217734,0.668737,1.8269864,1.5323226,0.844573974609375,1.8143142852027279,0.06507439586335605,90,matched_bias,0.15
straight_high_BL_0_J028_016.png,straight,high,BL,0,016,28,h1_exc,straight_channels,51,1.4671826,0.69562024,2.1091719,1.7648191,0.844573974609375,2.0895968587274036,0.1198072390868058,90,matched_bias,0.15
straight_high_BL_0_J028_016.png,straight,high,BL,0,016,28,h1_exc,matched_channels,51,1.4671826,0.69562024,2.1091719,1.7648191,0.844573974609375,2.0895968587274036,0.1198072390868058,90,matched_bias,0.15
straight_high_BL_0_J029_008.png,straight,high,BL,0,008,29,h1_exc,all_channels,128,2.2135336,0.62862825,3.5212126,2.9119194,0.844573974609375,3.4477966506856728,0.14661085511268543,90,baseline,0.0
straight_high_BL_0_J029_008.png,straight,high,BL,0,008,29,h1_exc,C_channels,77,2.3201387,0.6596572,3.5171885,2.9086888,0.844573974609375,3.4439715603967263,0.1416159555383089,90,baseline,0.0
straight_high_BL_0_J029_008.png,straight,high,BL,0,008,29,h1_exc,straight_channels,51,2.1517336,0.6809337,3.1599753,2.6210194,0.844573974609375,3.103362655215542,0.1442892820710738,90,baseline,0.0
straight_high_BL_0_J029_008.png,straight,high,BL,0,008,29,h1_exc,matched_channels,51,2.1517336,0.6809337,3.1599753,2.6210194,0.844573974609375,3.103362655215542,0.1442892820710738,90,baseline,0.0
straight_high_BL_0_J029_008.png,straight,high,BL,0,008,29,h1_exc,all_channels,128,2.2958927,0.6520018,3.5212982,2.9119885,0.844573974609375,3.4478785160866905,0.14654050441445476,90,matched_bias,0.15
straight_high_BL_0_J029_008.png,straight,high,BL,0,008,29,h1_exc,C_channels,77,2.3925042,0.6757442,3.5405474,2.9274404,0.844573974609375,3.466174021741792,0.14203805972769284,90,matched_bias,0.15
straight_high_BL_0_J029_008.png,straight,high,BL,0,008,29,h1_exc,straight_channels,51,2.2374043,0.70353127,3.1802487,2.6373909,0.844573974609375,3.122746970704183,0.14450033416576577,90,matched_bias,0.15
straight_high_BL_0_J029_008.png,straight,high,BL,0,008,29,h1_exc,matched_channels,51,2.2374043,0.70353127,3.1802487,2.6373909,0.844573974609375,3.122746970704183,0.14450033416576577,90,matched_bias,0.15
straight_high_BL_0_J030_019.png,straight,high,BL,0,019,30,h1_exc,all_channels,128,1.4792712,0.6256909,2.3642204,1.9740149,0.844573974609375,2.337290650961756,0.12360617679126117,90,baseline,0.0
straight_high_BL_0_J030_019.png,straight,high,BL,0,019,30,h1_exc,C_channels,77,1.4646592,0.6407362,2.2859004,1.9098699,0.844573974609375,2.2613411543452115,0.10594815153536671,90,baseline,0.0
straight_high_BL_0_J030_019.png,straight,high,BL,0,019,30,h1_exc,straight_channels,51,1.5790166,0.6806595,2.3198333,1.9376715,0.844573974609375,2.2942590909473233,0.13099300010547996,90,baseline,0.0
straight_high_BL_0_J030_019.png,straight,high,BL,0,019,30,h1_exc,matched_channels,51,1.5790166,0.6806595,2.3198333,1.9376715,0.844573974609375,2.2942590909473233,0.13099300010547996,90,baseline,0.0
straight_high_BL_0_J030_019.png,straight,high,BL,0,019,30,h1_exc,all_channels,128,1.537559,0.6502077,2.3647199,1.9744234,0.844573974609375,2.337774362563978,0.12212881212841742,90,matched_bias,0.15
straight_high_BL_0_J030_019.png,straight,high,BL,0,019,30,h1_exc,C_channels,77,1.5077927,0.6566852,2.2960663,1.9182007,0.844573974609375,2.271205088284427,0.10510394315659885,90,matched_bias,0.15
straight_high_BL_0_J030_019.png,straight,high,BL,0,019,30,h1_exc,straight_channels,51,1.6446805,0.7026082,2.3408215,1.9548601,0.844573974609375,2.314610829640409,0.1274754651939472,90,matched_bias,0.15
straight_high_BL_0_J030_019.png,straight,high,BL,0,019,30,h1_exc,matched_channels,51,1.6446805,0.7026082,2.3408215,1.9548601,0.844573974609375,2.314610829640409,0.1274754651939472,90,matched_bias,0.15
straight_high_BL_0_J031_013.png,straight,high,BL,0,013,31,h1_exc,all_channels,128,1.9347006,0.62008464,3.120059,2.5887678,0.844573974609375,3.06517583317446,0.13873157691085203,90,baseline,0.0
straight_high_BL_0_J031_013.png,straight,high,BL,0,013,31,h1_exc,C_channels,77,1.9701666,0.6308425,3.123072,2.5912027,0.844573974609375,3.0680589067627264,0.13197790988070915,90,baseline,0.0
straight_high_BL_0_J031_013.png,straight,high,BL,0,013,31,h1_exc,straight_channels,51,1.9331416,0.6558298,2.947627,2.4492016,0.844573974609375,2.899925439918787,0.13845017411792943,90,baseline,0.0
straight_high_BL_0_J031_013.png,straight,high,BL,0,013,31,h1_exc,matched_channels,51,1.9331416,0.6558298,2.947627,2.4492016,0.844573974609375,2.899925439918787,0.13845017411792943,90,baseline,0.0
straight_high_BL_0_J031_013.png,straight,high,BL,0,013,31,h1_exc,all_channels,128,2.0074425,0.6359319,3.156694,2.618368,0.844573974609375,3.100223258233743,0.1394350838931586,90,matched_bias,0.15
straight_high_BL_0_J031_013.png,straight,high,BL,0,013,31,h1_exc,C_channels,77,2.04642,0.65229005,3.1372855,2.6026888,0.844573974609375,3.0816587259332273,0.13232966337186242,90,matched_bias,0.15
straight_high_BL_0_J031_013.png,straight,high,BL,0,013,31,h1_exc,straight_channels,51,2.0252657,0.68790656,2.9441,2.4463432,0.844573974609375,2.8965410113229066,0.13845017411792943,90,matched_bias,0.15
straight_high_BL_0_J031_013.png,straight,high,BL,0,013,31,h1_exc,matched_channels,51,2.0252657,0.68790656,2.9441,2.4463432,0.844573974609375,2.8965410113229066,0.13845017411792943,90,matched_bias,0.15
straight_high_BL_0_J032_009.png,straight,high,BL,0,009,32,h1_exc,all_channels,128,1.1862055,0.6139304,1.9321498,1.6190969,0.844573974609375,1.917057480689019,0.07647120897672219,90,baseline,0.0
straight_high_BL_0_J032_009.png,straight,high,BL,0,009,32,h1_exc,C_channels,77,1.175679,0.64018303,1.8364732,1.5401567,0.844573974609375,1.8235900585798015,0.06690351401735309,90,baseline,0.0
straight_high_BL_0_J032_009.png,straight,high,BL,0,009,32,h1_exc,straight_channels,51,1.3267744,0.69896966,1.8981858,1.5910888,0.844573974609375,1.883895077061798,0.09398853283615534,90,baseline,0.0
straight_high_BL_0_J032_009.png,straight,high,BL,0,009,32,h1_exc,matched_channels,51,1.3267744,0.69896966,1.8981858,1.5910888,0.844573974609375,1.883895077061798,0.09398853283615534,90,baseline,0.0
straight_high_BL_0_J032_009.png,straight,high,BL,0,009,32,h1_exc,all_channels,128,1.2359333,0.6305916,1.9599584,1.6420171,0.844573974609375,1.9441957199792572,0.07703401456256743,90,matched_bias,0.15
straight_high_BL_0_J032_009.png,straight,high,BL,0,009,32,h1_exc,C_channels,77,1.220184,0.65770364,1.8552185,1.5556333,0.844573974609375,1.8419147817142316,0.06788842379258225,90,matched_bias,0.15
straight_high_BL_0_J032_009.png,straight,high,BL,0,009,32,h1_exc,straight_channels,51,1.3740239,0.70397,1.9518217,1.6353118,0.844573974609375,1.9362564698474247,0.09849097752291727,90,matched_bias,0.15
straight_high_BL_0_J032_009.png,straight,high,BL,0,009,32,h1_exc,matched_channels,51,1.3740239,0.70397,1.9518217,1.6353118,0.844573974609375,1.9362564698474247,0.09849097752291727,90,matched_bias,0.15
straight_high_BL_0_J033_020.png,straight,high,BL,0,020,33,h1_exc,all_channels,128,1.1327386,0.62067765,1.825003,1.5306848,0.844573974609375,1.812375063229302,0.0791445355094871,90,baseline,0.0
straight_high_BL_0_J033_020.png,straight,high,BL,0,020,33,h1_exc,C_channels,77,1.0806775,0.6357977,1.6997192,1.427105,0.844573974609375,1.6897334939948736,0.0514967111048396,90,baseline,0.0
straight_high_BL_0_J033_020.png,straight,high,BL,0,020,33,h1_exc,straight_channels,51,1.2841032,0.67061174,1.9148235,1.6048108,0.844573974609375,1.9001423950717737,0.10791797108582506,90,baseline,0.0
straight_high_BL_0_J033_020.png,straight,high,BL,0,020,33,h1_exc,matched_channels,51,1.2841032,0.67061174,1.9148235,1.6048108,0.844573974609375,1.9001423950717737,0.10791797108582506,90,baseline,0.0
straight_high_BL_0_J033_020.png,straight,high,BL,0,020,33,h1_exc,all_channels,128,1.1776166,0.641581,1.8354917,1.5393461,0.844573974609375,1.8226302573264865,0.07956663969887103,90,matched_bias,0.15
straight_high_BL_0_J033_020.png,straight,high,BL,0,020,33,h1_exc,C_channels,77,1.1169052,0.66009766,1.6920303,1.420741,0.844573974609375,1.6821983484201353,0.05177629264859241,90,matched_bias,0.15
straight_high_BL_0_J033_020.png,straight,high,BL,0,020,33,h1_exc,straight_channels,51,1.3504531,0.6947987,1.943661,1.6285858,0.844573974609375,1.9282926600952865,0.11045059622212865,90,matched_bias,0.15
straight_high_BL_0_J033_020.png,straight,high,BL,0,020,33,h1_exc,matched_channels,51,1.3504531,0.6947987,1.943661,1.6285858,0.844573974609375,1.9282926600952865,0.11045059622212865,90,matched_bias,0.15
straight_high_BL_0_J034_016.png,straight,high,BL,0,016,34,h1_exc,all_channels,128,1.1513813,0.6248257,1.8427238,1.5453184,0.844573974609375,1.8297015930602847,0.07499384431387843,90,baseline,0.0
straight_high_BL_0_J034_016.png,straight,high,BL,0,016,34,h1_exc,C_channels,77,1.1292443,0.64572185,1.7488092,1.4677163,0.844573974609375,1.7378185487552527,0.06366738189874295,90,baseline,0.0
straight_high_BL_0_J034_016.png,straight,high,BL,0,016,34,h1_exc,straight_channels,51,1.2658417,0.67431456,1.8772273,1.5737971,0.844573974609375,1.863421246003401,0.087938372788319,90,baseline,0.0
straight_high_BL_0_J034_016.png,straight,high,BL,0,016,34,h1_exc,matched_channels,51,1.2658417,0.67431456,1.8772273,1.5737971,0.844573974609375,1.863421246003401,0.087938372788319,90,baseline,0.0
straight_high_BL_0_J034_016.png,straight,high,BL,0,016,34,h1_exc,all_channels,128,1.2031183,0.65073156,1.8488704,1.5503927,0.844573974609375,1.8357098077587934,0.07414963593511058,90,matched_bias,0.15
straight_high_BL_0_J034_016.png,straight,high,BL,0,016,34,h1_exc,C_channels,77,1.1722894,0.67047787,1.7484386,1.46741,0.844573974609375,1.7374558003403968,0.06345632980405098,90,matched_bias,0.15
straight_high_BL_0_J034_016.png,straight,high,BL,0,016,34,h1_exc,straight_channels,51,1.3272603,0.69851464,1.900118,1.5926824,0.844573974609375,1.8857819334080208,0.08976749094231602,90,matched_bias,0.15
straight_high_BL_0_J034_016.png,straight,high,BL,0,016,34,h1_exc,matched_channels,51,1.3272603,0.69851464,1.900118,1.5926824,0.844573974609375,1.8857819334080208,0.08976749094231602,90,matched_bias,0.15
straight_high_BL_0_J035_013.png,straight,high,BL,0,013,35,h1_exc,all_channels,128,1.691986,0.62256825,2.7177517,2.2625184,0.844573974609375,2.678887163403153,0.13057089591609602,90,baseline,0.0
straight_high_BL_0_J035_013.png,straight,high,BL,0,013,35,h1_exc,C_channels,77,1.7456337,0.6319876,2.762133,2.2986166,0.844573974609375,2.7216285246857006,0.12445038517002903,90,baseline,0.0
straight_high_BL_0_J035_013.png,straight,high,BL,0,013,35,h1_exc,straight_channels,51,1.6622946,0.6596533,2.5199518,2.1013114,0.844573974609375,2.4880134642178047,0.12916388195148293,90,baseline,0.0
straight_high_BL_0_J035_013.png,straight,high,BL,0,013,35,h1_exc,matched_channels,51,1.6622946,0.6596533,2.5199518,2.1013114,0.844573974609375,2.4880134642178047,0.12916388195148293,90,baseline,0.0
straight_high_BL_0_J035_013.png,straight,high,BL,0,013,35,h1_exc,all_channels,128,1.7489692,0.63750196,2.7434726,2.2834418,0.844573974609375,2.703661045223644,0.1305005452178654,90,matched_bias,0.15
straight_high_BL_0_J035_013.png,straight,high,BL,0,013,35,h1_exc,C_channels,77,1.8026644,0.65357894,2.7581434,2.295373,0.844573974609375,2.7177879082000094,0.1240282809806451,90,matched_bias,0.15
straight_high_BL_0_J035_013.png,straight,high,BL,0,013,35,h1_exc,straight_channels,51,1.7469614,0.69229025,2.5234523,2.1041684,0.844573974609375,2.4913961990467675,0.1305005452178654,90,matched_bias,0.15
straight_high_BL_0_J035_013.png,straight,high,BL,0,013,35,h1_exc,matched_channels,51,1.7469614,0.69229025,2.5234523,2.1041684,0.844573974609375,2.4913961990467675,0.1305005452178654,90,matched_bias,0.15
straight_high_BL_0_J036_018.png,straight,high,BL,0,018,36,h1_exc,all_channels,128,1.4461156,0.62733793,2.3051622,1.9256532,0.844573974609375,2.280029049336227,0.10777726968936376,90,baseline,0.0
straight_high_BL_0_J036_018.png,straight,high,BL,0,018,36,h1_exc,C_channels,77,1.372701,0.64421815,2.1308017,1.7825949,0.844573974609375,2.11064388874017,0.0854057476520154,90,baseline,0.0
straight_high_BL_0_J036_018.png,straight,high,BL,0,018,36,h1_exc,straight_channels,51,1.654036,0.6989308,2.3665233,1.9758997,0.844573974609375,2.3395223300229566,0.13261106616478505,90,baseline,0.0
straight_high_BL_0_J036_018.png,straight,high,BL,0,018,36,h1_exc,matched_channels,51,1.654036,0.6989308,2.3665233,1.9758997,0.844573974609375,2.3395223300229566,0.13261106616478505,90,baseline,0.0
straight_high_BL_0_J036_018.png,straight,high,BL,0,018,36,h1_exc,all_channels,128,1.5386465,0.65350235,2.3544621,1.9660271,0.844573974609375,2.3278329387882817,0.11030989482566735,90,matched_bias,0.15
straight_high_BL_0_J036_018.png,straight,high,BL,0,018,36,h1_exc,C_channels,77,1.4559067,0.6646718,2.1904147,1.8315527,0.844573974609375,2.168611367728615,0.08913433465824012,90,matched_bias,0.15
straight_high_BL_0_J036_018.png,straight,high,BL,0,018,36,h1_exc,straight_channels,51,1.739703,0.7127744,2.4407485,2.0366108,0.844573974609375,2.41140608030101,0.1334552745435529,90,matched_bias,0.15
straight_high_BL_0_J036_018.png,straight,high,BL,0,018,36,h1_exc,matched_channels,51,1.739703,0.7127744,2.4407485,2.0366108,0.844573974609375,2.41140608030101,0.1334552745435529,90,matched_bias,0.15
straight_high_BL_0_J037_013.png,straight,high,BL,0,013,37,h1_exc,all_channels,128,1.6558939,0.6228126,2.6587353,2.2144759,0.844573974609375,2.6220034129474947,0.12839002427094573,90,baseline,0.0
straight_high_BL_0_J037_013.png,straight,high,BL,0,013,37,h1_exc,C_channels,77,1.7166202,0.6319797,2.7162585,2.2613037,0.844573974609375,2.6774488729956114,0.11291287066020159,90,baseline,0.0
straight_high_BL_0_J037_013.png,straight,high,BL,0,013,37,h1_exc,straight_channels,51,1.6154557,0.6602192,2.4468477,2.0415964,0.844573974609375,2.4173091403033835,0.13007844102848146,90,baseline,0.0
straight_high_BL_0_J037_013.png,straight,high,BL,0,013,37,h1_exc,matched_channels,51,1.6154557,0.6602192,2.4468477,2.0415964,0.844573974609375,2.4173091403033835,0.13007844102848146,90,baseline,0.0
straight_high_BL_0_J037_013.png,straight,high,BL,0,013,37,h1_exc,all_channels,128,1.7061418,0.63691896,2.6787424,2.2307675,0.844573974609375,2.641293159783236,0.12867142706386833,90,matched_bias,0.15
straight_high_BL_0_J037_013.png,straight,high,BL,0,013,37,h1_exc,C_channels,77,1.7729108,0.65367496,2.712221,2.2580178,0.844573974609375,2.673558290385851,0.11249076647081765,90,matched_bias,0.15
straight_high_BL_0_J037_013.png,straight,high,BL,0,013,37,h1_exc,straight_channels,51,1.6864594,0.6927467,2.4344532,2.0314643,0.844573974609375,2.405312471520405,0.12930458334794423,90,matched_bias,0.15
straight_high_BL_0_J037_013.png,straight,high,BL,0,013,37,h1_exc,matched_channels,51,1.6864594,0.6927467,2.4344532,2.0314643,0.844573974609375,2.405312471520405,0.12930458334794423,90,matched_bias,0.15
straight_high_BL_0_J038_024.png,straight,high,BL,0,024,38,h1_exc,all_channels,128,0.8639954,0.6191607,1.3954298,1.1746212,0.844573974609375,1.3907854679500422,0.0345421928312517,90,baseline,0.0
straight_high_BL_0_J038_024.png,straight,high,BL,0,024,38,h1_exc,C_channels,77,0.84222555,0.63752574,1.3210847,1.1127365,0.844573974609375,1.3175121230633289,0.026522213232957007,90,baseline,0.0
straight_high_BL_0_J038_024.png,straight,high,BL,0,024,38,h1_exc,straight_channels,51,0.9704022,0.66497165,1.4593136,1.2277358,0.844573974609375,1.453674610159346,0.05740616975621464,90,baseline,0.0
straight_high_BL_0_J038_024.png,straight,high,BL,0,024,38,h1_exc,matched_channels,51,0.9704022,0.66497165,1.4593136,1.2277358,0.844573974609375,1.453674610159346,0.05740616975621464,90,baseline,0.0
straight_high_BL_0_J038_024.png,straight,high,BL,0,024,38,h1_exc,all_channels,128,0.89290863,0.6279464,1.4219505,1.1966778,0.844573974609375,1.4169010954637704,0.03869288402686036,90,matched_bias,0.15
straight_high_BL_0_J038_024.png,straight,high,BL,0,024,38,h1_exc,C_channels,77,0.876402,0.6560044,1.3359697,1.1251327,0.844573974609375,1.332189601435162,0.02821062999049273,90,matched_bias,0.15
straight_high_BL_0_J038_024.png,straight,high,BL,0,024,38,h1_exc,straight_channels,51,1.0078791,0.675633,1.4917554,1.2546865,0.844573974609375,1.4855850377399635,0.060220197685440846,90,matched_bias,0.15
straight_high_BL_0_J038_024.png,straight,high,BL,0,024,38,h1_exc,matched_channels,51,1.0078791,0.675633,1.4917554,1.2546865,0.844573974609375,1.4855850377399635,0.060220197685440846,90,matched_bias,0.15
straight_high_BL_0_J039_013.png,straight,high,BL,0,013,39,h1_exc,all_channels,128,1.6480204,0.6221488,2.6489167,2.206478,0.844573974609375,2.6125338444055974,0.12663125681517934,90,baseline,0.0
straight_high_BL_0_J039_013.png,straight,high,BL,0,013,39,h1_exc,C_channels,77,1.7234277,0.6315235,2.729,2.2716703,0.844573974609375,2.689723319553079,0.12430968377356773,90,baseline,0.0
straight_high_BL_0_J039_013.png,straight,high,BL,0,013,39,h1_exc,straight_channels,51,1.5858543,0.65967846,2.4039807,2.0065465,0.844573974609375,2.375809027876961,0.11312392275489355,90,baseline,0.0
straight_high_BL_0_J039_013.png,straight,high,BL,0,013,39,h1_exc,matched_channels,51,1.5858543,0.65967846,2.4039807,2.0065465,0.844573974609375,2.375809027876961,0.11312392275489355,90,baseline,0.0
straight_high_BL_0_J039_013.png,straight,high,BL,0,013,39,h1_exc,all_channels,128,1.7178723,0.6365653,2.6986582,2.2469802,0.844573974609375,2.660489467144022,0.1265609061169487,90,matched_bias,0.15
straight_high_BL_0_J039_013.png,straight,high,BL,0,013,39,h1_exc,C_channels,77,1.7932352,0.65301967,2.746066,2.2855513,0.844573974609375,2.706158786838153,0.12480213866118231,90,matched_bias,0.15
straight_high_BL_0_J039_013.png,straight,high,BL,0,013,39,h1_exc,straight_channels,51,1.6847818,0.69241506,2.4331963,2.030437,0.844573974609375,2.4040960645790714,0.11481233951242928,90,matched_bias,0.15
straight_high_BL_0_J039_013.png,straight,high,BL,0,013,39,h1_exc,matched_channels,51,1.6847818,0.69241506,2.4331963,2.030437,0.844573974609375,2.4040960645790714,0.11481233951242928,90,matched_bias,0.15
straight_high_BL_0_J040_016.png,straight,high,BL,0,016,40,h1_exc,all_channels,128,1.249034,0.6252245,1.9977369,1.6731378,0.844573974609375,1.9810434781247215,0.08864187977062554,90,baseline,0.0
straight_high_BL_0_J040_016.png,straight,high,BL,0,016,40,h1_exc,C_channels,77,1.2589545,0.6457611,1.9495671,1.6334536,0.844573974609375,1.9340562666214431,0.07372753174572665,90,baseline,0.0
straight_high_BL_0_J040_016.png,straight,high,BL,0,016,40,h1_exc,straight_channels,51,1.3135778,0.67374,1.9496804,1.6335472,0.844573974609375,1.9341670672073037,0.10594815153536671,90,baseline,0.0
straight_high_BL_0_J040_016.png,straight,high,BL,0,016,40,h1_exc,matched_channels,51,1.3135778,0.67374,1.9496804,1.6335472,0.844573974609375,1.9341670672073037,0.10594815153536671,90,baseline,0.0
straight_high_BL_0_J040_016.png,straight,high,BL,0,016,40,h1_exc,all_channels,128,1.3033137,0.6520158,1.998899,1.674095,0.844573974609375,1.982176890487092,0.09033029652816127,90,matched_bias,0.15
straight_high_BL_0_J040_016.png,straight,high,BL,0,016,40,h1_exc,C_channels,77,1.297548,0.6701442,1.9362222,1.6224542,0.844573974609375,1.9210326104974176,0.07302402476342008,90,matched_bias,0.15
straight_high_BL_0_J040_016.png,straight,high,BL,0,016,40,h1_exc,straight_channels,51,1.3850863,0.6977134,1.9851795,1.6627953,0.844573974609375,1.9687976844576105,0.10876217946459292,90,matched_bias,0.15
straight_high_BL_0_J040_016.png,straight,high,BL,0,016,40,h1_exc,matched_channels,51,1.3850863,0.6977134,1.9851795,1.6627953,0.844573974609375,1.9687976844576105,0.10876217946459292,90,matched_bias,0.15
straight_high_BL_0_J041_012.png,straight,high,BL,0,012,41,h1_exc,all_channels,128,0.85893047,0.61093503,1.4059277,1.1833531,0.844573974609375,1.4011242212151622,0.02398958809665342,90,baseline,0.0
straight_high_BL_0_J041_012.png,straight,high,BL,0,012,41,h1_exc,C_channels,77,0.8728538,0.67211,1.298677,1.0940689,0.844573974609375,1.2954091705246729,0.01125611171690483,90,baseline,0.0
straight_high_BL_0_J041_012.png,straight,high,BL,0,012,41,h1_exc,straight_channels,51,0.99060136,0.67126524,1.4757227,1.2413694,0.844573974609375,1.4698171969149159,0.05311477716414467,90,baseline,0.0
straight_high_BL_0_J041_012.png,straight,high,BL,0,012,41,h1_exc,matched_channels,51,0.99060136,0.67126524,1.4757227,1.2413694,0.844573974609375,1.4698171969149159,0.05311477716414467,90,baseline,0.0
straight_high_BL_0_J041_012.png,straight,high,BL,0,012,41,h1_exc,all_channels,128,0.893033,0.6324661,1.4119856,1.1883912,0.844573974609375,1.407089527151758,0.022301171339117697,90,matched_bias,0.15
straight_high_BL_0_J041_012.png,straight,high,BL,0,012,41,h1_exc,C_channels,77,0.8991484,0.69569147,1.2924528,1.0888826,0.844573974609375,1.2892684185648609,0.006612965633681588,90,matched_bias,0.15
straight_high_BL_0_J041_012.png,straight,high,BL,0,012,41,h1_exc,straight_channels,51,1.0343975,0.68760586,1.5043465,1.2651429,0.844573974609375,1.4979657681715113,0.05803932604029053,90,matched_bias,0.15
straight_high_BL_0_J041_012.png,straight,high,BL,0,012,41,h1_exc,matched_channels,51,1.0343975,0.68760586,1.5043465,1.2651429,0.844573974609375,1.4979657681715113,0.05803932604029053,90,matched_bias,0.15
straight_high_BL_0_J042_015.png,straight,high,BL,0,015,42,h1_exc,all_channels,128,1.20754,0.6286112,1.9209648,1.6098747,0.844573974609375,1.9061381888128865,0.07239086847934419,90,baseline,0.0
straight_high_BL_0_J042_015.png,straight,high,BL,0,015,42,h1_exc,C_channels,77,1.22944,0.6191226,1.9857779,1.6632884,0.844573974609375,1.969381469455215,0.06683316331912244,90,baseline,0.0
straight_high_BL_0_J042_015.png,straight,high,BL,0,015,42,h1_exc,straight_channels,51,1.2367383,0.7052,1.7537411,1.4717948,0.844573974609375,1.7426476193846152,0.08139575785286805,90,baseline,0.0
straight_high_BL_0_J042_015.png,straight,high,BL,0,015,42,h1_exc,matched_channels,51,1.2367383,0.7052,1.7537411,1.4717948,0.844573974609375,1.7426476193846152,0.08139575785286805,90,baseline,0.0
straight_high_BL_0_J042_015.png,straight,high,BL,0,015,42,h1_exc,all_channels,128,1.2230731,0.64327943,1.9013093,1.5936648,0.844573974609375,1.8869451278386926,0.07210946568642157,90,matched_bias,0.15
straight_high_BL_0_J042_015.png,straight,high,BL,0,015,42,h1_exc,C_channels,77,1.2420897,0.6397203,1.9416137,1.6268978,0.844573974609375,1.9262940151325014,0.06289352421820574,90,matched_bias,0.15
straight_high_BL_0_J042_015.png,straight,high,BL,0,015,42,h1_exc,straight_channels,51,1.2638736,0.71816534,1.7598643,1.4768577,0.844573974609375,1.7486421428005399,0.08209926483517462,90,matched_bias,0.15
straight_high_BL_0_J042_015.png,straight,high,BL,0,015,42,h1_exc,matched_channels,51,1.2638736,0.71816534,1.7598643,1.4768577,0.844573974609375,1.7486421428005399,0.08209926483517462,90,matched_bias,0.15
straight_high_BL_0_J043_015.png,straight,high,BL,0,015,43,h1_exc,all_channels,128,1.5161155,0.6273692,2.416624,2.0168862,0.844573974609375,2.38805157515748,0.10165675894329675,90,baseline,0.0
straight_high_BL_0_J043_015.png,straight,high,BL,0,015,43,h1_exc,C_channels,77,1.5772238,0.617053,2.556059,2.1307786,0.844573974609375,2.5229033689537497,0.10116430405568216,90,baseline,0.0
straight_high_BL_0_J043_015.png,straight,high,BL,0,015,43,h1_exc,straight_channels,51,1.4844868,0.7035772,2.109913,1.7654284,0.844573974609375,2.0903182622870644,0.09258151887154223,90,baseline,0.0
straight_high_BL_0_J043_015.png,straight,high,BL,0,015,43,h1_exc,matched_channels,51,1.4844868,0.7035772,2.109913,1.7654284,0.844573974609375,2.0903182622870644,0.09258151887154223,90,baseline,0.0
straight_high_BL_0_J043_015.png,straight,high,BL,0,015,43,h1_exc,all_channels,128,1.5411797,0.6421533,2.4000182,2.0033052,0.844573974609375,2.371971234336132,0.10046079707337562,90,matched_bias,0.15
straight_high_BL_0_J043_015.png,straight,high,BL,0,015,43,h1_exc,C_channels,77,1.6027387,0.638039,2.5119762,2.0947995,0.844573974609375,2.480303154914336,0.09947588729814644,90,matched_bias,0.15
straight_high_BL_0_J043_015.png,straight,high,BL,0,015,43,h1_exc,straight_channels,51,1.5160484,0.71617603,2.1168656,1.771143,0.844573974609375,2.0970844376812057,0.0921594146821583,90,matched_bias,0.15
straight_high_BL_0_J043_015.png,straight,high,BL,0,015,43,h1_exc,matched_channels,51,1.5160484,0.71617603,2.1168656,1.771143,0.844573974609375,2.0970844376812057,0.0921594146821583,90,matched_bias,0.15
straight_high_BL_0_J044_013.png,straight,high,BL,0,013,44,h1_exc,all_channels,128,1.653437,0.6217368,2.659384,2.2150037,0.844573974609375,2.6226284129400947,0.13035984382140406,90,baseline,0.0
straight_high_BL_0_J044_013.png,straight,high,BL,0,013,44,h1_exc,C_channels,77,1.7502083,0.6312897,2.7724328,2.3069901,0.844573974609375,2.731542989337958,0.11685250976111827,90,baseline,0.0
straight_high_BL_0_J044_013.png,straight,high,BL,0,013,44,h1_exc,straight_channels,51,1.5586697,0.6586521,2.3664536,1.9758428,0.844573974609375,2.339455002787981,0.12740511449571656,90,baseline,0.0
straight_high_BL_0_J044_013.png,straight,high,BL,0,013,44,h1_exc,matched_channels,51,1.5586697,0.6586521,2.3664536,1.9758428,0.844573974609375,2.339455002787981,0.12740511449571656,90,baseline,0.0
straight_high_BL_0_J044_013.png,straight,high,BL,0,013,44,h1_exc,all_channels,128,1.7239156,0.6360414,2.7103827,2.2565227,0.844573974609375,2.671788021662457,0.130781948010788,90,matched_bias,0.15
straight_high_BL_0_J044_013.png,straight,high,BL,0,013,44,h1_exc,C_channels,77,1.8269385,0.65279007,2.7986617,2.3283076,0.844573974609375,2.756783503944252,0.1179077702345781,90,matched_bias,0.15
straight_high_BL_0_J044_013.png,straight,high,BL,0,013,44,h1_exc,straight_channels,51,1.6482246,0.6906072,2.386631,1.9923533,0.844573974609375,2.3590038959621173,0.12754581589217787,90,matched_bias,0.15
straight_high_BL_0_J044_013.png,straight,high,BL,0,013,44,h1_exc,matched_channels,51,1.6482246,0.6906072,2.386631,1.9923533,0.844573974609375,2.3590038959621173,0.12754581589217787,90,matched_bias,0.15
straight_high_BL_0_J045_013.png,straight,high,BL,0,013,45,h1_exc,all_channels,128,1.4459919,0.62292576,2.321291,1.9388652,0.844573974609375,2.29567239829283,0.1009532519609902,90,baseline,0.0
straight_high_BL_0_J045_013.png,straight,high,BL,0,013,45,h1_exc,C_channels,77,1.53589,0.63250506,2.428265,2.0264053,0.844573974609375,2.3993224648162608,0.10102360265922085,90,baseline,0.0
straight_high_BL_0_J045_013.png,straight,high,BL,0,013,45,h1_exc,straight_channels,51,1.3628823,0.66108227,2.0615926,1.7256948,0.844573974609375,2.043272474677885,0.08012944528471626,90,baseline,0.0
straight_high_BL_0_J045_013.png,straight,high,BL,0,013,45,h1_exc,matched_channels,51,1.3628823,0.66108227,2.0615926,1.7256948,0.844573974609375,2.043272474677885,0.08012944528471626,90,baseline,0.0
straight_high_BL_0_J045_013.png,straight,high,BL,0,013,45,h1_exc,all_channels,128,1.5205057,0.63683957,2.3875804,1.9931307,0.844573974609375,2.359924317134598,0.10306377290790986,90,matched_bias,0.15
straight_high_BL_0_J045_013.png,straight,high,BL,0,013,45,h1_exc,C_channels,77,1.6144646,0.6540145,2.4685454,2.0593276,0.844573974609375,2.4383033812472177,0.10341188884977016,90,matched_bias,0.15
straight_high_BL_0_J045_013.png,straight,high,BL,0,013,45,h1_exc,straight_channels,51,1.4612801,0.6935425,2.1069798,1.7630177,0.844573974609375,2.0874638415891544,0.08174751134402133,90,matched_bias,0.15
straight_high_BL_0_J045_013.png,straight,high,BL,0,013,45,h1_exc,matched_channels,51,1.4612801,0.6935425,2.1069798,1.7630177,0.844573974609375,2.0874638415891544,0.08174751134402133,90,matched_bias,0.15
straight_high_BL_0_J046_024.png,straight,high,BL,0,024,46,h1_exc,all_channels,128,0.9892914,0.6214406,1.5919324,1.3378165,0.844573974609375,1.5840133620036314,0.06514474656158671,90,baseline,0.0
straight_high_BL_0_J046_024.png,straight,high,BL,0,024,46,h1_exc,C_channels,77,0.93308043,0.6376539,1.4633024,1.2310501,0.844573974609375,1.457598926960216,0.04530584966054194,90,baseline,0.0
straight_high_BL_0_J046_024.png,straight,high,BL,0,024,46,h1_exc,straight_channels,51,1.1458126,0.6686152,1.7137101,1.4386824,0.844573974609375,1.7034415731008585,0.0813254071546374,90,baseline,0.0
straight_high_BL_0_J046_024.png,straight,high,BL,0,024,46,h1_exc,matched_channels,51,1.1458126,0.6686152,1.7137101,1.4386824,0.844573974609375,1.7034415731008585,0.0813254071546374,90,baseline,0.0
straight_high_BL_0_J046_024.png,straight,high,BL,0,024,46,h1_exc,all_channels,128,1.0263002,0.6299685,1.6291293,1.368648,0.844573974609375,1.6205188380844944,0.06859193077488882,90,matched_bias,0.15
straight_high_BL_0_J046_024.png,straight,high,BL,0,024,46,h1_exc,C_channels,77,0.9708533,0.6560902,1.4797559,1.2447195,0.844573974609375,1.4737838578887263,0.047768124098614875,90,matched_bias,0.15
straight_high_BL_0_J046_024.png,straight,high,BL,0,024,46,h1_exc,straight_channels,51,1.1970435,0.67755896,1.7667001,1.4825091,0.844573974609375,1.7553336513030628,0.0839987336874023,90,matched_bias,0.15
straight_high_BL_0_J046_024.png,straight,high,BL,0,024,46,h1_exc,matched_channels,51,1.1970435,0.67755896,1.7667001,1.4825091,0.844573974609375,1.7553336513030628,0.0839987336874023,90,matched_bias,0.15
straight_high_BL_0_J047_010.png,straight,high,BL,0,010,47,h1_exc,all_channels,128,0.84313095,0.6439053,1.3094021,1.1030047,0.844573974609375,1.305989426722796,0.022793626226732283,90,baseline,0.0
straight_high_BL_0_J047_010.png,straight,high,BL,0,010,47,h1_exc,C_channels,77,0.87892634,0.65612626,1.3395689,1.1281294,0.844573974609375,1.3357377608330785,0.023778536001961455,90,baseline,0.0
straight_high_BL_0_J047_010.png,straight,high,BL,0,010,47,h1_exc,straight_channels,51,0.87521845,0.7115854,1.2299556,1.0367749,0.844573974609375,1.2275714059710714,0.015055049421360212,90,baseline,0.0
straight_high_BL_0_J047_010.png,straight,high,BL,0,010,47,h1_exc,matched_channels,51,0.87521845,0.7115854,1.2299556,1.0367749,0.844573974609375,1.2275714059710714,0.015055049421360212,90,baseline,0.0
straight_high_BL_0_J047_010.png,straight,high,BL,0,010,47,h1_exc,all_channels,128,0.8789906,0.6667277,1.3183651,1.110471,0.844573974609375,1.3148297608547996,0.024059938794884075,90,matched_bias,0.15
straight_high_BL_0_J047_010.png,straight,high,BL,0,010,47,h1_exc,C_channels,77,0.9151225,0.6808265,1.3441347,1.1319313,0.844573974609375,1.340239369858369,0.024130289493114732,90,matched_bias,0.15
straight_high_BL_0_J047_010.png,straight,high,BL,0,010,47,h1_exc,straight_channels,51,0.90877765,0.72978055,1.2452753,1.0495528,0.844573974609375,1.2427008378154214,0.016813816877126592,90,matched_bias,0.15
straight_high_BL_0_J047_010.png,straight,high,BL,0,010,47,h1_exc,matched_channels,51,0.90877765,0.72978055,1.2452753,1.0495528,0.844573974609375,1.2427008378154214,0.016813816877126592,90,matched_bias,0.15
straight_high_BL_0_J048_009.png,straight,high,BL,0,009,48,h1_exc,all_channels,128,1.3065233,0.6140196,2.1278203,1.7801452,0.844573974609375,2.107743312893755,0.10383763058844707,90,baseline,0.0
straight_high_BL_0_J048_009.png,straight,high,BL,0,009,48,h1_exc,C_channels,77,1.318318,0.63986206,2.0603158,1.7246448,0.844573974609375,2.042029249760356,0.09293327236269551,90,baseline,0.0
straight_high_BL_0_J048_009.png,straight,high,BL,0,009,48,h1_exc,straight_channels,51,1.4132193,0.699506,2.0203106,1.6917238,0.844573974609375,2.0030498859490735,0.114460586021276,90,baseline,0.0
straight_high_BL_0_J048_009.png,straight,high,BL,0,009,48,h1_exc,matched_channels,51,1.4132193,0.699506,2.0203106,1.6917238,0.844573974609375,2.0030498859490735,0.114460586021276,90,baseline,0.0
straight_high_BL_0_J048_009.png,straight,high,BL,0,009,48,h1_exc,all_channels,128,1.3556147,0.6309534,2.148518,1.7971499,0.844573974609375,2.127877402537927,0.10707376270705721,90,matched_bias,0.15
straight_high_BL_0_J048_009.png,straight,high,BL,0,009,48,h1_exc,C_channels,77,1.3615237,0.6574719,2.070847,1.7333074,0.844573974609375,2.052285996477215,0.09659150867068958,90,matched_bias,0.15
straight_high_BL_0_J048_009.png,straight,high,BL,0,009,48,h1_exc,straight_channels,51,1.4604902,0.70471275,2.0724618,1.7346349,0.844573974609375,2.053857812176761,0.120581096767343,90,matched_bias,0.15
straight_high_BL_0_J048_009.png,straight,high,BL,0,009,48,h1_exc,matched_channels,51,1.4604902,0.70471275,2.0724618,1.7346349,0.844573974609375,2.053857812176761,0.120581096767343,90,matched_bias,0.15
straight_high_BL_0_J049_022.png,straight,high,BL,0,022,49,h1_exc,all_channels,128,2.0872378,0.6404338,3.2591002,2.7010167,0.844573974609375,3.1980817710768767,0.15540469239151733,90,baseline,0.0
straight_high_BL_0_J049_022.png,straight,high,BL,0,022,49,h1_exc,C_channels,77,2.2828093,0.6511596,3.50576,2.8995113,0.844573974609375,3.433105198736769,0.15280171655698307,90,baseline,0.0
straight_high_BL_0_J049_022.png,straight,high,BL,0,022,49,h1_exc,straight_channels,51,1.8869821,0.71925896,2.6235087,2.1857765,0.844573974609375,2.588022496457336,0.1543494319180575,90,baseline,0.0
straight_high_BL_0_J049_022.png,straight,high,BL,0,022,49,h1_exc,matched_channels,51,1.8869821,0.71925896,2.6235087,2.1857765,0.844573974609375,2.588022496457336,0.1543494319180575,90,baseline,0.0
straight_high_BL_0_J049_022.png,straight,high,BL,0,022,49,h1_exc,all_channels,128,2.201507,0.658465,3.3433926,2.7689402,0.844573974609375,3.278505211859057,0.1556157444862093,90,matched_bias,0.15
straight_high_BL_0_J049_022.png,straight,high,BL,0,022,49,h1_exc,C_channels,77,2.3975549,0.66441816,3.6085029,2.9819527,0.844573974609375,3.5307181153768483,0.15420873052159617,90,matched_bias,0.15
straight_high_BL_0_J049_022.png,straight,high,BL,0,022,49,h1_exc,straight_channels,51,1.9948354,0.73879844,2.7001078,2.24816,0.844573974609375,2.6618862602620816,0.15470118540921077,90,matched_bias,0.15
straight_high_BL_0_J049_022.png,straight,high,BL,0,022,49,h1_exc,matched_channels,51,1.9948354,0.73879844,2.7001078,2.24816,0.844573974609375,2.6618862602620816,0.15470118540921077,90,matched_bias,0.15
straight_high_BL_0_J050_023.png,straight,high,BL,0,023,50,h1_exc,all_channels,128,1.3673042,0.6436667,2.1242425,1.7772055,0.844573974609375,2.104262621878057,0.09849097752291727,90,baseline,0.0
straight_high_BL_0_J050_023.png,straight,high,BL,0,023,50,h1_exc,C_channels,77,1.3098974,0.6420776,2.040092,1.7080047,0.844573974609375,2.0223269295329325,0.08097365366348412,90,baseline,0.0
straight_high_BL_0_J050_023.png,straight,high,BL,0,023,50,h1_exc,straight_channels,51,1.539151,0.73123944,2.1048522,1.7612684,0.844573974609375,2.0853926469433977,0.10756621759467179,90,baseline,0.0
straight_high_BL_0_J050_023.png,straight,high,BL,0,023,50,h1_exc,matched_channels,51,1.539151,0.73123944,2.1048522,1.7612684,0.844573974609375,2.0853926469433977,0.10756621759467179,90,baseline,0.0
straight_high_BL_0_J050_023.png,straight,high,BL,0,023,50,h1_exc,all_channels,128,1.4069504,0.6645614,2.1171112,1.7713447,0.844573974609375,2.0973232588165893,0.09532519610253778,90,matched_bias,0.15
straight_high_BL_0_J050_023.png,straight,high,BL,0,023,50,h1_exc,C_channels,77,1.3544258,0.67445076,2.0081909,1.6817459,0.844573974609375,1.991235720551468,0.07879278201833381,90,matched_bias,0.15
straight_high_BL_0_J050_023.png,straight,high,BL,0,023,50,h1_exc,straight_channels,51,1.582807,0.74618506,2.121199,1.774704,0.844573974609375,2.101300788128121,0.10573709944067475,90,matched_bias,0.15
straight_high_BL_0_J050_023.png,straight,high,BL,0,023,50,h1_exc,matched_channels,51,1.582807,0.74618506,2.121199,1.774704,0.844573974609375,2.101300788128121,0.10573709944067475,90,matched_bias,0.15
straight_high_BL_0_J051_025.png,straight,high,BL,0,025,51,h1_exc,all_channels,128,1.4157993,0.61600554,2.2983549,1.920076,0.844573974609375,2.2734254755661767,0.1282493228744844,90,baseline,0.0
straight_high_BL_0_J051_025.png,straight,high,BL,0,025,51,h1_exc,C_channels,77,1.5328773,0.65137017,2.3533123,1.9650861,0.844573974609375,2.3267187224509778,0.12501319075587428,90,baseline,0.0
straight_high_BL_0_J051_025.png,straight,high,BL,0,025,51,h1_exc,straight_channels,51,1.3427101,0.66628826,2.015209,1.6875241,0.844573974609375,1.9980772685734431,0.11073199901505128,90,baseline,0.0
straight_high_BL_0_J051_025.png,straight,high,BL,0,025,51,h1_exc,matched_channels,51,1.3427101,0.66628826,2.015209,1.6875241,0.844573974609375,1.9980772685734431,0.11073199901505128,90,baseline,0.0
straight_high_BL_0_J051_025.png,straight,high,BL,0,025,51,h1_exc,all_channels,128,1.4548194,0.6332875,2.2972496,1.9191701,0.844573974609375,2.272352897665597,0.1282493228744844,90,matched_bias,0.15
straight_high_BL_0_J051_025.png,straight,high,BL,0,025,51,h1_exc,C_channels,77,1.5724266,0.6750552,2.3293302,1.94545,0.844573974609375,2.303468948561853,0.1238128737248949,90,matched_bias,0.15
straight_high_BL_0_J051_025.png,straight,high,BL,0,025,51,h1_exc,straight_channels,51,1.3892834,0.6822543,2.036313,1.7048954,0.844573974609375,2.018645385990254,0.11354602694427748,90,matched_bias,0.15
straight_high_BL_0_J051_025.png,straight,high,BL,0,025,51,h1_exc,matched_channels,51,1.3892834,0.6822543,2.036313,1.7048954,0.844573974609375,2.018645385990254,0.11354602694427748,90,matched_bias,0.15
straight_high_BL_0_J052_019.png,straight,high,BL,0,019,52,h1_exc,all_channels,128,0.7878325,0.6298661,1.2507936,1.0541549,0.844573974609375,1.248149827136631,0.01969750263805146,90,baseline,0.0
straight_high_BL_0_J052_019.png,straight,high,BL,0,019,52,h1_exc,C_channels,77,0.78740096,0.64458346,1.2215656,1.0297755,0.844573974609375,1.2192839455904259,0.01800977874704773,90,baseline,0.0
straight_high_BL_0_J052_019.png,straight,high,BL,0,019,52,h1_exc,straight_channels,51,0.86370045,0.6828621,1.2648242,1.0658536,0.844573974609375,1.2620014529888839,0.025678004854189144,90,baseline,0.0
straight_high_BL_0_J052_019.png,straight,high,BL,0,019,52,h1_exc,matched_channels,51,0.86370045,0.6828621,1.2648242,1.0658536,0.844573974609375,1.2620014529888839,0.025678004854189144,90,baseline,0.0
straight_high_BL_0_J052_019.png,straight,high,BL,0,019,52,h1_exc,all_channels,128,0.82264453,0.6545049,1.2568959,1.0592436,0.844573974609375,1.2541749795043158,0.01990924759927542,90,matched_bias,0.15
straight_high_BL_0_J052_019.png,straight,high,BL,0,019,52,h1_exc,C_channels,77,0.8049747,0.66080266,1.2181771,1.0269485,0.844573974609375,1.2159366387194899,0.01639171268774266,90,matched_bias,0.15
straight_high_BL_0_J052_019.png,straight,high,BL,0,019,52,h1_exc,straight_channels,51,0.9094994,0.7051734,1.289753,1.0866325,0.844573974609375,1.286604264350696,0.02926589046395256,90,matched_bias,0.15
straight_high_BL_0_J052_019.png,straight,high,BL,0,019,52,h1_exc,matched_channels,51,0.9094994,0.7051734,1.289753,1.0866325,0.844573974609375,1.286604264350696,0.02926589046395256,90,matched_bias,0.15
straight_high_BL_0_J053_021.png,straight,high,BL,0,021,53,h1_exc,all_channels,128,1.0322075,0.6315282,1.6344599,1.3730648,0.844573974609375,1.6257483434426299,0.057687572549137256,90,baseline,0.0
straight_high_BL_0_J053_021.png,straight,high,BL,0,021,53,h1_exc,C_channels,77,1.0586694,0.65573746,1.6144716,1.3565006,0.844573974609375,1.606135934009083,0.050441450631379774,90,baseline,0.0
straight_high_BL_0_J053_021.png,straight,high,BL,0,021,53,h1_exc,straight_channels,51,1.1241794,0.7269011,1.5465368,1.3001633,0.844573974609375,1.5394308760816364,0.06964719124834864,90,baseline,0.0
straight_high_BL_0_J053_021.png,straight,high,BL,0,021,53,h1_exc,matched_channels,51,1.1241794,0.7269011,1.5465368,1.3001633,0.844573974609375,1.5394308760816364,0.06964719124834864,90,baseline,0.0
straight_high_BL_0_J053_021.png,straight,high,BL,0,021,53,h1_exc,all_channels,128,1.0556842,0.65287524,1.616977,1.3585775,0.844573974609375,1.6085950012789734,0.05796897534205988,90,matched_bias,0.15
straight_high_BL_0_J053_021.png,straight,high,BL,0,021,53,h1_exc,C_channels,77,1.0761545,0.67453325,1.5954062,1.3406967,0.844573974609375,1.5874236205450054,0.05163741250130091,90,matched_bias,0.15
straight_high_BL_0_J053_021.png,straight,high,BL,0,021,53,h1_exc,straight_channels,51,1.140734,0.73613167,1.549633,1.3027321,0.844573974609375,1.542472458023943,0.06831052798196618,90,matched_bias,0.15
straight_high_BL_0_J053_021.png,straight,high,BL,0,021,53,h1_exc,matched_channels,51,1.140734,0.73613167,1.549633,1.3027321,0.844573974609375,1.542472458023943,0.06831052798196618,90,matched_bias,0.15
straight_high_BL_0_J054_012.png,straight,high,BL,0,012,54,h1_exc,all_channels,128,1.2790318,0.608583,2.1016555,1.7586408,0.844573974609375,2.082281479410226,0.10228991522737264,90,baseline,0.0
straight_high_BL_0_J054_012.png,straight,high,BL,0,012,54,h1_exc,C_channels,77,1.2380115,0.66893846,1.8507106,1.5519118,0.844573974609375,1.8375084470780572,0.07935558760417906,90,baseline,0.0
straight_high_BL_0_J054_012.png,straight,high,BL,0,012,54,h1_exc,straight_channels,51,1.4918629,0.66835624,2.2321372,1.8657892,0.844573974609375,2.2091482913678875,0.12219916282664807,90,baseline,0.0
straight_high_BL_0_J054_012.png,straight,high,BL,0,012,54,h1_exc,matched_channels,51,1.4918629,0.66835624,2.2321372,1.8657892,0.844573974609375,2.2091482913678875,0.12219916282664807,90,baseline,0.0
straight_high_BL_0_J054_012.png,straight,high,BL,0,012,54,h1_exc,all_channels,128,1.3304815,0.63000923,2.1118445,1.7670159,0.844573974609375,2.0921979201238874,0.10257131802029527,90,matched_bias,0.15
straight_high_BL_0_J054_012.png,straight,high,BL,0,012,54,h1_exc,C_channels,77,1.2856079,0.69260246,1.8561989,1.5564425,0.844573974609375,1.842872889200629,0.07984804249179364,90,matched_bias,0.15
straight_high_BL_0_J054_012.png,straight,high,BL,0,012,54,h1_exc,straight_channels,51,1.5476627,0.6849367,2.2595704,1.888287,0.844573974609375,2.2357863048284567,0.12290266980895462,90,matched_bias,0.15
straight_high_BL_0_J054_012.png,straight,high,BL,0,012,54,h1_exc,matched_channels,51,1.5476627,0.6849367,2.2595704,1.888287,0.844573974609375,2.2357863048284567,0.12290266980895462,90,matched_bias,0.15
straight_high_BL_0_J055_020.png,straight,high,BL,0,020,55,h1_exc,all_channels,128,0.9633344,0.6230675,1.5461156,1.2998136,0.844573974609375,1.5390168912175228,0.028914136972799282,90,baseline,0.0
straight_high_BL_0_J055_020.png,straight,high,BL,0,020,55,h1_exc,C_channels,77,1.0012772,0.63692254,1.5720549,1.3213327,0.844573974609375,1.5644960858119574,0.02968799465333649,90,baseline,0.0
straight_high_BL_0_J055_020.png,straight,high,BL,0,020,55,h1_exc,straight_channels,51,0.9765965,0.6726974,1.4517618,1.22146,0.844573974609375,1.4462439135445273,0.04811987758976815,90,baseline,0.0
straight_high_BL_0_J055_020.png,straight,high,BL,0,020,55,h1_exc,matched_channels,51,0.9765965,0.6726974,1.4517618,1.22146,0.844573974609375,1.4462439135445273,0.04811987758976815,90,baseline,0.0
straight_high_BL_0_J055_020.png,straight,high,BL,0,020,55,h1_exc,all_channels,128,0.9997435,0.64409,1.5521798,1.3048455,0.844573974609375,1.5449747163502325,0.02926589046395256,90,matched_bias,0.15
straight_high_BL_0_J055_020.png,straight,high,BL,0,020,55,h1_exc,C_channels,77,1.0313551,0.6614093,1.5593296,1.3107773,0.844573974609375,1.551998203168608,0.027155369517032905,90,matched_bias,0.15
straight_high_BL_0_J055_020.png,straight,high,BL,0,020,55,h1_exc,straight_channels,51,1.0313293,0.69725394,1.47913,1.2441995,0.844573974609375,1.4731681736141735,0.051989165992454185,90,matched_bias,0.15
straight_high_BL_0_J055_020.png,straight,high,BL,0,020,55,h1_exc,matched_channels,51,1.0313293,0.69725394,1.47913,1.2441995,0.844573974609375,1.4731681736141735,0.051989165992454185,90,matched_bias,0.15
straight_high_BL_0_J056_018.png,straight,high,BL,0,018,56,h1_exc,all_channels,128,1.0481975,0.629391,1.6654154,1.3987061,0.844573974609375,1.6561084097046574,0.05803932604029053,90,baseline,0.0
straight_high_BL_0_J056_018.png,straight,high,BL,0,018,56,h1_exc,C_channels,77,1.0577809,0.6464521,1.6362865,1.374578,0.844573974609375,1.62754006654698,0.041155158464933284,90,baseline,0.0
straight_high_BL_0_J056_018.png,straight,high,BL,0,018,56,h1_exc,straight_channels,51,1.13157,0.70147336,1.6131332,1.3553917,0.844573974609375,1.6048229823534454,0.07731541735549005,90,baseline,0.0
straight_high_BL_0_J056_018.png,straight,high,BL,0,018,56,h1_exc,matched_channels,51,1.13157,0.70147336,1.6131332,1.3553917,0.844573974609375,1.6048229823534454,0.07731541735549005,90,baseline,0.0
straight_high_BL_0_J056_018.png,straight,high,BL,0,018,56,h1_exc,all_channels,128,1.0905489,0.65532887,1.6641246,1.3976365,0.844573974609375,1.6548420366392542,0.058250378134982496,90,matched_bias,0.15
straight_high_BL_0_J056_018.png,straight,high,BL,0,018,56,h1_exc,C_channels,77,1.091062,0.6670773,1.6355854,1.3739974,0.844573974609375,1.6268526794729146,0.04136621055962525,90,matched_bias,0.15
straight_high_BL_0_J056_018.png,straight,high,BL,0,018,56,h1_exc,straight_channels,51,1.1684791,0.7162963,1.6312789,1.3704292,0.844573974609375,1.6226277190441678,0.07710436526079809,90,matched_bias,0.15
straight_high_BL_0_J056_018.png,straight,high,BL,0,018,56,h1_exc,matched_channels,51,1.1684791,0.7162963,1.6312789,1.3704292,0.844573974609375,1.6226277190441678,0.07710436526079809,90,matched_bias,0.15
straight_high_BL_0_J057_010.png,straight,high,BL,0,010,57,h1_exc,all_channels,128,0.64092,0.64567363,0.9926377,0.83840823,0.844573974609375,0.9926995704503054,0.0,90,baseline,0.0
straight_high_BL_0_J057_010.png,straight,high,BL,0,010,57,h1_exc,C_channels,77,0.5944928,0.6585382,0.9027461,0.7630626,0.844573974609375,0.9034881611633242,0.0,90,baseline,0.0
straight_high_BL_0_J057_010.png,straight,high,BL,0,010,57,h1_exc,straight_channels,51,0.7979857,0.71322024,1.1188489,0.9440033,0.844573974609375,1.1177271632563022,0.0045024446867619325,90,baseline,0.0
straight_high_BL_0_J057_010.png,straight,high,BL,0,010,57,h1_exc,matched_channels,51,0.7979857,0.71322024,1.1188489,0.9440033,0.844573974609375,1.1177271632563022,0.0045024446867619325,90,baseline,0.0
straight_high_BL_0_J057_010.png,straight,high,BL,0,010,57,h1_exc,all_channels,128,0.66637987,0.66850334,0.99682355,0.8419139,0.844573974609375,0.996850358002785,0.0,90,matched_bias,0.15
straight_high_BL_0_J057_010.png,straight,high,BL,0,010,57,h1_exc,C_channels,77,0.6190857,0.682489,0.90709996,0.7667147,0.844573974609375,0.9078123481039945,0.0,90,matched_bias,0.15
straight_high_BL_0_J057_010.png,straight,high,BL,0,010,57,h1_exc,straight_channels,51,0.822042,0.7316452,1.1235527,0.9479342,0.844573974609375,1.1223814935986642,0.005205951669068484,90,matched_bias,0.15
straight_high_BL_0_J057_010.png,straight,high,BL,0,010,57,h1_exc,matched_channels,51,0.822042,0.7316452,1.1235527,0.9479342,0.844573974609375,1.1223814935986642,0.005205951669068484,90,matched_bias,0.15
straight_high_BL_0_J058_020.png,straight,high,BL,0,020,58,h1_exc,all_channels,128,0.97702885,0.62163204,1.5717157,1.3210514,0.844573974609375,1.5641629783181599,0.05642125998098546,90,baseline,0.0
straight_high_BL_0_J058_020.png,straight,high,BL,0,020,58,h1_exc,C_channels,77,1.1107607,0.6355992,1.7475804,1.4667003,0.844573974609375,1.7366155508020167,0.05958704140136495,90,baseline,0.0
straight_high_BL_0_J058_020.png,straight,high,BL,0,020,58,h1_exc,straight_channels,51,0.8448966,0.670321,1.2604358,1.0621947,0.844573974609375,1.257669220655355,0.02954729325687518,90,baseline,0.0
straight_high_BL_0_J058_020.png,straight,high,BL,0,020,58,h1_exc,matched_channels,51,0.8448966,0.670321,1.2604358,1.0621947,0.844573974609375,1.257669220655355,0.02954729325687518,90,baseline,0.0
straight_high_BL_0_J058_020.png,straight,high,BL,0,020,58,h1_exc,all_channels,128,1.0253252,0.64264756,1.5954704,1.3407499,0.844573974609375,1.5874865722154434,0.06268247212351377,90,matched_bias,0.15
straight_high_BL_0_J058_020.png,straight,high,BL,0,020,58,h1_exc,C_channels,77,1.1608747,0.65953785,1.7601336,1.4770807,0.844573974609375,1.7489062292924447,0.06430053818281885,90,matched_bias,0.15
straight_high_BL_0_J058_020.png,straight,high,BL,0,020,58,h1_exc,straight_channels,51,0.89791745,0.69439214,1.2930986,1.0894206,0.844573974609375,1.2899054160731271,0.0345421928312517,90,matched_bias,0.15
straight_high_BL_0_J058_020.png,straight,high,BL,0,020,58,h1_exc,matched_channels,51,0.89791745,0.69439214,1.2930986,1.0894206,0.844573974609375,1.2899054160731271,0.0345421928312517,90,matched_bias,0.15
straight_high_BL_0_J059_012.png,straight,high,BL,0,012,59,h1_exc,all_channels,128,0.9177961,0.61212635,1.4993572,1.261,0.844573974609375,1.493060478030856,0.0372155193640166,90,baseline,0.0
straight_high_BL_0_J059_012.png,straight,high,BL,0,012,59,h1_exc,C_channels,77,0.9947554,0.672362,1.4794937,1.2445021,0.844573974609375,1.473526405317249,0.0196278448063528,90,baseline,0.0
straight_high_BL_0_J059_012.png,straight,high,BL,0,012,59,h1_exc,straight_channels,51,0.9530753,0.6726546,1.4168866,1.1924667,0.844573974609375,1.4119150691000422,0.049808294347303876,90,baseline,0.0
straight_high_BL_0_J059_012.png,straight,high,BL,0,012,59,h1_exc,matched_channels,51,0.9530753,0.6726546,1.4168866,1.1924667,0.844573974609375,1.4119150691000422,0.049808294347303876,90,baseline,0.0
straight_high_BL_0_J059_012.png,straight,high,BL,0,012,59,h1_exc,all_channels,128,0.95443755,0.6325558,1.5088592,1.2688897,0.844573974609375,1.5024020260232305,0.04017024868970411,90,matched_bias,0.15
straight_high_BL_0_J059_012.png,straight,high,BL,0,012,59,h1_exc,C_channels,77,1.026746,0.69523007,1.4768436,1.2423005,0.844573974609375,1.47091969803104,0.02019065039219804,90,matched_bias,0.15
straight_high_BL_0_J059_012.png,straight,high,BL,0,012,59,h1_exc,straight_channels,51,0.9965441,0.68920815,1.4459262,1.2166096,0.844573974609375,1.4405009145158685,0.05107460691545567,90,matched_bias,0.15
straight_high_BL_0_J059_012.png,straight,high,BL,0,012,59,h1_exc,matched_channels,51,0.9965441,0.68920815,1.4459262,1.2166096,0.844573974609375,1.4405009145158685,0.05107460691545567,90,matched_bias,0.15
straight_high_BL_0_J060_022.png,straight,high,BL,0,022,60,h1_exc,all_channels,128,1.5085146,0.64527875,2.3377721,1.9523623,0.844573974609375,2.3116533714550105,0.12881212846032966,90,baseline,0.0
straight_high_BL_0_J060_022.png,straight,high,BL,0,022,60,h1_exc,C_channels,77,1.7148608,0.65421915,2.621233,2.1839218,0.844573974609375,2.5858265276486487,0.12789756938333113,90,baseline,0.0
straight_high_BL_0_J060_022.png,straight,high,BL,0,022,60,h1_exc,straight_channels,51,1.2910277,0.725836,1.7786769,1.4924096,0.844573974609375,1.767056070992631,0.11664145766642631,90,baseline,0.0
straight_high_BL_0_J060_022.png,straight,high,BL,0,022,60,h1_exc,matched_channels,51,1.2910277,0.725836,1.7786769,1.4924096,0.844573974609375,1.767056070992631,0.11664145766642631,90,baseline,0.0
straight_high_BL_0_J060_022.png,straight,high,BL,0,022,60,h1_exc,all_channels,128,1.5918831,0.664474,2.395704,1.9997762,0.844573974609375,2.36779285249762,0.13113370150194129,90,matched_bias,0.15
straight_high_BL_0_J060_022.png,straight,high,BL,0,022,60,h1_exc,C_channels,77,1.7977946,0.6678987,2.6917174,2.2413309,0.844573974609375,2.6538004992918753,0.12930458334794423,90,matched_bias,0.15
straight_high_BL_0_J060_022.png,straight,high,BL,0,022,60,h1_exc,straight_channels,51,1.3680831,0.74638945,1.8329347,1.5372347,0.844573974609375,1.8201302573560871,0.11945548559565251,90,matched_bias,0.15
straight_high_BL_0_J060_022.png,straight,high,BL,0,022,60,h1_exc,matched_channels,51,1.3680831,0.74638945,1.8329347,1.5372347,0.844573974609375,1.8201302573560871,0.11945548559565251,90,matched_bias,0.15
