filename,contour_type,jitter,condition,layer,mean_activation,mean_abs_activation,std_activation,min_activation,max_activation
C_high_BL_0_J000_008.png,C,0,baseline,h0_exc,3.8119423389434814,3.8119423389434814,4.173829078674316,0.03752220422029495,134.973388671875
C_high_BL_0_J000_008.png,C,0,baseline,h1_exc,2.197467565536499,2.197467565536499,1.768336296081543,0.04896147549152374,104.0470199584961
C_high_BL_0_J000_008.png,C,0,baseline,h2_exc,2.3814072608947754,2.3814072608947754,3.4682352542877197,0.006312442012131214,122.15582275390625
C_high_BL_0_J000_008.png,C,0,baseline,h3_exc,23.140663146972656,23.140663146972656,87.2265853881836,0.0051611741073429585,1717.290283203125
C_high_BL_0_J000_008.png,C,0,baseline,h4_exc,7081.7861328125,7081.7861328125,51965.8515625,2.941610546258744e-05,1489105.0
C_high_BL_0_J000_008.png,C,0,matched_bias,h0_exc,3.810434579849243,3.810434579849243,4.097741603851318,0.038402408361434937,121.43019104003906
C_high_BL_0_J000_008.png,C,0,matched_bias,h1_exc,2.4627561569213867,2.4627561569213867,1.9506936073303223,0.037699948996305466,100.30784606933594
C_high_BL_0_J000_008.png,C,0,matched_bias,h2_exc,2.408830404281616,2.408830404281616,3.5236611366271973,0.006249863188713789,127.51786041259766
C_high_BL_0_J000_008.png,C,0,matched_bias,h3_exc,23.0759334564209,23.0759334564209,86.81804656982422,0.005485408939421177,1753.053466796875
C_high_BL_0_J000_008.png,C,0,matched_bias,h4_exc,7072.43798828125,7072.43798828125,51246.80859375,3.111072874162346e-05,1455133.375
C_high_BL_0_J001_011.png,C,1,baseline,h0_exc,3.7631728649139404,3.7631728649139404,4.274311542510986,0.03451560065150261,198.97357177734375
C_high_BL_0_J001_011.png,C,1,baseline,h1_exc,2.202892541885376,2.202892541885376,1.914385199546814,0.0503946989774704,212.08351135253906
C_high_BL_0_J001_011.png,C,1,baseline,h2_exc,2.3780906200408936,2.3780906200408936,3.4625401496887207,0.007395680993795395,135.16510009765625
C_high_BL_0_J001_011.png,C,1,baseline,h3_exc,22.49652671813965,22.49652671813965,85.22721862792969,0.0058440775610506535,1903.0771484375
C_high_BL_0_J001_011.png,C,1,baseline,h4_exc,7505.44873046875,7505.44873046875,53395.015625,2.500495065760333e-05,1379454.625
C_high_BL_0_J001_011.png,C,1,matched_bias,h0_exc,3.7622320652008057,3.7622320652008057,4.207748889923096,0.03399701043963432,195.978759765625
C_high_BL_0_J001_011.png,C,1,matched_bias,h1_exc,2.4704749584198,2.4704749584198,2.0886893272399902,0.05909422039985657,220.1944122314453
C_high_BL_0_J001_011.png,C,1,matched_bias,h2_exc,2.403453826904297,2.403453826904297,3.520686626434326,0.006714614108204842,139.84320068359375
C_high_BL_0_J001_011.png,C,1,matched_bias,h3_exc,22.37997817993164,22.37997817993164,84.42417907714844,0.005662868265062571,1919.1309814453125
C_high_BL_0_J001_011.png,C,1,matched_bias,h4_exc,7447.482421875,7447.482421875,52451.96875,2.4771239623078145e-05,1323660.75
C_high_BL_0_J002_015.png,C,2,baseline,h0_exc,3.7745261192321777,3.7745261192321777,4.137343406677246,0.042128629982471466,148.0491180419922
C_high_BL_0_J002_015.png,C,2,baseline,h1_exc,2.196955919265747,2.196955919265747,1.829674482345581,0.053533367812633514,153.39122009277344
C_high_BL_0_J002_015.png,C,2,baseline,h2_exc,2.394092559814453,2.394092559814453,3.4785783290863037,0.006784216035157442,107.94298553466797
C_high_BL_0_J002_015.png,C,2,baseline,h3_exc,22.625593185424805,22.625593185424805,85.06438446044922,0.003688286757096648,1905.002197265625
C_high_BL_0_J002_015.png,C,2,baseline,h4_exc,7098.248046875,7098.248046875,48721.546875,2.8652169930865057e-05,1157340.25
C_high_BL_0_J002_015.png,C,2,matched_bias,h0_exc,3.777616500854492,3.777616500854492,4.067493438720703,0.041437774896621704,144.6647491455078
C_high_BL_0_J002_015.png,C,2,matched_bias,h1_exc,2.4621315002441406,2.4621315002441406,1.998836874961853,0.0497811958193779,153.02182006835938
C_high_BL_0_J002_015.png,C,2,matched_bias,h2_exc,2.4217498302459717,2.4217498302459717,3.5386886596679688,0.006768147926777601,120.37110900878906
C_high_BL_0_J002_015.png,C,2,matched_bias,h3_exc,22.553295135498047,22.553295135498047,84.52523803710938,0.0035620552953332663,1949.6026611328125
C_high_BL_0_J002_015.png,C,2,matched_bias,h4_exc,7157.22509765625,7157.22509765625,48833.11328125,2.7483212761580944e-05,1186807.375
C_high_BL_0_J003_012.png,C,3,baseline,h0_exc,3.802692174911499,3.802692174911499,4.236454486846924,0.03356420621275902,202.54917907714844
C_high_BL_0_J003_012.png,C,3,baseline,h1_exc,2.2041778564453125,2.2041778564453125,1.812869906425476,0.045734018087387085,113.80431365966797
C_high_BL_0_J003_012.png,C,3,baseline,h2_exc,2.388868570327759,2.388868570327759,3.522387981414795,0.0070525603368878365,151.21890258789062
C_high_BL_0_J003_012.png,C,3,baseline,h3_exc,22.544788360595703,22.544788360595703,84.15050506591797,0.004522403702139854,1678.8939208984375
C_high_BL_0_J003_012.png,C,3,baseline,h4_exc,7235.7294921875,7235.7294921875,50404.6328125,2.7428492103354074e-05,1167518.75
C_high_BL_0_J003_012.png,C,3,matched_bias,h0_exc,3.8029673099517822,3.8029673099517822,4.158198833465576,0.03371909260749817,189.08245849609375
C_high_BL_0_J003_012.png,C,3,matched_bias,h1_exc,2.4704880714416504,2.4704880714416504,1.9894706010818481,0.03612114116549492,110.58895111083984
C_high_BL_0_J003_012.png,C,3,matched_bias,h2_exc,2.4166088104248047,2.4166088104248047,3.5768096446990967,0.007153995800763369,160.5175323486328
C_high_BL_0_J003_012.png,C,3,matched_bias,h3_exc,22.568300247192383,22.568300247192383,84.03121185302734,0.004337648395448923,1651.439208984375
C_high_BL_0_J003_012.png,C,3,matched_bias,h4_exc,7313.64990234375,7313.64990234375,50618.703125,2.7117039280710742e-05,1215836.5
C_high_BL_0_J004_024.png,C,4,baseline,h0_exc,3.790635347366333,3.790635347366333,4.214998245239258,0.04452420026063919,123.46358489990234
C_high_BL_0_J004_024.png,C,4,baseline,h1_exc,2.199763298034668,2.199763298034668,1.8178737163543701,0.05916112661361694,92.72364807128906
C_high_BL_0_J004_024.png,C,4,baseline,h2_exc,2.407553195953369,2.407553195953369,3.6092231273651123,0.007001906167715788,159.0260772705078
C_high_BL_0_J004_024.png,C,4,baseline,h3_exc,22.680326461791992,22.680326461791992,85.08201599121094,0.005109810270369053,1801.69580078125
C_high_BL_0_J004_024.png,C,4,baseline,h4_exc,7125.109375,7125.109375,50530.3203125,2.736247915890999e-05,1387883.75
C_high_BL_0_J004_024.png,C,4,matched_bias,h0_exc,3.7918145656585693,3.7918145656585693,4.138869285583496,0.044886454939842224,114.38585662841797
C_high_BL_0_J004_024.png,C,4,matched_bias,h1_exc,2.4644620418548584,2.4644620418548584,1.9940372705459595,0.049308083951473236,87.87069702148438
C_high_BL_0_J004_024.png,C,4,matched_bias,h2_exc,2.4338231086730957,2.4338231086730957,3.6710829734802246,0.00618970301002264,175.1734161376953
C_high_BL_0_J004_024.png,C,4,matched_bias,h3_exc,22.54218101501465,22.54218101501465,84.42434692382812,0.004956105723977089,1817.096435546875
C_high_BL_0_J004_024.png,C,4,matched_bias,h4_exc,7166.234375,7166.234375,50513.6640625,2.814175604726188e-05,1433469.375
C_high_BL_0_J005_022.png,C,5,baseline,h0_exc,3.8039801120758057,3.8039801120758057,4.210224151611328,0.03975631296634674,181.81747436523438
C_high_BL_0_J005_022.png,C,5,baseline,h1_exc,2.197143316268921,2.197143316268921,1.8146967887878418,0.05166605859994888,129.54872131347656
C_high_BL_0_J005_022.png,C,5,baseline,h2_exc,2.4078054428100586,2.4078054428100586,3.593874931335449,0.008234423585236073,176.68963623046875
C_high_BL_0_J005_022.png,C,5,baseline,h3_exc,21.999582290649414,21.999582290649414,82.3280258178711,0.003879907075315714,1846.5792236328125
C_high_BL_0_J005_022.png,C,5,baseline,h4_exc,6963.60546875,6963.60546875,49241.13671875,2.5273569917771965e-05,1168826.5
C_high_BL_0_J005_022.png,C,5,matched_bias,h0_exc,3.8015503883361816,3.8015503883361816,4.139461517333984,0.04085688665509224,186.508056640625
C_high_BL_0_J005_022.png,C,5,matched_bias,h1_exc,2.461005210876465,2.461005210876465,1.9985487461090088,0.04452577233314514,135.95510864257812
C_high_BL_0_J005_022.png,C,5,matched_bias,h2_exc,2.437669515609741,2.437669515609741,3.6798572540283203,0.008182847872376442,187.85548400878906
C_high_BL_0_J005_022.png,C,5,matched_bias,h3_exc,21.964017868041992,21.964017868041992,81.89156341552734,0.0037274309433996677,1823.8687744140625
C_high_BL_0_J005_022.png,C,5,matched_bias,h4_exc,6956.31005859375,6956.31005859375,48676.109375,2.538452099543065e-05,1130300.75
C_high_BL_0_J006_019.png,C,6,baseline,h0_exc,3.7758283615112305,3.7758283615112305,4.324818134307861,0.04040699079632759,188.8279266357422
C_high_BL_0_J006_019.png,C,6,baseline,h1_exc,2.2017600536346436,2.2017600536346436,1.913635492324829,0.05363917350769043,176.29928588867188
C_high_BL_0_J006_019.png,C,6,baseline,h2_exc,2.386239528656006,2.386239528656006,3.528003215789795,0.006999343633651733,149.00050354003906
C_high_BL_0_J006_019.png,C,6,baseline,h3_exc,22.06780242919922,22.06780242919922,84.12593078613281,0.005267970729619265,1918.53857421875
C_high_BL_0_J006_019.png,C,6,baseline,h4_exc,7037.302734375,7037.302734375,51490.65625,2.7640449843602255e-05,1368898.5
C_high_BL_0_J006_019.png,C,6,matched_bias,h0_exc,3.774783134460449,3.774783134460449,4.253499507904053,0.041454486548900604,185.6255645751953
C_high_BL_0_J006_019.png,C,6,matched_bias,h1_exc,2.4669759273529053,2.4669759273529053,2.084071159362793,0.05323724448680878,180.2929229736328
C_high_BL_0_J006_019.png,C,6,matched_bias,h2_exc,2.4144365787506104,2.4144365787506104,3.593355894088745,0.0066660018637776375,162.71315002441406
C_high_BL_0_J006_019.png,C,6,matched_bias,h3_exc,22.025012969970703,22.025012969970703,83.71298217773438,0.0056063467636704445,1918.418701171875
C_high_BL_0_J006_019.png,C,6,matched_bias,h4_exc,7061.8974609375,7061.8974609375,51246.1171875,2.8328733606031165e-05,1370439.625
C_high_BL_0_J007_010.png,C,7,baseline,h0_exc,3.805633544921875,3.805633544921875,4.112758636474609,0.048506319522857666,123.56706237792969
C_high_BL_0_J007_010.png,C,7,baseline,h1_exc,2.1937155723571777,2.1937155723571777,1.8063784837722778,0.03669032081961632,129.6217803955078
C_high_BL_0_J007_010.png,C,7,baseline,h2_exc,2.3634164333343506,2.3634164333343506,3.4349560737609863,0.006998635362833738,161.1983184814453
C_high_BL_0_J007_010.png,C,7,baseline,h3_exc,23.570964813232422,23.570964813232422,88.48763275146484,0.005588672123849392,2090.6953125
C_high_BL_0_J007_010.png,C,7,baseline,h4_exc,7443.29296875,7443.29296875,51955.24609375,2.417434734525159e-05,1252082.5
C_high_BL_0_J007_010.png,C,7,matched_bias,h0_exc,3.8076906204223633,3.8076906204223633,4.043939590454102,0.0472588948905468,113.38353729248047
C_high_BL_0_J007_010.png,C,7,matched_bias,h1_exc,2.4577462673187256,2.4577462673187256,1.9792025089263916,0.0378476157784462,114.961669921875
C_high_BL_0_J007_010.png,C,7,matched_bias,h2_exc,2.3893702030181885,2.3893702030181885,3.501837968826294,0.006725285667926073,170.54440307617188
C_high_BL_0_J007_010.png,C,7,matched_bias,h3_exc,23.48609161376953,23.48609161376953,87.95100402832031,0.005427028052508831,1980.87255859375
C_high_BL_0_J007_010.png,C,7,matched_bias,h4_exc,7448.1376953125,7448.1376953125,51572.0234375,2.4131571990437806e-05,1257240.0
C_high_BL_0_J008_010.png,C,8,baseline,h0_exc,3.8073766231536865,3.8073766231536865,4.114498138427734,0.04838109016418457,119.3434066772461
C_high_BL_0_J008_010.png,C,8,baseline,h1_exc,2.1946380138397217,2.1946380138397217,1.8017096519470215,0.036418527364730835,126.68589782714844
C_high_BL_0_J008_010.png,C,8,baseline,h2_exc,2.3613154888153076,2.3613154888153076,3.412548303604126,0.006992526352405548,158.3384246826172
C_high_BL_0_J008_010.png,C,8,baseline,h3_exc,23.519947052001953,23.519947052001953,88.33908081054688,0.005576530005782843,2075.107177734375
C_high_BL_0_J008_010.png,C,8,baseline,h4_exc,7437.486328125,7437.486328125,51938.46875,2.4426839445368387e-05,1253485.5
C_high_BL_0_J008_010.png,C,8,matched_bias,h0_exc,3.8095710277557373,3.8095710277557373,4.046802043914795,0.04765810817480087,115.5540771484375
C_high_BL_0_J008_010.png,C,8,matched_bias,h1_exc,2.4590485095977783,2.4590485095977783,1.9746065139770508,0.03686537221074104,112.42599487304688
C_high_BL_0_J008_010.png,C,8,matched_bias,h2_exc,2.3871779441833496,2.3871779441833496,3.476743698120117,0.0067223752848804,166.20973205566406
C_high_BL_0_J008_010.png,C,8,matched_bias,h3_exc,23.4351863861084,23.4351863861084,87.79708862304688,0.005377611611038446,1967.9554443359375
C_high_BL_0_J008_010.png,C,8,matched_bias,h4_exc,7439.9580078125,7439.9580078125,51540.00390625,2.434283305774443e-05,1257417.625
C_high_BL_0_J009_001.png,C,9,baseline,h0_exc,3.8081488609313965,3.8081488609313965,4.114026069641113,0.04536794126033783,167.1275634765625
C_high_BL_0_J009_001.png,C,9,baseline,h1_exc,2.1953680515289307,2.1953680515289307,1.7843263149261475,0.045291174203157425,123.04176330566406
C_high_BL_0_J009_001.png,C,9,baseline,h2_exc,2.3877906799316406,2.3877906799316406,3.4802939891815186,0.006448413245379925,152.81788635253906
C_high_BL_0_J009_001.png,C,9,baseline,h3_exc,22.52499008178711,22.52499008178711,84.36502075195312,0.004315161146223545,1891.1812744140625
C_high_BL_0_J009_001.png,C,9,baseline,h4_exc,7239.86328125,7239.86328125,50570.0546875,2.8529288101708516e-05,1229309.375
C_high_BL_0_J009_001.png,C,9,matched_bias,h0_exc,3.806508779525757,3.806508779525757,4.034503936767578,0.045069560408592224,164.29209899902344
C_high_BL_0_J009_001.png,C,9,matched_bias,h1_exc,2.459559440612793,2.459559440612793,1.9679648876190186,0.0437811017036438,113.52850341796875
C_high_BL_0_J009_001.png,C,9,matched_bias,h2_exc,2.4148614406585693,2.4148614406585693,3.550527811050415,0.006288826931267977,169.44729614257812
C_high_BL_0_J009_001.png,C,9,matched_bias,h3_exc,22.484619140625,22.484619140625,83.9511489868164,0.004215432796627283,1842.7674560546875
C_high_BL_0_J009_001.png,C,9,matched_bias,h4_exc,7213.009765625,7213.009765625,49872.23046875,3.138764441246167e-05,1215878.0
C_high_BL_0_J010_022.png,C,10,baseline,h0_exc,3.8035106658935547,3.8035106658935547,4.2044806480407715,0.0403389073908329,184.1162567138672
C_high_BL_0_J010_022.png,C,10,baseline,h1_exc,2.196070909500122,2.196070909500122,1.8137152194976807,0.051513299345970154,129.88650512695312
C_high_BL_0_J010_022.png,C,10,baseline,h2_exc,2.4082295894622803,2.4082295894622803,3.6037654876708984,0.008254371583461761,183.7628631591797
C_high_BL_0_J010_022.png,C,10,baseline,h3_exc,22.006959915161133,22.006959915161133,82.36002349853516,0.003869503503665328,1845.840087890625
C_high_BL_0_J010_022.png,C,10,baseline,h4_exc,6958.322265625,6958.322265625,49179.234375,2.5262812414439395e-05,1153834.25
C_high_BL_0_J010_022.png,C,10,matched_bias,h0_exc,3.800823450088501,3.800823450088501,4.133605003356934,0.04136679694056511,188.79751586914062
C_high_BL_0_J010_022.png,C,10,matched_bias,h1_exc,2.4596099853515625,2.4596099853515625,1.9979684352874756,0.043386060744524,136.1836700439453
C_high_BL_0_J010_022.png,C,10,matched_bias,h2_exc,2.438277244567871,2.438277244567871,3.691558599472046,0.008179319091141224,200.23265075683594
C_high_BL_0_J010_022.png,C,10,matched_bias,h3_exc,21.972938537597656,21.972938537597656,81.92855834960938,0.003709441749379039,1823.3719482421875
C_high_BL_0_J010_022.png,C,10,matched_bias,h4_exc,6952.3837890625,6952.3837890625,48613.98046875,2.5380400984431617e-05,1118185.75
C_high_BL_0_J011_015.png,C,11,baseline,h0_exc,3.7732574939727783,3.7732574939727783,4.136067867279053,0.04212898015975952,144.35401916503906
C_high_BL_0_J011_015.png,C,11,baseline,h1_exc,2.1970462799072266,2.1970462799072266,1.8308488130569458,0.05365164577960968,150.48907470703125
C_high_BL_0_J011_015.png,C,11,baseline,h2_exc,2.3940353393554688,2.3940353393554688,3.479088544845581,0.006807196419686079,108.10629272460938
C_high_BL_0_J011_015.png,C,11,baseline,h3_exc,22.622880935668945,22.622880935668945,85.0265884399414,0.003641089890152216,1900.6064453125
C_high_BL_0_J011_015.png,C,11,baseline,h4_exc,7077.107421875,7077.107421875,48591.4296875,2.877976839954499e-05,1152372.25
C_high_BL_0_J011_015.png,C,11,matched_bias,h0_exc,3.7766273021698,3.7766273021698,4.06694221496582,0.04145275801420212,140.8323974609375
C_high_BL_0_J011_015.png,C,11,matched_bias,h1_exc,2.462198257446289,2.462198257446289,1.999345064163208,0.04973882436752319,150.00082397460938
C_high_BL_0_J011_015.png,C,11,matched_bias,h2_exc,2.421882390975952,2.421882390975952,3.5392491817474365,0.006793841253966093,119.26749420166016
C_high_BL_0_J011_015.png,C,11,matched_bias,h3_exc,22.55121421813965,22.55121421813965,84.4974594116211,0.0035094190388917923,1937.9505615234375
C_high_BL_0_J011_015.png,C,11,matched_bias,h4_exc,7137.54443359375,7137.54443359375,48711.34375,2.8018750526825897e-05,1181437.75
C_high_BL_0_J012_022.png,C,12,baseline,h0_exc,3.806349277496338,3.806349277496338,4.214343547821045,0.04060221090912819,185.4846954345703
C_high_BL_0_J012_022.png,C,12,baseline,h1_exc,2.1966545581817627,2.1966545581817627,1.8067792654037476,0.05147549510002136,132.4137725830078
C_high_BL_0_J012_022.png,C,12,baseline,h2_exc,2.4031717777252197,2.4031717777252197,3.568599224090576,0.008271375671029091,171.27169799804688
C_high_BL_0_J012_022.png,C,12,baseline,h3_exc,21.920822143554688,21.920822143554688,81.9743423461914,0.0038413326255977154,1844.6575927734375
C_high_BL_0_J012_022.png,C,12,baseline,h4_exc,6896.9013671875,6896.9013671875,48739.52734375,2.5263954739784822e-05,1127589.25
C_high_BL_0_J012_022.png,C,12,matched_bias,h0_exc,3.8039331436157227,3.8039331436157227,4.143933296203613,0.04152003675699234,190.38583374023438
C_high_BL_0_J012_022.png,C,12,matched_bias,h1_exc,2.4605865478515625,2.4605865478515625,1.9905154705047607,0.04569453001022339,139.10952758789062
C_high_BL_0_J012_022.png,C,12,matched_bias,h2_exc,2.432720899581909,2.432720899581909,3.651005744934082,0.008169170469045639,180.28907775878906
C_high_BL_0_J012_022.png,C,12,matched_bias,h3_exc,21.87517547607422,21.87517547607422,81.4970703125,0.003675951389595866,1821.8067626953125
C_high_BL_0_J012_022.png,C,12,matched_bias,h4_exc,6884.97607421875,6884.97607421875,48138.3984375,2.5380497390870005e-05,1089000.25
C_high_BL_0_J013_010.png,C,13,baseline,h0_exc,3.808605909347534,3.808605909347534,4.10042667388916,0.04841381311416626,112.08956909179688
C_high_BL_0_J013_010.png,C,13,baseline,h1_exc,2.192331314086914,2.192331314086914,1.8008735179901123,0.03659267723560333,114.81245422363281
C_high_BL_0_J013_010.png,C,13,baseline,h2_exc,2.3660314083099365,2.3660314083099365,3.456183671951294,0.006993718445301056,176.76351928710938
C_high_BL_0_J013_010.png,C,13,baseline,h3_exc,23.594263076782227,23.594263076782227,88.545654296875,0.005586328450590372,2004.4005126953125
C_high_BL_0_J013_010.png,C,13,baseline,h4_exc,7443.88427734375,7443.88427734375,52003.03515625,2.4468350602546707e-05,1258030.5
C_high_BL_0_J013_010.png,C,13,matched_bias,h0_exc,3.8093814849853516,3.8093814849853516,4.030852794647217,0.04867088049650192,104.57870483398438
C_high_BL_0_J013_010.png,C,13,matched_bias,h1_exc,2.4560773372650146,2.4560773372650146,1.9772287607192993,0.037508584558963776,101.61886596679688
C_high_BL_0_J013_010.png,C,13,matched_bias,h2_exc,2.3922767639160156,2.3922767639160156,3.528355598449707,0.006720100529491901,183.453369140625
C_high_BL_0_J013_010.png,C,13,matched_bias,h3_exc,23.508142471313477,23.508142471313477,88.00297546386719,0.005383329465985298,1907.293701171875
C_high_BL_0_J013_010.png,C,13,matched_bias,h4_exc,7442.02734375,7442.02734375,51573.91015625,2.4362529075006023e-05,1263002.625
C_high_BL_0_J014_017.png,C,14,baseline,h0_exc,3.8266284465789795,3.8266284465789795,4.116074085235596,0.04797888174653053,103.49406433105469
C_high_BL_0_J014_017.png,C,14,baseline,h1_exc,2.1988558769226074,2.1988558769226074,1.7832235097885132,0.042939573526382446,83.19636535644531
C_high_BL_0_J014_017.png,C,14,baseline,h2_exc,2.3991141319274902,2.3991141319274902,3.498161792755127,0.005810500122606754,146.8334503173828
C_high_BL_0_J014_017.png,C,14,baseline,h3_exc,22.09146499633789,22.09146499633789,83.29606628417969,0.0056172264739871025,1874.42529296875
C_high_BL_0_J014_017.png,C,14,baseline,h4_exc,6909.564453125,6909.564453125,49177.01953125,2.8286176529945806e-05,1444311.625
C_high_BL_0_J014_017.png,C,14,matched_bias,h0_exc,3.826387882232666,3.826387882232666,4.046986103057861,0.049115367233753204,97.25106811523438
C_high_BL_0_J014_017.png,C,14,matched_bias,h1_exc,2.464261531829834,2.464261531829834,1.9657032489776611,0.051459573209285736,77.0554428100586
C_high_BL_0_J014_017.png,C,14,matched_bias,h2_exc,2.4244344234466553,2.4244344234466553,3.564168930053711,0.005689053796231747,159.47897338867188
C_high_BL_0_J014_017.png,C,14,matched_bias,h3_exc,21.994491577148438,21.994491577148438,82.73970031738281,0.005491453688591719,1933.43505859375
C_high_BL_0_J014_017.png,C,14,matched_bias,h4_exc,6885.7939453125,6885.7939453125,48513.73046875,2.8320147976046428e-05,1408319.375
C_high_BL_0_J015_019.png,C,15,baseline,h0_exc,3.7783095836639404,3.7783095836639404,4.332662582397461,0.040514107793569565,189.8592987060547
C_high_BL_0_J015_019.png,C,15,baseline,h1_exc,2.203038215637207,2.203038215637207,1.9127039909362793,0.05984772369265556,179.37411499023438
C_high_BL_0_J015_019.png,C,15,baseline,h2_exc,2.3823862075805664,2.3823862075805664,3.4960412979125977,0.0070343841798603535,138.1470184326172
C_high_BL_0_J015_019.png,C,15,baseline,h3_exc,21.973285675048828,21.973285675048828,83.83869171142578,0.005297728814184666,1948.625244140625
C_high_BL_0_J015_019.png,C,15,baseline,h4_exc,7030.53564453125,7030.53564453125,51528.87890625,2.871353535738308e-05,1383314.0
C_high_BL_0_J015_019.png,C,15,matched_bias,h0_exc,3.7775750160217285,3.7775750160217285,4.262523651123047,0.0415668785572052,186.61744689941406
C_high_BL_0_J015_019.png,C,15,matched_bias,h1_exc,2.468743085861206,2.468743085861206,2.0827393531799316,0.05268554016947746,183.6682891845703
C_high_BL_0_J015_019.png,C,15,matched_bias,h2_exc,2.410170555114746,2.410170555114746,3.5557193756103516,0.006723672151565552,146.5748748779297
C_high_BL_0_J015_019.png,C,15,matched_bias,h3_exc,21.924558639526367,21.924558639526367,83.38826751708984,0.005695188418030739,1950.1497802734375
C_high_BL_0_J015_019.png,C,15,matched_bias,h4_exc,7050.93359375,7050.93359375,51259.25390625,2.9340726541704498e-05,1364563.0
C_high_BL_0_J016_017.png,C,16,baseline,h0_exc,3.825305700302124,3.825305700302124,4.114078998565674,0.04800436645746231,103.22091674804688
C_high_BL_0_J016_017.png,C,16,baseline,h1_exc,2.198378086090088,2.198378086090088,1.7801018953323364,0.04958952218294144,83.18911743164062
C_high_BL_0_J016_017.png,C,16,baseline,h2_exc,2.3978257179260254,2.3978257179260254,3.495419502258301,0.005836006253957748,139.95526123046875
C_high_BL_0_J016_017.png,C,16,baseline,h3_exc,22.08761215209961,22.08761215209961,83.27449035644531,0.005765432491898537,1872.9713134765625
C_high_BL_0_J016_017.png,C,16,baseline,h4_exc,6889.12744140625,6889.12744140625,49005.09375,2.8753573133144528e-05,1445449.5
C_high_BL_0_J016_017.png,C,16,matched_bias,h0_exc,3.825247287750244,3.825247287750244,4.045230388641357,0.04917730391025543,96.92305755615234
C_high_BL_0_J016_017.png,C,16,matched_bias,h1_exc,2.4638490676879883,2.4638490676879883,1.9620485305786133,0.04885926470160484,77.01245880126953
C_high_BL_0_J016_017.png,C,16,matched_bias,h2_exc,2.4233133792877197,2.4233133792877197,3.5601131916046143,0.005707613192498684,152.2329559326172
C_high_BL_0_J016_017.png,C,16,matched_bias,h3_exc,21.988265991210938,21.988265991210938,82.72794342041016,0.005624096374958754,1932.2236328125
C_high_BL_0_J016_017.png,C,16,matched_bias,h4_exc,6862.1669921875,6862.1669921875,48325.546875,2.8479793400038034e-05,1408743.875
C_high_BL_0_J017_012.png,C,17,baseline,h0_exc,3.800313711166382,3.800313711166382,4.256588459014893,0.03307576850056648,211.90777587890625
C_high_BL_0_J017_012.png,C,17,baseline,h1_exc,2.2043559551239014,2.2043559551239014,1.797690987586975,0.044305287301540375,120.64884948730469
C_high_BL_0_J017_012.png,C,17,baseline,h2_exc,2.373807907104492,2.373807907104492,3.4319207668304443,0.007072133477777243,120.66124725341797
C_high_BL_0_J017_012.png,C,17,baseline,h3_exc,22.247573852539062,22.247573852539062,83.0320053100586,0.004367623012512922,1665.7166748046875
C_high_BL_0_J017_012.png,C,17,baseline,h4_exc,7080.916015625,7080.916015625,49309.6171875,2.791072074614931e-05,1159971.625
C_high_BL_0_J017_012.png,C,17,matched_bias,h0_exc,3.8009612560272217,3.8009612560272217,4.179830074310303,0.033070921897888184,197.97540283203125
C_high_BL_0_J017_012.png,C,17,matched_bias,h1_exc,2.471189498901367,2.471189498901367,1.9706413745880127,0.034946538507938385,118.04318237304688
C_high_BL_0_J017_012.png,C,17,matched_bias,h2_exc,2.400745391845703,2.400745391845703,3.475834369659424,0.007125200238078833,126.2209701538086
C_high_BL_0_J017_012.png,C,17,matched_bias,h3_exc,22.2462100982666,22.2462100982666,82.81266784667969,0.004184197634458542,1639.6597900390625
C_high_BL_0_J017_012.png,C,17,matched_bias,h4_exc,7143.880859375,7143.880859375,49417.48828125,2.7979598598903976e-05,1168091.625
C_high_BL_0_J018_017.png,C,18,baseline,h0_exc,3.82515811920166,3.82515811920166,4.117839336395264,0.048377625644207,100.70721435546875
C_high_BL_0_J018_017.png,C,18,baseline,h1_exc,2.1993050575256348,2.1993050575256348,1.7851914167404175,0.05129850283265114,80.56171417236328
C_high_BL_0_J018_017.png,C,18,baseline,h2_exc,2.4003772735595703,2.4003772735595703,3.5032145977020264,0.00580822117626667,129.11199951171875
C_high_BL_0_J018_017.png,C,18,baseline,h3_exc,22.102928161621094,22.102928161621094,83.33312225341797,0.005581368692219257,1875.0546875
C_high_BL_0_J018_017.png,C,18,baseline,h4_exc,6898.9931640625,6898.9931640625,48988.625,2.8664153433055617e-05,1431036.0
C_high_BL_0_J018_017.png,C,18,matched_bias,h0_exc,3.8251218795776367,3.8251218795776367,4.049633026123047,0.04954171180725098,94.97579193115234
C_high_BL_0_J018_017.png,C,18,matched_bias,h1_exc,2.464808702468872,2.464808702468872,1.9670878648757935,0.047525934875011444,74.68800354003906
C_high_BL_0_J018_017.png,C,18,matched_bias,h2_exc,2.4257194995880127,2.4257194995880127,3.564920663833618,0.005694286432117224,136.83091735839844
C_high_BL_0_J018_017.png,C,18,matched_bias,h3_exc,22.003860473632812,22.003860473632812,82.78528594970703,0.005448669660836458,1933.968017578125
C_high_BL_0_J018_017.png,C,18,matched_bias,h4_exc,6873.4169921875,6873.4169921875,48323.27734375,2.8414833650458604e-05,1394427.75
C_high_BL_0_J019_024.png,C,19,baseline,h0_exc,3.7959351539611816,3.7959351539611816,4.235842227935791,0.043543506413698196,133.18446350097656
C_high_BL_0_J019_024.png,C,19,baseline,h1_exc,2.2008583545684814,2.2008583545684814,1.7952851057052612,0.05693988874554634,102.84884643554688
C_high_BL_0_J019_024.png,C,19,baseline,h2_exc,2.3912460803985596,2.3912460803985596,3.50113844871521,0.0069721415638923645,149.04779052734375
C_high_BL_0_J019_024.png,C,19,baseline,h3_exc,22.405811309814453,22.405811309814453,84.12772369384766,0.005214373115450144,1790.891357421875
C_high_BL_0_J019_024.png,C,19,baseline,h4_exc,7039.72607421875,7039.72607421875,50087.16015625,2.7685593522619456e-05,1393526.375
C_high_BL_0_J019_024.png,C,19,matched_bias,h0_exc,3.797308921813965,3.797308921813965,4.159389495849609,0.04392123594880104,123.33082580566406
C_high_BL_0_J019_024.png,C,19,matched_bias,h1_exc,2.4662821292877197,2.4662821292877197,1.9699251651763916,0.047987472265958786,97.56669616699219
C_high_BL_0_J019_024.png,C,19,matched_bias,h2_exc,2.4169118404388428,2.4169118404388428,3.5549747943878174,0.006155443377792835,172.48928833007812
C_high_BL_0_J019_024.png,C,19,matched_bias,h3_exc,22.24679946899414,22.24679946899414,83.40315246582031,0.005058692768216133,1820.4755859375
C_high_BL_0_J019_024.png,C,19,matched_bias,h4_exc,7077.36376953125,7077.36376953125,50048.24609375,2.8801916414522566e-05,1438393.0
C_high_BL_0_J020_019.png,C,20,baseline,h0_exc,3.774470567703247,3.774470567703247,4.337214469909668,0.041493289172649384,184.82125854492188
C_high_BL_0_J020_019.png,C,20,baseline,h1_exc,2.2030301094055176,2.2030301094055176,1.9140357971191406,0.056088872253894806,179.9661865234375
C_high_BL_0_J020_019.png,C,20,baseline,h2_exc,2.373713731765747,2.373713731765747,3.4428293704986572,0.007067467551678419,135.00128173828125
C_high_BL_0_J020_019.png,C,20,baseline,h3_exc,21.918254852294922,21.918254852294922,83.43693542480469,0.0052237315103411674,1898.7562255859375
C_high_BL_0_J020_019.png,C,20,baseline,h4_exc,6977.001953125,6977.001953125,50910.8046875,2.860857239284087e-05,1295118.125
C_high_BL_0_J020_019.png,C,20,matched_bias,h0_exc,3.7743184566497803,3.7743184566497803,4.267094135284424,0.0427263081073761,185.81103515625
C_high_BL_0_J020_019.png,C,20,matched_bias,h1_exc,2.4690258502960205,2.4690258502960205,2.0814967155456543,0.05335910618305206,179.96934509277344
C_high_BL_0_J020_019.png,C,20,matched_bias,h2_exc,2.401334524154663,2.401334524154663,3.4987359046936035,0.006785829085856676,134.6175994873047
C_high_BL_0_J020_019.png,C,20,matched_bias,h3_exc,21.862998962402344,21.862998962402344,82.94891357421875,0.00583066837862134,1898.19580078125
C_high_BL_0_J020_019.png,C,20,matched_bias,h4_exc,6994.02880859375,6994.02880859375,50592.0625,2.948657493107021e-05,1284150.125
C_high_BL_0_J021_024.png,C,21,baseline,h0_exc,3.7946901321411133,3.7946901321411133,4.217440605163574,0.044206127524375916,128.1700439453125
C_high_BL_0_J021_024.png,C,21,baseline,h1_exc,2.2009401321411133,2.2009401321411133,1.8093194961547852,0.05695652216672897,97.97483825683594
C_high_BL_0_J021_024.png,C,21,baseline,h2_exc,2.3997623920440674,2.3997623920440674,3.5566012859344482,0.006993327755481005,162.8175506591797
C_high_BL_0_J021_024.png,C,21,baseline,h3_exc,22.589576721191406,22.589576721191406,84.724609375,0.005125889554619789,1786.4114990234375
C_high_BL_0_J021_024.png,C,21,baseline,h4_exc,7099.21142578125,7099.21142578125,50394.06640625,2.7596077416092157e-05,1393838.625
C_high_BL_0_J021_024.png,C,21,matched_bias,h0_exc,3.795501470565796,3.795501470565796,4.140501499176025,0.04456307366490364,118.75376892089844
C_high_BL_0_J021_024.png,C,21,matched_bias,h1_exc,2.4660749435424805,2.4660749435424805,1.9855237007141113,0.04877036064863205,92.98159790039062
C_high_BL_0_J021_024.png,C,21,matched_bias,h2_exc,2.42539381980896,2.42539381980896,3.6148579120635986,0.006174224428832531,185.6688690185547
C_high_BL_0_J021_024.png,C,21,matched_bias,h3_exc,22.433565139770508,22.433565139770508,84.02111053466797,0.00497299712151289,1823.052001953125
C_high_BL_0_J021_024.png,C,21,matched_bias,h4_exc,7143.05810546875,7143.05810546875,50392.83984375,2.8675791327259503e-05,1439767.375
C_high_BL_0_J022_015.png,C,22,baseline,h0_exc,3.770653009414673,3.770653009414673,4.143303871154785,0.04165491461753845,146.52197265625
C_high_BL_0_J022_015.png,C,22,baseline,h1_exc,2.197469711303711,2.197469711303711,1.8331772089004517,0.053095683455467224,154.7438507080078
C_high_BL_0_J022_015.png,C,22,baseline,h2_exc,2.3891656398773193,2.3891656398773193,3.450909376144409,0.006781213451176882,104.98126983642578
C_high_BL_0_J022_015.png,C,22,baseline,h3_exc,22.540390014648438,22.540390014648438,84.74806213378906,0.0036928087938576937,1901.3944091796875
C_high_BL_0_J022_015.png,C,22,baseline,h4_exc,7042.04052734375,7042.04052734375,48323.40625,2.9027271011727862e-05,1148365.0
C_high_BL_0_J022_015.png,C,22,matched_bias,h0_exc,3.774341344833374,3.774341344833374,4.073875904083252,0.041042909026145935,143.2822265625
C_high_BL_0_J022_015.png,C,22,matched_bias,h1_exc,2.4628725051879883,2.4628725051879883,1.999015212059021,0.05365388095378876,154.67633056640625
C_high_BL_0_J022_015.png,C,22,matched_bias,h2_exc,2.416796922683716,2.416796922683716,3.5072081089019775,0.0067708175629377365,114.71544647216797
C_high_BL_0_J022_015.png,C,22,matched_bias,h3_exc,22.46087646484375,22.46087646484375,84.19210815429688,0.0035611011553555727,1939.289794921875
C_high_BL_0_J022_015.png,C,22,matched_bias,h4_exc,7097.32958984375,7097.32958984375,48409.8515625,2.766464058368001e-05,1176385.625
C_high_BL_0_J023_003.png,C,23,baseline,h0_exc,3.804727077484131,3.804727077484131,4.189567565917969,0.03876270726323128,107.48958587646484
C_high_BL_0_J023_003.png,C,23,baseline,h1_exc,2.200564384460449,2.200564384460449,1.8038123846054077,0.05652286857366562,95.92912292480469
C_high_BL_0_J023_003.png,C,23,baseline,h2_exc,2.3935985565185547,2.3935985565185547,3.5299811363220215,0.007219506427645683,153.0782928466797
C_high_BL_0_J023_003.png,C,23,baseline,h3_exc,22.306480407714844,22.306480407714844,83.63097381591797,0.00519183836877346,2003.7200927734375
C_high_BL_0_J023_003.png,C,23,baseline,h4_exc,6915.5263671875,6915.5263671875,48528.31640625,2.3880751541582868e-05,1261137.75
C_high_BL_0_J023_003.png,C,23,matched_bias,h0_exc,3.804689407348633,3.804689407348633,4.116631984710693,0.04028170555830002,98.15121459960938
C_high_BL_0_J023_003.png,C,23,matched_bias,h1_exc,2.465764045715332,2.465764045715332,1.9758539199829102,0.048682987689971924,92.2257308959961
C_high_BL_0_J023_003.png,C,23,matched_bias,h2_exc,2.4216318130493164,2.4216318130493164,3.5881009101867676,0.007068410981446505,161.3739471435547
C_high_BL_0_J023_003.png,C,23,matched_bias,h3_exc,22.301565170288086,22.301565170288086,83.295654296875,0.005047242622822523,2006.77294921875
C_high_BL_0_J023_003.png,C,23,matched_bias,h4_exc,6941.115234375,6941.115234375,48357.08984375,2.38164393522311e-05,1299094.25
C_high_BL_0_J024_019.png,C,24,baseline,h0_exc,3.773749351501465,3.773749351501465,4.3403544425964355,0.041410163044929504,184.2433624267578
C_high_BL_0_J024_019.png,C,24,baseline,h1_exc,2.202768087387085,2.202768087387085,1.9105745553970337,0.06407622247934341,177.28903198242188
C_high_BL_0_J024_019.png,C,24,baseline,h2_exc,2.367964267730713,2.367964267730713,3.419754981994629,0.007077340502291918,133.00955200195312
C_high_BL_0_J024_019.png,C,24,baseline,h3_exc,21.845552444458008,21.845552444458008,83.2102279663086,0.005392742808908224,1913.5057373046875
C_high_BL_0_J024_019.png,C,24,baseline,h4_exc,7014.01171875,7014.01171875,51225.46484375,3.0337394491652958e-05,1317969.0
C_high_BL_0_J024_019.png,C,24,matched_bias,h0_exc,3.7734498977661133,3.7734498977661133,4.270260334014893,0.042570579797029495,180.5822296142578
C_high_BL_0_J024_019.png,C,24,matched_bias,h1_exc,2.468766450881958,2.468766450881958,2.0775253772735596,0.05369981378316879,181.36373901367188
C_high_BL_0_J024_019.png,C,24,matched_bias,h2_exc,2.3950307369232178,2.3950307369232178,3.4729232788085938,0.006802210584282875,132.95457458496094
C_high_BL_0_J024_019.png,C,24,matched_bias,h3_exc,21.78942108154297,21.78942108154297,82.70580291748047,0.006197712849825621,1901.8885498046875
C_high_BL_0_J024_019.png,C,24,matched_bias,h4_exc,7027.7998046875,7027.7998046875,50893.1953125,3.069798549404368e-05,1307352.25
C_high_BL_0_J025_022.png,C,25,baseline,h0_exc,3.807145118713379,3.807145118713379,4.224305629730225,0.040669143199920654,190.5189971923828
C_high_BL_0_J025_022.png,C,25,baseline,h1_exc,2.198462963104248,2.198462963104248,1.8014730215072632,0.051401324570178986,139.36151123046875
C_high_BL_0_J025_022.png,C,25,baseline,h2_exc,2.3921124935150146,2.3921124935150146,3.4923903942108154,0.008301175199449062,123.94070434570312
C_high_BL_0_J025_022.png,C,25,baseline,h3_exc,21.80799102783203,21.80799102783203,81.51155090332031,0.003858520183712244,1844.0709228515625
C_high_BL_0_J025_022.png,C,25,baseline,h4_exc,6866.375,6866.375,48543.0859375,2.5224260753020644e-05,1115045.125
C_high_BL_0_J025_022.png,C,25,matched_bias,h0_exc,3.8051254749298096,3.8051254749298096,4.155901908874512,0.041145652532577515,195.59971618652344
C_high_BL_0_J025_022.png,C,25,matched_bias,h1_exc,2.4633171558380127,2.4633171558380127,1.983575463294983,0.043572381138801575,147.29135131835938
C_high_BL_0_J025_022.png,C,25,matched_bias,h2_exc,2.4207746982574463,2.4207746982574463,3.5643415451049805,0.00822971947491169,136.76797485351562
C_high_BL_0_J025_022.png,C,25,matched_bias,h3_exc,21.7528018951416,21.7528018951416,80.99466705322266,0.003711931873112917,1819.9271240234375
C_high_BL_0_J025_022.png,C,25,matched_bias,h4_exc,6855.177734375,6855.177734375,47946.81640625,2.5362491214764304e-05,1084444.125
C_high_BL_0_J026_024.png,C,26,baseline,h0_exc,3.7925608158111572,3.7925608158111572,4.22206449508667,0.043863773345947266,130.59825134277344
C_high_BL_0_J026_024.png,C,26,baseline,h1_exc,2.2010233402252197,2.2010233402252197,1.808929204940796,0.05755285173654556,100.61602783203125
C_high_BL_0_J026_024.png,C,26,baseline,h2_exc,2.395277261734009,2.395277261734009,3.5303122997283936,0.007028861902654171,151.32911682128906
C_high_BL_0_J026_024.png,C,26,baseline,h3_exc,22.516454696655273,22.516454696655273,84.46295928955078,0.004967248532921076,1789.198974609375
C_high_BL_0_J026_024.png,C,26,baseline,h4_exc,7084.09326171875,7084.09326171875,50305.37890625,2.863642293959856e-05,1393364.0
C_high_BL_0_J026_024.png,C,26,matched_bias,h0_exc,3.7937381267547607,3.7937381267547607,4.144123077392578,0.04423264414072037,121.22518157958984
C_high_BL_0_J026_024.png,C,26,matched_bias,h1_exc,2.4663846492767334,2.4663846492767334,1.9841907024383545,0.047904714941978455,95.57087707519531
C_high_BL_0_J026_024.png,C,26,matched_bias,h2_exc,2.4213924407958984,2.4213924407958984,3.5894784927368164,0.006205509416759014,171.44717407226562
C_high_BL_0_J026_024.png,C,26,matched_bias,h3_exc,22.372610092163086,22.372610092163086,83.78289794921875,0.0048172008246183395,1820.849609375
C_high_BL_0_J026_024.png,C,26,matched_bias,h4_exc,7137.099609375,7137.099609375,50367.265625,2.9634700695169158e-05,1438685.25
C_high_BL_0_J027_012.png,C,27,baseline,h0_exc,3.8045754432678223,3.8045754432678223,4.256045818328857,0.03272441029548645,223.6984100341797
C_high_BL_0_J027_012.png,C,27,baseline,h1_exc,2.2035515308380127,2.2035515308380127,1.791725516319275,0.0441291518509388,126.60289001464844
C_high_BL_0_J027_012.png,C,27,baseline,h2_exc,2.372955083847046,2.372955083847046,3.423577070236206,0.00705922394990921,118.62115478515625
C_high_BL_0_J027_012.png,C,27,baseline,h3_exc,22.276094436645508,22.276094436645508,83.17201232910156,0.0044794571585953236,1668.1005859375
C_high_BL_0_J027_012.png,C,27,baseline,h4_exc,7180.48583984375,7180.48583984375,49998.42578125,2.8676213332801126e-05,1176750.875
C_high_BL_0_J027_012.png,C,27,matched_bias,h0_exc,3.805049419403076,3.805049419403076,4.180250644683838,0.03255430981516838,207.55772399902344
C_high_BL_0_J027_012.png,C,27,matched_bias,h1_exc,2.470125675201416,2.470125675201416,1.9656391143798828,0.03482295572757721,123.84144592285156
C_high_BL_0_J027_012.png,C,27,matched_bias,h2_exc,2.4000635147094727,2.4000635147094727,3.4713051319122314,0.007078761234879494,129.1629638671875
C_high_BL_0_J027_012.png,C,27,matched_bias,h3_exc,22.264991760253906,22.264991760253906,82.8875503540039,0.004330826457589865,1648.224365234375
C_high_BL_0_J027_012.png,C,27,matched_bias,h4_exc,7242.3125,7242.3125,50075.109375,2.8089183615520597e-05,1186269.875
C_high_BL_0_J028_008.png,C,28,baseline,h0_exc,3.806675434112549,3.806675434112549,4.186221122741699,0.037177152931690216,151.69461059570312
C_high_BL_0_J028_008.png,C,28,baseline,h1_exc,2.197991132736206,2.197991132736206,1.7631824016571045,0.04495659098029137,134.2680206298828
C_high_BL_0_J028_008.png,C,28,baseline,h2_exc,2.3706820011138916,2.3706820011138916,3.403959035873413,0.006313433405011892,126.60920715332031
C_high_BL_0_J028_008.png,C,28,baseline,h3_exc,22.979454040527344,22.979454040527344,86.7386703491211,0.004992217756807804,1716.5875244140625
C_high_BL_0_J028_008.png,C,28,baseline,h4_exc,7026.35791015625,7026.35791015625,51698.01171875,3.0942803277866915e-05,1487575.375
C_high_BL_0_J028_008.png,C,28,matched_bias,h0_exc,3.8050947189331055,3.8050947189331055,4.110211372375488,0.03809104859828949,146.16481018066406
C_high_BL_0_J028_008.png,C,28,matched_bias,h1_exc,2.463730573654175,2.463730573654175,1.9423784017562866,0.03465712070465088,131.90341186523438
C_high_BL_0_J028_008.png,C,28,matched_bias,h2_exc,2.3980584144592285,2.3980584144592285,3.4566144943237305,0.006262433715164661,135.02911376953125
C_high_BL_0_J028_008.png,C,28,matched_bias,h3_exc,22.907855987548828,22.907855987548828,86.30149841308594,0.005308506544679403,1756.3692626953125
C_high_BL_0_J028_008.png,C,28,matched_bias,h4_exc,7014.2060546875,7014.2060546875,50957.234375,3.1216401112033054e-05,1450879.0
C_high_BL_0_J029_012.png,C,29,baseline,h0_exc,3.8034369945526123,3.8034369945526123,4.256340026855469,0.033155158162117004,213.4879608154297
C_high_BL_0_J029_012.png,C,29,baseline,h1_exc,2.2027201652526855,2.2027201652526855,1.783972978591919,0.044207118451595306,121.22127532958984
C_high_BL_0_J029_012.png,C,29,baseline,h2_exc,2.373867988586426,2.373867988586426,3.433271646499634,0.007071881555020809,124.53292083740234
C_high_BL_0_J029_012.png,C,29,baseline,h3_exc,22.224750518798828,22.224750518798828,82.97628021240234,0.00473563838750124,1659.5364990234375
C_high_BL_0_J029_012.png,C,29,baseline,h4_exc,7137.05810546875,7137.05810546875,49603.47265625,2.9673152312170714e-05,1156573.5
C_high_BL_0_J029_012.png,C,29,matched_bias,h0_exc,3.8041913509368896,3.8041913509368896,4.179629325866699,0.033176228404045105,199.10874938964844
C_high_BL_0_J029_012.png,C,29,matched_bias,h1_exc,2.4691853523254395,2.4691853523254395,1.9555939435958862,0.03491360321640968,118.17094421386719
C_high_BL_0_J029_012.png,C,29,matched_bias,h2_exc,2.401272773742676,2.401272773742676,3.481747627258301,0.007112964056432247,134.93272399902344
C_high_BL_0_J029_012.png,C,29,matched_bias,h3_exc,22.21880531311035,22.21880531311035,82.75200653076172,0.0045591071248054504,1636.1468505859375
C_high_BL_0_J029_012.png,C,29,matched_bias,h4_exc,7198.83642578125,7198.83642578125,49695.56640625,2.948770998045802e-05,1186326.0
C_high_BL_0_J030_026.png,C,30,baseline,h0_exc,3.8111798763275146,3.8111798763275146,4.2288641929626465,0.031815264374017715,187.85108947753906
C_high_BL_0_J030_026.png,C,30,baseline,h1_exc,2.2007129192352295,2.2007129192352295,1.7778193950653076,0.03393718600273132,114.93963623046875
C_high_BL_0_J030_026.png,C,30,baseline,h2_exc,2.36639404296875,2.36639404296875,3.375741481781006,0.008347442373633385,140.5270538330078
C_high_BL_0_J030_026.png,C,30,baseline,h3_exc,22.550451278686523,22.550451278686523,84.525146484375,0.0052551995031535625,1960.783203125
C_high_BL_0_J030_026.png,C,30,baseline,h4_exc,7824.9794921875,7824.9794921875,55831.55078125,2.457330992911011e-05,1394895.5
C_high_BL_0_J030_026.png,C,30,matched_bias,h0_exc,3.815570592880249,3.815570592880249,4.158138275146484,0.03158586099743843,179.6329803466797
C_high_BL_0_J030_026.png,C,30,matched_bias,h1_exc,2.467207431793213,2.467207431793213,1.9487519264221191,0.03731068968772888,110.84854125976562
C_high_BL_0_J030_026.png,C,30,matched_bias,h2_exc,2.3941829204559326,2.3941829204559326,3.426424741744995,0.008121807128190994,149.17132568359375
C_high_BL_0_J030_026.png,C,30,matched_bias,h3_exc,22.3814640045166,22.3814640045166,83.68256378173828,0.005331965163350105,2093.194091796875
C_high_BL_0_J030_026.png,C,30,matched_bias,h4_exc,7754.2900390625,7754.2900390625,54959.58203125,2.4422894057352096e-05,1372827.125
C_high_BL_0_J031_009.png,C,31,baseline,h0_exc,3.753812789916992,3.753812789916992,4.268708229064941,0.0366629995405674,176.942626953125
C_high_BL_0_J031_009.png,C,31,baseline,h1_exc,2.1974587440490723,2.1974587440490723,1.9000444412231445,0.04494316875934601,207.5629119873047
C_high_BL_0_J031_009.png,C,31,baseline,h2_exc,2.3650283813476562,2.3650283813476562,3.438607692718506,0.006749913562089205,133.59442138671875
C_high_BL_0_J031_009.png,C,31,baseline,h3_exc,22.14395523071289,22.14395523071289,81.94610595703125,0.004086172208189964,1931.604248046875
C_high_BL_0_J031_009.png,C,31,baseline,h4_exc,6728.76708984375,6728.76708984375,47458.6015625,2.9596445529023185e-05,1172276.875
C_high_BL_0_J031_009.png,C,31,matched_bias,h0_exc,3.759835720062256,3.759835720062256,4.188193321228027,0.038440264761447906,168.43121337890625
C_high_BL_0_J031_009.png,C,31,matched_bias,h1_exc,2.462329864501953,2.462329864501953,2.053820848464966,0.04941161721944809,201.89834594726562
C_high_BL_0_J031_009.png,C,31,matched_bias,h2_exc,2.3932721614837646,2.3932721614837646,3.492797374725342,0.00635141646489501,131.28651428222656
C_high_BL_0_J031_009.png,C,31,matched_bias,h3_exc,22.049880981445312,22.049880981445312,81.43389892578125,0.004074407741427422,1877.1597900390625
C_high_BL_0_J031_009.png,C,31,matched_bias,h4_exc,6804.076171875,6804.076171875,47775.37890625,2.7966882043983787e-05,1207605.5
C_high_BL_0_J032_012.png,C,32,baseline,h0_exc,3.7991793155670166,3.7991793155670166,4.256398677825928,0.033004920929670334,219.21945190429688
C_high_BL_0_J032_012.png,C,32,baseline,h1_exc,2.201429605484009,2.201429605484009,1.7711870670318604,0.04308504983782768,126.39412689208984
C_high_BL_0_J032_012.png,C,32,baseline,h2_exc,2.359328031539917,2.359328031539917,3.3638479709625244,0.007133369334042072,112.63516998291016
C_high_BL_0_J032_012.png,C,32,baseline,h3_exc,22.05953598022461,22.05953598022461,82.17383575439453,0.004479588940739632,1644.0467529296875
C_high_BL_0_J032_012.png,C,32,baseline,h4_exc,7036.076171875,7036.076171875,49036.1328125,3.1389499781653285e-05,1156662.25
C_high_BL_0_J032_012.png,C,32,matched_bias,h0_exc,3.799396276473999,3.799396276473999,4.1798224449157715,0.032992906868457794,204.85702514648438
C_high_BL_0_J032_012.png,C,32,matched_bias,h1_exc,2.4679343700408936,2.4679343700408936,1.941564917564392,0.0338277667760849,123.76994323730469
C_high_BL_0_J032_012.png,C,32,matched_bias,h2_exc,2.385995388031006,2.385995388031006,3.4043726921081543,0.007145554758608341,116.26764678955078
C_high_BL_0_J032_012.png,C,32,matched_bias,h3_exc,22.027498245239258,22.027498245239258,81.84275817871094,0.004283037502318621,1644.87939453125
C_high_BL_0_J032_012.png,C,32,matched_bias,h4_exc,7084.23388671875,7084.23388671875,49007.4296875,3.123202986898832e-05,1162758.625
C_high_BL_0_J033_027.png,C,33,baseline,h0_exc,3.7566328048706055,3.7566328048706055,4.155989170074463,0.036324597895145416,135.74005126953125
C_high_BL_0_J033_027.png,C,33,baseline,h1_exc,2.195025682449341,2.195025682449341,1.8257278203964233,0.04799465090036392,134.45619201660156
C_high_BL_0_J033_027.png,C,33,baseline,h2_exc,2.3442420959472656,2.3442420959472656,3.3138649463653564,0.00754397502169013,124.10591888427734
C_high_BL_0_J033_027.png,C,33,baseline,h3_exc,22.20154571533203,22.20154571533203,83.61502075195312,0.003964100498706102,2103.368896484375
C_high_BL_0_J033_027.png,C,33,baseline,h4_exc,6922.63134765625,6922.63134765625,48266.28515625,3.3825879654614255e-05,1326949.0
C_high_BL_0_J033_027.png,C,33,matched_bias,h0_exc,3.761651039123535,3.761651039123535,4.088981628417969,0.03675926849246025,133.4180145263672
C_high_BL_0_J033_027.png,C,33,matched_bias,h1_exc,2.4602575302124023,2.4602575302124023,1.9861563444137573,0.03747422248125076,129.01708984375
C_high_BL_0_J033_027.png,C,33,matched_bias,h2_exc,2.3693642616271973,2.3693642616271973,3.3578808307647705,0.007426817435771227,134.43772888183594
C_high_BL_0_J033_027.png,C,33,matched_bias,h3_exc,22.116064071655273,22.116064071655273,83.02398681640625,0.004024500958621502,2090.0087890625
C_high_BL_0_J033_027.png,C,33,matched_bias,h4_exc,6968.03564453125,6968.03564453125,48391.94921875,3.3375730708939955e-05,1380904.5
C_high_BL_0_J034_000.png,C,34,baseline,h0_exc,3.797239303588867,3.797239303588867,4.243636608123779,0.03941424936056137,152.0216064453125
C_high_BL_0_J034_000.png,C,34,baseline,h1_exc,2.2011537551879883,2.2011537551879883,1.8206366300582886,0.04253017529845238,144.93637084960938
C_high_BL_0_J034_000.png,C,34,baseline,h2_exc,2.3751308917999268,2.3751308917999268,3.4666378498077393,0.005785985849797726,117.76927185058594
C_high_BL_0_J034_000.png,C,34,baseline,h3_exc,22.706342697143555,22.706342697143555,86.306884765625,0.007012699265033007,1639.7353515625
C_high_BL_0_J034_000.png,C,34,baseline,h4_exc,7663.1005859375,7663.1005859375,55797.2734375,2.6695295673562214e-05,1524630.875
C_high_BL_0_J034_000.png,C,34,matched_bias,h0_exc,3.7993695735931396,3.7993695735931396,4.170338153839111,0.03848125785589218,151.14657592773438
C_high_BL_0_J034_000.png,C,34,matched_bias,h1_exc,2.467411994934082,2.467411994934082,1.990383267402649,0.05551106482744217,143.10618591308594
C_high_BL_0_J034_000.png,C,34,matched_bias,h2_exc,2.403393507003784,2.403393507003784,3.5239217281341553,0.005701280198991299,118.70111846923828
C_high_BL_0_J034_000.png,C,34,matched_bias,h3_exc,22.568462371826172,22.568462371826172,85.52084350585938,0.006226206198334694,1664.959228515625
C_high_BL_0_J034_000.png,C,34,matched_bias,h4_exc,7659.83642578125,7659.83642578125,55144.93359375,2.585498987173196e-05,1504202.0
C_high_BL_0_J035_018.png,C,35,baseline,h0_exc,3.7368884086608887,3.7368884086608887,4.453700542449951,0.024868503212928772,406.867431640625
C_high_BL_0_J035_018.png,C,35,baseline,h1_exc,2.204749345779419,2.204749345779419,1.8967177867889404,0.05086485296487808,244.02127075195312
C_high_BL_0_J035_018.png,C,35,baseline,h2_exc,2.372154712677002,2.372154712677002,3.4126598834991455,0.006633254699409008,117.34842681884766
C_high_BL_0_J035_018.png,C,35,baseline,h3_exc,21.624528884887695,21.624528884887695,81.8250503540039,0.005727071780711412,1783.8966064453125
C_high_BL_0_J035_018.png,C,35,baseline,h4_exc,6716.263671875,6716.263671875,49551.640625,2.6649569917935878e-05,1499218.375
C_high_BL_0_J035_018.png,C,35,matched_bias,h0_exc,3.7339322566986084,3.7339322566986084,4.40042781829834,0.024562140926718712,422.39892578125
C_high_BL_0_J035_018.png,C,35,matched_bias,h1_exc,2.471350908279419,2.471350908279419,2.072878837585449,0.06240973249077797,272.9995422363281
C_high_BL_0_J035_018.png,C,35,matched_bias,h2_exc,2.3989336490631104,2.3989336490631104,3.466007709503174,0.0064464956521987915,126.68041229248047
C_high_BL_0_J035_018.png,C,35,matched_bias,h3_exc,21.522228240966797,21.522228240966797,81.270263671875,0.005808953195810318,1828.2305908203125
C_high_BL_0_J035_018.png,C,35,matched_bias,h4_exc,6676.9189453125,6676.9189453125,48792.91015625,2.4815550204948522e-05,1462639.875
C_high_BL_0_J036_029.png,C,36,baseline,h0_exc,3.7975006103515625,3.7975006103515625,4.266501426696777,0.03250858187675476,208.89645385742188
C_high_BL_0_J036_029.png,C,36,baseline,h1_exc,2.2006332874298096,2.2006332874298096,1.773695945739746,0.04111197963356972,157.38385009765625
C_high_BL_0_J036_029.png,C,36,baseline,h2_exc,2.3512613773345947,2.3512613773345947,3.3338534832000732,0.006629924289882183,117.1392822265625
C_high_BL_0_J036_029.png,C,36,baseline,h3_exc,21.214214324951172,21.214214324951172,79.7458724975586,0.006043398752808571,1952.5469970703125
C_high_BL_0_J036_029.png,C,36,baseline,h4_exc,6097.658203125,6097.658203125,43862.9609375,3.289110100013204e-05,1074383.25
C_high_BL_0_J036_029.png,C,36,matched_bias,h0_exc,3.7954113483428955,3.7954113483428955,4.191828727722168,0.03341295197606087,203.4661865234375
C_high_BL_0_J036_029.png,C,36,matched_bias,h1_exc,2.466564655303955,2.466564655303955,1.950913429260254,0.050058722496032715,155.9627685546875
C_high_BL_0_J036_029.png,C,36,matched_bias,h2_exc,2.3797974586486816,2.3797974586486816,3.392314910888672,0.006814717315137386,125.0702896118164
C_high_BL_0_J036_029.png,C,36,matched_bias,h3_exc,21.018787384033203,21.018787384033203,78.70124816894531,0.0059215836226940155,1935.2974853515625
C_high_BL_0_J036_029.png,C,36,matched_bias,h4_exc,6040.03271484375,6040.03271484375,43140.38671875,3.24211323459167e-05,1064797.5
C_high_BL_0_J037_008.png,C,37,baseline,h0_exc,3.8234808444976807,3.8234808444976807,4.174677848815918,0.03569214791059494,152.88864135742188
C_high_BL_0_J037_008.png,C,37,baseline,h1_exc,2.1958484649658203,2.1958484649658203,1.742835283279419,0.05085423216223717,78.34751892089844
C_high_BL_0_J037_008.png,C,37,baseline,h2_exc,2.3661959171295166,2.3661959171295166,3.3727593421936035,0.006357817444950342,109.82289123535156
C_high_BL_0_J037_008.png,C,37,baseline,h3_exc,23.10175323486328,23.10175323486328,87.1953353881836,0.0050870818085968494,1720.3594970703125
C_high_BL_0_J037_008.png,C,37,baseline,h4_exc,7133.0751953125,7133.0751953125,52519.35546875,3.060583912883885e-05,1508575.375
C_high_BL_0_J037_008.png,C,37,matched_bias,h0_exc,3.8213696479797363,3.8213696479797363,4.097691059112549,0.0367666631937027,136.10064697265625
C_high_BL_0_J037_008.png,C,37,matched_bias,h1_exc,2.4613614082336426,2.4613614082336426,1.9259800910949707,0.03910049423575401,71.93975830078125
C_high_BL_0_J037_008.png,C,37,matched_bias,h2_exc,2.3931832313537598,2.3931832313537598,3.4301552772521973,0.006295342929661274,105.4547348022461
C_high_BL_0_J037_008.png,C,37,matched_bias,h3_exc,23.05687713623047,23.05687713623047,86.86892700195312,0.005346057470887899,1797.5740966796875
C_high_BL_0_J037_008.png,C,37,matched_bias,h4_exc,7124.482421875,7124.482421875,51793.7890625,3.0938736017560586e-05,1477112.875
C_high_BL_0_J038_010.png,C,38,baseline,h0_exc,3.7937817573547363,3.7937817573547363,4.148118019104004,0.042919933795928955,136.55447387695312
C_high_BL_0_J038_010.png,C,38,baseline,h1_exc,2.1934735774993896,2.1934735774993896,1.7757948637008667,0.035506896674633026,158.66015625
C_high_BL_0_J038_010.png,C,38,baseline,h2_exc,2.325875759124756,2.325875759124756,3.255565881729126,0.006905735470354557,114.25711059570312
C_high_BL_0_J038_010.png,C,38,baseline,h3_exc,23.3094482421875,23.3094482421875,87.47119140625,0.0060873436741530895,2107.720458984375
C_high_BL_0_J038_010.png,C,38,baseline,h4_exc,7529.24609375,7529.24609375,52535.07421875,2.6202704248134978e-05,1257265.0
C_high_BL_0_J038_010.png,C,38,matched_bias,h0_exc,3.7981157302856445,3.7981157302856445,4.077277660369873,0.042451463639736176,126.49022674560547
C_high_BL_0_J038_010.png,C,38,matched_bias,h1_exc,2.458634614944458,2.458634614944458,1.9404016733169556,0.039915718138217926,142.26922607421875
C_high_BL_0_J038_010.png,C,38,matched_bias,h2_exc,2.350033760070801,2.350033760070801,3.300945997238159,0.006691466085612774,107.65206909179688
C_high_BL_0_J038_010.png,C,38,matched_bias,h3_exc,23.16214370727539,23.16214370727539,86.73143768310547,0.006052980665117502,2162.229248046875
C_high_BL_0_J038_010.png,C,38,matched_bias,h4_exc,7541.47998046875,7541.47998046875,52267.41015625,2.652624789334368e-05,1284989.75
C_high_BL_0_J039_031.png,C,39,baseline,h0_exc,3.7959868907928467,3.7959868907928467,4.094722747802734,0.042365483939647675,165.5696563720703
C_high_BL_0_J039_031.png,C,39,baseline,h1_exc,2.193960666656494,2.193960666656494,1.803852915763855,0.049803704023361206,108.44158935546875
C_high_BL_0_J039_031.png,C,39,baseline,h2_exc,2.394942045211792,2.394942045211792,3.509493589401245,0.008273165673017502,151.55096435546875
C_high_BL_0_J039_031.png,C,39,baseline,h3_exc,22.948625564575195,22.948625564575195,85.44772338867188,0.004305927082896233,1674.3006591796875
C_high_BL_0_J039_031.png,C,39,baseline,h4_exc,6824.052734375,6824.052734375,48744.640625,2.7624515496427193e-05,1437475.25
C_high_BL_0_J039_031.png,C,39,matched_bias,h0_exc,3.795206308364868,3.795206308364868,4.026026248931885,0.04182184115052223,158.17234802246094
C_high_BL_0_J039_031.png,C,39,matched_bias,h1_exc,2.4584524631500244,2.4584524631500244,1.9869521856307983,0.04436229169368744,107.38043212890625
C_high_BL_0_J039_031.png,C,39,matched_bias,h2_exc,2.422710657119751,2.422710657119751,3.585576057434082,0.007911395281553268,170.735107421875
C_high_BL_0_J039_031.png,C,39,matched_bias,h3_exc,22.841289520263672,22.841289520263672,84.95716094970703,0.003884907579049468,1729.9083251953125
C_high_BL_0_J039_031.png,C,39,matched_bias,h4_exc,6767.42333984375,6767.42333984375,47897.4765625,2.9000118956901133e-05,1376822.0
C_high_BL_0_J040_022.png,C,40,baseline,h0_exc,3.794405221939087,3.794405221939087,4.252624988555908,0.036279913038015366,208.40093994140625
C_high_BL_0_J040_022.png,C,40,baseline,h1_exc,2.197322368621826,2.197322368621826,1.7995129823684692,0.04881393909454346,157.94581604003906
C_high_BL_0_J040_022.png,C,40,baseline,h2_exc,2.3701398372650146,2.3701398372650146,3.371565103530884,0.008403085172176361,117.85275268554688
C_high_BL_0_J040_022.png,C,40,baseline,h3_exc,21.691329956054688,21.691329956054688,80.82830047607422,0.003688018536195159,1830.1112060546875
C_high_BL_0_J040_022.png,C,40,baseline,h4_exc,6791.31982421875,6791.31982421875,47749.2421875,2.526030584704131e-05,1085856.75
C_high_BL_0_J040_022.png,C,40,matched_bias,h0_exc,3.792264938354492,3.792264938354492,4.185072898864746,0.037427544593811035,209.61692810058594
C_high_BL_0_J040_022.png,C,40,matched_bias,h1_exc,2.463113784790039,2.463113784790039,1.9799003601074219,0.043949030339717865,167.62013244628906
C_high_BL_0_J040_022.png,C,40,matched_bias,h2_exc,2.3970046043395996,2.3970046043395996,3.4296555519104004,0.008168515749275684,128.17254638671875
C_high_BL_0_J040_022.png,C,40,matched_bias,h3_exc,21.600614547729492,21.600614547729492,80.1733169555664,0.0035767899826169014,1804.4024658203125
C_high_BL_0_J040_022.png,C,40,matched_bias,h4_exc,6764.71728515625,6764.71728515625,47050.4609375,2.5387798814335838e-05,1084418.625
C_high_BL_0_J041_020.png,C,41,baseline,h0_exc,3.783090829849243,3.783090829849243,4.350179672241211,0.023909401148557663,336.99664306640625
C_high_BL_0_J041_020.png,C,41,baseline,h1_exc,2.2002251148223877,2.2002251148223877,1.8153634071350098,0.05456971377134323,175.6628875732422
C_high_BL_0_J041_020.png,C,41,baseline,h2_exc,2.3632922172546387,2.3632922172546387,3.338796854019165,0.006337127648293972,110.57334899902344
C_high_BL_0_J041_020.png,C,41,baseline,h3_exc,22.273303985595703,22.273303985595703,83.99976348876953,0.006565941963344812,1954.5574951171875
C_high_BL_0_J041_020.png,C,41,baseline,h4_exc,7599.125,7599.125,55332.953125,2.8028669476043433e-05,1538229.5
C_high_BL_0_J041_020.png,C,41,matched_bias,h0_exc,3.785949945449829,3.785949945449829,4.298404216766357,0.024116840213537216,340.4906311035156
C_high_BL_0_J041_020.png,C,41,matched_bias,h1_exc,2.4675018787384033,2.4675018787384033,1.9801077842712402,0.04528574272990227,180.04669189453125
C_high_BL_0_J041_020.png,C,41,matched_bias,h2_exc,2.391824960708618,2.391824960708618,3.3840959072113037,0.006468077190220356,109.04200744628906
C_high_BL_0_J041_020.png,C,41,matched_bias,h3_exc,22.161897659301758,22.161897659301758,83.35355377197266,0.006269026547670364,1943.2423095703125
C_high_BL_0_J041_020.png,C,41,matched_bias,h4_exc,7543.14111328125,7543.14111328125,54215.7265625,2.7389387469156645e-05,1536067.5
C_high_BL_0_J042_036.png,C,42,baseline,h0_exc,3.842219352722168,3.842219352722168,4.096052646636963,0.057943664491176605,81.77590942382812
C_high_BL_0_J042_036.png,C,42,baseline,h1_exc,2.1863503456115723,2.1863503456115723,1.6995435953140259,0.05353811755776405,74.5639419555664
C_high_BL_0_J042_036.png,C,42,baseline,h2_exc,2.3339715003967285,2.3339715003967285,3.2753965854644775,0.008227569982409477,104.94613647460938
C_high_BL_0_J042_036.png,C,42,baseline,h3_exc,22.842308044433594,22.842308044433594,85.14266204833984,0.005730787757784128,1929.8702392578125
C_high_BL_0_J042_036.png,C,42,baseline,h4_exc,6847.12744140625,6847.12744140625,49140.53125,3.655210821307264e-05,1590521.125
C_high_BL_0_J042_036.png,C,42,matched_bias,h0_exc,3.8431921005249023,3.8431921005249023,4.025413990020752,0.059471793472766876,77.05931854248047
C_high_BL_0_J042_036.png,C,42,matched_bias,h1_exc,2.450315237045288,2.450315237045288,1.8815406560897827,0.04481302574276924,67.50659942626953
C_high_BL_0_J042_036.png,C,42,matched_bias,h2_exc,2.3586103916168213,2.3586103916168213,3.3268067836761475,0.008195833303034306,105.8040542602539
C_high_BL_0_J042_036.png,C,42,matched_bias,h3_exc,22.66653823852539,22.66653823852539,84.18472290039062,0.005322155077010393,1936.4093017578125
C_high_BL_0_J042_036.png,C,42,matched_bias,h4_exc,6772.03125,6772.03125,48028.9296875,3.4328953915974125e-05,1518134.625
C_high_BL_0_J043_026.png,C,43,baseline,h0_exc,3.8130581378936768,3.8130581378936768,4.2177653312683105,0.032288238406181335,159.2488250732422
C_high_BL_0_J043_026.png,C,43,baseline,h1_exc,2.201338529586792,2.201338529586792,1.769624948501587,0.03345859795808792,93.77714538574219
C_high_BL_0_J043_026.png,C,43,baseline,h2_exc,2.360579490661621,2.360579490661621,3.3409371376037598,0.008364220149815083,100.02896118164062
C_high_BL_0_J043_026.png,C,43,baseline,h3_exc,22.453474044799805,22.453474044799805,84.0688247680664,0.0052357809618115425,1960.928466796875
C_high_BL_0_J043_026.png,C,43,baseline,h4_exc,7780.6494140625,7780.6494140625,55339.46875,2.4562801627325825e-05,1371881.0
C_high_BL_0_J043_026.png,C,43,matched_bias,h0_exc,3.817394733428955,3.817394733428955,4.148078918457031,0.03258093446493149,150.17916870117188
C_high_BL_0_J043_026.png,C,43,matched_bias,h1_exc,2.4679033756256104,2.4679033756256104,1.9391146898269653,0.04167628288269043,90.23273468017578
C_high_BL_0_J043_026.png,C,43,matched_bias,h2_exc,2.38724684715271,2.38724684715271,3.384263038635254,0.008148529566824436,105.32933044433594
C_high_BL_0_J043_026.png,C,43,matched_bias,h3_exc,22.26201820373535,22.26201820373535,83.11637878417969,0.00533659290522337,2090.90771484375
C_high_BL_0_J043_026.png,C,43,matched_bias,h4_exc,7691.64208984375,7691.64208984375,54327.37890625,2.4407596356468275e-05,1349009.625
C_high_BL_0_J044_022.png,C,44,baseline,h0_exc,3.8061492443084717,3.8061492443084717,4.238888740539551,0.041735921055078506,221.39776611328125
C_high_BL_0_J044_022.png,C,44,baseline,h1_exc,2.1944212913513184,2.1944212913513184,1.773584008216858,0.04901261627674103,161.32412719726562
C_high_BL_0_J044_022.png,C,44,baseline,h2_exc,2.371495485305786,2.371495485305786,3.3839545249938965,0.00844624824821949,131.83465576171875
C_high_BL_0_J044_022.png,C,44,baseline,h3_exc,21.653892517089844,21.653892517089844,80.70375061035156,0.0038677516859024763,1844.9425048828125
C_high_BL_0_J044_022.png,C,44,baseline,h4_exc,6787.734375,6787.734375,47915.875,2.5195560738211498e-05,1098569.25
C_high_BL_0_J044_022.png,C,44,matched_bias,h0_exc,3.8030343055725098,3.8030343055725098,4.170721054077148,0.04084564372897148,225.73086547851562
C_high_BL_0_J044_022.png,C,44,matched_bias,h1_exc,2.459782361984253,2.459782361984253,1.9574596881866455,0.04159117117524147,171.14913940429688
C_high_BL_0_J044_022.png,C,44,matched_bias,h2_exc,2.3982386589050293,2.3982386589050293,3.4443581104278564,0.00821798574179411,142.06246948242188
C_high_BL_0_J044_022.png,C,44,matched_bias,h3_exc,21.570240020751953,21.570240020751953,80.06715393066406,0.0037489302922040224,1820.2420654296875
C_high_BL_0_J044_022.png,C,44,matched_bias,h4_exc,6754.2861328125,6754.2861328125,47146.2265625,2.533051883801818e-05,1097262.0
C_high_BL_0_J045_020.png,C,45,baseline,h0_exc,3.7909440994262695,3.7909440994262695,4.3470611572265625,0.023456057533621788,344.0730285644531
C_high_BL_0_J045_020.png,C,45,baseline,h1_exc,2.2001209259033203,2.2001209259033203,1.8207460641860962,0.055220380425453186,176.59901428222656
C_high_BL_0_J045_020.png,C,45,baseline,h2_exc,2.3808090686798096,2.3808090686798096,3.4103546142578125,0.0063255722634494305,146.41647338867188
C_high_BL_0_J045_020.png,C,45,baseline,h3_exc,22.448810577392578,22.448810577392578,84.7317123413086,0.005338185001164675,1961.0296630859375
C_high_BL_0_J045_020.png,C,45,baseline,h4_exc,7670.14453125,7670.14453125,55453.4296875,2.808003409882076e-05,1524070.125
C_high_BL_0_J045_020.png,C,45,matched_bias,h0_exc,3.7937803268432617,3.7937803268432617,4.292454242706299,0.023669801652431488,346.9150695800781
C_high_BL_0_J045_020.png,C,45,matched_bias,h1_exc,2.466951608657837,2.466951608657837,1.9874045848846436,0.05945219844579697,180.2289581298828
C_high_BL_0_J045_020.png,C,45,matched_bias,h2_exc,2.409538984298706,2.409538984298706,3.4628217220306396,0.006446488201618195,156.0200653076172
C_high_BL_0_J045_020.png,C,45,matched_bias,h3_exc,22.333850860595703,22.333850860595703,84.0892333984375,0.004878979176282883,1949.971435546875
C_high_BL_0_J045_020.png,C,45,matched_bias,h4_exc,7623.79052734375,7623.79052734375,54416.0078125,2.7398242309573106e-05,1521885.875
C_high_BL_0_J046_024.png,C,46,baseline,h0_exc,3.7884650230407715,3.7884650230407715,4.272129058837891,0.041319262236356735,146.93099975585938
C_high_BL_0_J046_024.png,C,46,baseline,h1_exc,2.1998369693756104,2.1998369693756104,1.7687666416168213,0.05937470495700836,117.56537628173828
C_high_BL_0_J046_024.png,C,46,baseline,h2_exc,2.3641605377197266,2.3641605377197266,3.3682479858398438,0.00698415981605649,106.1407699584961
C_high_BL_0_J046_024.png,C,46,baseline,h3_exc,21.963939666748047,21.963939666748047,82.43051147460938,0.005961126647889614,1810.267822265625
C_high_BL_0_J046_024.png,C,46,baseline,h4_exc,6823.0419921875,6823.0419921875,48910.53125,3.11803596559912e-05,1374403.75
C_high_BL_0_J046_024.png,C,46,matched_bias,h0_exc,3.790773868560791,3.790773868560791,4.197424411773682,0.041949011385440826,136.92291259765625
C_high_BL_0_J046_024.png,C,46,matched_bias,h1_exc,2.4656810760498047,2.4656810760498047,1.9364489316940308,0.045149680227041245,112.32341766357422
C_high_BL_0_J046_024.png,C,46,matched_bias,h2_exc,2.3898191452026367,2.3898191452026367,3.4119479656219482,0.006171002984046936,122.87351989746094
C_high_BL_0_J046_024.png,C,46,matched_bias,h3_exc,21.77324676513672,21.77324676513672,81.61071014404297,0.005608223378658295,1819.404541015625
C_high_BL_0_J046_024.png,C,46,matched_bias,h4_exc,6849.0751953125,6849.0751953125,48821.76171875,3.346127414260991e-05,1416698.375
C_high_BL_0_J047_017.png,C,47,baseline,h0_exc,3.8214080333709717,3.8214080333709717,4.1445088386535645,0.03370668739080429,126.71168518066406
C_high_BL_0_J047_017.png,C,47,baseline,h1_exc,2.198580503463745,2.198580503463745,1.7549158334732056,0.048830725252628326,93.49366760253906
C_high_BL_0_J047_017.png,C,47,baseline,h2_exc,2.368870496749878,2.368870496749878,3.3424172401428223,0.0058285025879740715,85.02949523925781
C_high_BL_0_J047_017.png,C,47,baseline,h3_exc,21.9986515045166,21.9986515045166,82.80970764160156,0.005654938984662294,1875.5399169921875
C_high_BL_0_J047_017.png,C,47,baseline,h4_exc,6906.638671875,6906.638671875,49230.203125,3.222382292733528e-05,1428791.0
C_high_BL_0_J047_017.png,C,47,matched_bias,h0_exc,3.8223321437835693,3.8223321437835693,4.075769424438477,0.034341465681791306,120.81007385253906
C_high_BL_0_J047_017.png,C,47,matched_bias,h1_exc,2.4650113582611084,2.4650113582611084,1.9310327768325806,0.048728834837675095,86.68724060058594
C_high_BL_0_J047_017.png,C,47,matched_bias,h2_exc,2.391481876373291,2.391481876373291,3.3862643241882324,0.005680768750607967,94.22181701660156
C_high_BL_0_J047_017.png,C,47,matched_bias,h3_exc,21.873668670654297,21.873668670654297,82.17554473876953,0.005660309921950102,1934.6962890625
C_high_BL_0_J047_017.png,C,47,matched_bias,h4_exc,6886.734375,6886.734375,48593.75390625,3.0383829653146677e-05,1394480.125
C_high_BL_0_J048_015.png,C,48,baseline,h0_exc,3.7717952728271484,3.7717952728271484,4.136349201202393,0.041390202939510345,160.5514678955078
C_high_BL_0_J048_015.png,C,48,baseline,h1_exc,2.194916009902954,2.194916009902954,1.815258502960205,0.05250909924507141,167.036376953125
C_high_BL_0_J048_015.png,C,48,baseline,h2_exc,2.3812577724456787,2.3812577724456787,3.4213638305664062,0.0067340657114982605,107.0648422241211
C_high_BL_0_J048_015.png,C,48,baseline,h3_exc,22.530611038208008,22.530611038208008,84.50933074951172,0.003796391189098358,1778.4573974609375
C_high_BL_0_J048_015.png,C,48,baseline,h4_exc,7032.61669921875,7032.61669921875,48179.3359375,3.054050466744229e-05,1154985.625
C_high_BL_0_J048_015.png,C,48,matched_bias,h0_exc,3.7747316360473633,3.7747316360473633,4.067928791046143,0.04084799438714981,157.6612091064453
C_high_BL_0_J048_015.png,C,48,matched_bias,h1_exc,2.45976185798645,2.45976185798645,1.9824278354644775,0.04991745203733444,167.2902374267578
C_high_BL_0_J048_015.png,C,48,matched_bias,h2_exc,2.408449172973633,2.408449172973633,3.4798314571380615,0.006699544843286276,118.290283203125
C_high_BL_0_J048_015.png,C,48,matched_bias,h3_exc,22.438135147094727,22.438135147094727,83.8801498413086,0.0037096859887242317,1800.4189453125
C_high_BL_0_J048_015.png,C,48,matched_bias,h4_exc,7078.830078125,7078.830078125,48219.88671875,2.9294940759427845e-05,1183856.0
C_high_BL_0_J049_017.png,C,49,baseline,h0_exc,3.8232061862945557,3.8232061862945557,4.142974376678467,0.043002575635910034,111.5868911743164
C_high_BL_0_J049_017.png,C,49,baseline,h1_exc,2.1988401412963867,2.1988401412963867,1.760056495666504,0.049391377717256546,95.57228088378906
C_high_BL_0_J049_017.png,C,49,baseline,h2_exc,2.369903326034546,2.369903326034546,3.350468873977661,0.005923036485910416,101.61392974853516
C_high_BL_0_J049_017.png,C,49,baseline,h3_exc,21.917348861694336,21.917348861694336,82.37857055664062,0.005518409889191389,1906.2353515625
C_high_BL_0_J049_017.png,C,49,baseline,h4_exc,6828.94482421875,6828.94482421875,48786.5546875,2.8149377612862736e-05,1452219.375
C_high_BL_0_J049_017.png,C,49,matched_bias,h0_exc,3.824310541152954,3.824310541152954,4.07401704788208,0.04271477833390236,105.35881042480469
C_high_BL_0_J049_017.png,C,49,matched_bias,h1_exc,2.4652225971221924,2.4652225971221924,1.9363759756088257,0.0501367449760437,88.96485137939453
C_high_BL_0_J049_017.png,C,49,matched_bias,h2_exc,2.393367052078247,2.393367052078247,3.395615339279175,0.005744841881096363,110.05433654785156
C_high_BL_0_J049_017.png,C,49,matched_bias,h3_exc,21.782690048217773,21.782690048217773,81.7022705078125,0.005483226850628853,1966.6824951171875
C_high_BL_0_J049_017.png,C,49,matched_bias,h4_exc,6798.35986328125,6798.35986328125,48060.0625,2.828498327289708e-05,1417608.375
C_high_BL_0_J050_015.png,C,50,baseline,h0_exc,3.7649474143981934,3.7649474143981934,4.160159587860107,0.040325865149497986,170.3212890625
C_high_BL_0_J050_015.png,C,50,baseline,h1_exc,2.1937546730041504,2.1937546730041504,1.7817517518997192,0.05083482712507248,180.07095336914062
C_high_BL_0_J050_015.png,C,50,baseline,h2_exc,2.365567684173584,2.365567684173584,3.3476760387420654,0.006767795421183109,108.58258056640625
C_high_BL_0_J050_015.png,C,50,baseline,h3_exc,22.179006576538086,22.179006576538086,83.13685607910156,0.0034508053213357925,1772.5306396484375
C_high_BL_0_J050_015.png,C,50,baseline,h4_exc,6782.08984375,6782.08984375,46284.4453125,3.034637302334886e-05,1122269.0
C_high_BL_0_J050_015.png,C,50,matched_bias,h0_exc,3.7669785022735596,3.7669785022735596,4.090484142303467,0.03951079025864601,167.8937530517578
C_high_BL_0_J050_015.png,C,50,matched_bias,h1_exc,2.458514928817749,2.458514928817749,1.945957899093628,0.05583646520972252,181.41506958007812
C_high_BL_0_J050_015.png,C,50,matched_bias,h2_exc,2.392134428024292,2.392134428024292,3.3972861766815186,0.006718853488564491,106.00114440917969
C_high_BL_0_J050_015.png,C,50,matched_bias,h3_exc,22.05316925048828,22.05316925048828,82.38982391357422,0.0034512444399297237,1758.9129638671875
C_high_BL_0_J050_015.png,C,50,matched_bias,h4_exc,6820.6181640625,6820.6181640625,46272.390625,2.9230928703327663e-05,1146128.625
C_high_BL_0_J051_017.png,C,51,baseline,h0_exc,3.8220396041870117,3.8220396041870117,4.147144794464111,0.04575461521744728,115.86937713623047
C_high_BL_0_J051_017.png,C,51,baseline,h1_exc,2.198859453201294,2.198859453201294,1.7444897890090942,0.04839267581701279,100.13356018066406
C_high_BL_0_J051_017.png,C,51,baseline,h2_exc,2.3596177101135254,2.3596177101135254,3.3016152381896973,0.0059755900874733925,86.51107025146484
C_high_BL_0_J051_017.png,C,51,baseline,h3_exc,21.81671905517578,21.81671905517578,82.19479370117188,0.005766788963228464,1884.146240234375
C_high_BL_0_J051_017.png,C,51,baseline,h4_exc,6758.853515625,6758.853515625,48270.48046875,2.9261298550409265e-05,1438293.125
C_high_BL_0_J051_017.png,C,51,matched_bias,h0_exc,3.823725700378418,3.823725700378418,4.0790228843688965,0.04721955209970474,109.02230834960938
C_high_BL_0_J051_017.png,C,51,matched_bias,h1_exc,2.4653820991516113,2.4653820991516113,1.9178959131240845,0.04852503538131714,92.96131896972656
C_high_BL_0_J051_017.png,C,51,matched_bias,h2_exc,2.3829805850982666,2.3829805850982666,3.342808723449707,0.005797660909593105,94.81037139892578
C_high_BL_0_J051_017.png,C,51,matched_bias,h3_exc,21.643091201782227,21.643091201782227,81.40676879882812,0.005570370238274336,1919.74658203125
C_high_BL_0_J051_017.png,C,51,matched_bias,h4_exc,6720.03955078125,6720.03955078125,47531.45703125,2.9598240871564485e-05,1403527.75
C_high_BL_0_J052_020.png,C,52,baseline,h0_exc,3.787599802017212,3.787599802017212,4.369737148284912,0.023334572091698647,361.80908203125
C_high_BL_0_J052_020.png,C,52,baseline,h1_exc,2.2007529735565186,2.2007529735565186,1.8087941408157349,0.05476624518632889,189.50914001464844
C_high_BL_0_J052_020.png,C,52,baseline,h2_exc,2.3657987117767334,2.3657987117767334,3.329925060272217,0.006280096247792244,113.22421264648438
C_high_BL_0_J052_020.png,C,52,baseline,h3_exc,22.2028865814209,22.2028865814209,83.89460754394531,0.005430702120065689,1955.6458740234375
C_high_BL_0_J052_020.png,C,52,baseline,h4_exc,7529.01806640625,7529.01806640625,54613.62109375,2.811814374581445e-05,1513423.125
C_high_BL_0_J052_020.png,C,52,matched_bias,h0_exc,3.7908871173858643,3.7908871173858643,4.321256637573242,0.02356172911822796,365.80743408203125
C_high_BL_0_J052_020.png,C,52,matched_bias,h1_exc,2.468123197555542,2.468123197555542,1.9724748134613037,0.05803261697292328,194.29127502441406
C_high_BL_0_J052_020.png,C,52,matched_bias,h2_exc,2.393819808959961,2.393819808959961,3.372931957244873,0.006412091664969921,112.29446411132812
C_high_BL_0_J052_020.png,C,52,matched_bias,h3_exc,22.072349548339844,22.072349548339844,83.2017593383789,0.004631444346159697,1944.14306640625
C_high_BL_0_J052_020.png,C,52,matched_bias,h4_exc,7477.90625,7477.90625,53531.2265625,2.746650716289878e-05,1508879.375
C_high_BL_0_J053_024.png,C,53,baseline,h0_exc,3.781822919845581,3.781822919845581,4.270668983459473,0.040450215339660645,152.27154541015625
C_high_BL_0_J053_024.png,C,53,baseline,h1_exc,2.1975643634796143,2.1975643634796143,1.7632288932800293,0.057399213314056396,123.79610443115234
C_high_BL_0_J053_024.png,C,53,baseline,h2_exc,2.3476827144622803,2.3476827144622803,3.3154358863830566,0.00692426972091198,99.32112884521484
C_high_BL_0_J053_024.png,C,53,baseline,h3_exc,21.840595245361328,21.840595245361328,81.6165542602539,0.0061202272772789,1824.473876953125
C_high_BL_0_J053_024.png,C,53,baseline,h4_exc,6711.04833984375,6711.04833984375,48012.4375,3.2605988963041455e-05,1365614.5
C_high_BL_0_J053_024.png,C,53,matched_bias,h0_exc,3.783170700073242,3.783170700073242,4.194178104400635,0.0408145934343338,143.27345275878906
C_high_BL_0_J053_024.png,C,53,matched_bias,h1_exc,2.4629085063934326,2.4629085063934326,1.929909586906433,0.0443795844912529,118.34701538085938
C_high_BL_0_J053_024.png,C,53,matched_bias,h2_exc,2.372488260269165,2.372488260269165,3.3548765182495117,0.0061307610012590885,100.5555191040039
C_high_BL_0_J053_024.png,C,53,matched_bias,h3_exc,21.632484436035156,21.632484436035156,80.74488830566406,0.005542214494198561,1789.5628662109375
C_high_BL_0_J053_024.png,C,53,matched_bias,h4_exc,6713.294921875,6713.294921875,47727.10546875,3.3515632821945474e-05,1406572.125
C_high_BL_0_J054_031.png,C,54,baseline,h0_exc,3.7841930389404297,3.7841930389404297,4.151653289794922,0.03956209868192673,192.353271484375
C_high_BL_0_J054_031.png,C,54,baseline,h1_exc,2.193019390106201,2.193019390106201,1.763236165046692,0.05249010771512985,134.08021545410156
C_high_BL_0_J054_031.png,C,54,baseline,h2_exc,2.3530118465423584,2.3530118465423584,3.309812307357788,0.008221784606575966,91.74694061279297
C_high_BL_0_J054_031.png,C,54,baseline,h3_exc,22.242326736450195,22.242326736450195,83.21163177490234,0.004547134041786194,1696.1925048828125
C_high_BL_0_J054_031.png,C,54,baseline,h4_exc,6494.79541015625,6494.79541015625,47429.54296875,2.7713156669051386e-05,1487783.375
C_high_BL_0_J054_031.png,C,54,matched_bias,h0_exc,3.7847726345062256,3.7847726345062256,4.084258079528809,0.03956016153097153,191.15296936035156
C_high_BL_0_J054_031.png,C,54,matched_bias,h1_exc,2.457979679107666,2.457979679107666,1.9354314804077148,0.04053989052772522,135.6126251220703
C_high_BL_0_J054_031.png,C,54,matched_bias,h2_exc,2.3781497478485107,2.3781497478485107,3.3563079833984375,0.007841462269425392,89.48165130615234
C_high_BL_0_J054_031.png,C,54,matched_bias,h3_exc,22.089244842529297,22.089244842529297,82.59468841552734,0.004369274713099003,1721.57421875
C_high_BL_0_J054_031.png,C,54,matched_bias,h4_exc,6424.2060546875,6424.2060546875,46459.5234375,2.891039002861362e-05,1424928.25
C_high_BL_0_J055_017.png,C,55,baseline,h0_exc,3.825796604156494,3.825796604156494,4.12116003036499,0.04649645462632179,114.05767822265625
C_high_BL_0_J055_017.png,C,55,baseline,h1_exc,2.1967127323150635,2.1967127323150635,1.760343313217163,0.04943179711699486,94.88090515136719
C_high_BL_0_J055_017.png,C,55,baseline,h2_exc,2.377092123031616,2.377092123031616,3.390864133834839,0.005890193395316601,123.70195770263672
C_high_BL_0_J055_017.png,C,55,baseline,h3_exc,22.157682418823242,22.157682418823242,83.27584838867188,0.005846190731972456,1872.05712890625
C_high_BL_0_J055_017.png,C,55,baseline,h4_exc,6936.509765625,6936.509765625,49566.4765625,3.102464688709006e-05,1467205.25
C_high_BL_0_J055_017.png,C,55,matched_bias,h0_exc,3.8264529705047607,3.8264529705047607,4.053047180175781,0.0477801188826561,107.28305053710938
C_high_BL_0_J055_017.png,C,55,matched_bias,h1_exc,2.462475299835205,2.462475299835205,1.9378767013549805,0.04969513416290283,88.01640319824219
C_high_BL_0_J055_017.png,C,55,matched_bias,h2_exc,2.4005119800567627,2.4005119800567627,3.443007707595825,0.005737130530178547,137.71340942382812
C_high_BL_0_J055_017.png,C,55,matched_bias,h3_exc,22.0338191986084,22.0338191986084,82.66767120361328,0.005700688809156418,1930.9034423828125
C_high_BL_0_J055_017.png,C,55,matched_bias,h4_exc,6914.72021484375,6914.72021484375,48913.27734375,3.0406019504880533e-05,1434591.0
C_high_BL_0_J056_029.png,C,56,baseline,h0_exc,3.7925620079040527,3.7925620079040527,4.297445774078369,0.032611995935440063,207.64096069335938
C_high_BL_0_J056_029.png,C,56,baseline,h1_exc,2.2012836933135986,2.2012836933135986,1.7761121988296509,0.03926723077893257,159.51580810546875
C_high_BL_0_J056_029.png,C,56,baseline,h2_exc,2.350219964981079,2.350219964981079,3.3215696811676025,0.006640761159360409,101.79829406738281
C_high_BL_0_J056_029.png,C,56,baseline,h3_exc,21.05553436279297,21.05553436279297,79.20523834228516,0.005688883364200592,1942.188232421875
C_high_BL_0_J056_029.png,C,56,baseline,h4_exc,6023.78271484375,6023.78271484375,43291.609375,3.299017407698557e-05,1068022.0
C_high_BL_0_J056_029.png,C,56,matched_bias,h0_exc,3.7908551692962646,3.7908551692962646,4.222098350524902,0.033510152250528336,200.51454162597656
C_high_BL_0_J056_029.png,C,56,matched_bias,h1_exc,2.4671149253845215,2.4671149253845215,1.9501445293426514,0.052943743765354156,158.19984436035156
C_high_BL_0_J056_029.png,C,56,matched_bias,h2_exc,2.378802537918091,2.378802537918091,3.37673020362854,0.006854861043393612,107.74380493164062
C_high_BL_0_J056_029.png,C,56,matched_bias,h3_exc,20.86480712890625,20.86480712890625,78.16468048095703,0.004767808131873608,1923.7833251953125
C_high_BL_0_J056_029.png,C,56,matched_bias,h4_exc,5976.8154296875,5976.8154296875,42658.21875,3.2467974961036816e-05,1067883.75
C_high_BL_0_J057_026.png,C,57,baseline,h0_exc,3.811185359954834,3.811185359954834,4.223296642303467,0.031348325312137604,167.1873321533203
C_high_BL_0_J057_026.png,C,57,baseline,h1_exc,2.1997034549713135,2.1997034549713135,1.7724685668945312,0.033684439957141876,116.12266540527344
C_high_BL_0_J057_026.png,C,57,baseline,h2_exc,2.3626439571380615,2.3626439571380615,3.3519294261932373,0.008165072649717331,103.01739501953125
C_high_BL_0_J057_026.png,C,57,baseline,h3_exc,22.5722599029541,22.5722599029541,84.80826568603516,0.005337114445865154,1942.7718505859375
C_high_BL_0_J057_026.png,C,57,baseline,h4_exc,7921.18359375,7921.18359375,56674.8125,2.4625898731756024e-05,1468898.0
C_high_BL_0_J057_026.png,C,57,matched_bias,h0_exc,3.816533088684082,3.816533088684082,4.154178619384766,0.030597584322094917,183.794677734375
C_high_BL_0_J057_026.png,C,57,matched_bias,h1_exc,2.4660844802856445,2.4660844802856445,1.940806269645691,0.03671322762966156,109.53443908691406
C_high_BL_0_J057_026.png,C,57,matched_bias,h2_exc,2.3897361755371094,2.3897361755371094,3.3970532417297363,0.007984073832631111,104.65882873535156
C_high_BL_0_J057_026.png,C,57,matched_bias,h3_exc,22.39556884765625,22.39556884765625,83.94599151611328,0.005413311533629894,2071.548828125
C_high_BL_0_J057_026.png,C,57,matched_bias,h4_exc,7844.05859375,7844.05859375,55742.90234375,2.4498800485162064e-05,1447054.125
C_high_BL_0_J058_029.png,C,58,baseline,h0_exc,3.7909839153289795,3.7909839153289795,4.3091020584106445,0.03184209018945694,224.7663116455078
C_high_BL_0_J058_029.png,C,58,baseline,h1_exc,2.2012243270874023,2.2012243270874023,1.7593011856079102,0.05172862485051155,173.60494995117188
C_high_BL_0_J058_029.png,C,58,baseline,h2_exc,2.3317482471466064,2.3317482471466064,3.233527660369873,0.006483462639153004,90.97948455810547
C_high_BL_0_J058_029.png,C,58,baseline,h3_exc,20.94348907470703,20.94348907470703,78.68621826171875,0.007372191175818443,1927.84326171875
C_high_BL_0_J058_029.png,C,58,baseline,h4_exc,5857.85791015625,5857.85791015625,42113.578125,3.313355045975186e-05,1080728.75
C_high_BL_0_J058_029.png,C,58,matched_bias,h0_exc,3.789337158203125,3.789337158203125,4.237278461456299,0.032627370208501816,217.87916564941406
C_high_BL_0_J058_029.png,C,58,matched_bias,h1_exc,2.467755079269409,2.467755079269409,1.9285649061203003,0.051118139177560806,174.2747802734375
C_high_BL_0_J058_029.png,C,58,matched_bias,h2_exc,2.358867883682251,2.358867883682251,3.274648427963257,0.006655746139585972,87.46797943115234
C_high_BL_0_J058_029.png,C,58,matched_bias,h3_exc,20.70766830444336,20.70766830444336,77.55831146240234,0.00729204248636961,1907.9188232421875
C_high_BL_0_J058_029.png,C,58,matched_bias,h4_exc,5807.755859375,5807.755859375,41459.87109375,3.2351330446545035e-05,1076746.5
C_high_BL_0_J060_005.png,C,60,baseline,h0_exc,3.8348653316497803,3.8348653316497803,4.202481746673584,0.04741114005446434,156.91078186035156
C_high_BL_0_J060_005.png,C,60,baseline,h1_exc,2.1985111236572266,2.1985111236572266,1.733620524406433,0.03790881484746933,164.99118041992188
C_high_BL_0_J060_005.png,C,60,baseline,h2_exc,2.3446247577667236,2.3446247577667236,3.2647054195404053,0.005924553144723177,96.7908935546875
C_high_BL_0_J060_005.png,C,60,baseline,h3_exc,21.4729061126709,21.4729061126709,80.90222930908203,0.004856021609157324,1918.8863525390625
C_high_BL_0_J060_005.png,C,60,baseline,h4_exc,6489.10107421875,6489.10107421875,46691.94140625,2.7403177227824926e-05,1315056.125
C_high_BL_0_J060_005.png,C,60,matched_bias,h0_exc,3.83003568649292,3.83003568649292,4.132260322570801,0.04880629479885101,159.3573760986328
C_high_BL_0_J060_005.png,C,60,matched_bias,h1_exc,2.4655940532684326,2.4655940532684326,1.916809320449829,0.0523650199174881,173.73715209960938
C_high_BL_0_J060_005.png,C,60,matched_bias,h2_exc,2.37187123298645,2.37187123298645,3.320234537124634,0.006343119312077761,96.58375549316406
C_high_BL_0_J060_005.png,C,60,matched_bias,h3_exc,21.33837127685547,21.33837127685547,80.11593627929688,0.004888377618044615,1907.773681640625
C_high_BL_0_J060_005.png,C,60,matched_bias,h4_exc,6453.5126953125,6453.5126953125,46187.87890625,2.6909219741355628e-05,1313340.375
straight_high_BL_0_J000_003.png,straight,0,baseline,h0_exc,3.821390390396118,3.821390390396118,4.23945951461792,0.03134388476610184,276.1797180175781
straight_high_BL_0_J000_003.png,straight,0,baseline,h1_exc,2.1908278465270996,2.1908278465270996,1.7817041873931885,0.04453589767217636,134.77996826171875
straight_high_BL_0_J000_003.png,straight,0,baseline,h2_exc,2.368990182876587,2.368990182876587,3.384147882461548,0.006938743405044079,124.11927032470703
straight_high_BL_0_J000_003.png,straight,0,baseline,h3_exc,23.287670135498047,23.287670135498047,87.50045776367188,0.005349286366254091,1775.764404296875
straight_high_BL_0_J000_003.png,straight,0,baseline,h4_exc,7620.8623046875,7620.8623046875,54925.9296875,2.9802440622006543e-05,1384194.75
straight_high_BL_0_J000_003.png,straight,0,matched_bias,h0_exc,3.823779821395874,3.823779821395874,4.223476409912109,0.03057384118437767,266.002197265625
straight_high_BL_0_J000_003.png,straight,0,matched_bias,h1_exc,2.3669562339782715,2.3669562339782715,1.8902784585952759,0.0530267097055912,134.73052978515625
straight_high_BL_0_J000_003.png,straight,0,matched_bias,h2_exc,2.4112823009490967,2.4112823009490967,3.5010337829589844,0.0068088918924331665,137.95736694335938
straight_high_BL_0_J000_003.png,straight,0,matched_bias,h3_exc,24.936227798461914,24.936227798461914,94.5067367553711,0.005430166609585285,1925.7991943359375
straight_high_BL_0_J000_003.png,straight,0,matched_bias,h4_exc,9044.8125,9044.8125,64811.3515625,2.9462436941685155e-05,1670097.25
straight_high_BL_0_J001_003.png,straight,1,baseline,h0_exc,3.821390390396118,3.821390390396118,4.23945951461792,0.03134388476610184,276.1797180175781
straight_high_BL_0_J001_003.png,straight,1,baseline,h1_exc,2.1908278465270996,2.1908278465270996,1.7817041873931885,0.04453589767217636,134.77996826171875
straight_high_BL_0_J001_003.png,straight,1,baseline,h2_exc,2.368990182876587,2.368990182876587,3.384147882461548,0.006938743405044079,124.11927032470703
straight_high_BL_0_J001_003.png,straight,1,baseline,h3_exc,23.287670135498047,23.287670135498047,87.50045776367188,0.005349286366254091,1775.764404296875
straight_high_BL_0_J001_003.png,straight,1,baseline,h4_exc,7620.8623046875,7620.8623046875,54925.9296875,2.9802440622006543e-05,1384194.75
straight_high_BL_0_J001_003.png,straight,1,matched_bias,h0_exc,3.823779821395874,3.823779821395874,4.223476409912109,0.03057384118437767,266.002197265625
straight_high_BL_0_J001_003.png,straight,1,matched_bias,h1_exc,2.3669562339782715,2.3669562339782715,1.8902784585952759,0.0530267097055912,134.73052978515625
straight_high_BL_0_J001_003.png,straight,1,matched_bias,h2_exc,2.4112823009490967,2.4112823009490967,3.5010337829589844,0.0068088918924331665,137.95736694335938
straight_high_BL_0_J001_003.png,straight,1,matched_bias,h3_exc,24.936227798461914,24.936227798461914,94.5067367553711,0.005430166609585285,1925.7991943359375
straight_high_BL_0_J001_003.png,straight,1,matched_bias,h4_exc,9044.8125,9044.8125,64811.3515625,2.9462436941685155e-05,1670097.25
straight_high_BL_0_J002_004.png,straight,2,baseline,h0_exc,3.7793993949890137,3.7793993949890137,4.348586559295654,0.037222012877464294,166.74131774902344
straight_high_BL_0_J002_004.png,straight,2,baseline,h1_exc,2.2041633129119873,2.2041633129119873,1.7908222675323486,0.043073274195194244,147.87579345703125
straight_high_BL_0_J002_004.png,straight,2,baseline,h2_exc,2.336219549179077,2.336219549179077,3.2742979526519775,0.007820500060915947,107.22736358642578
straight_high_BL_0_J002_004.png,straight,2,baseline,h3_exc,21.511247634887695,21.511247634887695,82.4322509765625,0.005851879250258207,1945.028076171875
straight_high_BL_0_J002_004.png,straight,2,baseline,h4_exc,6571.96728515625,6571.96728515625,48857.671875,3.032601671293378e-05,1739902.0
straight_high_BL_0_J002_004.png,straight,2,matched_bias,h0_exc,3.7838592529296875,3.7838592529296875,4.340214729309082,0.03566330298781395,161.09219360351562
straight_high_BL_0_J002_004.png,straight,2,matched_bias,h1_exc,2.3827860355377197,2.3827860355377197,1.8931323289871216,0.0551174096763134,146.97628784179688
straight_high_BL_0_J002_004.png,straight,2,matched_bias,h2_exc,2.3780782222747803,2.3780782222747803,3.3729770183563232,0.007907688617706299,113.4873275756836
straight_high_BL_0_J002_004.png,straight,2,matched_bias,h3_exc,22.83669662475586,22.83669662475586,88.31146240234375,0.005975575186312199,2051.599609375
straight_high_BL_0_J002_004.png,straight,2,matched_bias,h4_exc,7691.9013671875,7691.9013671875,56690.15234375,2.9718268706346862e-05,1982903.625
straight_high_BL_0_J003_004.png,straight,3,baseline,h0_exc,3.779214382171631,3.779214382171631,4.34950590133667,0.0372181236743927,166.96226501464844
straight_high_BL_0_J003_004.png,straight,3,baseline,h1_exc,2.2042038440704346,2.2042038440704346,1.7906723022460938,0.04307369142770767,147.96803283691406
straight_high_BL_0_J003_004.png,straight,3,baseline,h2_exc,2.335721492767334,2.335721492767334,3.2735559940338135,0.007816813886165619,107.15621948242188
straight_high_BL_0_J003_004.png,straight,3,baseline,h3_exc,21.51043128967285,21.51043128967285,82.4344482421875,0.005883584730327129,1945.1893310546875
straight_high_BL_0_J003_004.png,straight,3,baseline,h4_exc,6558.09375,6558.09375,48790.734375,3.0321674785227515e-05,1740007.0
straight_high_BL_0_J003_004.png,straight,3,matched_bias,h0_exc,3.783752679824829,3.783752679824829,4.341289520263672,0.03564798831939697,161.2932586669922
straight_high_BL_0_J003_004.png,straight,3,matched_bias,h1_exc,2.382844924926758,2.382844924926758,1.8930014371871948,0.05515071004629135,147.0696563720703
straight_high_BL_0_J003_004.png,straight,3,matched_bias,h2_exc,2.3776209354400635,2.3776209354400635,3.372260808944702,0.007902679964900017,113.39680480957031
straight_high_BL_0_J003_004.png,straight,3,matched_bias,h3_exc,22.837697982788086,22.837697982788086,88.31936645507812,0.005994679406285286,2051.737548828125
straight_high_BL_0_J003_004.png,straight,3,matched_bias,h4_exc,7676.71630859375,7676.71630859375,56616.20703125,2.9713757612626068e-05,1983149.75
straight_high_BL_0_J004_007.png,straight,4,baseline,h0_exc,3.79726505279541,3.79726505279541,4.27130651473999,0.03794613853096962,159.75186157226562
straight_high_BL_0_J004_007.png,straight,4,baseline,h1_exc,2.205376386642456,2.205376386642456,1.8116705417633057,0.04867542162537575,155.39407348632812
straight_high_BL_0_J004_007.png,straight,4,baseline,h2_exc,2.3566575050354004,2.3566575050354004,3.367982864379883,0.009004313498735428,100.3593521118164
straight_high_BL_0_J004_007.png,straight,4,baseline,h3_exc,22.619873046875,22.619873046875,85.54574584960938,0.006858339998871088,1754.7745361328125
straight_high_BL_0_J004_007.png,straight,4,baseline,h4_exc,7439.88818359375,7439.88818359375,55222.296875,2.3830200007068925e-05,1622757.375
straight_high_BL_0_J004_007.png,straight,4,matched_bias,h0_exc,3.799440383911133,3.799440383911133,4.260392665863037,0.03799058869481087,159.52880859375
straight_high_BL_0_J004_007.png,straight,4,matched_bias,h1_exc,2.384188652038574,2.384188652038574,1.9188792705535889,0.04782668873667717,156.74435424804688
straight_high_BL_0_J004_007.png,straight,4,matched_bias,h2_exc,2.399315118789673,2.399315118789673,3.470702886581421,0.00874272733926773,100.6636734008789
straight_high_BL_0_J004_007.png,straight,4,matched_bias,h3_exc,24.062824249267578,24.062824249267578,91.7667007446289,0.0067084114998579025,1898.904296875
straight_high_BL_0_J004_007.png,straight,4,matched_bias,h4_exc,8732.36328125,8732.36328125,64127.59375,2.3356597012025304e-05,1853349.5
straight_high_BL_0_J005_011.png,straight,5,baseline,h0_exc,3.7778003215789795,3.7778003215789795,4.272409915924072,0.041593942791223526,163.18836975097656
straight_high_BL_0_J005_011.png,straight,5,baseline,h1_exc,2.190631628036499,2.190631628036499,1.7842038869857788,0.03390117362141609,152.5772247314453
straight_high_BL_0_J005_011.png,straight,5,baseline,h2_exc,2.3301198482513428,2.3301198482513428,3.272984504699707,0.006778895389288664,121.826171875
straight_high_BL_0_J005_011.png,straight,5,baseline,h3_exc,22.750873565673828,22.750873565673828,85.09991455078125,0.00539231626316905,2178.00390625
straight_high_BL_0_J005_011.png,straight,5,baseline,h4_exc,7104.20068359375,7104.20068359375,50342.6640625,3.5685232433024794e-05,1411558.5
straight_high_BL_0_J005_011.png,straight,5,matched_bias,h0_exc,3.7831413745880127,3.7831413745880127,4.263522148132324,0.04176570847630501,155.4174041748047
straight_high_BL_0_J005_011.png,straight,5,matched_bias,h1_exc,2.3678431510925293,2.3678431510925293,1.8829959630966187,0.053161852061748505,150.92025756835938
straight_high_BL_0_J005_011.png,straight,5,matched_bias,h2_exc,2.3731346130371094,2.3731346130371094,3.378389358520508,0.006329534575343132,125.66860961914062
straight_high_BL_0_J005_011.png,straight,5,matched_bias,h3_exc,24.235393524169922,24.235393524169922,91.55397033691406,0.005398635286837816,2296.24462890625
straight_high_BL_0_J005_011.png,straight,5,matched_bias,h4_exc,8399.6455078125,8399.6455078125,59339.46484375,3.477414429653436e-05,1665041.5
straight_high_BL_0_J006_011.png,straight,6,baseline,h0_exc,3.7776100635528564,3.7776100635528564,4.2741265296936035,0.04148580878973007,163.58755493164062
straight_high_BL_0_J006_011.png,straight,6,baseline,h1_exc,2.1908605098724365,2.1908605098724365,1.7870582342147827,0.03393193706870079,152.68994140625
straight_high_BL_0_J006_011.png,straight,6,baseline,h2_exc,2.3304641246795654,2.3304641246795654,3.2757656574249268,0.006805248558521271,121.76885986328125
straight_high_BL_0_J006_011.png,straight,6,baseline,h3_exc,22.752361297607422,22.752361297607422,85.08324432373047,0.005202448461204767,2176.7099609375
straight_high_BL_0_J006_011.png,straight,6,baseline,h4_exc,7099.38916015625,7099.38916015625,50355.02734375,3.568630199879408e-05,1413504.5
straight_high_BL_0_J006_011.png,straight,6,matched_bias,h0_exc,3.782968044281006,3.782968044281006,4.265267848968506,0.04159294068813324,155.77769470214844
straight_high_BL_0_J006_011.png,straight,6,matched_bias,h1_exc,2.3681204319000244,2.3681204319000244,1.8858954906463623,0.05318053439259529,151.06100463867188
straight_high_BL_0_J006_011.png,straight,6,matched_bias,h2_exc,2.3734679222106934,2.3734679222106934,3.3814072608947754,0.006345242261886597,125.62361907958984
straight_high_BL_0_J006_011.png,straight,6,matched_bias,h3_exc,24.236412048339844,24.236412048339844,91.53561401367188,0.005381524562835693,2295.184814453125
straight_high_BL_0_J006_011.png,straight,6,matched_bias,h4_exc,8396.013671875,8396.013671875,59361.50390625,3.477727295830846e-05,1666984.75
straight_high_BL_0_J007_010.png,straight,7,baseline,h0_exc,3.781355619430542,3.781355619430542,4.330366134643555,0.03643064573407173,292.36407470703125
straight_high_BL_0_J007_010.png,straight,7,baseline,h1_exc,2.2050108909606934,2.2050108909606934,1.8547558784484863,0.03713221102952957,248.7555694580078
straight_high_BL_0_J007_010.png,straight,7,baseline,h2_exc,2.3608100414276123,2.3608100414276123,3.341205596923828,0.006193391978740692,127.05364227294922
straight_high_BL_0_J007_010.png,straight,7,baseline,h3_exc,21.5645694732666,21.5645694732666,81.85209655761719,0.005759476218372583,1696.189208984375
straight_high_BL_0_J007_010.png,straight,7,baseline,h4_exc,6542.79638671875,6542.79638671875,46492.58984375,3.253164322813973e-05,1226580.125
straight_high_BL_0_J007_010.png,straight,7,matched_bias,h0_exc,3.78438138961792,3.78438138961792,4.320371150970459,0.03619195520877838,289.6882019042969
straight_high_BL_0_J007_010.png,straight,7,matched_bias,h1_exc,2.3840482234954834,2.3840482234954834,1.959957242012024,0.056206025183200836,254.26402282714844
straight_high_BL_0_J007_010.png,straight,7,matched_bias,h2_exc,2.4019341468811035,2.4019341468811035,3.4430172443389893,0.0062794154509902,128.13027954101562
straight_high_BL_0_J007_010.png,straight,7,matched_bias,h3_exc,22.88079833984375,22.88079833984375,87.65068817138672,0.0057456777431070805,1902.9754638671875
straight_high_BL_0_J007_010.png,straight,7,matched_bias,h4_exc,7718.91064453125,7718.91064453125,54595.453125,3.122343696304597e-05,1477027.75
straight_high_BL_0_J008_013.png,straight,8,baseline,h0_exc,3.7749946117401123,3.7749946117401123,4.248058795928955,0.03473421558737755,185.20619201660156
straight_high_BL_0_J008_013.png,straight,8,baseline,h1_exc,2.1933419704437256,2.1933419704437256,1.811813473701477,0.0382075160741806,168.4233856201172
straight_high_BL_0_J008_013.png,straight,8,baseline,h2_exc,2.349344253540039,2.349344253540039,3.3250808715820312,0.008383742533624172,121.61257934570312
straight_high_BL_0_J008_013.png,straight,8,baseline,h3_exc,23.580846786499023,23.580846786499023,88.50857543945312,0.00746310967952013,1715.988037109375
straight_high_BL_0_J008_013.png,straight,8,baseline,h4_exc,8430.671875,8430.671875,59707.32421875,2.5877039661281742e-05,1423473.125
straight_high_BL_0_J008_013.png,straight,8,matched_bias,h0_exc,3.7803683280944824,3.7803683280944824,4.233908653259277,0.034097820520401,182.8691864013672
straight_high_BL_0_J008_013.png,straight,8,matched_bias,h1_exc,2.371413230895996,2.371413230895996,1.9105721712112427,0.03921732306480408,169.71644592285156
straight_high_BL_0_J008_013.png,straight,8,matched_bias,h2_exc,2.3921103477478027,2.3921103477478027,3.430269718170166,0.008596643805503845,122.3712387084961
straight_high_BL_0_J008_013.png,straight,8,matched_bias,h3_exc,25.181385040283203,25.181385040283203,95.41896057128906,0.007543081417679787,1833.5753173828125
straight_high_BL_0_J008_013.png,straight,8,matched_bias,h4_exc,10022.3427734375,10022.3427734375,70554.109375,2.536270403652452e-05,1675993.0
straight_high_BL_0_J009_007.png,straight,9,baseline,h0_exc,3.7949953079223633,3.7949953079223633,4.276419162750244,0.03773824870586395,160.8549346923828
straight_high_BL_0_J009_007.png,straight,9,baseline,h1_exc,2.205786943435669,2.205786943435669,1.8096034526824951,0.04839380457997322,158.3865509033203
straight_high_BL_0_J009_007.png,straight,9,baseline,h2_exc,2.351374626159668,2.351374626159668,3.3456289768218994,0.009058411233127117,100.77953338623047
straight_high_BL_0_J009_007.png,straight,9,baseline,h3_exc,22.592025756835938,22.592025756835938,85.4168472290039,0.006749088875949383,1756.11328125
straight_high_BL_0_J009_007.png,straight,9,baseline,h4_exc,7437.45263671875,7437.45263671875,55157.9375,2.3865448383730836e-05,1623981.0
straight_high_BL_0_J009_007.png,straight,9,matched_bias,h0_exc,3.7970523834228516,3.7970523834228516,4.265748977661133,0.03778892755508423,160.68466186523438
straight_high_BL_0_J009_007.png,straight,9,matched_bias,h1_exc,2.3848373889923096,2.3848373889923096,1.9166775941848755,0.047447431832551956,160.04296875
straight_high_BL_0_J009_007.png,straight,9,matched_bias,h2_exc,2.3936448097229004,2.3936448097229004,3.4456121921539307,0.008736178278923035,101.06291961669922
straight_high_BL_0_J009_007.png,straight,9,matched_bias,h3_exc,24.03006362915039,24.03006362915039,91.62879943847656,0.0066115474328398705,1900.94677734375
straight_high_BL_0_J009_007.png,straight,9,matched_bias,h4_exc,8729.51171875,8729.51171875,64057.9375,2.3396547476295382e-05,1854789.375
straight_high_BL_0_J010_020.png,straight,10,baseline,h0_exc,3.8007853031158447,3.8007853031158447,4.324733734130859,0.03174779936671257,174.84344482421875
straight_high_BL_0_J010_020.png,straight,10,baseline,h1_exc,2.1961629390716553,2.1961629390716553,1.7471017837524414,0.0462896004319191,153.36825561523438
straight_high_BL_0_J010_020.png,straight,10,baseline,h2_exc,2.3226425647735596,2.3226425647735596,3.193188190460205,0.0077926842495799065,92.84831237792969
straight_high_BL_0_J010_020.png,straight,10,baseline,h3_exc,22.71718978881836,22.71718978881836,86.06555938720703,0.004837308544665575,1737.3682861328125
straight_high_BL_0_J010_020.png,straight,10,baseline,h4_exc,7209.205078125,7209.205078125,51956.18359375,3.162567736580968e-05,1419209.5
straight_high_BL_0_J010_020.png,straight,10,matched_bias,h0_exc,3.804091453552246,3.804091453552246,4.315784931182861,0.030615661293268204,172.2085723876953
straight_high_BL_0_J010_020.png,straight,10,matched_bias,h1_exc,2.373769521713257,2.373769521713257,1.8518108129501343,0.046800702810287476,156.7369384765625
straight_high_BL_0_J010_020.png,straight,10,matched_bias,h2_exc,2.3631415367126465,2.3631415367126465,3.2925374507904053,0.007742768619209528,93.97349548339844
straight_high_BL_0_J010_020.png,straight,10,matched_bias,h3_exc,24.15298080444336,24.15298080444336,92.33853912353516,0.004814598243683577,1905.175537109375
straight_high_BL_0_J010_020.png,straight,10,matched_bias,h4_exc,8514.712890625,8514.712890625,60829.98046875,3.2007694244384766e-05,1625548.25
straight_high_BL_0_J011_014.png,straight,11,baseline,h0_exc,3.7957727909088135,3.7957727909088135,4.203390598297119,0.03903980553150177,142.8107147216797
straight_high_BL_0_J011_014.png,straight,11,baseline,h1_exc,2.1960394382476807,2.1960394382476807,1.7660504579544067,0.04607873782515526,135.86624145507812
straight_high_BL_0_J011_014.png,straight,11,baseline,h2_exc,2.3443806171417236,2.3443806171417236,3.284841775894165,0.006424040533602238,103.31869506835938
straight_high_BL_0_J011_014.png,straight,11,baseline,h3_exc,21.825489044189453,21.825489044189453,81.48324584960938,0.004180209245532751,1601.178955078125
straight_high_BL_0_J011_014.png,straight,11,baseline,h4_exc,6746.671875,6746.671875,47564.03515625,2.772515290416777e-05,1169301.75
straight_high_BL_0_J011_014.png,straight,11,matched_bias,h0_exc,3.799091100692749,3.799091100692749,4.188424110412598,0.03876475244760513,138.44801330566406
straight_high_BL_0_J011_014.png,straight,11,matched_bias,h1_exc,2.373666524887085,2.373666524887085,1.871185302734375,0.0456232950091362,140.94561767578125
straight_high_BL_0_J011_014.png,straight,11,matched_bias,h2_exc,2.386098623275757,2.386098623275757,3.387990951538086,0.006563214119523764,105.23721313476562
straight_high_BL_0_J011_014.png,straight,11,matched_bias,h3_exc,23.253263473510742,23.253263473510742,87.65884399414062,0.004219424445182085,1780.653564453125
straight_high_BL_0_J011_014.png,straight,11,matched_bias,h4_exc,7988.24951171875,7988.24951171875,55859.671875,2.7326221243129112e-05,1375194.0
straight_high_BL_0_J012_012.png,straight,12,baseline,h0_exc,3.7421789169311523,3.7421789169311523,4.33901834487915,0.03317101299762726,328.6687316894531
straight_high_BL_0_J012_012.png,straight,12,baseline,h1_exc,2.1931493282318115,2.1931493282318115,1.8215869665145874,0.048052895814180374,251.86814880371094
straight_high_BL_0_J012_012.png,straight,12,baseline,h2_exc,2.3258135318756104,2.3258135318756104,3.2338175773620605,0.007492673583328724,112.31377410888672
straight_high_BL_0_J012_012.png,straight,12,baseline,h3_exc,22.144975662231445,22.144975662231445,83.51276397705078,0.005050370469689369,1732.83740234375
straight_high_BL_0_J012_012.png,straight,12,baseline,h4_exc,6937.00048828125,6937.00048828125,50733.8203125,2.788530218822416e-05,1409250.25
straight_high_BL_0_J012_012.png,straight,12,matched_bias,h0_exc,3.746527671813965,3.746527671813965,4.323586463928223,0.03381391614675522,332.1004638671875
straight_high_BL_0_J012_012.png,straight,12,matched_bias,h1_exc,2.370945453643799,2.370945453643799,1.920990228652954,0.050128594040870667,259.156982421875
straight_high_BL_0_J012_012.png,straight,12,matched_bias,h2_exc,2.368389844894409,2.368389844894409,3.3411002159118652,0.008030909113585949,115.79666137695312
straight_high_BL_0_J012_012.png,straight,12,matched_bias,h3_exc,23.587976455688477,23.587976455688477,89.73193359375,0.005002782680094242,1848.0421142578125
straight_high_BL_0_J012_012.png,straight,12,matched_bias,h4_exc,8182.78271484375,8182.78271484375,59463.83203125,2.6814484954229556e-05,1666113.5
straight_high_BL_0_J013_017.png,straight,13,baseline,h0_exc,3.769684076309204,3.769684076309204,4.190732479095459,0.04053226113319397,163.9314727783203
straight_high_BL_0_J013_017.png,straight,13,baseline,h1_exc,2.1983492374420166,2.1983492374420166,1.7969027757644653,0.0459727868437767,163.14627075195312
straight_high_BL_0_J013_017.png,straight,13,baseline,h2_exc,2.352423667907715,2.352423667907715,3.314495325088501,0.0066067553125321865,110.19082641601562
straight_high_BL_0_J013_017.png,straight,13,baseline,h3_exc,22.661705017089844,22.661705017089844,85.37825012207031,0.006660408340394497,1931.940185546875
straight_high_BL_0_J013_017.png,straight,13,baseline,h4_exc,7591.1826171875,7591.1826171875,55913.79296875,2.9777098461636342e-05,1474237.125
straight_high_BL_0_J013_017.png,straight,13,matched_bias,h0_exc,3.7726612091064453,3.7726612091064453,4.178796768188477,0.041389159858226776,156.11334228515625
straight_high_BL_0_J013_017.png,straight,13,matched_bias,h1_exc,2.3766069412231445,2.3766069412231445,1.8996508121490479,0.04780274257063866,160.4266357421875
straight_high_BL_0_J013_017.png,straight,13,matched_bias,h2_exc,2.3932480812072754,2.3932480812072754,3.414217472076416,0.006859442684799433,108.64057922363281
straight_high_BL_0_J013_017.png,straight,13,matched_bias,h3_exc,24.03466033935547,24.03466033935547,91.40653991699219,0.006560689304023981,2034.4239501953125
straight_high_BL_0_J013_017.png,straight,13,matched_bias,h4_exc,8915.0498046875,8915.0498046875,65149.92578125,2.97217757179169e-05,1727079.0
straight_high_BL_0_J014_018.png,straight,14,baseline,h0_exc,3.831155776977539,3.831155776977539,4.221060752868652,0.04126988723874092,116.87858581542969
straight_high_BL_0_J014_018.png,straight,14,baseline,h1_exc,2.198688268661499,2.198688268661499,1.7475714683532715,0.04072343558073044,101.60552978515625
straight_high_BL_0_J014_018.png,straight,14,baseline,h2_exc,2.353848934173584,2.353848934173584,3.307363271713257,0.00556922797113657,107.63198852539062
straight_high_BL_0_J014_018.png,straight,14,baseline,h3_exc,22.312559127807617,22.312559127807617,84.80037689208984,0.005705827381461859,1805.83642578125
straight_high_BL_0_J014_018.png,straight,14,baseline,h4_exc,6688.4658203125,6688.4658203125,47682.69140625,2.826089803420473e-05,1307357.5
straight_high_BL_0_J014_018.png,straight,14,matched_bias,h0_exc,3.83341908454895,3.83341908454895,4.210139751434326,0.04079582914710045,116.20185089111328
straight_high_BL_0_J014_018.png,straight,14,matched_bias,h1_exc,2.3760831356048584,2.3760831356048584,1.8515387773513794,0.06483261287212372,99.37158966064453
straight_high_BL_0_J014_018.png,straight,14,matched_bias,h2_exc,2.393329381942749,2.393329381942749,3.4036762714385986,0.005588884465396404,113.90897369384766
straight_high_BL_0_J014_018.png,straight,14,matched_bias,h3_exc,23.780736923217773,23.780736923217773,91.13436126708984,0.005721279885619879,1989.358154296875
straight_high_BL_0_J014_018.png,straight,14,matched_bias,h4_exc,7886.484375,7886.484375,55802.0,2.821044654410798e-05,1492875.125
straight_high_BL_0_J015_011.png,straight,15,baseline,h0_exc,3.7757256031036377,3.7757256031036377,4.276942253112793,0.041665900498628616,165.2913818359375
straight_high_BL_0_J015_011.png,straight,15,baseline,h1_exc,2.1903398036956787,2.1903398036956787,1.7783769369125366,0.03367158770561218,154.4246826171875
straight_high_BL_0_J015_011.png,straight,15,baseline,h2_exc,2.3264293670654297,2.3264293670654297,3.2624528408050537,0.006782519165426493,122.4089126586914
straight_high_BL_0_J015_011.png,straight,15,baseline,h3_exc,22.663410186767578,22.663410186767578,84.719970703125,0.005209552589803934,2174.2119140625
straight_high_BL_0_J015_011.png,straight,15,baseline,h4_exc,7043.2451171875,7043.2451171875,50006.92578125,3.562818528735079e-05,1406618.25
straight_high_BL_0_J015_011.png,straight,15,matched_bias,h0_exc,3.781038284301758,3.781038284301758,4.268147945404053,0.04178492724895477,157.45408630371094
straight_high_BL_0_J015_011.png,straight,15,matched_bias,h1_exc,2.3675949573516846,2.3675949573516846,1.8772895336151123,0.05282113701105118,152.8348846435547
straight_high_BL_0_J015_011.png,straight,15,matched_bias,h2_exc,2.3694393634796143,2.3694393634796143,3.367264986038208,0.006332853808999062,126.25521850585938
straight_high_BL_0_J015_011.png,straight,15,matched_bias,h3_exc,24.148527145385742,24.148527145385742,91.177490234375,0.00538659980520606,2292.402587890625
straight_high_BL_0_J015_011.png,straight,15,matched_bias,h4_exc,8336.2197265625,8336.2197265625,58984.21875,3.471501258900389e-05,1658828.25
straight_high_BL_0_J016_008.png,straight,16,baseline,h0_exc,3.7970807552337646,3.7970807552337646,4.231122970581055,0.04096170514822006,157.56602478027344
straight_high_BL_0_J016_008.png,straight,16,baseline,h1_exc,2.1969878673553467,2.1969878673553467,1.7595371007919312,0.045098595321178436,134.91119384765625
straight_high_BL_0_J016_008.png,straight,16,baseline,h2_exc,2.3497819900512695,2.3497819900512695,3.2869057655334473,0.00667567877098918,95.41021728515625
straight_high_BL_0_J016_008.png,straight,16,baseline,h3_exc,23.114065170288086,23.114065170288086,88.24214172363281,0.006459524389356375,2038.6094970703125
straight_high_BL_0_J016_008.png,straight,16,baseline,h4_exc,8054.546875,8054.546875,58490.63671875,2.3014279577182606e-05,1782455.25
straight_high_BL_0_J016_008.png,straight,16,matched_bias,h0_exc,3.7982606887817383,3.7982606887817383,4.223047256469727,0.03930191695690155,158.8011932373047
straight_high_BL_0_J016_008.png,straight,16,matched_bias,h1_exc,2.37604022026062,2.37604022026062,1.870814323425293,0.04489607363939285,134.9923095703125
straight_high_BL_0_J016_008.png,straight,16,matched_bias,h2_exc,2.3929553031921387,2.3929553031921387,3.3914687633514404,0.006762118078768253,96.75993347167969
straight_high_BL_0_J016_008.png,straight,16,matched_bias,h3_exc,24.661909103393555,24.661909103393555,94.98307800292969,0.006523219868540764,2174.623291015625
straight_high_BL_0_J016_008.png,straight,16,matched_bias,h4_exc,9537.71484375,9537.71484375,68873.1875,2.259037682961207e-05,2055507.75
straight_high_BL_0_J017_018.png,straight,17,baseline,h0_exc,3.831996440887451,3.831996440887451,4.220345973968506,0.04123072698712349,117.74337005615234
straight_high_BL_0_J017_018.png,straight,17,baseline,h1_exc,2.1989524364471436,2.1989524364471436,1.7496412992477417,0.04090514034032822,102.08345794677734
straight_high_BL_0_J017_018.png,straight,17,baseline,h2_exc,2.3554773330688477,2.3554773330688477,3.310991048812866,0.00557370763272047,107.29187774658203
straight_high_BL_0_J017_018.png,straight,17,baseline,h3_exc,22.340551376342773,22.340551376342773,84.92959594726562,0.005654170643538237,1807.9676513671875
straight_high_BL_0_J017_018.png,straight,17,baseline,h4_exc,6725.14501953125,6725.14501953125,47938.32421875,2.8208698495291173e-05,1312246.75
straight_high_BL_0_J017_018.png,straight,17,matched_bias,h0_exc,3.8342373371124268,3.8342373371124268,4.209504127502441,0.040733251720666885,116.82206726074219
straight_high_BL_0_J017_018.png,straight,17,matched_bias,h1_exc,2.3764219284057617,2.3764219284057617,1.8537970781326294,0.06515641510486603,99.82178497314453
straight_high_BL_0_J017_018.png,straight,17,matched_bias,h2_exc,2.394982099533081,2.394982099533081,3.40781569480896,0.005592634901404381,113.55750274658203
straight_high_BL_0_J017_018.png,straight,17,matched_bias,h3_exc,23.813894271850586,23.813894271850586,91.28020477294922,0.005658545531332493,1991.51513671875
straight_high_BL_0_J017_018.png,straight,17,matched_bias,h4_exc,7928.3681640625,7928.3681640625,56097.9140625,2.8159583962406032e-05,1498433.625
straight_high_BL_0_J018_018.png,straight,18,baseline,h0_exc,3.8328182697296143,3.8328182697296143,4.2236247062683105,0.04119701683521271,118.9608154296875
straight_high_BL_0_J018_018.png,straight,18,baseline,h1_exc,2.199056625366211,2.199056625366211,1.7483826875686646,0.04075895622372627,102.98616790771484
straight_high_BL_0_J018_018.png,straight,18,baseline,h2_exc,2.3537659645080566,2.3537659645080566,3.3054771423339844,0.005576877389103174,107.47444152832031
straight_high_BL_0_J018_018.png,straight,18,baseline,h3_exc,22.272686004638672,22.272686004638672,84.71952819824219,0.005705129820853472,1805.8109130859375
straight_high_BL_0_J018_018.png,straight,18,baseline,h4_exc,6684.14453125,6684.14453125,47755.66015625,2.820615736709442e-05,1312109.125
straight_high_BL_0_J018_018.png,straight,18,matched_bias,h0_exc,3.835096836090088,3.835096836090088,4.212895393371582,0.04072193056344986,117.45750427246094
straight_high_BL_0_J018_018.png,straight,18,matched_bias,h1_exc,2.3765528202056885,2.3765528202056885,1.8525314331054688,0.06516651809215546,100.67044067382812
straight_high_BL_0_J018_018.png,straight,18,matched_bias,h2_exc,2.393312454223633,2.393312454223633,3.401970148086548,0.005595766473561525,113.73047637939453
straight_high_BL_0_J018_018.png,straight,18,matched_bias,h3_exc,23.73965835571289,23.73965835571289,91.04969787597656,0.005725628696382046,1989.3294677734375
straight_high_BL_0_J018_018.png,straight,18,matched_bias,h4_exc,7880.138671875,7880.138671875,55874.96875,2.8161304726381786e-05,1497973.0
straight_high_BL_0_J019_009.png,straight,19,baseline,h0_exc,3.7871322631835938,3.7871322631835938,4.190145492553711,0.03390653431415558,170.4169464111328
straight_high_BL_0_J019_009.png,straight,19,baseline,h1_exc,2.1893491744995117,2.1893491744995117,1.7155332565307617,0.04448670893907547,152.9024658203125
straight_high_BL_0_J019_009.png,straight,19,baseline,h2_exc,2.325402021408081,2.325402021408081,3.208080530166626,0.005386268720030785,97.50252532958984
straight_high_BL_0_J019_009.png,straight,19,baseline,h3_exc,22.7294921875,22.7294921875,84.99626922607422,0.003891746047884226,1624.0638427734375
straight_high_BL_0_J019_009.png,straight,19,baseline,h4_exc,7465.49951171875,7465.49951171875,53407.96875,3.1224994017975405e-05,1504094.5
straight_high_BL_0_J019_009.png,straight,19,matched_bias,h0_exc,3.790221929550171,3.790221929550171,4.176830291748047,0.03423169627785683,168.8602294921875
straight_high_BL_0_J019_009.png,straight,19,matched_bias,h1_exc,2.3660008907318115,2.3660008907318115,1.8188376426696777,0.0486271008849144,153.05023193359375
straight_high_BL_0_J019_009.png,straight,19,matched_bias,h2_exc,2.366666316986084,2.366666316986084,3.310791492462158,0.0053673614747822285,99.63936614990234
straight_high_BL_0_J019_009.png,straight,19,matched_bias,h3_exc,24.216035842895508,24.216035842895508,91.38150787353516,0.0038896594196558,1801.265380859375
straight_high_BL_0_J019_009.png,straight,19,matched_bias,h4_exc,8834.96484375,8834.96484375,62662.4453125,3.012080014741514e-05,1726375.875
straight_high_BL_0_J020_012.png,straight,20,baseline,h0_exc,3.7422964572906494,3.7422964572906494,4.335028648376465,0.03326903656125069,327.6131591796875
straight_high_BL_0_J020_012.png,straight,20,baseline,h1_exc,2.1933786869049072,2.1933786869049072,1.8213437795639038,0.04840556159615517,251.24610900878906
straight_high_BL_0_J020_012.png,straight,20,baseline,h2_exc,2.327390670776367,2.327390670776367,3.239095449447632,0.007523253094404936,112.3652572631836
straight_high_BL_0_J020_012.png,straight,20,baseline,h3_exc,22.17389678955078,22.17389678955078,83.58833312988281,0.005032398272305727,1729.3909912109375
straight_high_BL_0_J020_012.png,straight,20,baseline,h4_exc,6945.9130859375,6945.9130859375,50684.56640625,2.7829968530568294e-05,1405696.625
straight_high_BL_0_J020_012.png,straight,20,matched_bias,h0_exc,3.746546745300293,3.746546745300293,4.319453716278076,0.033918868750333786,330.9994201660156
straight_high_BL_0_J020_012.png,straight,20,matched_bias,h1_exc,2.371089220046997,2.371089220046997,1.9205262660980225,0.05052364617586136,258.42657470703125
straight_high_BL_0_J020_012.png,straight,20,matched_bias,h2_exc,2.3702149391174316,2.3702149391174316,3.3471264839172363,0.008067136630415916,115.85086059570312
straight_high_BL_0_J020_012.png,straight,20,matched_bias,h3_exc,23.620445251464844,23.620445251464844,89.82080841064453,0.004991409368813038,1844.6590576171875
straight_high_BL_0_J020_012.png,straight,20,matched_bias,h4_exc,8196.1513671875,8196.1513671875,59419.59765625,2.6763986170408316e-05,1662054.0
straight_high_BL_0_J021_011.png,straight,21,baseline,h0_exc,3.7763831615448,3.7763831615448,4.277347564697266,0.041491031646728516,165.1697998046875
straight_high_BL_0_J021_011.png,straight,21,baseline,h1_exc,2.1911847591400146,2.1911847591400146,1.784591555595398,0.03372158110141754,154.14698791503906
straight_high_BL_0_J021_011.png,straight,21,baseline,h2_exc,2.3273913860321045,2.3273913860321045,3.266134262084961,0.006800048053264618,122.18590545654297
straight_high_BL_0_J021_011.png,straight,21,baseline,h3_exc,22.726720809936523,22.726720809936523,84.92906188964844,0.0053434050641953945,2171.21728515625
straight_high_BL_0_J021_011.png,straight,21,baseline,h4_exc,7083.8232421875,7083.8232421875,50254.82421875,3.569076216081157e-05,1408909.5
straight_high_BL_0_J021_011.png,straight,21,matched_bias,h0_exc,3.7815260887145996,3.7815260887145996,4.268265247344971,0.04157107323408127,157.33456420898438
straight_high_BL_0_J021_011.png,straight,21,matched_bias,h1_exc,2.368495225906372,2.368495225906372,1.8838284015655518,0.05294553190469742,152.5861053466797
straight_high_BL_0_J021_011.png,straight,21,matched_bias,h2_exc,2.370373487472534,2.370373487472534,3.371328830718994,0.006342636421322823,126.06816101074219
straight_high_BL_0_J021_011.png,straight,21,matched_bias,h3_exc,24.209228515625,24.209228515625,91.37629699707031,0.005352417938411236,2289.229248046875
straight_high_BL_0_J021_011.png,straight,21,matched_bias,h4_exc,8378.4609375,8378.4609375,59249.7734375,3.477757491054945e-05,1661156.25
straight_high_BL_0_J022_008.png,straight,22,baseline,h0_exc,3.8033766746520996,3.8033766746520996,4.217363357543945,0.04121234640479088,154.48031616210938
straight_high_BL_0_J022_008.png,straight,22,baseline,h1_exc,2.1971263885498047,2.1971263885498047,1.7699426412582397,0.04528932273387909,129.47463989257812
straight_high_BL_0_J022_008.png,straight,22,baseline,h2_exc,2.3599839210510254,2.3599839210510254,3.3264665603637695,0.006718162447214127,94.208251953125
straight_high_BL_0_J022_008.png,straight,22,baseline,h3_exc,23.283754348754883,23.283754348754883,88.94578552246094,0.006051815114915371,2043.302734375
straight_high_BL_0_J022_008.png,straight,22,baseline,h4_exc,8175.01513671875,8175.01513671875,59320.2421875,2.309710362169426e-05,1796235.0
straight_high_BL_0_J022_008.png,straight,22,matched_bias,h0_exc,3.8046844005584717,3.8046844005584717,4.20859432220459,0.03930377960205078,155.46180725097656
straight_high_BL_0_J022_008.png,straight,22,matched_bias,h1_exc,2.3759684562683105,2.3759684562683105,1.881452202796936,0.04513586312532425,129.1367950439453
straight_high_BL_0_J022_008.png,straight,22,matched_bias,h2_exc,2.4031870365142822,2.4031870365142822,3.4339473247528076,0.006700518541038036,95.44025421142578
straight_high_BL_0_J022_008.png,straight,22,matched_bias,h3_exc,24.858905792236328,24.858905792236328,95.77366638183594,0.006105615757405758,2179.21435546875
straight_high_BL_0_J022_008.png,straight,22,matched_bias,h4_exc,9681.201171875,9681.201171875,69857.2109375,2.2671298211207613e-05,2071711.875
straight_high_BL_0_J023_018.png,straight,23,baseline,h0_exc,3.833040237426758,3.833040237426758,4.225953578948975,0.04123709350824356,118.60942840576172
straight_high_BL_0_J023_018.png,straight,23,baseline,h1_exc,2.199188232421875,2.199188232421875,1.7474700212478638,0.04068741202354431,102.67676544189453
straight_high_BL_0_J023_018.png,straight,23,baseline,h2_exc,2.353369951248169,2.353369951248169,3.304680585861206,0.0055774422362446785,107.64262390136719
straight_high_BL_0_J023_018.png,straight,23,baseline,h3_exc,22.245725631713867,22.245725631713867,84.66065979003906,0.005646319128572941,1804.499755859375
straight_high_BL_0_J023_018.png,straight,23,baseline,h4_exc,6660.34326171875,6660.34326171875,47609.01171875,2.8215064958203584e-05,1311284.125
straight_high_BL_0_J023_018.png,straight,23,matched_bias,h0_exc,3.835336923599243,3.835336923599243,4.215286731719971,0.040752965956926346,117.13929748535156
straight_high_BL_0_J023_018.png,straight,23,matched_bias,h1_exc,2.376669406890869,2.376669406890869,1.8515498638153076,0.06504817306995392,100.42861938476562
straight_high_BL_0_J023_018.png,straight,23,matched_bias,h2_exc,2.392824172973633,2.392824172973633,3.4009010791778564,0.005595291033387184,113.86974334716797
straight_high_BL_0_J023_018.png,straight,23,matched_bias,h3_exc,23.709367752075195,23.709367752075195,90.97637939453125,0.005661890376359224,1988.7423095703125
straight_high_BL_0_J023_018.png,straight,23,matched_bias,h4_exc,7852.9560546875,7852.9560546875,55706.52734375,2.817938911903184e-05,1496885.75
straight_high_BL_0_J024_006.png,straight,24,baseline,h0_exc,3.823747158050537,3.823747158050537,4.23293399810791,0.03643276169896126,178.7516326904297
straight_high_BL_0_J024_006.png,straight,24,baseline,h1_exc,2.199995994567871,2.199995994567871,1.709002137184143,0.05612095445394516,160.33494567871094
straight_high_BL_0_J024_006.png,straight,24,baseline,h2_exc,2.331063747406006,2.331063747406006,3.212944269180298,0.007664930075407028,106.0259017944336
straight_high_BL_0_J024_006.png,straight,24,baseline,h3_exc,22.27725601196289,22.27725601196289,84.48924255371094,0.0054359883069992065,1891.541015625
straight_high_BL_0_J024_006.png,straight,24,baseline,h4_exc,7315.029296875,7315.029296875,56886.33984375,2.897457488870714e-05,1733108.25
straight_high_BL_0_J024_006.png,straight,24,matched_bias,h0_exc,3.831597328186035,3.831597328186035,4.224574565887451,0.03578279912471771,167.2906036376953
straight_high_BL_0_J024_006.png,straight,24,matched_bias,h1_exc,2.3785927295684814,2.3785927295684814,1.8089218139648438,0.05468439310789108,153.783447265625
straight_high_BL_0_J024_006.png,straight,24,matched_bias,h2_exc,2.3723249435424805,2.3723249435424805,3.309894561767578,0.007761059328913689,102.57606506347656
straight_high_BL_0_J024_006.png,straight,24,matched_bias,h3_exc,23.62137222290039,23.62137222290039,90.4578628540039,0.005406178999692202,2027.234619140625
straight_high_BL_0_J024_006.png,straight,24,matched_bias,h4_exc,8572.5615234375,8572.5615234375,66306.453125,2.826399759214837e-05,2025845.625
straight_high_BL_0_J025_024.png,straight,25,baseline,h0_exc,3.7670037746429443,3.7670037746429443,4.251108169555664,0.02940056286752224,228.9911346435547
straight_high_BL_0_J025_024.png,straight,25,baseline,h1_exc,2.1982171535491943,2.1982171535491943,1.7659449577331543,0.042266812175512314,193.96469116210938
straight_high_BL_0_J025_024.png,straight,25,baseline,h2_exc,2.3289880752563477,2.3289880752563477,3.259823799133301,0.007937958464026451,106.588623046875
straight_high_BL_0_J025_024.png,straight,25,baseline,h3_exc,21.840381622314453,21.840381622314453,81.8634033203125,0.004410243593156338,1906.92236328125
straight_high_BL_0_J025_024.png,straight,25,baseline,h4_exc,6709.904296875,6709.904296875,47965.3203125,2.6801291824085638e-05,1358884.5
straight_high_BL_0_J025_024.png,straight,25,matched_bias,h0_exc,3.767457962036133,3.767457962036133,4.2451252937316895,0.028448237106204033,240.04446411132812
straight_high_BL_0_J025_024.png,straight,25,matched_bias,h1_exc,2.376676082611084,2.376676082611084,1.8766274452209473,0.043483030050992966,199.42019653320312
straight_high_BL_0_J025_024.png,straight,25,matched_bias,h2_exc,2.37434983253479,2.37434983253479,3.3672525882720947,0.006654605269432068,110.14553833007812
straight_high_BL_0_J025_024.png,straight,25,matched_bias,h3_exc,23.223146438598633,23.223146438598633,87.79924774169922,0.00433718366548419,1975.77197265625
straight_high_BL_0_J025_024.png,straight,25,matched_bias,h4_exc,7925.587890625,7925.587890625,56231.76171875,2.635947566886898e-05,1574448.75
straight_high_BL_0_J026_025.png,straight,26,baseline,h0_exc,3.7651054859161377,3.7651054859161377,4.23039436340332,0.03315168619155884,242.9297332763672
straight_high_BL_0_J026_025.png,straight,26,baseline,h1_exc,2.1932668685913086,2.1932668685913086,1.8130276203155518,0.04371698573231697,256.2105712890625
straight_high_BL_0_J026_025.png,straight,26,baseline,h2_exc,2.340749502182007,2.340749502182007,3.2803404331207275,0.005656614899635315,121.49761199951172
straight_high_BL_0_J026_025.png,straight,26,baseline,h3_exc,22.24191665649414,22.24191665649414,83.37720489501953,0.005328084342181683,1957.455322265625
straight_high_BL_0_J026_025.png,straight,26,baseline,h4_exc,6862.93505859375,6862.93505859375,48627.7265625,3.047241443709936e-05,1283594.125
straight_high_BL_0_J026_025.png,straight,26,matched_bias,h0_exc,3.7672650814056396,3.7672650814056396,4.218098163604736,0.033338114619255066,244.1232452392578
straight_high_BL_0_J026_025.png,straight,26,matched_bias,h1_exc,2.3708455562591553,2.3708455562591553,1.9148824214935303,0.043360255658626556,259.6127014160156
straight_high_BL_0_J026_025.png,straight,26,matched_bias,h2_exc,2.381413221359253,2.381413221359253,3.3785998821258545,0.005701092537492514,121.78023529052734
straight_high_BL_0_J026_025.png,straight,26,matched_bias,h3_exc,23.627065658569336,23.627065658569336,89.35615539550781,0.0051674689166247845,2197.253173828125
straight_high_BL_0_J026_025.png,straight,26,matched_bias,h4_exc,8038.02880859375,8038.02880859375,56534.52734375,2.986186882480979e-05,1493761.0
straight_high_BL_0_J027_015.png,straight,27,baseline,h0_exc,3.7732012271881104,3.7732012271881104,4.315494060516357,0.030481111258268356,202.51918029785156
straight_high_BL_0_J027_015.png,straight,27,baseline,h1_exc,2.197181463241577,2.197181463241577,1.8126211166381836,0.04690895229578018,195.94488525390625
straight_high_BL_0_J027_015.png,straight,27,baseline,h2_exc,2.340823173522949,2.340823173522949,3.2898175716400146,0.00841999240219593,110.3360366821289
straight_high_BL_0_J027_015.png,straight,27,baseline,h3_exc,22.470136642456055,22.470136642456055,84.0918197631836,0.005353953223675489,1645.0360107421875
straight_high_BL_0_J027_015.png,straight,27,baseline,h4_exc,7369.24755859375,7369.24755859375,52131.61328125,2.8295178708503954e-05,1455360.625
straight_high_BL_0_J027_015.png,straight,27,matched_bias,h0_exc,3.77670955657959,3.77670955657959,4.3027663230896,0.029655979946255684,203.3035430908203
straight_high_BL_0_J027_015.png,straight,27,matched_bias,h1_exc,2.3749170303344727,2.3749170303344727,1.9127416610717773,0.04892357811331749,203.44419860839844
straight_high_BL_0_J027_015.png,straight,27,matched_bias,h2_exc,2.383120536804199,2.383120536804199,3.3957407474517822,0.008474647998809814,113.4482650756836
straight_high_BL_0_J027_015.png,straight,27,matched_bias,h3_exc,23.882190704345703,23.882190704345703,90.31228637695312,0.006404022686183453,1806.548583984375
straight_high_BL_0_J027_015.png,straight,27,matched_bias,h4_exc,8664.2734375,8664.2734375,60971.35546875,2.7714213501894847e-05,1739796.625
straight_high_BL_0_J028_016.png,straight,28,baseline,h0_exc,3.756380558013916,3.756380558013916,4.264932632446289,0.0344233363866806,153.32168579101562
straight_high_BL_0_J028_016.png,straight,28,baseline,h1_exc,2.1995487213134766,2.1995487213134766,1.8177716732025146,0.03584005683660507,131.58941650390625
straight_high_BL_0_J028_016.png,straight,28,baseline,h2_exc,2.3405051231384277,2.3405051231384277,3.3172662258148193,0.00823519378900528,118.39674377441406
straight_high_BL_0_J028_016.png,straight,28,baseline,h3_exc,22.355175018310547,22.355175018310547,84.25575256347656,0.006649189628660679,2004.606689453125
straight_high_BL_0_J028_016.png,straight,28,baseline,h4_exc,7218.79443359375,7218.79443359375,53229.65234375,2.59006665146444e-05,1553691.125
straight_high_BL_0_J028_016.png,straight,28,matched_bias,h0_exc,3.7620105743408203,3.7620105743408203,4.252030372619629,0.0356912836432457,146.51089477539062
straight_high_BL_0_J028_016.png,straight,28,matched_bias,h1_exc,2.3785512447357178,2.3785512447357178,1.9187477827072144,0.04346576705574989,137.39285278320312
straight_high_BL_0_J028_016.png,straight,28,matched_bias,h2_exc,2.3822929859161377,2.3822929859161377,3.4144504070281982,0.00837563443928957,120.16118621826172
straight_high_BL_0_J028_016.png,straight,28,matched_bias,h3_exc,23.762109756469727,23.762109756469727,90.45130157470703,0.007552200462669134,2075.248046875
straight_high_BL_0_J028_016.png,straight,28,matched_bias,h4_exc,8488.341796875,8488.341796875,62346.92578125,2.5281089619966224e-05,1845637.0
straight_high_BL_0_J029_008.png,straight,29,baseline,h0_exc,3.8030567169189453,3.8030567169189453,4.219916343688965,0.04117434471845627,154.43527221679688
straight_high_BL_0_J029_008.png,straight,29,baseline,h1_exc,2.1975975036621094,2.1975975036621094,1.771069049835205,0.0457320511341095,129.63357543945312
straight_high_BL_0_J029_008.png,straight,29,baseline,h2_exc,2.361011505126953,2.361011505126953,3.331522226333618,0.006682415027171373,94.3914794921875
straight_high_BL_0_J029_008.png,straight,29,baseline,h3_exc,23.266075134277344,23.266075134277344,88.93072509765625,0.006177615374326706,2044.1212158203125
straight_high_BL_0_J029_008.png,straight,29,baseline,h4_exc,8180.2626953125,8180.2626953125,59433.7890625,2.3087657609721646e-05,1802057.0
straight_high_BL_0_J029_008.png,straight,29,matched_bias,h0_exc,3.8043031692504883,3.8043031692504883,4.211268424987793,0.039230674505233765,155.46926879882812
straight_high_BL_0_J029_008.png,straight,29,matched_bias,h1_exc,2.3763983249664307,2.3763983249664307,1.8818933963775635,0.04554075747728348,129.36846923828125
straight_high_BL_0_J029_008.png,straight,29,matched_bias,h2_exc,2.4041314125061035,2.4041314125061035,3.4386281967163086,0.006712138187140226,95.64714050292969
straight_high_BL_0_J029_008.png,straight,29,matched_bias,h3_exc,24.837841033935547,24.837841033935547,95.75401306152344,0.006226574070751667,2180.7109375
straight_high_BL_0_J029_008.png,straight,29,matched_bias,h4_exc,9690.208984375,9690.208984375,70006.484375,2.266665433126036e-05,2078410.875
straight_high_BL_0_J030_019.png,straight,30,baseline,h0_exc,3.837944269180298,3.837944269180298,4.282915115356445,0.03206908330321312,252.8819580078125
straight_high_BL_0_J030_019.png,straight,30,baseline,h1_exc,2.1961052417755127,2.1961052417755127,1.728111982345581,0.04732422158122063,123.15100860595703
straight_high_BL_0_J030_019.png,straight,30,baseline,h2_exc,2.348349094390869,2.348349094390869,3.2784857749938965,0.008180217817425728,94.02973937988281
straight_high_BL_0_J030_019.png,straight,30,baseline,h3_exc,22.16180419921875,22.16180419921875,83.41645050048828,0.005993851460516453,1655.0164794921875
straight_high_BL_0_J030_019.png,straight,30,baseline,h4_exc,6772.63916015625,6772.63916015625,49772.59765625,3.100152389379218e-05,1679286.125
straight_high_BL_0_J030_019.png,straight,30,matched_bias,h0_exc,3.8415441513061523,3.8415441513061523,4.27238130569458,0.032335203140974045,252.34983825683594
straight_high_BL_0_J030_019.png,straight,30,matched_bias,h1_exc,2.374255895614624,2.374255895614624,1.8336644172668457,0.048907507210969925,128.77037048339844
straight_high_BL_0_J030_019.png,straight,30,matched_bias,h2_exc,2.389824151992798,2.389824151992798,3.3783514499664307,0.008483213372528553,99.67957305908203
straight_high_BL_0_J030_019.png,straight,30,matched_bias,h3_exc,23.57815170288086,23.57815170288086,89.551513671875,0.006099257152527571,1750.2222900390625
straight_high_BL_0_J030_019.png,straight,30,matched_bias,h4_exc,7953.138671875,7953.138671875,58036.76953125,3.0164186682668515e-05,1971950.25
straight_high_BL_0_J031_013.png,straight,31,baseline,h0_exc,3.7740511894226074,3.7740511894226074,4.2429046630859375,0.03248703107237816,184.90948486328125
straight_high_BL_0_J031_013.png,straight,31,baseline,h1_exc,2.1932101249694824,2.1932101249694824,1.813001275062561,0.03753071278333664,166.76806640625
straight_high_BL_0_J031_013.png,straight,31,baseline,h2_exc,2.350376844406128,2.350376844406128,3.332975149154663,0.00836510956287384,121.2936782836914
straight_high_BL_0_J031_013.png,straight,31,baseline,h3_exc,23.581727981567383,23.581727981567383,88.4621353149414,0.007517873775213957,1716.149658203125
straight_high_BL_0_J031_013.png,straight,31,baseline,h4_exc,8391.443359375,8391.443359375,59388.19921875,2.586429036455229e-05,1417014.5
straight_high_BL_0_J031_013.png,straight,31,matched_bias,h0_exc,3.779313325881958,3.779313325881958,4.228365898132324,0.031939804553985596,180.77528381347656
straight_high_BL_0_J031_013.png,straight,31,matched_bias,h1_exc,2.3711462020874023,2.3711462020874023,1.9116746187210083,0.03832409530878067,167.93075561523438
straight_high_BL_0_J031_013.png,straight,31,matched_bias,h2_exc,2.3933212757110596,2.3933212757110596,3.439195394515991,0.00857601035386324,121.99002838134766
straight_high_BL_0_J031_013.png,straight,31,matched_bias,h3_exc,25.183019638061523,25.183019638061523,95.37400817871094,0.007596379145979881,1834.1175537109375
straight_high_BL_0_J031_013.png,straight,31,matched_bias,h4_exc,9976.1337890625,9976.1337890625,70181.4765625,2.535526073188521e-05,1668010.875
straight_high_BL_0_J032_009.png,straight,32,baseline,h0_exc,3.7818055152893066,3.7818055152893066,4.188491344451904,0.033917367458343506,171.34609985351562
straight_high_BL_0_J032_009.png,straight,32,baseline,h1_exc,2.1886649131774902,2.1886649131774902,1.710770606994629,0.04315854236483574,154.81141662597656
straight_high_BL_0_J032_009.png,straight,32,baseline,h2_exc,2.3189139366149902,2.3189139366149902,3.193032741546631,0.005460710264742374,102.11305236816406
straight_high_BL_0_J032_009.png,straight,32,baseline,h3_exc,22.6319522857666,22.6319522857666,84.3381118774414,0.003894379362463951,1624.9527587890625
straight_high_BL_0_J032_009.png,straight,32,baseline,h4_exc,7292.623046875,7292.623046875,52394.9921875,3.086648212047294e-05,1495635.125
straight_high_BL_0_J032_009.png,straight,32,matched_bias,h0_exc,3.784945011138916,3.784945011138916,4.175394058227539,0.03424067422747612,169.63084411621094
straight_high_BL_0_J032_009.png,straight,32,matched_bias,h1_exc,2.3651697635650635,2.3651697635650635,1.8131287097930908,0.046819064766168594,154.74493408203125
straight_high_BL_0_J032_009.png,straight,32,matched_bias,h2_exc,2.3604369163513184,2.3604369163513184,3.2955286502838135,0.005440183915197849,105.7963638305664
straight_high_BL_0_J032_009.png,straight,32,matched_bias,h3_exc,24.084762573242188,24.084762573242188,90.57780456542969,0.003922884818166494,1747.891845703125
straight_high_BL_0_J032_009.png,straight,32,matched_bias,h4_exc,8607.095703125,8607.095703125,61359.59375,2.9896071282564662e-05,1717160.375
straight_high_BL_0_J033_020.png,straight,33,baseline,h0_exc,3.79769229888916,3.79769229888916,4.319336414337158,0.03174690902233124,174.1798858642578
straight_high_BL_0_J033_020.png,straight,33,baseline,h1_exc,2.19578218460083,2.19578218460083,1.7470773458480835,0.04680445045232773,153.4583282470703
straight_high_BL_0_J033_020.png,straight,33,baseline,h2_exc,2.321645498275757,2.321645498275757,3.1901814937591553,0.007868239656090736,93.09945678710938
straight_high_BL_0_J033_020.png,straight,33,baseline,h3_exc,22.709802627563477,22.709802627563477,85.95667266845703,0.00501669617369771,1738.7218017578125
straight_high_BL_0_J033_020.png,straight,33,baseline,h4_exc,7184.69482421875,7184.69482421875,51712.44921875,3.158879917464219e-05,1414261.0
straight_high_BL_0_J033_020.png,straight,33,matched_bias,h0_exc,3.8008782863616943,3.8008782863616943,4.310197353363037,0.030623532831668854,171.79425048828125
straight_high_BL_0_J033_020.png,straight,33,matched_bias,h1_exc,2.3733577728271484,2.3733577728271484,1.8517180681228638,0.047425776720047,156.96937561035156
straight_high_BL_0_J033_020.png,straight,33,matched_bias,h2_exc,2.362156629562378,2.362156629562378,3.2896552085876465,0.007829166948795319,94.24838256835938
straight_high_BL_0_J033_020.png,straight,33,matched_bias,h3_exc,24.147960662841797,24.147960662841797,92.22504425048828,0.00503727700561285,1905.38134765625
straight_high_BL_0_J033_020.png,straight,33,matched_bias,h4_exc,8485.1005859375,8485.1005859375,60537.375,3.1973682780517265e-05,1619115.5
straight_high_BL_0_J034_016.png,straight,34,baseline,h0_exc,3.751068353652954,3.751068353652954,4.266791343688965,0.03431115671992302,153.15760803222656
straight_high_BL_0_J034_016.png,straight,34,baseline,h1_exc,2.200303792953491,2.200303792953491,1.8240759372711182,0.035662390291690826,134.06167602539062
straight_high_BL_0_J034_016.png,straight,34,baseline,h2_exc,2.338698148727417,2.338698148727417,3.3183436393737793,0.008232228457927704,119.0246810913086
straight_high_BL_0_J034_016.png,straight,34,baseline,h3_exc,22.322284698486328,22.322284698486328,84.04830169677734,0.006593454163521528,2017.1573486328125
straight_high_BL_0_J034_016.png,straight,34,baseline,h4_exc,7189.7294921875,7189.7294921875,53336.21875,2.5784996978472918e-05,1565581.125
straight_high_BL_0_J034_016.png,straight,34,matched_bias,h0_exc,3.7567520141601562,3.7567520141601562,4.253465175628662,0.03556228429079056,146.34031677246094
straight_high_BL_0_J034_016.png,straight,34,matched_bias,h1_exc,2.3792507648468018,2.3792507648468018,1.9248710870742798,0.043396756052970886,139.93174743652344
straight_high_BL_0_J034_016.png,straight,34,matched_bias,h2_exc,2.3811163902282715,2.3811163902282715,3.416217565536499,0.00836881808936596,120.78443145751953
straight_high_BL_0_J034_016.png,straight,34,matched_bias,h3_exc,23.733457565307617,23.733457565307617,90.28440856933594,0.007485998794436455,2089.55224609375
straight_high_BL_0_J034_016.png,straight,34,matched_bias,h4_exc,8463.39453125,8463.39453125,62505.34375,2.519215559004806e-05,1859911.0
straight_high_BL_0_J035_013.png,straight,35,baseline,h0_exc,3.773322105407715,3.773322105407715,4.252842426300049,0.03618931025266647,185.2314910888672
straight_high_BL_0_J035_013.png,straight,35,baseline,h1_exc,2.1934657096862793,2.1934657096862793,1.8109084367752075,0.037324629724025726,170.3366241455078
straight_high_BL_0_J035_013.png,straight,35,baseline,h2_exc,2.347656726837158,2.347656726837158,3.320417881011963,0.00837768241763115,121.91716766357422
straight_high_BL_0_J035_013.png,straight,35,baseline,h3_exc,23.560588836669922,23.560588836669922,88.40129089355469,0.007867975160479546,1715.6812744140625
straight_high_BL_0_J035_013.png,straight,35,baseline,h4_exc,8408.8701171875,8408.8701171875,59544.26171875,2.5819515940384008e-05,1422231.25
straight_high_BL_0_J035_013.png,straight,35,matched_bias,h0_exc,3.7787182331085205,3.7787182331085205,4.238747596740723,0.035360366106033325,185.4533233642578
straight_high_BL_0_J035_013.png,straight,35,matched_bias,h1_exc,2.3715271949768066,2.3715271949768066,1.909631609916687,0.03820212185382843,171.69288635253906
straight_high_BL_0_J035_013.png,straight,35,matched_bias,h2_exc,2.3906774520874023,2.3906774520874023,3.4252676963806152,0.008595363236963749,122.63471221923828
straight_high_BL_0_J035_013.png,straight,35,matched_bias,h3_exc,25.159473419189453,25.159473419189453,95.33228302001953,0.00794235523790121,1834.1324462890625
straight_high_BL_0_J035_013.png,straight,35,matched_bias,h4_exc,10001.162109375,10001.162109375,70373.296875,2.531932113924995e-05,1673329.25
straight_high_BL_0_J036_018.png,straight,36,baseline,h0_exc,3.830533742904663,3.830533742904663,4.224233627319336,0.04107700660824776,119.05632019042969
straight_high_BL_0_J036_018.png,straight,36,baseline,h1_exc,2.1987485885620117,2.1987485885620117,1.746457576751709,0.04037299007177353,103.28340148925781
straight_high_BL_0_J036_018.png,straight,36,baseline,h2_exc,2.3494770526885986,2.3494770526885986,3.2922885417938232,0.005579987075179815,108.27169799804688
straight_high_BL_0_J036_018.png,straight,36,baseline,h3_exc,22.248586654663086,22.248586654663086,84.58350372314453,0.005979754030704498,1802.47705078125
straight_high_BL_0_J036_018.png,straight,36,baseline,h4_exc,6658.46484375,6658.46484375,47537.8359375,2.8235697755008005e-05,1308809.125
straight_high_BL_0_J036_018.png,straight,36,matched_bias,h0_exc,3.832695245742798,3.832695245742798,4.213261127471924,0.040617793798446655,117.01806640625
straight_high_BL_0_J036_018.png,straight,36,matched_bias,h1_exc,2.376246690750122,2.376246690750122,1.8506206274032593,0.06474199891090393,100.99762725830078
straight_high_BL_0_J036_018.png,straight,36,matched_bias,h2_exc,2.3889968395233154,2.3889968395233154,3.3879899978637695,0.005597148090600967,114.52853393554688
straight_high_BL_0_J036_018.png,straight,36,matched_bias,h3_exc,23.71308135986328,23.71308135986328,90.90957641601562,0.006633597891777754,1985.4906005859375
straight_high_BL_0_J036_018.png,straight,36,matched_bias,h4_exc,7849.4814453125,7849.4814453125,55622.84765625,2.820066765707452e-05,1494396.125
straight_high_BL_0_J037_013.png,straight,37,baseline,h0_exc,3.7707629203796387,3.7707629203796387,4.249984264373779,0.03391198813915253,185.7871551513672
straight_high_BL_0_J037_013.png,straight,37,baseline,h1_exc,2.19303560256958,2.19303560256958,1.8090769052505493,0.036857955157756805,170.9317626953125
straight_high_BL_0_J037_013.png,straight,37,baseline,h2_exc,2.347641944885254,2.347641944885254,3.3211162090301514,0.008371512405574322,122.14462280273438
straight_high_BL_0_J037_013.png,straight,37,baseline,h3_exc,23.51165008544922,23.51165008544922,88.08248138427734,0.007746725808829069,1711.77734375
straight_high_BL_0_J037_013.png,straight,37,baseline,h4_exc,8316.73828125,8316.73828125,58790.07421875,2.576770566520281e-05,1406448.625
straight_high_BL_0_J037_013.png,straight,37,matched_bias,h0_exc,3.7761526107788086,3.7761526107788086,4.235578536987305,0.03320800140500069,186.79833984375
straight_high_BL_0_J037_013.png,straight,37,matched_bias,h1_exc,2.371093988418579,2.371093988418579,1.9077930450439453,0.03763360530138016,172.18814086914062
straight_high_BL_0_J037_013.png,straight,37,matched_bias,h2_exc,2.3910040855407715,2.3910040855407715,3.426859140396118,0.008589829318225384,122.86343383789062
straight_high_BL_0_J037_013.png,straight,37,matched_bias,h3_exc,25.10895538330078,25.10895538330078,94.98728942871094,0.00782725028693676,1830.243408203125
straight_high_BL_0_J037_013.png,straight,37,matched_bias,h4_exc,9894.3359375,9894.3359375,69492.734375,2.5284594812546857e-05,1652736.75
straight_high_BL_0_J038_024.png,straight,38,baseline,h0_exc,3.7698090076446533,3.7698090076446533,4.2429304122924805,0.029511583968997,224.27157592773438
straight_high_BL_0_J038_024.png,straight,38,baseline,h1_exc,2.1977739334106445,2.1977739334106445,1.7611849308013916,0.04207399860024452,190.44161987304688
straight_high_BL_0_J038_024.png,straight,38,baseline,h2_exc,2.3311989307403564,2.3311989307403564,3.2634410858154297,0.00794440321624279,105.26007080078125
straight_high_BL_0_J038_024.png,straight,38,baseline,h3_exc,21.81572914123535,21.81572914123535,81.67613220214844,0.004333444871008396,1884.368896484375
straight_high_BL_0_J038_024.png,straight,38,baseline,h4_exc,6621.095703125,6621.095703125,47090.734375,2.685504477994982e-05,1328292.0
straight_high_BL_0_J038_024.png,straight,38,matched_bias,h0_exc,3.7699224948883057,3.7699224948883057,4.236835956573486,0.028525397181510925,235.52734375
straight_high_BL_0_J038_024.png,straight,38,matched_bias,h1_exc,2.37617826461792,2.37617826461792,1.871706247329712,0.04321884363889694,195.74658203125
straight_high_BL_0_J038_024.png,straight,38,matched_bias,h2_exc,2.3760175704956055,2.3760175704956055,3.3708598613739014,0.0066895997151732445,108.79271697998047
straight_high_BL_0_J038_024.png,straight,38,matched_bias,h3_exc,23.201587677001953,23.201587677001953,87.62174224853516,0.004280939698219299,1954.5
straight_high_BL_0_J038_024.png,straight,38,matched_bias,h4_exc,7822.9892578125,7822.9892578125,55231.84765625,2.643342850205954e-05,1539425.625
straight_high_BL_0_J039_013.png,straight,39,baseline,h0_exc,3.7733352184295654,3.7733352184295654,4.2606048583984375,0.03586161509156227,187.51046752929688
straight_high_BL_0_J039_013.png,straight,39,baseline,h1_exc,2.192819118499756,2.192819118499756,1.8021044731140137,0.03801393508911133,171.4635009765625
straight_high_BL_0_J039_013.png,straight,39,baseline,h2_exc,2.3461458683013916,2.3461458683013916,3.3090620040893555,0.008369987830519676,122.09980010986328
straight_high_BL_0_J039_013.png,straight,39,baseline,h3_exc,23.45867919921875,23.45867919921875,88.05085754394531,0.00779716856777668,1710.58740234375
straight_high_BL_0_J039_013.png,straight,39,baseline,h4_exc,8336.4873046875,8336.4873046875,59071.578125,2.5777117116376758e-05,1413923.375
straight_high_BL_0_J039_013.png,straight,39,matched_bias,h0_exc,3.7788660526275635,3.7788660526275635,4.246615886688232,0.035228271037340164,187.4688720703125
straight_high_BL_0_J039_013.png,straight,39,matched_bias,h1_exc,2.370805263519287,2.370805263519287,1.9002482891082764,0.039137523621320724,172.8111572265625
straight_high_BL_0_J039_013.png,straight,39,matched_bias,h2_exc,2.389301300048828,2.389301300048828,3.4141032695770264,0.008579077199101448,122.8033218383789
straight_high_BL_0_J039_013.png,straight,39,matched_bias,h3_exc,25.058427810668945,25.058427810668945,94.96727752685547,0.007822645828127861,1829.5606689453125
straight_high_BL_0_J039_013.png,straight,39,matched_bias,h4_exc,9920.96484375,9920.96484375,69847.0,2.5287276002927683e-05,1663205.875
straight_high_BL_0_J040_016.png,straight,40,baseline,h0_exc,3.7542672157287598,3.7542672157287598,4.2797675132751465,0.033970389515161514,155.347900390625
straight_high_BL_0_J040_016.png,straight,40,baseline,h1_exc,2.2007086277008057,2.2007086277008057,1.8291085958480835,0.03588027507066727,134.51486206054688
straight_high_BL_0_J040_016.png,straight,40,baseline,h2_exc,2.3425097465515137,2.3425097465515137,3.327737331390381,0.008210564032196999,118.1673355102539
straight_high_BL_0_J040_016.png,straight,40,baseline,h3_exc,22.384519577026367,22.384519577026367,84.4756088256836,0.006448180414736271,2038.0177001953125
straight_high_BL_0_J040_016.png,straight,40,baseline,h4_exc,7296.97314453125,7296.97314453125,54405.08203125,2.5886094590532593e-05,1591979.625
straight_high_BL_0_J040_016.png,straight,40,matched_bias,h0_exc,3.7596700191497803,3.7596700191497803,4.26560640335083,0.0351753830909729,148.4171600341797
straight_high_BL_0_J040_016.png,straight,40,matched_bias,h1_exc,2.379760265350342,2.379760265350342,1.930259346961975,0.04352224990725517,140.513427734375
straight_high_BL_0_J040_016.png,straight,40,matched_bias,h2_exc,2.383650541305542,2.383650541305542,3.4228696823120117,0.008376330137252808,119.91921997070312
straight_high_BL_0_J040_016.png,straight,40,matched_bias,h3_exc,23.807397842407227,23.807397842407227,90.7362289428711,0.0073274532333016396,2110.038330078125
straight_high_BL_0_J040_016.png,straight,40,matched_bias,h4_exc,8591.71484375,8591.71484375,63739.921875,2.5247920348192565e-05,1891190.0
straight_high_BL_0_J041_012.png,straight,41,baseline,h0_exc,3.7382521629333496,3.7382521629333496,4.3421783447265625,0.03313365951180458,334.7864685058594
straight_high_BL_0_J041_012.png,straight,41,baseline,h1_exc,2.191844940185547,2.191844940185547,1.8191970586776733,0.04719008505344391,257.3114013671875
straight_high_BL_0_J041_012.png,straight,41,baseline,h2_exc,2.320034980773926,2.320034980773926,3.219015598297119,0.007684310898184776,113.37568664550781
straight_high_BL_0_J041_012.png,straight,41,baseline,h3_exc,22.103418350219727,22.103418350219727,83.12138366699219,0.004992838017642498,1719.41455078125
straight_high_BL_0_J041_012.png,straight,41,baseline,h4_exc,6845.06103515625,6845.06103515625,50073.55859375,2.7697180485120043e-05,1395207.125
straight_high_BL_0_J041_012.png,straight,41,matched_bias,h0_exc,3.7420897483825684,3.7420897483825684,4.325931072235107,0.033777136355638504,337.0478210449219
straight_high_BL_0_J041_012.png,straight,41,matched_bias,h1_exc,2.3693487644195557,2.3693487644195557,1.9176722764968872,0.049442924559116364,264.74700927734375
straight_high_BL_0_J041_012.png,straight,41,matched_bias,h2_exc,2.36317777633667,2.36317777633667,3.327247142791748,0.008078573271632195,116.88994598388672
straight_high_BL_0_J041_012.png,straight,41,matched_bias,h3_exc,23.536571502685547,23.536571502685547,89.33153533935547,0.004947341047227383,1834.356201171875
straight_high_BL_0_J041_012.png,straight,41,matched_bias,h4_exc,8073.23046875,8073.23046875,58697.12109375,2.661326652741991e-05,1649099.125
straight_high_BL_0_J042_015.png,straight,42,baseline,h0_exc,3.7702713012695312,3.7702713012695312,4.3226776123046875,0.030591562390327454,201.86915588378906
straight_high_BL_0_J042_015.png,straight,42,baseline,h1_exc,2.19641375541687,2.19641375541687,1.804847240447998,0.045642293989658356,196.17005920410156
straight_high_BL_0_J042_015.png,straight,42,baseline,h2_exc,2.335925340652466,2.335925340652466,3.2717833518981934,0.008365270681679249,109.96341705322266
straight_high_BL_0_J042_015.png,straight,42,baseline,h3_exc,22.426551818847656,22.426551818847656,83.80195617675781,0.005571614019572735,1635.25634765625
straight_high_BL_0_J042_015.png,straight,42,baseline,h4_exc,7320.33544921875,7320.33544921875,51584.45703125,2.8342168661765754e-05,1432556.875
straight_high_BL_0_J042_015.png,straight,42,matched_bias,h0_exc,3.7737512588500977,3.7737512588500977,4.310055732727051,0.029697591438889503,202.54205322265625
straight_high_BL_0_J042_015.png,straight,42,matched_bias,h1_exc,2.3740458488464355,2.3740458488464355,1.904577612876892,0.047716330736875534,203.51034545898438
straight_high_BL_0_J042_015.png,straight,42,matched_bias,h2_exc,2.3784139156341553,2.3784139156341553,3.3771517276763916,0.008457428775727749,113.0164794921875
straight_high_BL_0_J042_015.png,straight,42,matched_bias,h3_exc,23.83977699279785,23.83977699279785,90.0196304321289,0.005736943334341049,1809.454833984375
straight_high_BL_0_J042_015.png,straight,42,matched_bias,h4_exc,8612.5673828125,8612.5673828125,60356.62890625,2.773361666186247e-05,1713300.25
straight_high_BL_0_J043_015.png,straight,43,baseline,h0_exc,3.7734270095825195,3.7734270095825195,4.321881294250488,0.0303330197930336,203.36680603027344
straight_high_BL_0_J043_015.png,straight,43,baseline,h1_exc,2.197439670562744,2.197439670562744,1.8125253915786743,0.047245532274246216,197.6649169921875
straight_high_BL_0_J043_015.png,straight,43,baseline,h2_exc,2.340559959411621,2.340559959411621,3.2845001220703125,0.008424248546361923,110.733154296875
straight_high_BL_0_J043_015.png,straight,43,baseline,h3_exc,22.428308486938477,22.428308486938477,83.97264862060547,0.006695902440696955,1644.3914794921875
straight_high_BL_0_J043_015.png,straight,43,baseline,h4_exc,7335.17236328125,7335.17236328125,51816.328125,2.828185461112298e-05,1449604.0
straight_high_BL_0_J043_015.png,straight,43,matched_bias,h0_exc,3.7770209312438965,3.7770209312438965,4.309170246124268,0.029508214443922043,204.30014038085938
straight_high_BL_0_J043_015.png,straight,43,matched_bias,h1_exc,2.3752264976501465,2.3752264976501465,1.9122952222824097,0.0493701733648777,205.39114379882812
straight_high_BL_0_J043_015.png,straight,43,matched_bias,h2_exc,2.383002519607544,2.383002519607544,3.3896381855010986,0.008581012487411499,113.81646728515625
straight_high_BL_0_J043_015.png,straight,43,matched_bias,h3_exc,23.838647842407227,23.838647842407227,90.20256042480469,0.006766902282834053,1805.9871826171875
straight_high_BL_0_J043_015.png,straight,43,matched_bias,h4_exc,8631.92578125,8631.92578125,60639.0234375,2.7691734430845827e-05,1733219.25
straight_high_BL_0_J044_013.png,straight,44,baseline,h0_exc,3.7710201740264893,3.7710201740264893,4.241953372955322,0.0365716814994812,184.38548278808594
straight_high_BL_0_J044_013.png,straight,44,baseline,h1_exc,2.1917481422424316,2.1917481422424316,1.807304859161377,0.03760021924972534,170.3410186767578
straight_high_BL_0_J044_013.png,straight,44,baseline,h2_exc,2.348778009414673,2.348778009414673,3.3284976482391357,0.008365855552256107,122.17102813720703
straight_high_BL_0_J044_013.png,straight,44,baseline,h3_exc,23.55410385131836,23.55410385131836,88.16261291503906,0.007753944490104914,1709.574462890625
straight_high_BL_0_J044_013.png,straight,44,baseline,h4_exc,8342.8251953125,8342.8251953125,58935.61328125,2.5754045054782182e-05,1406947.25
straight_high_BL_0_J044_013.png,straight,44,matched_bias,h0_exc,3.776413679122925,3.776413679122925,4.227053642272949,0.03458309546113014,185.1170196533203
straight_high_BL_0_J044_013.png,straight,44,matched_bias,h1_exc,2.369661569595337,2.369661569595337,1.9062650203704834,0.03846720606088638,171.448974609375
straight_high_BL_0_J044_013.png,straight,44,matched_bias,h2_exc,2.3921449184417725,2.3921449184417725,3.4351634979248047,0.008584579452872276,122.90502166748047
straight_high_BL_0_J044_013.png,straight,44,matched_bias,h3_exc,25.16402816772461,25.16402816772461,95.09599304199219,0.007823706604540348,1829.097412109375
straight_high_BL_0_J044_013.png,straight,44,matched_bias,h4_exc,9929.6298828125,9929.6298828125,69692.6953125,2.5271716367569752e-05,1654489.25
straight_high_BL_0_J045_013.png,straight,45,baseline,h0_exc,3.7705931663513184,3.7705931663513184,4.262791633605957,0.03298372030258179,187.9507598876953
straight_high_BL_0_J045_013.png,straight,45,baseline,h1_exc,2.1922664642333984,2.1922664642333984,1.7981032133102417,0.03751529008150101,172.2149200439453
straight_high_BL_0_J045_013.png,straight,45,baseline,h2_exc,2.3422255516052246,2.3422255516052246,3.303128242492676,0.008352724835276604,122.44147491455078
straight_high_BL_0_J045_013.png,straight,45,baseline,h3_exc,23.376262664794922,23.376262664794922,87.63484954833984,0.007777417078614235,1704.06201171875
straight_high_BL_0_J045_013.png,straight,45,baseline,h4_exc,8252.4677734375,8252.4677734375,58516.63671875,2.5746869141585194e-05,1404148.125
straight_high_BL_0_J045_013.png,straight,45,matched_bias,h0_exc,3.776196241378784,3.776196241378784,4.2484564781188965,0.032495975494384766,187.53359985351562
straight_high_BL_0_J045_013.png,straight,45,matched_bias,h1_exc,2.370265007019043,2.370265007019043,1.896317720413208,0.038523007184267044,173.47767639160156
straight_high_BL_0_J045_013.png,straight,45,matched_bias,h2_exc,2.3859243392944336,2.3859243392944336,3.409128427505493,0.008559027686715126,123.12269592285156
straight_high_BL_0_J045_013.png,straight,45,matched_bias,h3_exc,24.970972061157227,24.970972061157227,94.54512786865234,0.00785745494067669,1825.1368408203125
straight_high_BL_0_J045_013.png,straight,45,matched_bias,h4_exc,9823.5966796875,9823.5966796875,69217.53125,2.526790922274813e-05,1651961.625
straight_high_BL_0_J046_024.png,straight,46,baseline,h0_exc,3.7672202587127686,3.7672202587127686,4.258060455322266,0.029538944363594055,230.3897705078125
straight_high_BL_0_J046_024.png,straight,46,baseline,h1_exc,2.1993868350982666,2.1993868350982666,1.7711505889892578,0.0427834615111351,195.56532287597656
straight_high_BL_0_J046_024.png,straight,46,baseline,h2_exc,2.3294785022735596,2.3294785022735596,3.2638766765594482,0.007928241975605488,107.34740447998047
straight_high_BL_0_J046_024.png,straight,46,baseline,h3_exc,21.7232666015625,21.7232666015625,81.50457763671875,0.004496151581406593,1913.5770263671875
straight_high_BL_0_J046_024.png,straight,46,baseline,h4_exc,6664.685546875,6664.685546875,47953.18359375,2.6804864319274202e-05,1365549.875
straight_high_BL_0_J046_024.png,straight,46,matched_bias,h0_exc,3.7674102783203125,3.7674102783203125,4.252316474914551,0.02849961258471012,241.36524963378906
straight_high_BL_0_J046_024.png,straight,46,matched_bias,h1_exc,2.377821922302246,2.377821922302246,1.881667971611023,0.04408753290772438,201.22140502929688
straight_high_BL_0_J046_024.png,straight,46,matched_bias,h2_exc,2.3748340606689453,2.3748340606689453,3.3719611167907715,0.006656205281615257,110.93391418457031
straight_high_BL_0_J046_024.png,straight,46,matched_bias,h3_exc,23.093992233276367,23.093992233276367,87.3778305053711,0.004333125427365303,1981.730712890625
straight_high_BL_0_J046_024.png,straight,46,matched_bias,h4_exc,7865.52392578125,7865.52392578125,56179.5546875,2.6358133254689164e-05,1582105.0
straight_high_BL_0_J047_010.png,straight,47,baseline,h0_exc,3.781724214553833,3.781724214553833,4.322618007659912,0.03671623766422272,287.9571533203125
straight_high_BL_0_J047_010.png,straight,47,baseline,h1_exc,2.2044551372528076,2.2044551372528076,1.8486039638519287,0.037039946764707565,245.365966796875
straight_high_BL_0_J047_010.png,straight,47,baseline,h2_exc,2.3597140312194824,2.3597140312194824,3.339749336242676,0.006198977120220661,125.99136352539062
straight_high_BL_0_J047_010.png,straight,47,baseline,h3_exc,21.458459854125977,21.458459854125977,81.34295654296875,0.0051054456271231174,1676.2933349609375
straight_high_BL_0_J047_010.png,straight,47,baseline,h4_exc,6427.88330078125,6427.88330078125,45661.76171875,3.2514373742742464e-05,1217749.625
straight_high_BL_0_J047_010.png,straight,47,matched_bias,h0_exc,3.78474497795105,3.78474497795105,4.312604904174805,0.03611772507429123,283.0464782714844
straight_high_BL_0_J047_010.png,straight,47,matched_bias,h1_exc,2.383277177810669,2.383277177810669,1.9535707235336304,0.05525825917720795,250.2725372314453
straight_high_BL_0_J047_010.png,straight,47,matched_bias,h2_exc,2.4014029502868652,2.4014029502868652,3.443796396255493,0.0062733665108680725,126.9950180053711
straight_high_BL_0_J047_010.png,straight,47,matched_bias,h3_exc,22.775306701660156,22.775306701660156,87.12100219726562,0.004883445333689451,1879.767333984375
straight_high_BL_0_J047_010.png,straight,47,matched_bias,h4_exc,7586.09130859375,7586.09130859375,53636.640625,3.1128438422456384e-05,1466373.25
straight_high_BL_0_J048_009.png,straight,48,baseline,h0_exc,3.784763813018799,3.784763813018799,4.202742099761963,0.033619873225688934,172.40716552734375
straight_high_BL_0_J048_009.png,straight,48,baseline,h1_exc,2.1896305084228516,2.1896305084228516,1.7110737562179565,0.04356429725885391,155.60069274902344
straight_high_BL_0_J048_009.png,straight,48,baseline,h2_exc,2.321812629699707,2.321812629699707,3.198411464691162,0.005362348631024361,98.35099792480469
straight_high_BL_0_J048_009.png,straight,48,baseline,h3_exc,22.561416625976562,22.561416625976562,84.29402160644531,0.004168173763900995,1625.897705078125
straight_high_BL_0_J048_009.png,straight,48,baseline,h4_exc,7339.134765625,7339.134765625,52937.69140625,3.058781658182852e-05,1508685.125
straight_high_BL_0_J048_009.png,straight,48,matched_bias,h0_exc,3.7882297039031982,3.7882297039031982,4.189456462860107,0.03393818438053131,170.7539825439453
straight_high_BL_0_J048_009.png,straight,48,matched_bias,h1_exc,2.3663177490234375,2.3663177490234375,1.8145639896392822,0.047206901013851166,155.672607421875
straight_high_BL_0_J048_009.png,straight,48,matched_bias,h2_exc,2.363521099090576,2.363521099090576,3.3009679317474365,0.005338055081665516,100.62977600097656
straight_high_BL_0_J048_009.png,straight,48,matched_bias,h3_exc,24.02593421936035,24.02593421936035,90.59339904785156,0.004188346676528454,1725.568359375
straight_high_BL_0_J048_009.png,straight,48,matched_bias,h4_exc,8675.8720703125,8675.8720703125,62058.46484375,2.9696702767978422e-05,1731497.125
straight_high_BL_0_J049_022.png,straight,49,baseline,h0_exc,3.7678887844085693,3.7678887844085693,4.267055988311768,0.030833736062049866,181.0749969482422
straight_high_BL_0_J049_022.png,straight,49,baseline,h1_exc,2.2007315158843994,2.2007315158843994,1.8239388465881348,0.036771535873413086,179.17713928222656
straight_high_BL_0_J049_022.png,straight,49,baseline,h2_exc,2.329892873764038,2.329892873764038,3.3028995990753174,0.007330233231186867,113.16614532470703
straight_high_BL_0_J049_022.png,straight,49,baseline,h3_exc,21.833189010620117,21.833189010620117,82.2582015991211,0.0072050150483846664,1810.6153564453125
straight_high_BL_0_J049_022.png,straight,49,baseline,h4_exc,6709.63916015625,6709.63916015625,48842.2109375,2.8670508982031606e-05,1519005.875
straight_high_BL_0_J049_022.png,straight,49,matched_bias,h0_exc,3.7735683917999268,3.7735683917999268,4.253706455230713,0.030297964811325073,179.24740600585938
straight_high_BL_0_J049_022.png,straight,49,matched_bias,h1_exc,2.3792552947998047,2.3792552947998047,1.9238109588623047,0.06555382907390594,179.30844116210938
straight_high_BL_0_J049_022.png,straight,49,matched_bias,h2_exc,2.3741202354431152,2.3741202354431152,3.4152119159698486,0.0073086051270365715,113.51363372802734
straight_high_BL_0_J049_022.png,straight,49,matched_bias,h3_exc,23.131206512451172,23.131206512451172,87.91107940673828,0.007346198428422213,1919.4898681640625
straight_high_BL_0_J049_022.png,straight,49,matched_bias,h4_exc,7896.9189453125,7896.9189453125,57198.51171875,2.833783764799591e-05,1761148.0
straight_high_BL_0_J050_023.png,straight,50,baseline,h0_exc,3.7643444538116455,3.7643444538116455,4.317597389221191,0.03389640524983406,256.011962890625
straight_high_BL_0_J050_023.png,straight,50,baseline,h1_exc,2.1971378326416016,2.1971378326416016,1.815953254699707,0.05255518853664398,196.8623809814453
straight_high_BL_0_J050_023.png,straight,50,baseline,h2_exc,2.3416802883148193,2.3416802883148193,3.2557199001312256,0.008906670846045017,124.6187973022461
straight_high_BL_0_J050_023.png,straight,50,baseline,h3_exc,21.842126846313477,21.842126846313477,82.04878234863281,0.005937870126217604,1931.177734375
straight_high_BL_0_J050_023.png,straight,50,baseline,h4_exc,6232.2529296875,6232.2529296875,44452.1328125,3.0906012398190796e-05,1182681.375
straight_high_BL_0_J050_023.png,straight,50,matched_bias,h0_exc,3.7682671546936035,3.7682671546936035,4.294070243835449,0.03451614826917648,248.03500366210938
straight_high_BL_0_J050_023.png,straight,50,matched_bias,h1_exc,2.3749070167541504,2.3749070167541504,1.9134539365768433,0.059015803039073944,196.28639221191406
straight_high_BL_0_J050_023.png,straight,50,matched_bias,h2_exc,2.382922649383545,2.382922649383545,3.35636043548584,0.00908549502491951,124.27132415771484
straight_high_BL_0_J050_023.png,straight,50,matched_bias,h3_exc,23.20465087890625,23.20465087890625,88.00830078125,0.0063649327494204044,1993.1298828125
straight_high_BL_0_J050_023.png,straight,50,matched_bias,h4_exc,7353.55810546875,7353.55810546875,52152.59375,3.0049481210880913e-05,1409867.875
straight_high_BL_0_J051_025.png,straight,51,baseline,h0_exc,3.7616634368896484,3.7616634368896484,4.2536845207214355,0.0328521691262722,252.55235290527344
straight_high_BL_0_J051_025.png,straight,51,baseline,h1_exc,2.1943106651306152,2.1943106651306152,1.8171664476394653,0.04627930000424385,269.5390625
straight_high_BL_0_J051_025.png,straight,51,baseline,h2_exc,2.338554620742798,2.338554620742798,3.270650863647461,0.005717296618968248,124.8673095703125
straight_high_BL_0_J051_025.png,straight,51,baseline,h3_exc,21.964632034301758,21.964632034301758,82.49568176269531,0.005335016176104546,1962.2384033203125
straight_high_BL_0_J051_025.png,straight,51,baseline,h4_exc,6651.76806640625,6651.76806640625,47668.3359375,3.0338002034113742e-05,1296408.375
straight_high_BL_0_J051_025.png,straight,51,matched_bias,h0_exc,3.7633700370788574,3.7633700370788574,4.239882946014404,0.03304992988705635,252.0078887939453
straight_high_BL_0_J051_025.png,straight,51,matched_bias,h1_exc,2.3717310428619385,2.3717310428619385,1.9182326793670654,0.045650191605091095,273.61285400390625
straight_high_BL_0_J051_025.png,straight,51,matched_bias,h2_exc,2.379251003265381,2.379251003265381,3.3685286045074463,0.0057744355872273445,125.22150421142578
straight_high_BL_0_J051_025.png,straight,51,matched_bias,h3_exc,23.330162048339844,23.330162048339844,88.40155029296875,0.005127373617142439,2198.29931640625
straight_high_BL_0_J051_025.png,straight,51,matched_bias,h4_exc,7791.65673828125,7791.65673828125,55393.265625,2.9785092920064926e-05,1498421.125
straight_high_BL_0_J052_019.png,straight,52,baseline,h0_exc,3.8323981761932373,3.8323981761932373,4.278883934020996,0.03214029595255852,256.2714538574219
straight_high_BL_0_J052_019.png,straight,52,baseline,h1_exc,2.1942665576934814,2.1942665576934814,1.7063955068588257,0.04668164998292923,124.14812469482422
straight_high_BL_0_J052_019.png,straight,52,baseline,h2_exc,2.3357248306274414,2.3357248306274414,3.235092878341675,0.00817831140011549,84.49981689453125
straight_high_BL_0_J052_019.png,straight,52,baseline,h3_exc,22.19594955444336,22.19594955444336,83.37083435058594,0.00564575893804431,1645.87451171875
straight_high_BL_0_J052_019.png,straight,52,baseline,h4_exc,6682.2548828125,6682.2548828125,48953.04296875,3.1204115657601506e-05,1662641.375
straight_high_BL_0_J052_019.png,straight,52,matched_bias,h0_exc,3.8360817432403564,3.8360817432403564,4.268157482147217,0.03243076801300049,255.71157836914062
straight_high_BL_0_J052_019.png,straight,52,matched_bias,h1_exc,2.3721303939819336,2.3721303939819336,1.8112186193466187,0.048103053122758865,129.65597534179688
straight_high_BL_0_J052_019.png,straight,52,matched_bias,h2_exc,2.377877712249756,2.377877712249756,3.3367583751678467,0.008464721962809563,84.37255096435547
straight_high_BL_0_J052_019.png,straight,52,matched_bias,h3_exc,23.629100799560547,23.629100799560547,89.56420135498047,0.0057680015452206135,1740.5897216796875
straight_high_BL_0_J052_019.png,straight,52,matched_bias,h4_exc,7868.03515625,7868.03515625,57221.73828125,3.0437964596785605e-05,1948566.875
straight_high_BL_0_J053_021.png,straight,53,baseline,h0_exc,3.773756504058838,3.773756504058838,4.287171840667725,0.035730861127376556,211.22364807128906
straight_high_BL_0_J053_021.png,straight,53,baseline,h1_exc,2.1969680786132812,2.1969680786132812,1.7544052600860596,0.05079285800457001,163.77760314941406
straight_high_BL_0_J053_021.png,straight,53,baseline,h2_exc,2.3431410789489746,2.3431410789489746,3.2651307582855225,0.008760884404182434,101.34618377685547
straight_high_BL_0_J053_021.png,straight,53,baseline,h3_exc,21.949748992919922,21.949748992919922,82.13851928710938,0.0055579328909516335,1905.56005859375
straight_high_BL_0_J053_021.png,straight,53,baseline,h4_exc,6807.49267578125,6807.49267578125,46815.1171875,2.931385643023532e-05,1087437.625
straight_high_BL_0_J053_021.png,straight,53,matched_bias,h0_exc,3.7785706520080566,3.7785706520080566,4.274615287780762,0.03445684537291527,225.0222930908203
straight_high_BL_0_J053_021.png,straight,53,matched_bias,h1_exc,2.374021053314209,2.374021053314209,1.853549599647522,0.05183379352092743,164.00350952148438
straight_high_BL_0_J053_021.png,straight,53,matched_bias,h2_exc,2.3850958347320557,2.3850958347320557,3.365891933441162,0.008829868398606777,101.87015533447266
straight_high_BL_0_J053_021.png,straight,53,matched_bias,h3_exc,23.349706649780273,23.349706649780273,88.2164535522461,0.005622461903840303,2108.470703125
straight_high_BL_0_J053_021.png,straight,53,matched_bias,h4_exc,8019.8662109375,8019.8662109375,54798.390625,2.818564826156944e-05,1260306.125
straight_high_BL_0_J054_012.png,straight,54,baseline,h0_exc,3.738532066345215,3.738532066345215,4.342044353485107,0.03304891288280487,333.0078125
straight_high_BL_0_J054_012.png,straight,54,baseline,h1_exc,2.1929991245269775,2.1929991245269775,1.821413516998291,0.04674574360251427,255.89849853515625
straight_high_BL_0_J054_012.png,straight,54,baseline,h2_exc,2.323028564453125,2.323028564453125,3.2251195907592773,0.007571795489639044,113.09325408935547
straight_high_BL_0_J054_012.png,straight,54,baseline,h3_exc,22.157114028930664,22.157114028930664,83.46005249023438,0.005079657770693302,1724.869140625
straight_high_BL_0_J054_012.png,straight,54,baseline,h4_exc,6930.59130859375,6930.59130859375,50717.01953125,2.7822728952742182e-05,1410928.625
straight_high_BL_0_J054_012.png,straight,54,matched_bias,h0_exc,3.742730140686035,3.742730140686035,4.3259172439575195,0.03370243310928345,336.2489318847656
straight_high_BL_0_J054_012.png,straight,54,matched_bias,h1_exc,2.3707144260406494,2.3707144260406494,1.9202566146850586,0.04888805374503136,263.2455749511719
straight_high_BL_0_J054_012.png,straight,54,matched_bias,h2_exc,2.3659865856170654,2.3659865856170654,3.3329248428344727,0.008107021450996399,116.59354400634766
straight_high_BL_0_J054_012.png,straight,54,matched_bias,h3_exc,23.6004638671875,23.6004638671875,89.68434143066406,0.005037557799369097,1840.099609375
straight_high_BL_0_J054_012.png,straight,54,matched_bias,h4_exc,8173.76171875,8173.76171875,59439.96484375,2.672988011909183e-05,1667486.75
straight_high_BL_0_J055_020.png,straight,55,baseline,h0_exc,3.794802188873291,3.794802188873291,4.325100898742676,0.03209557384252548,191.542236328125
straight_high_BL_0_J055_020.png,straight,55,baseline,h1_exc,2.1963682174682617,2.1963682174682617,1.7528189420700073,0.04941846802830696,171.34616088867188
straight_high_BL_0_J055_020.png,straight,55,baseline,h2_exc,2.3196098804473877,2.3196098804473877,3.1862778663635254,0.007887243293225765,95.62080383300781
straight_high_BL_0_J055_020.png,straight,55,baseline,h3_exc,22.647476196289062,22.647476196289062,85.65921020507812,0.004966482054442167,1738.2491455078125
straight_high_BL_0_J055_020.png,straight,55,baseline,h4_exc,7140.21484375,7140.21484375,51361.2109375,3.155512604280375e-05,1410627.125
straight_high_BL_0_J055_020.png,straight,55,matched_bias,h0_exc,3.798036575317383,3.798036575317383,4.316245079040527,0.030953355133533478,188.3643798828125
straight_high_BL_0_J055_020.png,straight,55,matched_bias,h1_exc,2.373955249786377,2.373955249786377,1.8569844961166382,0.05006521940231323,174.82696533203125
straight_high_BL_0_J055_020.png,straight,55,matched_bias,h2_exc,2.360222578048706,2.360222578048706,3.2860400676727295,0.007855153642594814,96.4560546875
straight_high_BL_0_J055_020.png,straight,55,matched_bias,h3_exc,24.067148208618164,24.067148208618164,91.86051940917969,0.004960237070918083,1904.3341064453125
straight_high_BL_0_J055_020.png,straight,55,matched_bias,h4_exc,8428.146484375,8428.146484375,60111.3359375,3.193846714566462e-05,1613913.0
straight_high_BL_0_J056_018.png,straight,56,baseline,h0_exc,3.822343349456787,3.822343349456787,4.224976539611816,0.04132166504859924,119.75188446044922
straight_high_BL_0_J056_018.png,straight,56,baseline,h1_exc,2.198065996170044,2.198065996170044,1.7393670082092285,0.03993172198534012,104.13613891601562
straight_high_BL_0_J056_018.png,straight,56,baseline,h2_exc,2.343979597091675,2.343979597091675,3.2760074138641357,0.005584601312875748,109.55754089355469
straight_high_BL_0_J056_018.png,straight,56,baseline,h3_exc,22.172494888305664,22.172494888305664,84.06377410888672,0.006574750877916813,1796.1138916015625
straight_high_BL_0_J056_018.png,straight,56,baseline,h4_exc,6592.66015625,6592.66015625,46977.61328125,2.8323096557869576e-05,1298165.25
straight_high_BL_0_J056_018.png,straight,56,matched_bias,h0_exc,3.8241689205169678,3.8241689205169678,4.21364688873291,0.040837362408638,116.78887939453125
straight_high_BL_0_J056_018.png,straight,56,matched_bias,h1_exc,2.3753020763397217,2.3753020763397217,1.8427574634552002,0.06366918236017227,101.73737335205078
straight_high_BL_0_J056_018.png,straight,56,matched_bias,h2_exc,2.383889675140381,2.383889675140381,3.371633529663086,0.005605060141533613,115.82597351074219
straight_high_BL_0_J056_018.png,straight,56,matched_bias,h3_exc,23.633621215820312,23.633621215820312,90.36981964111328,0.0061463722959160805,1978.3714599609375
straight_high_BL_0_J056_018.png,straight,56,matched_bias,h4_exc,7782.419921875,7782.419921875,55018.97265625,2.8302485588937998e-05,1483213.125
straight_high_BL_0_J057_010.png,straight,57,baseline,h0_exc,3.769974708557129,3.769974708557129,4.330045223236084,0.0361735038459301,300.0600280761719
straight_high_BL_0_J057_010.png,straight,57,baseline,h1_exc,2.2045717239379883,2.2045717239379883,1.863845705986023,0.03660665452480316,257.9228820800781
straight_high_BL_0_J057_010.png,straight,57,baseline,h2_exc,2.357308864593506,2.357308864593506,3.3377673625946045,0.006232883781194687,128.8971710205078
straight_high_BL_0_J057_010.png,straight,57,baseline,h3_exc,21.583559036254883,21.583559036254883,81.6706771850586,0.005246596410870552,1690.5865478515625
straight_high_BL_0_J057_010.png,straight,57,baseline,h4_exc,6494.1630859375,6494.1630859375,46037.5078125,3.251500311307609e-05,1225779.375
straight_high_BL_0_J057_010.png,straight,57,matched_bias,h0_exc,3.7726027965545654,3.7726027965545654,4.319141864776611,0.03594185411930084,299.4673767089844
straight_high_BL_0_J057_010.png,straight,57,matched_bias,h1_exc,2.3834269046783447,2.3834269046783447,1.9687283039093018,0.05765887349843979,264.1011657714844
straight_high_BL_0_J057_010.png,straight,57,matched_bias,h2_exc,2.398836135864258,2.398836135864258,3.4407777786254883,0.006316569168120623,130.15869140625
straight_high_BL_0_J057_010.png,straight,57,matched_bias,h3_exc,22.913711547851562,22.913711547851562,87.48584747314453,0.005065921228379011,1893.4769287109375
straight_high_BL_0_J057_010.png,straight,57,matched_bias,h4_exc,7663.78857421875,7663.78857421875,54086.578125,3.113323691650294e-05,1476768.5
straight_high_BL_0_J058_020.png,straight,58,baseline,h0_exc,3.8083629608154297,3.8083629608154297,4.302682876586914,0.03192000836133957,150.4188232421875
straight_high_BL_0_J058_020.png,straight,58,baseline,h1_exc,2.19453501701355,2.19453501701355,1.7299598455429077,0.04603493958711624,118.95828247070312
straight_high_BL_0_J058_020.png,straight,58,baseline,h2_exc,2.323390245437622,2.323390245437622,3.19492244720459,0.007907688617706299,91.85710906982422
straight_high_BL_0_J058_020.png,straight,58,baseline,h3_exc,22.816001892089844,22.816001892089844,86.23273468017578,0.0048629832454025745,1750.044677734375
straight_high_BL_0_J058_020.png,straight,58,baseline,h4_exc,7213.8349609375,7213.8349609375,51770.078125,3.159176048939116e-05,1404749.5
straight_high_BL_0_J058_020.png,straight,58,matched_bias,h0_exc,3.8119702339172363,3.8119702339172363,4.294189453125,0.030806805938482285,161.409912109375
straight_high_BL_0_J058_020.png,straight,58,matched_bias,h1_exc,2.371891498565674,2.371891498565674,1.8344436883926392,0.046436674892902374,121.36247253417969
straight_high_BL_0_J058_020.png,straight,58,matched_bias,h2_exc,2.3641037940979004,2.3641037940979004,3.2952280044555664,0.007873712107539177,92.90779876708984
straight_high_BL_0_J058_020.png,straight,58,matched_bias,h3_exc,24.263090133666992,24.263090133666992,92.52556610107422,0.004844755865633488,1916.010498046875
straight_high_BL_0_J058_020.png,straight,58,matched_bias,h4_exc,8521.51171875,8521.51171875,60651.25,3.1990672141546384e-05,1609763.625
straight_high_BL_0_J059_012.png,straight,59,baseline,h0_exc,3.741072177886963,3.741072177886963,4.353145599365234,0.03286783769726753,333.46502685546875
straight_high_BL_0_J059_012.png,straight,59,baseline,h1_exc,2.192580461502075,2.192580461502075,1.8244850635528564,0.04688386991620064,257.4699401855469
straight_high_BL_0_J059_012.png,straight,59,baseline,h2_exc,2.3258862495422363,2.3258862495422363,3.2317564487457275,0.007543706335127354,113.77445983886719
straight_high_BL_0_J059_012.png,straight,59,baseline,h3_exc,22.1483097076416,22.1483097076416,83.53031921386719,0.005237187258899212,1720.707763671875
straight_high_BL_0_J059_012.png,straight,59,baseline,h4_exc,6959.27685546875,6959.27685546875,51199.953125,2.7764770493377e-05,1419400.875
straight_high_BL_0_J059_012.png,straight,59,matched_bias,h0_exc,3.7450616359710693,3.7450616359710693,4.33683967590332,0.03352699056267738,336.9813537597656
straight_high_BL_0_J059_012.png,straight,59,matched_bias,h1_exc,2.370117664337158,2.370117664337158,1.922795295715332,0.048359621316194534,264.99249267578125
straight_high_BL_0_J059_012.png,straight,59,matched_bias,h2_exc,2.3687644004821777,2.3687644004821777,3.339672803878784,0.008185813203454018,117.31867980957031
straight_high_BL_0_J059_012.png,straight,59,matched_bias,h3_exc,23.584375381469727,23.584375381469727,89.76366424560547,0.005215633660554886,1835.9183349609375
straight_high_BL_0_J059_012.png,straight,59,matched_bias,h4_exc,8205.4775390625,8205.4775390625,59993.31640625,2.672235859790817e-05,1677113.75
straight_high_BL_0_J060_022.png,straight,60,baseline,h0_exc,3.7652692794799805,3.7652692794799805,4.290932655334473,0.030926546081900597,183.20639038085938
straight_high_BL_0_J060_022.png,straight,60,baseline,h1_exc,2.201505184173584,2.201505184173584,1.8158118724822998,0.03593636676669121,183.41624450683594
straight_high_BL_0_J060_022.png,straight,60,baseline,h2_exc,2.324070930480957,2.324070930480957,3.273488998413086,0.007293710485100746,113.76126098632812
straight_high_BL_0_J060_022.png,straight,60,baseline,h3_exc,21.549877166748047,21.549877166748047,81.33820343017578,0.006978469435125589,1807.4996337890625
straight_high_BL_0_J060_022.png,straight,60,baseline,h4_exc,6538.541015625,6538.541015625,47829.48046875,2.8678268790827133e-05,1505468.5
straight_high_BL_0_J060_022.png,straight,60,matched_bias,h0_exc,3.7711658477783203,3.7711658477783203,4.276520729064941,0.03049256093800068,181.4230194091797
straight_high_BL_0_J060_022.png,straight,60,matched_bias,h1_exc,2.380241870880127,2.380241870880127,1.9153984785079956,0.056602902710437775,183.89923095703125
straight_high_BL_0_J060_022.png,straight,60,matched_bias,h2_exc,2.368640899658203,2.368640899658203,3.3835983276367188,0.007283004932105541,114.12895965576172
straight_high_BL_0_J060_022.png,straight,60,matched_bias,h3_exc,22.825523376464844,22.825523376464844,86.92579650878906,0.007273936178535223,1913.9229736328125
straight_high_BL_0_J060_022.png,straight,60,matched_bias,h4_exc,7699.11669921875,7699.11669921875,56031.96875,2.834020233422052e-05,1745714.5
