contour_type,layer,channel,n_images,mean_contour_mean_activation,sem_contour_mean_activation,mean_background_mean_activation,sem_background_mean_activation,mean_contour_preference_ratio,sem_contour_preference_ratio,mean_activation_on_contour_pct,sem_activation_on_contour_pct,mean_contour_area_pct,mean_contour_enrichment,sem_contour_enrichment,mean_dice_top_activation,sem_dice_top_activation,rank_mean_contour_enrichment
C,h1_exc,13,25,12.69697,0.3626949,1.7885847,0.0063817785,7.1066356,0.21244977,10.650325,0.28400776,1.6533203125,6.441779623618533,0.17178024476103043,0.2331081873793404,0.002406358711240477,1
C,h1_exc,36,25,8.053459,0.27950203,1.1851534,0.009121876,6.8093147,0.24792393,10.24153,0.3333359,1.6533203125,6.194523079318863,0.20161604632188798,0.21543618536812584,0.0019276467399403769,2
C,h1_exc,61,25,12.79401,0.24710444,2.6655135,0.0072027757,4.802799,0.09796825,7.465696,0.14104831,1.6533203125,4.515577327051381,0.08531215280538464,0.25102153691422857,0.0025878078336745362,3
C,h1_exc,99,25,5.9871387,0.16305949,1.2812304,0.011024974,4.6811433,0.13147601,7.286072,0.19014171,1.6533203125,4.406932909515953,0.1150059738907447,0.1900812871866336,0.0020563556700911203,4
C,h1_exc,0,25,7.9633484,0.14359298,1.7163115,0.0148667935,4.6499205,0.09865735,7.245043,0.14212556,1.6533203125,4.382116847202967,0.08596372133143054,0.22765775580304393,0.0021469631409959055,5
C,h1_exc,29,25,19.430332,0.2251606,4.4308033,0.018559428,4.388046,0.057129104,6.868232,0.08326292,1.6533203125,4.154205296418156,0.05036103319892548,0.25004273862377435,0.001848175014729216,6
C,h1_exc,76,25,3.861558,0.115349256,0.91388994,0.0073853135,4.235081,0.13601777,6.6362996,0.19818735,1.6533203125,4.013922296029938,0.11987232655983973,0.20808849409183935,0.0021535899235462764,7
C,h1_exc,72,25,15.166101,0.23227902,3.7514956,0.018465685,4.0426064,0.059057135,6.361666,0.08702362,1.6533203125,3.8478123152161263,0.05263566858838585,0.2353473560712014,0.0022820618540606275,8
C,h1_exc,105,25,7.0468583,0.09895994,1.8479738,0.013847143,3.8187695,0.06250133,6.030321,0.092574105,1.6533203125,3.64740015283188,0.055992841449507225,0.2387530377941517,0.0016878856252904556,9
C,h1_exc,21,25,5.020038,0.100610726,1.3896174,0.0075352974,3.6171677,0.08006051,5.7286696,0.11922105,1.6533203125,3.464948191811979,0.0721100731257857,0.2316533981394187,0.002998018178023251,10
C,h1_exc,78,25,12.336073,0.1475078,3.4260247,0.028392686,3.6057105,0.050251875,5.713745,0.075091235,1.6533203125,3.4559212357420948,0.04541844256589256,0.23133160144118714,0.002730553361528272,11
C,h1_exc,23,25,12.44561,0.155658,3.6505308,0.017407304,3.4113455,0.0463396,5.4225807,0.069764555,1.6533203125,3.2798123278808164,0.04219663298961533,0.20476326154344693,0.0037280717147623534,12
C,h1_exc,20,25,6.2265553,0.105091475,1.8833269,0.012356344,3.3087173,0.057134245,5.2673573,0.08623014,1.6533203125,3.1859265326165755,0.052155736895714525,0.19506913600922224,0.0016039510394124461,13
C,h1_exc,25,25,13.345135,0.18767107,4.184181,0.024739232,3.1895862,0.04093516,5.088203,0.062030923,1.6533203125,3.077566246890562,0.037518999000513205,0.2274432246708896,0.0023755930869837597,14
C,h1_exc,26,25,5.3775163,0.07384954,1.7314235,0.005271598,3.1067648,0.044264723,4.962446,0.06728049,1.6533203125,3.0015032305166023,0.040694166322132116,0.20981071863836084,0.00426135363164765,15
C,h1_exc,92,25,9.18269,0.17648125,3.0257163,0.011503375,3.0386846,0.065530136,4.857603,0.099461615,1.6533203125,2.938089369134799,0.060158709362498945,0.22566663873273637,0.0024696791650122315,16
C,h1_exc,118,25,2.9033105,0.06288616,1.0102775,0.006369902,2.8754265,0.062361874,4.6087384,0.09540753,1.6533203125,2.7875652507396382,0.05770662339404632,0.20993882510667064,0.0020566671029543858,17
C,h1_exc,7,25,11.834246,0.109419584,4.159096,0.012196574,2.8457649,0.026612615,4.5652165,0.04077457,1.6533203125,2.7612413078705784,0.024662230674509813,0.21389424285576644,0.0020288205249373885,18
C,h1_exc,84,25,3.4825792,0.05916538,1.2389745,0.0059520174,2.8128226,0.05038226,4.513671,0.077192634,1.6533203125,2.730064380083663,0.04668946127034613,0.16578563647015354,0.002409527919688712,19
C,h1_exc,64,25,6.2010603,0.124251895,2.2165525,0.014094403,2.7985108,0.05572395,4.491396,0.08533109,1.6533203125,2.7165913708990574,0.05161195154585369,0.2249895248468742,0.003286076680425863,20
C,h1_exc,62,25,5.5664363,0.045428343,2.0781865,0.014127159,2.6805935,0.025112877,4.311692,0.03861547,1.6533203125,2.607898857805001,0.023356314946520313,0.22632364032495908,0.0026269401098094228,21
C,h1_exc,43,25,1.9356999,0.030619288,0.73586786,0.004910995,2.6332998,0.044931136,4.2380104,0.069325835,1.6533203125,2.5633328371427773,0.041931276710661027,0.20152518226749222,0.003972991171377963,22
C,h1_exc,90,25,4.2467313,0.07980603,1.626618,0.011491461,2.615731,0.055466294,4.210283,0.08576893,1.6533203125,2.546562132734837,0.05187677946289484,0.1770015922230981,0.0036956234414961286,23
C,h1_exc,57,25,3.658599,0.044599082,1.4176354,0.008720774,2.5819404,0.031419687,4.1593823,0.048545636,1.6533203125,2.5157752819630606,0.029362510110358314,0.20923427127066282,0.002514741969342966,24
C,h1_exc,6,25,5.9425836,0.10529099,2.3402555,0.012140206,2.5419314,0.049193595,4.0967045,0.07608093,1.6533203125,2.477864877908174,0.04601705584717359,0.19459859249038497,0.002863492988277997,25
C,h1_exc,80,25,9.141077,0.111595936,3.6895287,0.0072590304,2.4779577,0.031235382,3.9985518,0.04839114,1.6533203125,2.4184980922365353,0.029269065067456,0.21275319461074155,0.0035731992033318566,26
C,h1_exc,53,25,3.4308999,0.06594983,1.3860826,0.010633468,2.4774778,0.048717678,3.99697,0.07544299,1.6533203125,2.4175411994300076,0.045631202268111064,0.17366965557682587,0.002800465871404392,27
C,h1_exc,87,25,4.1333103,0.069141075,1.6738172,0.008579924,2.4683933,0.0361911,3.98353,0.056099065,1.6533203125,2.4094121617133752,0.03393115257473462,0.19030252241666779,0.0016466909853652524,28
C,h1_exc,48,25,4.210281,0.09686477,1.7699151,0.011571345,2.3790045,0.05356157,3.8438544,0.08301764,1.6533203125,2.324930213344781,0.05021267762258964,0.20600351965121427,0.005063409451822172,29
C,h1_exc,74,25,1.502759,0.013021497,0.64966506,0.005977215,2.3168962,0.026200162,3.7485328,0.04078113,1.6533203125,2.2672754980445062,0.024666198681527664,0.17257018352453482,0.0016303701225514168,30
C,h1_exc,58,25,4.9293895,0.041775744,2.130114,0.013715624,2.3151274,0.01872407,3.7459803,0.02918472,1.6533203125,2.2657317217506834,0.017652186507844263,0.226115045920339,0.0016841445287066653,31
C,h1_exc,28,25,7.0176344,0.061881866,3.0750704,0.012399441,2.282652,0.020650003,3.6953263,0.03220364,1.6533203125,2.2350939741325386,0.019478161140633873,0.18609841488151446,0.002099839586303946,32
C,h1_exc,22,25,5.0611153,0.050601777,2.2287922,0.014219527,2.2724261,0.024645215,3.6792703,0.038461722,1.6533203125,2.225382685982476,0.023263320849412586,0.2417296572527933,0.0026750057625851203,33
C,h1_exc,121,25,5.1029797,0.11633087,2.2617953,0.016600521,2.2610028,0.057250008,3.6598313,0.08931928,1.6533203125,2.213625011991276,0.05402418395063877,0.16724712980795503,0.0034075178165008614,34
C,h1_exc,54,25,3.2409492,0.09505555,1.44085,0.005477242,2.2512217,0.06812243,3.6437452,0.10612816,1.6533203125,2.203895426994011,0.06419092539514987,0.14649794686990153,0.004367021262131456,35
C,h1_exc,45,25,6.6446333,0.10137331,3.1104214,0.02302145,2.1363451,0.02920282,3.4664075,0.04576495,1.6533203125,2.09663385194505,0.027680630179599014,0.15912125028659477,0.0032963583476359627,36
C,h1_exc,16,25,2.973088,0.0476492,1.4181825,0.016069606,2.1004534,0.03583266,3.4098835,0.05620539,1.6533203125,2.0624457372577853,0.033995461701710306,0.15503792774265482,0.0017137081244630785,37
C,h1_exc,2,25,2.1285436,0.031498738,1.0177343,0.005723062,2.091972,0.029971408,3.3968158,0.047016095,1.6533203125,2.054541793446688,0.028437378621259734,0.17212100896658666,0.004531639577884546,38
C,h1_exc,41,25,2.7070968,0.044541113,1.2994155,0.009707752,2.0880098,0.04175348,3.3900821,0.065493345,1.6533203125,2.050469072155609,0.03961322043933328,0.15136512193065332,0.0032248603968752093,39
C,h1_exc,69,25,1.4697899,0.02005723,0.70906675,0.005937563,2.0752425,0.030424805,3.3705451,0.047772422,1.6533203125,2.0386521410675296,0.028894836769195034,0.17798039051355233,0.004262080247047598,40
C,h1_exc,123,25,2.4168875,0.028467165,1.1741092,0.0067832605,2.0597904,0.025682794,3.346446,0.040391326,1.6533203125,2.0240760142729397,0.02443042892843835,0.17544624151497906,0.0022691415464425858,41
C,h1_exc,1,25,5.379925,0.05224824,2.6458042,0.008276125,2.0334585,0.019066509,3.3052564,0.029987412,1.6533203125,1.9991627167918335,0.01813769043877523,0.20921344216548532,0.0017477198983434194,42
C,h1_exc,51,25,1.4071234,0.033819623,0.7075658,0.0040008365,1.9916961,0.05172961,3.2381475,0.08144742,1.6533203125,1.9585724591279345,0.04926294329836136,0.15514623313487375,0.005189533290631582,43
C,h1_exc,75,25,1.9690176,0.033184312,1.0071402,0.014284089,1.9578004,0.027010873,3.1859636,0.042569876,1.6533203125,1.9270093363492615,0.025748110965173494,0.15628592977444372,0.0024160949310156627,44
C,h1_exc,77,25,2.0657814,0.015984336,1.0642918,0.009181966,1.9420347,0.01044297,3.161497,0.016474893,1.6533203125,1.912211017072259,0.009964731712443364,0.19593265066848797,0.0014420432987396193,45
C,h1_exc,89,25,2.5309455,0.06754661,1.3241004,0.011969117,1.9170272,0.05705911,3.1201208,0.08984046,1.6533203125,1.8871846621494266,0.05433941281851536,0.1021905639821485,0.0015318753631513244,46
C,h1_exc,97,25,2.1074646,0.06634137,1.1401722,0.008057571,1.8489468,0.058130287,3.0125065,0.09156417,1.6533203125,1.8220949145458496,0.055381991095196446,0.0957278136259987,0.0034594606678258026,47
C,h1_exc,93,25,2.4245296,0.021792956,1.3417273,0.010148386,1.8096123,0.021634424,2.95206,0.034254678,1.6533203125,1.7855340933239108,0.020718716998526565,0.14691207799481457,0.003338830128883608,48
C,h1_exc,83,25,3.083629,0.02873082,1.7229239,0.0081926985,1.7901524,0.01617049,2.921367,0.025620881,1.6533203125,1.7669696691523809,0.015496622381762139,0.13327746585088973,0.003070267623726854,49
C,h1_exc,102,25,6.6690454,0.05811281,3.7309134,0.010285413,1.7880784,0.017421862,2.918055,0.027586125,1.6533203125,1.76496662584273,0.01668528707206714,0.13208413642828115,0.002977227144223056,50
C,h1_exc,120,25,1.201809,0.016089184,0.6733809,0.0062180473,1.7855148,0.020170763,2.9139287,0.031965002,1.6533203125,1.7624707501471795,0.019333823783707765,0.14964887287341855,0.0013645735202089122,51
C,h1_exc,40,25,3.72618,0.05150042,2.090226,0.0048966394,1.7829212,0.025079137,2.9096801,0.039791305,1.6533203125,1.7599010929344288,0.024067510049848605,0.08606015731281488,0.0043259910065307095,52
C,h1_exc,94,25,4.6550875,0.05201878,2.6369483,0.010609142,1.7657083,0.019956172,2.882539,0.03166339,1.6533203125,1.7434848812886679,0.019151395109309275,0.13259274679684446,0.001996475991140038,53
C,h1_exc,27,25,2.9922385,0.07582599,1.7585466,0.0064456323,1.7035648,0.04590737,2.7828405,0.07286032,1.6533203125,1.6831830125139284,0.044069090250688336,0.12493756808838938,0.0035383847125259956,54
C,h1_exc,18,25,2.3449636,0.03390502,1.3816085,0.008088526,1.6983197,0.025637848,2.7754087,0.040733844,1.6533203125,1.6786877851802935,0.024637598828056335,0.15320204474972496,0.0025758106085412764,55
C,h1_exc,65,25,4.1350765,0.041347217,2.438322,0.0075292545,1.6967894,0.019792305,2.7731423,0.031426877,1.6533203125,1.6773171021370485,0.01900834136755465,0.1271560627220827,0.004141866488246149,56
C,h1_exc,12,25,2.1115463,0.01896924,1.2557933,0.016148042,1.6846462,0.014872856,2.7539475,0.02364374,1.6533203125,1.6657071584591163,0.014300761333068039,0.1382246519098674,0.0019231104543892534,57
C,h1_exc,14,25,2.443604,0.045247726,1.4703608,0.009514842,1.6631263,0.031588577,2.7192383,0.050247133,1.6533203125,1.6447134644226282,0.03039164906581873,0.07582983315404583,0.0020897315725682724,58
C,h1_exc,67,25,2.066824,0.031650383,1.267629,0.010989551,1.6301991,0.019282714,2.6672163,0.03069716,1.6533203125,1.613248240159311,0.018566975964195744,0.12711597913770034,0.0018914507152154778,59
C,h1_exc,79,25,1.9884053,0.011409875,1.2424079,0.008235917,1.6012013,0.008562041,2.6211982,0.013653213,1.6533203125,1.5854146055078144,0.008258056546234,0.15748493077172926,0.0017596276817208616,60
C,h1_exc,71,25,2.0674713,0.023917185,1.3142343,0.013636181,1.5732085,0.008525752,2.5765536,0.013608591,1.6533203125,1.558411637336453,0.008231067216683015,0.13402162071555013,0.0020984442146550243,61
C,h1_exc,60,25,2.6977477,0.030170977,1.7215556,0.012504395,1.5681939,0.017907102,2.5683963,0.02856856,1.6533203125,1.5534777586653945,0.017279507250166255,0.0885468108058204,0.0021611022778236467,62
C,h1_exc,24,25,2.3559573,0.01954774,1.5444603,0.0085103735,1.5260255,0.012843312,2.501152,0.020533636,1.6533203125,1.512805511283297,0.012419635810475674,0.11397636805487808,0.001968918142830008,63
C,h1_exc,125,25,1.4065781,0.010963478,0.96097213,0.011591694,1.4660056,0.01036481,2.4051778,0.016590752,1.6533203125,1.4547560755372404,0.010034808118442321,0.11291041649198616,0.001451341709926841,64
C,h1_exc,19,25,1.9445392,0.029063217,1.3323579,0.010004986,1.4598621,0.020386597,2.3951457,0.032589905,1.6533203125,1.4486882364939058,0.019711790480687556,0.1310445175776497,0.0020330071865668447,65
C,h1_exc,110,25,1.3733647,0.015343107,0.9417918,0.0075811977,1.4586685,0.013302033,2.3933842,0.02129759,1.6533203125,1.4476228027750841,0.012881708563154766,0.0999175371804069,0.002078257670552165,66
C,h1_exc,91,25,0.9825856,0.009954053,0.68018997,0.006861428,1.4460405,0.0133453235,2.3731542,0.021383831,1.6533203125,1.435386763135936,0.012933870624168566,0.09988435431148923,0.003279937208894475,67
C,h1_exc,47,25,2.605908,0.02298606,1.8051981,0.007778657,1.443525,0.010935691,2.3691604,0.017515307,1.6533203125,1.4329711005416426,0.01059401869366654,0.07954412134410496,0.0018283524506225626,68
C,h1_exc,46,25,1.5820276,0.021624403,1.104233,0.010397128,1.4343411,0.02040288,2.354255,0.032656424,1.6533203125,1.4239557905419036,0.01975202465899773,0.09903293388075167,0.0023652603003473135,69
C,h1_exc,108,25,3.4366674,0.027627895,2.4131575,0.016381208,1.4242913,0.007557839,2.33837,0.012114487,1.6533203125,1.4143478172815733,0.007327368001858127,0.13437693790318078,0.0019568684462791153,70
C,h1_exc,70,25,1.3678056,0.011841848,0.9837236,0.0034553728,1.3902807,0.010273402,2.283776,0.016492305,1.6533203125,1.3813269629977625,0.009975262781977384,0.12125701835236632,0.0011856464509517662,71
C,h1_exc,85,25,0.83875954,0.010946812,0.6060823,0.0048068217,1.3837036,0.013659581,2.2731657,0.021924585,1.6533203125,1.3749094534382322,0.013260942310126414,0.08699237408858879,0.002430360313155968,72
C,h1_exc,109,25,1.5582092,0.03358204,1.1414689,0.013567917,1.366011,0.026998365,2.2444084,0.04328482,1.6533203125,1.3575157275393024,0.026180539173690585,0.07132489734344144,0.0013046850263691075,73
C,h1_exc,8,25,1.175474,0.0186826,0.87010765,0.0030435068,1.3516152,0.022680547,2.2214112,0.036425013,1.6533203125,1.3436060224495565,0.02203143168981926,0.05959919870464464,0.002435739967185769,74
C,h1_exc,117,25,1.7708664,0.015191862,1.3656329,0.013403236,1.2973807,0.005761361,2.1344702,0.00927774,1.6533203125,1.2910203990597022,0.005611580249885553,0.09882445800844702,0.0010240240670697039,75
C,h1_exc,68,25,1.7786474,0.026708094,1.3908758,0.010276293,1.2810711,0.023028854,2.1078866,0.03706481,1.6533203125,1.2749414619892052,0.022418407081703746,0.06892483030246466,0.0016922115610730176,76
C,h1_exc,55,25,2.6584148,0.021861957,2.0884135,0.007700359,1.2730097,0.009778568,2.0951746,0.015766287,1.6533203125,1.2672526416862937,0.009536136014967328,0.03333277465848208,0.0014892217004688658,77
C,h1_exc,33,25,2.1665995,0.012052302,1.7085266,0.010605053,1.2686555,0.006770967,2.0881894,0.010909679,1.6533203125,1.2630277456554762,0.006598648511147429,0.08656331182428008,0.0006813625263498003,78
C,h1_exc,37,25,3.002742,0.054801695,2.3746345,0.018945,1.2646306,0.021094317,2.0814483,0.033978958,1.6533203125,1.2589504155431763,0.020551951065289887,0.04418000502803638,0.0027698216556875386,79
C,h1_exc,88,25,1.3134457,0.014618843,1.0441961,0.00505379,1.258764,0.01595925,2.0721123,0.025709577,1.6533203125,1.2533036837449694,0.015550269711533461,0.11531048353296294,0.0033485693831791707,80
C,h1_exc,82,25,2.8033884,0.06367474,2.234949,0.021442814,1.2569741,0.03104805,2.068775,0.050038863,1.6533203125,1.25128506042766,0.03026568055835087,0.05173552333859739,0.0020997788589335134,81
C,h1_exc,115,25,0.6886486,0.01377653,0.5524336,0.00332533,1.2478147,0.026450794,2.0541732,0.04266241,1.6533203125,1.2424532784189108,0.025804079541154684,0.04261795022203753,0.0032349952640373836,82
C,h1_exc,119,25,0.64835334,0.01584932,0.5403465,0.003941137,1.2012811,0.030675111,1.9789146,0.04948725,1.6533203125,1.19693363265632,0.029932041107769185,0.055402490731857046,0.00253782823116792,83
C,h1_exc,101,25,1.289682,0.025177518,1.1258396,0.0037306915,1.145421,0.021821762,1.8889009,0.035283823,1.6533203125,1.142489347808607,0.021341190130910435,0.03567250481854046,0.001459831745158636,84
C,h1_exc,66,25,1.0515304,0.008142422,0.9590072,0.0089206435,1.0973592,0.006950139,1.8113396,0.011258371,1.6533203125,1.0955769035827925,0.006809552238699684,0.06856951311483402,0.0007617661818130065,85
C,h1_exc,10,25,1.0057929,0.008715715,0.9340133,0.0049412292,1.0765908,0.005692836,1.7776777,0.00923433,1.6533203125,1.0752167032712454,0.005585323726196601,0.03924578898848634,0.0007176751653976353,86
C,h1_exc,127,25,0.8175416,0.019222915,0.77368623,0.014475751,1.0558654,0.012336816,1.7439749,0.020017087,1.6533203125,1.0548318235584524,0.01210720477459665,0.0672954806001008,0.0019971482256922776,87
C,h1_exc,122,25,0.7095297,0.007996652,0.6809516,0.0026449792,1.0418512,0.010679355,1.7212491,0.01735252,1.6533203125,1.0410862969092742,0.010495558161633767,0.04566161065947736,0.00160607342263449,88
C,h1_exc,95,25,0.90239215,0.010896574,0.8988433,0.004625766,1.0042988,0.01221799,1.6602134,0.019854806,1.6533203125,1.0041691630464384,0.012009050051687026,0.035082544205115994,0.0018466646211828916,89
C,h1_exc,32,25,0.7639316,0.0066175545,0.7760885,0.004828794,0.9843788,0.0061753616,1.6278893,0.010042684,1.6533203125,0.9846182117517038,0.006074251649116574,0.021077683734164854,0.000777880014025923,90
C,h1_exc,15,25,0.8934842,0.012183407,0.91249764,0.012047966,0.97927934,0.0043349857,1.6196051,0.0070499936,1.6533203125,0.9796075607326528,0.004264142629760345,0.007086177529578653,0.0007727589670343522,91
C,h1_exc,3,25,1.02142,0.023772169,1.0427917,0.009004238,0.97935873,0.020967456,1.6194625,0.03414256,1.6533203125,0.9795212390686001,0.0206509059091099,0.02644766613590342,0.0019666226690853356,92
C,h1_exc,63,25,1.9331361,0.017573677,1.9757353,0.010069837,0.9785653,0.008017207,1.6184138,0.013037016,1.6533203125,0.9788870791123059,0.007885353667421427,0.018577055224990716,0.001522468746070554,93
C,h1_exc,17,25,1.6709862,0.016523018,1.7128358,0.0071572596,0.9755835,0.0088920435,1.6135522,0.014474004,1.6533203125,0.97594658195422,0.008754506639230731,0.022384982820730422,0.0006769479225061934,94
C,h1_exc,114,25,0.95517206,0.012916875,1.0071257,0.010457848,0.94798434,0.005876779,1.5686483,0.009573053,1.6533203125,0.9487867465824639,0.005790198605488815,0.012556775328909277,0.0004072107167740356,95
C,h1_exc,126,25,0.90515083,0.012718874,0.95658636,0.003994163,0.94587326,0.0115446905,1.565146,0.018796893,1.6533203125,0.9466683125792921,0.011369177467741536,0.03256850750018221,0.0019522080930078217,96
C,h1_exc,81,25,0.9986392,0.013323227,1.0566803,0.0050914106,0.94559497,0.013504517,1.5646609,0.021984857,1.6533203125,0.9463749112133024,0.013297396375522198,0.051634788846925336,0.0012262087331954274,97
C,h1_exc,111,25,1.2098582,0.017049469,1.3017013,0.0055453624,0.9291687,0.011619817,1.5379272,0.018944751,1.6533203125,0.9302051503699125,0.011458609566776556,0.035967393557634585,0.0013603601696502746,98
C,h1_exc,112,25,1.5715045,0.021475237,1.7176672,0.007612834,0.91502565,0.012295774,1.514861,0.020040661,1.6533203125,0.9162537784214774,0.012121462527212317,0.042497276460200704,0.0006571554948114462,99
C,h1_exc,116,25,1.0577163,0.013419186,1.2186878,0.011571042,0.86764556,0.005720685,1.4376206,0.009341067,1.6533203125,0.8695354728582881,0.005649883143850978,0.04567471157004008,0.0007234184595364711,100
C,h1_exc,73,25,0.70845866,0.007374828,0.85737056,0.007589496,0.826328,0.0047129793,1.3701046,0.0077054617,1.6533203125,0.8286987557396632,0.004660598066365994,0.02090329685696191,0.0004816251076290949,101
C,h1_exc,5,25,0.3079342,0.004193147,0.3841955,0.0024102798,0.80148625,0.009632321,1.3294165,0.015767734,1.6533203125,0.804088922313684,0.009537011101034477,0.0039353054554563515,0.0004211370712809176,102
C,h1_exc,11,25,1.9594681,0.041079335,2.5355952,0.024287598,0.77499944,0.01862225,1.2858804,0.030506236,1.6533203125,0.7777563790035217,0.0184514975609577,0.0361149752786088,0.0025224051340624843,103
C,h1_exc,38,25,1.1632417,0.013517978,1.5276948,0.012585369,0.7611383,0.0043474752,1.2633824,0.0071226354,1.6533203125,0.7641485834290792,0.004308079355040364,0.009211430486877389,0.00037905335405014653,104
C,h1_exc,30,25,0.7359078,0.013627757,0.9928191,0.012322504,0.74012184,0.005821657,1.2289165,0.009546258,1.6533203125,0.7433021553627944,0.005773991518380561,0.01198017403773051,0.00046215007259113605,105
C,h1_exc,104,25,1.0434278,0.010587268,1.4531616,0.008358899,0.7180369,0.0060923537,1.1926808,0.0099983355,1.6533203125,0.7213851800357447,0.006047427943244675,0.024885498415234387,0.0011579633357269184,106
C,h1_exc,50,25,0.97585845,0.018834673,1.365159,0.0075470223,0.7151242,0.013857948,1.1877987,0.022746699,1.6533203125,0.7184323157779109,0.013758192087207981,0.010022578580351126,0.0014606698464617312,107
C,h1_exc,100,25,1.7035778,0.01833621,2.3869088,0.006456119,0.71363664,0.00712332,1.1854495,0.0116907535,1.6533203125,0.7170113481301632,0.007071075919904236,0.020118997737350104,0.00108076420706007,108
C,h1_exc,9,25,0.45938188,0.0057638823,0.6533053,0.0038256363,0.70295197,0.0070005655,1.1679087,0.011495542,1.6533203125,0.7064019080132573,0.0069530035562647245,0.006134249560038436,0.0005485834026163832,109
C,h1_exc,44,25,0.4052732,0.005499973,0.6021024,0.003941058,0.6727771,0.0067968485,1.1183362,0.011165956,1.6533203125,0.6764183534378919,0.006753655808934534,0.0004893991452271101,0.00015236159460124343,110
C,h1_exc,35,25,1.0807699,0.02025716,1.6194022,0.0045921365,0.6675451,0.012697375,1.1096599,0.02087531,1.6533203125,0.6711705947180637,0.0126262957885188,0.021312327159958674,0.0013322964392397866,111
C,h1_exc,52,25,2.1427517,0.027603472,3.2606986,0.018212486,0.65681463,0.0063265297,1.0920954,0.010405523,1.6533203125,0.6605467830391138,0.0062937123666129595,0.003318512159341278,0.0003033852316498468,112
C,h1_exc,42,25,0.7298523,0.014299579,1.1379733,0.013324008,0.6402334,0.0065136054,1.0648167,0.010720298,1.6533203125,0.6440474756157435,0.0064841021749287905,0.00419005218665719,0.0005530890965475747,113
C,h1_exc,34,25,0.7547886,0.00952724,1.1827359,0.007764299,0.63797575,0.0060658264,1.0611054,0.009982019,1.6533203125,0.6418026667540812,0.00603755874920034,0.01664622447679403,0.0008623408028007385,114
C,h1_exc,4,25,0.9877155,0.012532321,1.5698357,0.0051790676,0.6293065,0.008114738,1.0468179,0.013356115,1.6533203125,0.6331609784318851,0.0080783587415635,6.704097879823427e-06,6.704097879823427e-06,115
C,h1_exc,39,25,0.843817,0.009308239,1.4121956,0.0077512455,0.597287,0.0045707636,0.994112,0.007532363,1.6533203125,0.6012821672621984,0.004555900400090072,0.0021386072236636734,0.00020257952765197052,116
C,h1_exc,56,25,0.37792575,0.008866643,0.6552504,0.0013345921,0.5768429,0.013579102,0.96030396,0.022374758,1.6533203125,0.5808335687213426,0.013533226398345437,0.013354522529562233,0.0014111079760971855,117
C,h1_exc,106,25,0.73704267,0.008228143,1.3439945,0.003117781,0.54836273,0.0058370125,0.91341734,0.009632196,1.6533203125,0.5524745457553186,0.0058259711198275325,0.0038347400549073023,0.00042996145576633393,118
C,h1_exc,103,25,0.22964402,0.0038883951,0.41931343,0.0025158336,0.5477614,0.008912934,0.91239494,0.014714513,1.6533203125,0.5518561114546624,0.008899977039340503,0.0068582747163589905,0.0003572391242072109,119
C,h1_exc,96,25,1.0593152,0.014141425,1.991495,0.00463963,0.5319194,0.007003684,0.8862597,0.011567311,1.6533203125,0.5360483925533939,0.006996412659193676,0.003955417749095822,0.0004935031212376809,120
C,h1_exc,49,25,1.1057667,0.015078681,2.1705306,0.008849719,0.50941515,0.0064852955,0.8490857,0.010719021,1.6533203125,0.5135639265512473,0.006483329636345513,0.00599342698986781,0.0005421675815866877,121
C,h1_exc,31,25,0.7583908,0.0061422465,1.5272548,0.006841766,0.49667513,0.003966101,0.82804346,0.006555886,1.6533203125,0.5008366710745689,0.00396528475515306,0.0026749350540495476,0.00040066918194441974,122
C,h1_exc,59,25,0.41478541,0.007094538,0.91678375,0.0040869606,0.45218033,0.0068227006,0.7544011,0.011294743,1.6533203125,0.45629459292133767,0.006831551387088419,0.00240677113885661,0.0004840084740584591,123
C,h1_exc,86,25,1.0195298,0.015895076,2.2821803,0.010441629,0.4467771,0.0068313796,0.74545336,0.011309909,1.6533203125,0.45088259375239575,0.00684072457534339,0.0014480710979286545,0.0002792597219256317,124
C,h1_exc,107,25,0.9961011,0.019296022,2.2375815,0.0063945847,0.44514203,0.008477704,0.74272865,0.0140351,1.6533203125,0.44923455657800176,0.008489038835932435,0.0010793372880704428,0.000242107078036268,125
C,h1_exc,98,25,1.415861,0.016450193,3.4852939,0.012816612,0.4063887,0.0050536213,0.67853326,0.008378106,1.6533203125,0.41040639864548933,0.005067442964456126,0.0011396966395699826,0.0002906183257326529,126
C,h1_exc,113,25,0.81946886,0.01670552,2.128422,0.015199985,0.38575786,0.008944861,0.6442715,0.0148359565,1.6533203125,0.38968340796309325,0.008973431248132366,0.0030503645353196595,0.0004807201265796457,127
C,h1_exc,124,25,0.45165008,0.008335617,1.237268,0.00498203,0.36493638,0.0063394904,0.60973215,0.010529592,1.6533203125,0.3687925313059115,0.006368754753151708,7.37450766780577e-05,6.709682302182674e-05,128
C,td_h1_exc,72,25,8.61471,0.15282053,1.3888434,0.010683629,6.213767,0.12540936,9.450151,0.17263803,1.6533203125,5.715862339911146,0.10441898201693822,0.250398055811405,0.0023042949273098445,1
C,td_h1_exc,61,25,9.556062,0.19235674,1.8122663,0.0056325714,5.2792006,0.11695014,8.14431,0.1659176,1.6533203125,4.926032392310945,0.10035417786503543,0.2624788401908468,0.002557002606631327,2
C,td_h1_exc,64,25,4.6712933,0.10675825,0.9190143,0.0064682476,5.092939,0.1289383,7.877784,0.1835444,1.6533203125,4.764826128057845,0.11101562720544085,0.24770300846371598,0.0025486948727061545,3
C,td_h1_exc,21,25,4.1318946,0.087283954,0.9089595,0.0045098998,4.5540843,0.10999379,7.104929,0.15907367,1.6533203125,4.2973702117512875,0.09621467130039384,0.23996647951039976,0.0043116553920720824,4
C,td_h1_exc,13,25,4.7272606,0.08520749,1.0729512,0.004465061,4.4079237,0.082542114,6.8952503,0.12074301,1.6533203125,4.170547080504193,0.07303062107299181,0.23226347104648262,0.0024510294011211584,5
C,td_h1_exc,25,25,7.487711,0.11910411,1.7153745,0.008396302,4.3668904,0.071254864,6.83638,0.103932224,1.6533203125,4.134939743060819,0.06286272749256064,0.24060336880898298,0.0023385012329405703,6
C,td_h1_exc,78,25,8.0973425,0.10173675,1.9201257,0.006620089,4.219841,0.059744246,6.622145,0.08768577,1.6533203125,4.005361240448229,0.05303616652388515,0.24028157211075143,0.0023528279604445195,7
C,td_h1_exc,48,25,3.5138226,0.081454016,0.876993,0.005723834,4.0151854,0.10479521,6.3170705,0.15407921,1.6533203125,3.820838863112587,0.09319380824904672,0.23788150506977465,0.00441444737725237,8
C,td_h1_exc,0,25,5.434448,0.09231054,1.3836931,0.011445627,3.9356203,0.0787975,6.2021775,0.116410434,1.6533203125,3.7513466068140646,0.07041009218863126,0.2243325232546515,0.0029557666064157326,9
C,td_h1_exc,29,25,10.269728,0.11125625,2.777647,0.016547523,3.7000802,0.044413608,5.854883,0.066211805,1.6533203125,3.541288002798116,0.040047778909367816,0.2644431408696351,0.001587246202187989,10
C,td_h1_exc,26,25,3.7937317,0.052546173,1.051518,0.0027118984,3.6090765,0.052477628,5.718643,0.078502014,1.6533203125,3.458884113659053,0.047481429747370754,0.22686667225322477,0.004295355674615289,11
C,td_h1_exc,23,25,9.175632,0.12578256,2.5484052,0.009238341,3.6034493,0.056007884,5.710015,0.0838443,1.6533203125,3.453664966835925,0.050712675295418716,0.19951395290354518,0.003495612788719252,12
C,td_h1_exc,7,25,8.267147,0.08152742,2.4628806,0.007243412,3.3574107,0.034532923,5.341956,0.052036062,1.6533203125,3.2310473538328854,0.031473672293505825,0.237754127210058,0.0025272626209021888,13
C,td_h1_exc,6,25,3.287724,0.07070434,0.98352224,0.005060072,3.3487902,0.080670424,5.3259068,0.12169455,1.6533203125,3.221339930401494,0.07360615344449295,0.19122768792408343,0.0028849777467394684,14
C,td_h1_exc,121,25,3.9113076,0.10311951,1.2284149,0.008684005,3.1899326,0.09041974,5.0849614,0.13684896,1.6533203125,3.0756056751086374,0.08277219344705172,0.18786223078841208,0.003308005859409441,15
C,td_h1_exc,92,25,6.269784,0.114002205,2.0460165,0.007887373,3.0686584,0.064129315,4.9033,0.09726667,1.6533203125,2.9657289487631044,0.05883111023513268,0.2341658860595482,0.0027884329581243875,16
C,td_h1_exc,53,25,1.9145153,0.03416225,0.6320778,0.005396555,3.0360024,0.06435071,4.853609,0.09771648,1.6533203125,2.935673666162848,0.05910317372746629,0.17712168455864824,0.0027405758168526644,17
C,td_h1_exc,105,25,4.1759734,0.040912766,1.4184331,0.009075978,2.9469702,0.034824997,4.7196283,0.053134777,1.6533203125,2.8546363530824124,0.03213822327104196,0.23308137098782108,0.0026508349749004454,18
C,td_h1_exc,93,25,1.8382443,0.02054789,0.6331179,0.010944133,2.920647,0.052328374,4.6785393,0.08001293,1.6533203125,2.829783829744471,0.048395299612712106,0.20519902790563546,0.0023141425267554317,19
C,td_h1_exc,69,25,0.9687278,0.014989834,0.33503175,0.0010434255,2.8926253,0.046965614,4.63603,0.071900725,1.6533203125,2.8040724563212778,0.043488682074435805,0.1910667895749677,0.004328709728440588,20
C,td_h1_exc,118,25,1.2054944,0.013728204,0.43404937,0.002551619,2.7804372,0.038335323,4.4646363,0.058794122,1.6533203125,2.7004062348204165,0.0355612416069083,0.2178690611428445,0.001760129491527856,21
C,td_h1_exc,80,25,4.9335456,0.0775436,1.828434,0.0023697726,2.6979306,0.041466575,4.3377247,0.06377271,1.6533203125,2.6236444311648,0.03857250571109825,0.22790580742459737,0.0032716982188617898,22
C,td_h1_exc,57,25,3.1249528,0.038442016,1.1629646,0.004183868,2.6870563,0.031629093,4.3214183,0.048712727,1.6533203125,2.613781721029903,0.029463574012577647,0.19919215620531364,0.0027428507862835823,23
C,td_h1_exc,20,25,3.513069,0.048452985,1.3304799,0.010609431,2.6444147,0.04134773,4.2553263,0.06380291,1.6533203125,2.5738063458748366,0.03859077496164352,0.17997150758385988,0.00212989235362934,24
C,td_h1_exc,45,25,3.4933186,0.05472067,1.349558,0.0086671375,2.589694,0.040591862,4.17096,0.06265947,1.6533203125,2.5227779906847334,0.037899174056850324,0.1624335875302418,0.0031000515073220363,25
C,td_h1_exc,90,25,2.6401935,0.056391515,1.0322564,0.0093510365,2.5641305,0.06096529,4.130236,0.09443873,1.6533203125,2.498146488877129,0.05712064971434829,0.15049316170347032,0.0038210007309727686,26
C,td_h1_exc,84,25,2.1289258,0.02543915,0.8930409,0.005436826,2.3853428,0.029780684,3.8548958,0.04624764,1.6533203125,2.33160868370641,0.0279725830177225,0.1571708706945804,0.0024272530248510443,27
C,td_h1_exc,22,25,3.3887289,0.039409295,1.4637662,0.0066275643,2.316116,0.028571557,3.747239,0.044497434,1.6533203125,2.2664931059383404,0.026913982993263256,0.24486634252551984,0.0026862163714159526,28
C,td_h1_exc,1,25,2.7937553,0.026180116,1.2263571,0.0028442754,2.2783246,0.021701256,3.688552,0.0338608,1.6533203125,2.2309964782643066,0.020480483158237164,0.2211212603702161,0.0017825505837094605,29
C,td_h1_exc,18,25,1.2830861,0.022909759,0.57009864,0.004128322,2.253439,0.043571882,3.648864,0.067992955,1.6533203125,2.2069916780827854,0.04112509567825901,0.16424369395779415,0.0025748391061152804,30
C,td_h1_exc,43,25,1.3255914,0.024282925,0.6010032,0.004786575,2.2087982,0.043660924,3.5791373,0.06829183,1.6533203125,2.1648178836686442,0.04130586598077887,0.16295532858288783,0.003758520049585599,31
C,td_h1_exc,2,25,1.8128623,0.028220031,0.82662773,0.0047620917,2.1927786,0.030693581,3.5546808,0.04798927,1.6533203125,2.150025546053227,0.029025996971797387,0.18739294393682443,0.004293141614404696,32
C,td_h1_exc,76,25,0.9062792,0.025050247,0.41629386,0.0031248913,2.18146,0.06452278,3.535021,0.10079266,1.6533203125,2.138134354684291,0.060963781242740614,0.13839216672159657,0.00292147737604837,33
C,td_h1_exc,54,25,2.4786766,0.07726843,1.1385388,0.003209295,2.1784098,0.06929691,3.5298593,0.10831527,1.6533203125,2.1350124003322346,0.06551378202344538,0.1205329757813454,0.0040835156762445545,34
C,td_h1_exc,65,25,2.1154027,0.03204969,1.0126969,0.00494326,2.0907998,0.034911383,3.3947816,0.054670595,1.6533203125,2.0533114746782872,0.03306715227854253,0.14953490320946153,0.004076634528743388,35
C,td_h1_exc,62,25,3.727382,0.023506477,1.7859379,0.012712862,2.088969,0.01690848,3.3924782,0.026523275,1.6533203125,2.0519183243526173,0.016042429617739183,0.20234978630671047,0.0027893720318317764,36
C,td_h1_exc,83,25,2.2098246,0.018786442,1.0625043,0.0069991723,2.0809011,0.01766619,3.379802,0.027759736,1.6533203125,2.0442511839678046,0.01679029494885686,0.19843389093923336,0.0024152314759401813,37
C,td_h1_exc,51,25,1.0531058,0.0260605,0.5280702,0.0023794293,1.9952589,0.050777663,3.2438145,0.07997857,1.6533203125,1.961999974289203,0.04837451540977383,0.15682896170270944,0.005241899006838957,38
C,td_h1_exc,28,25,3.784958,0.028077308,1.9021705,0.0058729732,1.9900609,0.014849576,3.2370832,0.023371032,1.6533203125,1.9579285220102256,0.014135816176078331,0.17089415905457897,0.0023816238915655196,39
C,td_h1_exc,82,25,2.0413857,0.05837413,1.0331681,0.0116767865,1.9829205,0.062006384,3.2236161,0.09756289,1.6533203125,1.9497831025010166,0.059010276918711975,0.07535406016921532,0.002748526831531678,40
C,td_h1_exc,99,25,1.3561608,0.012979703,0.70081574,0.008419958,1.939311,0.022024177,3.1569717,0.034720995,1.6533203125,1.9094738041162806,0.021000765980973522,0.18581683490585846,0.0019033701803219951,41
C,td_h1_exc,41,25,1.9605834,0.027647767,1.0154681,0.0063322284,1.9331745,0.031326424,3.1469893,0.049418945,1.6533203125,1.9034360002820825,0.02989072617004339,0.14772428782324665,0.0031820805846470516,42
C,td_h1_exc,94,25,2.2724938,0.028939737,1.2003458,0.005100572,1.8934021,0.02356701,3.084492,0.03718927,1.6533203125,1.8656348293279086,0.022493688103116184,0.14203249804975052,0.002428232504857479,43
C,td_h1_exc,40,25,1.8859924,0.0269713,1.0075787,0.0036818404,1.871456,0.024769265,3.0497894,0.039211437,1.6533203125,1.8446452595807488,0.023716781084864667,0.11974151079341157,0.0038757269878680377,44
C,td_h1_exc,63,25,1.648692,0.019071132,0.9194526,0.010917213,1.7952636,0.017481962,2.9294372,0.027661087,1.6533203125,1.7718509011259578,0.016730627668474506,0.13199698315584346,0.0021386904103031837,45
C,td_h1_exc,58,25,1.8751688,0.017804872,1.0599456,0.00967838,1.7697033,0.0099975895,2.889058,0.015858775,1.6533203125,1.7474279729936282,0.009592076834465488,0.21100404300508868,0.0023784855675650996,46
C,td_h1_exc,75,25,0.91500616,0.016425256,0.5265668,0.008539415,1.7404356,0.02291614,2.8423712,0.03637709,1.6533203125,1.7191896734560677,0.02200244491220811,0.19590044414632035,0.003967079229806568,47
C,td_h1_exc,60,25,1.011187,0.020333424,0.58814585,0.009568725,1.7229506,0.030226316,2.8143747,0.047964115,1.6533203125,1.7022560798084896,0.029010781356269465,0.09519818989349266,0.002578627783987433,48
C,td_h1_exc,24,25,0.9272237,0.017623454,0.55929625,0.0064226617,1.6623013,0.035443455,2.7177644,0.05637481,1.6533203125,1.6438219315075389,0.034097936118100934,0.1327277298247442,0.005611153042303903,49
C,td_h1_exc,91,25,0.93172055,0.010205173,0.5626183,0.006468829,1.6582161,0.016032752,2.7118878,0.025526462,1.6533203125,1.6402676708785642,0.01543951445817618,0.1696203804574125,0.004312113591763469,50
C,td_h1_exc,123,25,1.091422,0.016789746,0.661622,0.0026888726,1.6501738,0.02618451,2.6988223,0.041629102,1.6533203125,1.632365076834883,0.025179089772682666,0.11448545030564511,0.0024584055351699052,51
C,td_h1_exc,108,25,1.7853224,0.01335649,1.0885624,0.0050414554,1.6401055,0.0099507775,2.6831613,0.015839914,1.6533203125,1.6228925244704404,0.00958066881810648,0.18407321106316332,0.0021760419957913392,52
C,td_h1_exc,87,25,0.55807257,0.004799727,0.34749612,0.0034784249,1.6083962,0.016045177,2.632551,0.025596531,1.6533203125,1.5922812242181277,0.015481895028433435,0.18645367589269227,0.005320071748038929,53
C,td_h1_exc,3,25,0.71253306,0.015144809,0.47765407,0.0029245836,1.4925683,0.032219917,2.4471052,0.051602874,1.6533203125,1.4801155490207054,0.031211660480000337,0.07257856364696842,0.004035374573034189,54
C,td_h1_exc,46,25,0.60294557,0.011080861,0.41277093,0.0024580879,1.4611478,0.026654657,2.3970187,0.042654242,1.6533203125,1.44982114704708,0.025799140804674117,0.09579485460479695,0.0030395722283568585,55
C,td_h1_exc,85,25,0.5337484,0.008988913,0.3670269,0.007757975,1.4593834,0.016065275,2.394478,0.025717005,1.6533203125,1.4482843791609972,0.015554762621632861,0.14903156837158277,0.0036012053166880045,56
C,td_h1_exc,14,25,0.8997685,0.020271355,0.6222648,0.004941006,1.4479599,0.034528144,2.3755903,0.05526056,1.6533203125,1.4368603024940863,0.0334239886495564,0.092717673677958,0.004315190737302621,57
C,td_h1_exc,102,25,3.8763855,0.03181483,2.685217,0.006822858,1.4440186,0.013386508,2.3699136,0.021439249,1.6533203125,1.4334268085553512,0.01296738983466239,0.06516383139188371,0.00312531005268368,58
C,td_h1_exc,55,25,1.2460752,0.009715037,0.9047942,0.0020908562,1.3774348,0.011486955,2.2631345,0.018457044,1.6533203125,1.3688420989267909,0.011163622828855482,0.04285234422438082,0.001866095973175287,59
C,td_h1_exc,8,25,0.7648418,0.012761452,0.57557505,0.001965767,1.3295698,0.023515834,2.1859415,0.037799925,1.6533203125,1.3221523893976503,0.022863036731858032,0.05456441220866479,0.0021429838487108973,60
C,td_h1_exc,77,25,0.54528517,0.007172918,0.41119736,0.0055182106,1.3265821,0.006797858,2.1814568,0.010930667,1.6533203125,1.319439965439418,0.006611342522403507,0.16508723901161054,0.0032035449905028915,61
C,td_h1_exc,47,25,1.0716435,0.009982815,0.8366833,0.00445533,1.2815856,0.013414319,2.1089382,0.02159677,1.6533203125,1.2755775917983745,0.013062665444764716,0.056260789407478196,0.0020603224583936957,62
C,td_h1_exc,19,25,0.28935084,0.0056208605,0.22707674,0.0027131021,1.2759066,0.024269143,2.0995286,0.03910403,1.6533203125,1.2698861965424486,0.023651816960364558,0.08087803233990154,0.0025435789818483833,63
C,td_h1_exc,12,25,0.49267936,0.012379367,0.3963002,0.009541168,1.2452923,0.017619498,2.0503533,0.028416717,1.6533203125,1.2401427967389622,0.017187666022978016,0.045232548395168666,0.002920426670098544,64
C,td_h1_exc,101,25,0.60717684,0.008748391,0.49743327,0.001637702,1.2209406,0.01806015,2.0110512,0.029125901,1.6533203125,1.2163711573421718,0.017616611457662818,0.05935100495666554,0.002040841071501833,65
C,td_h1_exc,36,25,0.7657925,0.01890365,0.64577085,0.0085148895,1.1886146,0.029075665,1.9585115,0.04695553,1.6533203125,1.1845928908664833,0.028400745039984264,0.057554453345414716,0.0020814206172342317,66
C,td_h1_exc,17,25,0.6458223,0.006422676,0.55508864,0.0043966896,1.1644565,0.012222075,1.9199035,0.019754175,1.6533203125,1.1612411070074298,0.011948183303498092,0.027956088158863693,0.0011151127081640672,67
C,td_h1_exc,117,25,0.38577077,0.0032344197,0.33261734,0.0029524972,1.1601952,0.0053349975,1.9130892,0.008629213,1.6533203125,1.1571194710680945,0.005219323059275941,0.07892040542370858,0.0020238801723008494,68
C,td_h1_exc,111,25,0.45723835,0.009520701,0.40668765,0.0022902975,1.1257261,0.025340514,1.8569133,0.041029744,1.6533203125,1.123141911445453,0.02481657347371542,0.06079946367211866,0.0032785494881567784,69
C,td_h1_exc,15,25,0.6359052,0.008183697,0.5695835,0.006919949,1.1167353,0.0069025103,1.8427342,0.011175754,1.6533203125,1.114565789229162,0.006759581615816735,0.030020791326487817,0.0025264061908647135,70
C,td_h1_exc,89,25,0.5144752,0.0066920416,0.4632825,0.0065831933,1.1113604,0.0063380892,1.8340323,0.010267217,1.6533203125,1.10930246059609,0.006210058913660744,0.0587815302102918,0.0017087374287383039,71
C,td_h1_exc,88,25,0.9166274,0.009912459,0.8266584,0.0030068057,1.1092596,0.012913273,1.8305475,0.020908816,1.6533203125,1.1071946978310405,0.012646561063717624,0.08754211011473431,0.002956140393133331,72
C,td_h1_exc,125,25,0.46287018,0.0033291671,0.42685404,0.0023846668,1.0850285,0.009188987,1.7913272,0.014895697,1.6533203125,1.0834725210650051,0.009009565167311688,0.017987094611566255,0.0022821997140381883,73
C,td_h1_exc,37,25,0.92630386,0.026432559,0.8655471,0.0054127737,1.0697129,0.02900981,1.7660012,0.04701945,1.6533203125,1.06815434232847,0.0284394073709235,0.03262865057233838,0.0024029650711512927,74
C,td_h1_exc,10,25,0.6217537,0.0059806355,0.58323586,0.0026234933,1.0658355,0.008039194,1.7602099,0.013042131,1.6533203125,1.0646514882260596,0.007888448285179692,0.03353389759487678,0.001125098968985069,75
C,td_h1_exc,32,25,0.16197115,0.0017717866,0.15812416,0.0009898674,1.0244454,0.0097134,1.6929915,0.01577764,1.6533203125,1.0239948871863438,0.009543002189672642,0.020755860633000504,0.0019618075267340412,76
C,td_h1_exc,52,25,0.5012638,0.0066036466,0.49200287,0.0031339263,1.018778,0.011708694,1.6837552,0.019042173,1.6533203125,1.0184083440552636,0.011517534559891544,0.05622009349976007,0.0030624945114812395,77
C,td_h1_exc,115,25,0.41091704,0.00885817,0.40492046,0.0018333228,1.0151825,0.022050139,1.6776874,0.03581369,1.6533203125,1.014738225505585,0.021661674980273517,0.013086383893773068,0.0020540028180377826,78
C,td_h1_exc,97,25,0.47881976,0.0050797234,0.47393674,0.0034535276,1.0105976,0.009242541,1.6704937,0.015023493,1.6533203125,1.0103872761954795,0.009086861553047582,0.02446981794375251,0.001580994151164106,79
C,td_h1_exc,79,25,0.5122211,0.0059076245,0.5180807,0.006747653,0.99046165,0.010403052,1.6377388,0.016915124,1.6533203125,0.9905756496263691,0.010231002677995642,0.07209586859962114,0.00366471964605805,80
C,td_h1_exc,120,25,0.2468575,0.0022612303,0.25182706,0.0014405285,0.98035,0.007425549,1.6213238,0.012082285,1.6533203125,0.9806471181410875,0.007307891543708204,0.04829614023806988,0.002315963565343241,81
C,td_h1_exc,50,25,0.7784023,0.01663458,0.8131884,0.005435398,0.958134,0.021362618,1.5849044,0.034783613,1.6533203125,0.958619156169331,0.021038642210143874,0.037744071063405896,0.0024170031727364896,82
C,td_h1_exc,34,25,0.3542628,0.0058464133,0.38309175,0.003772154,0.9241521,0.010437644,1.5297672,0.017012125,1.6533203125,0.9252696883178462,0.010289672775258368,0.05898908085641844,0.002675446553544784,83
C,td_h1_exc,67,25,0.23146425,0.003487735,0.26953658,0.0026375325,0.85872847,0.00991429,1.4230133,0.016194014,1.6533203125,0.8607003106627608,0.009794844085078431,0.029068798754026855,0.0023018316716448433,84
C,td_h1_exc,127,25,0.21139362,0.0051052133,0.26104173,0.0024587032,0.8092142,0.016961785,1.3419363,0.027738253,1.6533203125,0.8116614318893012,0.016777301049449956,0.03435160597451112,0.0016115553484028825,85
C,td_h1_exc,71,25,0.39458916,0.008797397,0.5014685,0.008364585,0.78545004,0.0071263122,1.3031901,0.011671867,1.6533203125,0.7882260893516332,0.007059652699365783,0.002909578479843367,0.0005162119089750635,86
C,td_h1_exc,74,25,0.3247095,0.0074809226,0.42133334,0.005376774,0.76935506,0.01143171,1.2767742,0.018725477,1.6533203125,0.7722484857815197,0.011325982566258394,0.013937808818626869,0.0013786182432034676,87
C,td_h1_exc,5,25,0.16464338,0.0019757536,0.21659796,0.0012007057,0.7606289,0.009879281,1.2624962,0.016191905,1.6533203125,0.7636125786746795,0.009793567768188767,0.0027017514455688414,0.0003158346452397392,88
C,td_h1_exc,104,25,0.31094664,0.004154443,0.4147645,0.0038348231,0.7493541,0.005658218,1.2440568,0.009278222,1.6533203125,0.7524596754731618,0.005611872202803456,0.010096371407014082,0.0009990886692535141,89
C,td_h1_exc,103,25,0.15448074,0.0030232782,0.20636597,0.0022261965,0.74784255,0.010114556,1.2415328,0.016588036,1.6533203125,0.7509329702762162,0.01003316467496368,0.002990014172052571,0.0007968709185709596,90
C,td_h1_exc,114,25,0.4019506,0.0072066495,0.546856,0.0059834486,0.73383385,0.0060430844,1.2186012,0.009912354,1.6533203125,0.737062993917587,0.0059954225005145875,0.0,0.0,91
C,td_h1_exc,38,25,0.3287468,0.0052101095,0.45144135,0.0037019039,0.72741926,0.0068270336,1.2080711,0.011200868,1.6533203125,0.7306939115903023,0.00677477152860299,0.0009050532137761627,0.0002077639485099748,92
C,td_h1_exc,106,25,0.30864155,0.0028558653,0.43785173,0.0013052925,0.7048173,0.005775395,1.1709816,0.009480366,1.6533203125,0.7082606156170105,0.00573413703365401,0.012348948294634753,0.0006294745698029752,93
C,td_h1_exc,110,25,0.4129316,0.0076238737,0.6324777,0.006826516,0.652129,0.007386703,1.0843792,0.012149997,1.6533203125,0.6558796709005159,0.007348846388332875,0.0005095114388665805,0.00015587327930503754,94
C,td_h1_exc,31,25,0.27654427,0.0072646975,0.4361755,0.0070052887,0.63198733,0.008161265,1.0512302,0.013425944,1.6533203125,0.635829693575593,0.008120594964285712,0.007716416659676765,0.0006438697647717298,95
C,td_h1_exc,73,25,0.12208741,0.003281832,0.1961977,0.0026826859,0.62016237,0.009510747,1.0317473,0.015662562,1.6533203125,0.6240455981756265,0.00947339830400834,0.0003687253833902885,0.00015841165260198267,96
C,td_h1_exc,100,25,0.3743944,0.009275879,0.60634494,0.0012556468,0.61753386,0.015326226,1.027324,0.025234008,1.6533203125,0.6213702236025067,0.015262625445322723,0.023330260621785524,0.001155970977994196,97
C,td_h1_exc,122,25,0.32794535,0.0042911763,0.5386066,0.0016532583,0.60903955,0.008252271,1.0134436,0.013600069,1.6533203125,0.6129747394905575,0.008225913152799516,4.692868515876399e-05,3.423906465774289e-05,98
C,td_h1_exc,42,25,0.25924346,0.0043596313,0.43086898,0.004731582,0.6014245,0.006709659,1.0009137,0.011052629,1.6533203125,0.605396115583908,0.0066851106766543985,0.003593396463585357,0.0006921987824532099,99
C,td_h1_exc,96,25,0.64417285,0.013045956,1.1085372,0.004014941,0.5809778,0.011378899,0.96715796,0.018765204,1.6533203125,0.5849791904314461,0.011350010637352576,0.011980222911244464,0.001316119314131752,100
C,td_h1_exc,107,25,0.29076707,0.0060582915,0.5028687,0.004332112,0.5771988,0.0083490815,0.9609663,0.013763661,1.6533203125,0.5812341626742689,0.00832486021884524,6.704097879823427e-05,4.7405130725615016e-05,101
C,td_h1_exc,95,25,0.34478,0.0062216287,0.60012615,0.0029703397,0.574511,0.009926831,0.9565151,0.016370682,1.6533203125,0.5785418813990216,0.009901699765177708,0.0123824215958135,0.0007479307344468188,102
C,td_h1_exc,126,25,0.25511348,0.0076578204,0.44676602,0.003191621,0.5708273,0.016298676,0.9503297,0.026869314,1.6533203125,0.5748007457596407,0.016251728445575465,0.01387073806630864,0.0018229246569814602,103
C,td_h1_exc,27,25,0.3753172,0.01937153,0.67684484,0.0037191126,0.55343604,0.027331386,0.92132086,0.045042552,1.6533203125,0.5572548941509842,0.02724369304053397,0.012529958937389984,0.001978070559750688,104
C,td_h1_exc,81,25,0.28151882,0.0064421375,0.5304238,0.0021503954,0.53076667,0.012142315,0.88429105,0.020039653,1.6533203125,0.5348576655204859,0.012120853792502505,0.0018168105254321486,0.0006539130700774043,105
C,td_h1_exc,116,25,0.13516888,0.003301895,0.26209778,0.0021798802,0.51467824,0.009396852,0.85775274,0.015518352,1.6533203125,0.5188061492057848,0.009386174056465642,0.010833822173794659,0.0007789385707026708,106
C,td_h1_exc,9,25,0.15427363,0.0025531643,0.30378693,0.001629306,0.507708,0.007559714,0.84625435,0.012490915,1.6533203125,0.5118514149097668,0.00755504829357645,0.0007441509323087028,0.0002644860960991422,107
C,td_h1_exc,86,25,0.34053567,0.0051572616,0.6870682,0.0058906423,0.49597684,0.007233756,0.8268646,0.011959655,1.6533203125,0.5001236578788482,0.007233719086569453,0.0061275454621586125,0.000526822952785667,108
C,td_h1_exc,16,25,0.2648529,0.00397958,0.53951097,0.0031029263,0.490871,0.006656251,0.818427,0.011006543,1.6533203125,0.4950202608219832,0.0066572356783848674,0.002353138355818023,0.00037991695420039746,109
C,td_h1_exc,30,25,0.12545025,0.0034867593,0.2640061,0.0032396202,0.4735924,0.008324225,0.78982854,0.013764035,1.6533203125,0.4777226496111718,0.008325086469646982,0.0,0.0,110
C,td_h1_exc,39,25,0.25589985,0.0048915814,0.5535229,0.0044755912,0.46167755,0.006340766,0.7701288,0.01049522,1.6533203125,0.46580735710673077,0.006347965278177059,0.0001206737618368217,6.159627454320478e-05,111
C,td_h1_exc,59,25,0.10639007,0.0019442092,0.23244376,0.0011036661,0.45763832,0.0080574285,0.76342565,0.013333606,1.6533203125,0.4617530480275909,0.0080647445083002,0.0007173384731411067,0.00025956203043780735,112
C,td_h1_exc,4,25,0.5811666,0.008368978,1.359013,0.004679448,0.42763054,0.005991152,0.7137408,0.009927035,1.6533203125,0.4317014960344997,0.006004302480296979,0.0,0.0,113
C,td_h1_exc,44,25,0.07707263,0.0021605857,0.18416192,0.0010317096,0.41861996,0.011786258,0.6987379,0.019522805,1.6533203125,0.4226270933326298,0.01180824068284361,0.00038213357914993536,0.0001314442069939856,114
C,td_h1_exc,109,25,0.11800766,0.0026305048,0.28506958,0.002422054,0.41340142,0.007258861,0.6901436,0.012033753,1.6533203125,0.4174288203165041,0.007278536804327471,0.004196765272769466,0.00042317322259057216,115
C,td_h1_exc,56,25,0.19343267,0.0071143913,0.48104516,0.0013723376,0.40248418,0.015187664,0.6719214,0.02516102,1.6533203125,0.4064072540992039,0.015218478818962326,0.008494035275518931,0.001208997133725717,116
C,td_h1_exc,49,25,0.4160583,0.008966032,1.0330504,0.0075256065,0.4024113,0.0073997118,0.6719173,0.012272535,1.6533203125,0.4064048141350279,0.007422962538309488,0.0030302455005058503,0.00031607263731301126,117
C,td_h1_exc,66,25,0.2061654,0.006347327,0.51764244,0.0027868073,0.39771298,0.011205125,0.664077,0.018586097,1.6533203125,0.401662644256833,0.011241679925635323,0.0012603704014068043,0.0003931959598133648,118
C,td_h1_exc,35,25,0.39062735,0.008338,0.99347734,0.0040926747,0.39357045,0.0089156255,0.65723526,0.014793553,1.6533203125,0.39752446068811254,0.008947784127223898,0.0038548562808984705,0.0003905532623052469,119
C,td_h1_exc,33,25,0.12390879,0.0028112624,0.32624,0.001670251,0.3794235,0.0075080874,0.63377404,0.012456808,1.6533203125,0.3833340818469264,0.007534419329659921,0.0,0.0,120
C,td_h1_exc,68,25,0.23652214,0.0060352017,0.68206674,0.0028699283,0.34692952,0.009026303,0.5797921,0.015000369,1.6533203125,0.35068345463328865,0.009072875304730055,0.002654822760410077,0.00046775597994628144,121
C,td_h1_exc,119,25,0.1437644,0.0036437106,0.4157226,0.0021260588,0.34550464,0.008015966,0.57743585,0.01331656,1.6533203125,0.34925831078208136,0.008054433990430678,0.0023129137685390824,0.0004369465760903868,122
C,td_h1_exc,124,25,0.22904354,0.004448571,0.66707265,0.0034839227,0.34320977,0.0060969493,0.5736402,0.010138183,1.6533203125,0.34696253954808987,0.006132013939534804,9.385737031752796e-05,6.779099443941921e-05,123
C,td_h1_exc,112,25,0.10601916,0.0026978028,0.37045845,0.0017224773,0.28584206,0.0065137153,0.4782068,0.010847264,1.6533203125,0.28924026882123544,0.006560896944107132,0.00038213357914993536,0.0001654998140128401,124
C,td_h1_exc,70,25,0.05550447,0.0018372907,0.20356685,0.0004876449,0.27265415,0.008991243,0.45621747,0.014970803,1.6533203125,0.2759401430675933,0.00905499211450627,0.00013408195759646854,9.43151653181373e-05,125
C,td_h1_exc,113,25,0.23182432,0.0047294656,0.95268416,0.0130141545,0.24388295,0.0050127,0.40830424,0.008352865,1.6533203125,0.24696016363936235,0.005052176399324187,0.0003955417749095822,0.0001583761833357392,126
C,td_h1_exc,11,25,0.26278138,0.0058880406,1.3196925,0.019215995,0.20005445,0.005250849,0.33516866,0.008765348,1.6533203125,0.2027245713763237,0.00530166347945763,0.0004759909494674633,0.00016469445734052396,127
C,td_h1_exc,98,25,0.15506145,0.0025089954,0.83169264,0.0066717705,0.18682462,0.0036260763,0.3130814,0.0060568172,1.6533203125,0.1893652483712584,0.003663426285392406,5.363278303858742e-05,2.8574455940185374e-05,128
straight,h1_exc,13,25,10.683246,0.78277117,1.8179157,0.0075291484,5.899566,0.44379693,4.661511,0.33369172,0.8271484375000001,5.635639955018206,0.40342420241471355,0.11417335618281393,0.004188992428213489,1
straight,h1_exc,99,25,6.4288163,0.3746311,1.2730147,0.00917621,5.048432,0.29044262,4.028107,0.22216779,0.8271484375000001,4.869872227041774,0.26859482899050724,0.1130332822223207,0.0032357855046867695,2
straight,h1_exc,61,25,12.316406,0.6281524,2.675476,0.008575696,4.608459,0.23678258,3.6930444,0.18313883,0.8271484375000001,4.46479029062048,0.22140988054077407,0.13235681428688342,0.00381079544970201,3
straight,h1_exc,0,25,7.3382206,0.34537807,1.7456794,0.010957841,4.2218804,0.20948845,3.3948681,0.16307893,0.8271484375000001,4.104303368464133,0.19715800732372438,0.12346712365822723,0.003134489909388495,4
straight,h1_exc,72,25,15.089644,0.6358358,3.8132215,0.015562549,3.9572918,0.16576284,3.1909492,0.12958494,0.8271484375000001,3.857770819745633,0.15666466873371945,0.1296509425452064,0.002692661297371802,5
straight,h1_exc,36,25,4.7072964,0.50969195,1.1977719,0.012058526,3.9697776,0.44470763,3.1753995,0.34211096,0.8271484375000001,3.838971867904024,0.41360286570172505,0.07932172815001413,0.005536876664062545,6
straight,h1_exc,84,25,4.6888394,0.17558035,1.251982,0.0064760796,3.7466223,0.14027528,3.0271816,0.10980038,0.8271484375000001,3.659780592376147,0.13274568174510992,0.12920315851620154,0.0023630576229463525,7
straight,h1_exc,29,25,16.3211,0.6681268,4.6409755,0.027508892,3.5233076,0.14799885,2.8513567,0.11672898,0.8271484375000001,3.447212852408031,0.14112215819578622,0.11999639217090285,0.004072933737526309,8
straight,h1_exc,21,25,4.746746,0.27134883,1.4187437,0.005944036,3.3527787,0.19583733,2.7144158,0.15445918,0.8271484375000001,3.28165520493902,0.18673694750396205,0.10782357716234524,0.005188551901904943,9
straight,h1_exc,20,25,6.1977344,0.2194502,1.8631767,0.011297741,3.3288848,0.11780327,2.6993048,0.09319835,0.8271484375000001,3.2633862630756925,0.1126742766243035,0.12056604845490876,0.003059346789187433,10
straight,h1_exc,105,25,6.167069,0.22797166,1.8898338,0.012917022,3.2663617,0.11998629,2.6498296,0.094967775,0.8271484375000001,3.203572104680249,0.11481346339600106,0.12601425092439253,0.0028859452336790262,11
straight,h1_exc,25,25,13.689165,0.50325763,4.2707686,0.020690799,3.20922,0.120522276,2.6046247,0.09534175,0.8271484375000001,3.148920474124178,0.1152655822940818,0.12915988148816762,0.0025002254533428034,12
straight,h1_exc,76,25,2.7686656,0.23752125,0.9147603,0.007138337,3.0298045,0.26320118,2.4540277,0.20802808,0.8271484375000001,2.9668527551172033,0.25150030150254366,0.09562911517985422,0.006094520247304239,13
straight,h1_exc,118,25,3.0287788,0.13810542,1.026793,0.005403635,2.9471781,0.131065,2.3964524,0.10392466,0.8271484375000001,2.897245989545101,0.12564209619413064,0.10297465500126006,0.003473892835958971,14
straight,h1_exc,53,25,4.0640397,0.16033548,1.3996756,0.010415287,2.9069202,0.11632909,2.3650134,0.0925643,0.8271484375000001,2.859236840063653,0.11190772420502526,0.11622981870648846,0.003328449882946455,15
straight,h1_exc,7,25,12.128971,0.2266777,4.2891216,0.009805598,2.8289983,0.054795947,2.3046606,0.04368223,0.8271484375000001,2.7862718380864235,0.05281062743129776,0.11723235329745905,0.0019918499658821134,16
straight,h1_exc,78,25,10.080151,0.37913105,3.6100843,0.025410276,2.7910898,0.100847654,2.2733564,0.08038138,0.8271484375000001,2.7484261907613523,0.09717890026439077,0.11002435284557587,0.004176129197656737,17
straight,h1_exc,62,25,5.8072624,0.1152019,2.0921896,0.008827884,2.7758124,0.053940374,2.2623181,0.042998187,0.8271484375000001,2.735081153059275,0.051983641864890406,0.1301776855775862,0.002282572782429993,18
straight,h1_exc,41,25,3.4883518,0.10750868,1.2707272,0.0093531115,2.751073,0.08992595,2.241796,0.07168447,0.8271484375000001,2.7102704416100414,0.0866645784452669,0.12009694023032157,0.0030681660053999793,19
straight,h1_exc,23,25,10.1022625,0.43441537,3.7516096,0.014810632,2.6968787,0.118194826,2.1976593,0.09435905,0.8271484375000001,2.6569103639456757,0.1140775272680891,0.09936682601235738,0.006008621201805763,20
straight,h1_exc,28,25,7.6499844,0.19335316,3.0864213,0.010307603,2.4805524,0.06496486,2.0262995,0.05201007,0.8271484375000001,2.4497410660241603,0.06287876169798394,0.12119419139521855,0.0020984335974660135,21
straight,h1_exc,6,25,5.82807,0.24501792,2.374462,0.012029636,2.4605558,0.10761036,2.009131,0.086216286,0.8271484375000001,2.428984772231783,0.10423315129229284,0.11311937618908564,0.005831453127378281,22
straight,h1_exc,92,25,7.45804,0.3902023,3.0716364,0.010959414,2.4293456,0.12775648,1.9833918,0.1020689,0.8271484375000001,2.3978666834883056,0.12339852557681112,0.10658248399016274,0.004996210111376407,23
straight,h1_exc,26,25,4.217053,0.22677283,1.7623913,0.005958171,2.3970406,0.13255648,1.9572937,0.10629641,0.8271484375000001,2.3663148603381767,0.12850947584967895,0.0798690320332064,0.0076676092924681544,24
straight,h1_exc,80,25,8.854656,0.3275287,3.7292843,0.007203526,2.375597,0.08925865,1.9416112,0.07156951,0.8271484375000001,2.347355205165977,0.08652559297889936,0.11556597817253036,0.004206343872143277,25
straight,h1_exc,90,25,3.8334494,0.13988842,1.6697959,0.011592738,2.302416,0.089594506,1.8828753,0.07199371,0.8271484375000001,2.2763451094981266,0.08703843486343775,0.09834220257950901,0.004373065774129647,26
straight,h1_exc,57,25,3.3035362,0.04317076,1.4373044,0.007239067,2.2997828,0.031847585,1.8818676,0.02558731,0.8271484375000001,2.275126833382026,0.030934362223191587,0.11789622246498055,0.0024864404372570864,27
straight,h1_exc,94,25,5.90848,0.11164027,2.666854,0.008658186,2.2154675,0.041301932,1.8140106,0.033200458,0.8271484375000001,2.193089479417002,0.04013845254674796,0.1108830161449347,0.0025134841168128422,28
straight,h1_exc,64,25,4.95271,0.21156356,2.2844706,0.013423287,2.1721418,0.0955184,1.7779896,0.076777704,0.8271484375000001,2.1495412548198907,0.09282215788172556,0.09221610895635228,0.005117418537113203,29
straight,h1_exc,43,25,1.6443024,0.06848058,0.76979035,0.004881312,2.1419036,0.0937466,1.7537035,0.07547492,0.8271484375000001,2.120179756410843,0.09124712339342575,0.09738973572643872,0.0053717221740255715,30
straight,h1_exc,89,25,2.750411,0.13257943,1.3201697,0.018353665,2.0953245,0.106013276,1.7158067,0.085175075,0.8271484375000001,2.0743637334995753,0.10297435114285645,0.065907819969274,0.0028468887581916858,31
straight,h1_exc,58,25,4.487413,0.08468202,2.194675,0.011722672,2.0442657,0.03575302,1.6762279,0.02884988,0.8271484375000001,2.0265139125572578,0.034878720107413025,0.1078957337421233,0.0026864060360972932,32
straight,h1_exc,87,25,3.4754791,0.14548595,1.7086087,0.0102457525,2.0370977,0.08684383,1.6694541,0.070011415,0.8271484375000001,2.0183245598393373,0.08464189673605259,0.08649409217995264,0.00443162623542935,33
straight,h1_exc,1,25,5.4321733,0.10640681,2.6754465,0.010058127,2.0314803,0.041364163,1.665849,0.033365604,0.8271484375000001,2.0139661395481685,0.04033810945447859,0.10392712185433035,0.003000673541363311,34
straight,h1_exc,121,25,4.5339932,0.2646454,2.2713969,0.01280569,1.99898,0.11769268,1.6377069,0.09476458,0.8271484375000001,1.9799431059977213,0.1145678044747037,0.08123387751413254,0.008032199599072467,35
straight,h1_exc,22,25,4.3733945,0.13302343,2.2365067,0.010429981,1.9564127,0.05995268,1.6049708,0.048396282,0.8271484375000001,1.9403661586548409,0.05850979074738147,0.11254261747982994,0.005409501354476214,36
straight,h1_exc,45,25,6.022287,0.2307274,3.1161082,0.020801518,1.9310242,0.07073406,1.5842421,0.057074673,0.8271484375000001,1.9153056339891765,0.06900172969492117,0.08800919814170648,0.006340663818432486,37
straight,h1_exc,40,25,4.004287,0.09825568,2.0784194,0.00854831,1.929293,0.050860588,1.583227,0.04108934,0.8271484375000001,1.9140786010937396,0.04967589779641928,0.06848363676444448,0.004503704223743174,38
straight,h1_exc,54,25,2.7381747,0.116997324,1.4473921,0.005961079,1.8926477,0.081304654,1.5529747,0.06563325,0.8271484375000001,1.8775043066901336,0.07934881781565371,0.06507801930182638,0.004496107212146748,39
straight,h1_exc,123,25,2.2660635,0.03779917,1.2078437,0.0067866677,1.8774235,0.032954868,1.5415459,0.026640132,0.8271484375000001,1.8636869909167297,0.03220719493864586,0.09017407774863337,0.0025429078238349344,40
straight,h1_exc,74,25,1.2052019,0.028825194,0.65600175,0.0055447184,1.8389311,0.044409283,1.5102723,0.035927083,0.8271484375000001,1.82587810015851,0.043434869146796624,0.0702299990979794,0.0029652264841364,41
straight,h1_exc,12,25,2.3390224,0.026358167,1.2937475,0.012256925,1.8106678,0.022923239,1.4876313,0.018559394,0.8271484375000001,1.798505866455711,0.022437802495606732,0.09060701722730169,0.003004416205797818,42
straight,h1_exc,83,25,3.10521,0.063677825,1.7318245,0.008316186,1.7939427,0.03801215,1.4739453,0.030765578,0.8271484375000001,1.78195975607244,0.03719474724717117,0.07751059799758499,0.00381958352023979,43
straight,h1_exc,2,25,1.8027328,0.06987842,1.0207764,0.005334323,1.7641319,0.06613985,1.4493349,0.053589452,0.8271484375000001,1.7522064595248665,0.06478819305164515,0.0640026760667475,0.005852796122457533,44
straight,h1_exc,24,25,2.7423162,0.035179008,1.5720307,0.010652799,1.7455564,0.022856534,1.4349012,0.018522596,0.8271484375000001,1.7347567146566893,0.022393314988433787,0.0850431019727628,0.002110118163106568,45
straight,h1_exc,47,25,3.1754436,0.057151295,1.8250035,0.008686453,1.741826,0.03406949,1.4317765,0.027621327,0.8271484375000001,1.730978939742946,0.033393433424421325,0.07190403174883024,0.0033983087144095116,46
straight,h1_exc,77,25,1.8478885,0.026904864,1.0668852,0.008420545,1.7350588,0.02952022,1.4263387,0.02392759,0.8271484375000001,1.724404748743619,0.02892780538996778,0.0894164336609638,0.0029665248170176696,47
straight,h1_exc,14,25,2.4688985,0.11410379,1.472872,0.008514122,1.6784843,0.07821395,1.379629,0.063375875,0.8271484375000001,1.667934083196257,0.07661971458337967,0.046945070803601566,0.002143074714415182,48
straight,h1_exc,16,25,2.4351745,0.09609046,1.4790471,0.027429873,1.6572534,0.06985909,1.3626026,0.056551807,0.8271484375000001,1.6473494113256912,0.06836959633180877,0.06910418855663818,0.003665585481842868,49
straight,h1_exc,69,25,1.1905358,0.037781842,0.72482264,0.0055871042,1.6443982,0.05277939,1.3525035,0.042839013,0.8271484375000001,1.6351399186401394,0.05179120484630704,0.05810047803728862,0.006322361482868803,50
straight,h1_exc,110,25,1.5866011,0.03332841,0.96896094,0.012299961,1.6394707,0.03176963,1.3487887,0.025784995,0.8271484375000001,1.6306488928080345,0.031173358269082473,0.062321637954304746,0.004022353422133093,51
straight,h1_exc,48,25,2.9078174,0.17213506,1.7997316,0.008952547,1.6191912,0.09762711,1.330959,0.07923815,0.8271484375000001,1.609093371397479,0.09579676341132058,0.061354739785278826,0.006922084159626175,52
straight,h1_exc,93,25,2.2814605,0.043490954,1.4147234,0.014054904,1.615398,0.031979337,1.3292428,0.025984988,0.8271484375000001,1.6070185306472167,0.031415145075612855,0.05742942184535273,0.003254751687884273,53
straight,h1_exc,85,25,0.98829544,0.01602326,0.62326086,0.0064076865,1.592151,0.03502338,1.3103294,0.028463382,0.8271484375000001,1.5841526716408958,0.034411455411894984,0.06062585941357419,0.0030217846112579466,54
straight,h1_exc,79,25,1.9953606,0.026476096,1.25527,0.009086104,1.5918891,0.024775704,1.3102151,0.020124374,0.8271484375000001,1.584014540508785,0.024329821895721727,0.08243861061613163,0.003097028189549403,55
straight,h1_exc,75,25,1.5736895,0.05711817,1.0293539,0.010893371,1.5320431,0.05534869,1.2611824,0.04499937,0.8271484375000001,1.5247352576095685,0.054403012727264076,0.06205451674283454,0.004586929008993984,56
straight,h1_exc,120,25,1.0390218,0.03416871,0.6796884,0.0052472954,1.5282493,0.04804721,1.258219,0.039023284,0.8271484375000001,1.521152567482612,0.04717809165113656,0.0629133219084848,0.0030489762571760757,57
straight,h1_exc,102,25,5.7919188,0.14018758,3.8326333,0.010371462,1.5126399,0.03878403,1.245653,0.031530492,0.8271484375000001,1.5059607255949965,0.03811950958844104,0.03827184991427954,0.004642883432100666,58
straight,h1_exc,68,25,2.0725427,0.07246618,1.3972862,0.016750257,1.4858735,0.051784776,1.2236868,0.042140387,0.8271484375000001,1.4794041118092847,0.05094658308629196,0.05305673311080269,0.0031879022747741,59
straight,h1_exc,125,25,1.4343675,0.02027236,0.96958846,0.0101741245,1.4815212,0.021529563,1.220502,0.017524198,0.8271484375000001,1.475553740370076,0.021186279125034402,0.07248850004503248,0.002119316259094729,60
straight,h1_exc,91,25,0.9758214,0.031821206,0.67259926,0.005036146,1.4514734,0.04627488,1.1957723,0.03769315,0.8271484375000001,1.4456562596171174,0.045569995265950056,0.0578046360601986,0.005516352433732903,61
straight,h1_exc,27,25,2.5231242,0.14069203,1.753495,0.0062423614,1.4391518,0.07969942,1.1850631,0.06474745,0.8271484375000001,1.432709078891672,0.07827791317279403,0.0485756871631783,0.004474700695378087,62
straight,h1_exc,97,25,1.5855352,0.07779261,1.1382585,0.0090201115,1.3997056,0.07445241,1.1530594,0.06040677,0.8271484375000001,1.3940174281040938,0.07303014216815225,0.040912780734156294,0.0036784819994377022,63
straight,h1_exc,65,25,3.449696,0.07353658,2.4783485,0.010436528,1.3927248,0.030577375,1.1481093,0.024912205,0.8271484375000001,1.3880330168580037,0.030118178814775368,0.02615662285859259,0.0028060580058147985,64
straight,h1_exc,108,25,3.3292575,0.0486502,2.4198496,0.01666295,1.3752754,0.016255012,1.1339941,0.013251202,0.8271484375000001,1.3709680658578502,0.016020342899417086,0.06790655722912609,0.0029429264003081436,65
straight,h1_exc,18,25,1.9222571,0.05164362,1.4137411,0.010091335,1.3594121,0.034514602,1.1209104,0.028141014,0.8271484375000001,1.3551502266619084,0.03402172142063529,0.03622236226634511,0.004008858783425673,66
straight,h1_exc,33,25,2.3431292,0.024603805,1.7490233,0.01640566,1.3399994,0.008896801,1.1052574,0.0072568706,0.8271484375000001,1.3362261116770742,0.008773359177110264,0.06296360049353378,0.0012076930089603877,67
straight,h1_exc,88,25,1.3707255,0.03342846,1.0521343,0.0050908877,1.302941,0.031444393,1.074872,0.0256589,0.8271484375000001,1.2994910649418079,0.031020913409552403,0.051923874808287244,0.0047847584284034465,68
straight,h1_exc,66,25,1.212532,0.022249293,0.9413032,0.009829185,1.288231,0.019624691,1.0629616,0.016023329,0.8271484375000001,1.2850916741127196,0.019371769944255136,0.05354739785329345,0.0013633059176685273,69
straight,h1_exc,71,25,1.8180226,0.036908142,1.4154899,0.01321813,1.2835552,0.02100144,1.0591351,0.01714449,0.8271484375000001,1.280465494684071,0.02072722185201886,0.037506990168632175,0.0032080768574085615,70
straight,h1_exc,70,25,1.2038387,0.024086433,0.94630706,0.0041052764,1.271969,0.024384268,1.0496495,0.019903693,0.8271484375000001,1.2689977628920015,0.024063024360931173,0.05100730338075787,0.00206573349746363,71
straight,h1_exc,63,25,2.4941792,0.03956849,1.9931029,0.010441777,1.2518673,0.01987756,1.0332634,0.016237695,0.8271484375000001,1.249187368448062,0.019630931570698743,0.013514927392429408,0.001671094824196026,72
straight,h1_exc,112,25,2.0657008,0.030123325,1.7019951,0.006727804,1.2140021,0.018136395,1.0023323,0.014823059,0.8271484375000001,1.2117925338435218,0.01792067526517171,0.039851933891313474,0.0008853820098629285,73
straight,h1_exc,67,25,1.5039115,0.048474867,1.2471637,0.011610906,1.2061015,0.037442923,0.9957003,0.030574465,0.8271484375000001,1.203774644514541,0.036963696875911785,0.04043654730762114,0.0030676215277945854,74
straight,h1_exc,60,25,2.1140993,0.021738563,1.7561827,0.009535367,1.2043003,0.012671308,0.99442863,0.010357636,0.8271484375000001,1.2022371840798742,0.01252210110436382,0.021827299655817894,0.0019630972495555425,75
straight,h1_exc,10,25,1.1475961,0.0144798355,0.95708746,0.0064505497,1.1988192,0.011751242,0.98995095,0.009610809,0.8271484375000001,1.196823828413694,0.011619206919993704,0.032484778332588844,0.0012163610663121674,76
straight,h1_exc,101,25,1.3440347,0.048706673,1.1298581,0.0042733443,1.1899638,0.043583076,0.98242515,0.035582185,0.8271484375000001,1.1877252867955348,0.04301789303965311,0.017663806433971793,0.0018447415851460688,77
straight,h1_exc,51,25,0.85990006,0.05311113,0.7240015,0.004927466,1.1895564,0.07428615,0.9815056,0.06070123,0.8271484375000001,1.186613602417372,0.07338613638224258,0.042196595182937564,0.006026526385171912,78
straight,h1_exc,117,25,1.6193775,0.011996409,1.3642915,0.01028878,1.187538,0.0073194974,0.9807402,0.005983985,0.8271484375000001,1.1856882172225014,0.007234475363179269,0.04594914796272607,0.000802126808833641,79
straight,h1_exc,46,25,1.3380159,0.029548189,1.1396663,0.0076902104,1.1731104,0.022535805,0.96886665,0.018426267,0.8271484375000001,1.1713334807796796,0.022276857518753,0.028285379272996947,0.003405498818268935,80
straight,h1_exc,82,25,2.5663455,0.13105403,2.2481265,0.018123755,1.1463313,0.061541624,0.9464257,0.050325174,0.8271484375000001,1.144202975116867,0.06084176615731861,0.02182013150352483,0.0025124696484344956,81
straight,h1_exc,8,25,0.9975149,0.023319788,0.87938803,0.0023436619,1.1347734,0.027273644,0.93746024,0.022302158,0.8271484375000001,1.133363999105087,0.026962703437481673,0.014106611346609446,0.0030472987450598068,82
straight,h1_exc,55,25,2.3580663,0.035818778,2.0855596,0.0069925506,1.1310426,0.017708503,0.93447614,0.014499245,0.8271484375000001,1.1297563040206777,0.017529193447742435,0.00875259312707788,0.0009593094486978032,83
straight,h1_exc,109,25,1.1818036,0.041399334,1.0763464,0.013139399,1.0985093,0.03530592,0.9076882,0.028880272,0.8271484375000001,1.097370427904134,0.034915463434126055,0.02824208532513011,0.0014990258099489096,84
straight,h1_exc,114,25,1.0310038,0.012332592,0.97988623,0.008781612,1.0524004,0.009839994,0.8700984,0.008064967,0.8271484375000001,1.0519253892065776,0.009750325760518555,0.006378641652379923,0.0007596372253606984,85
straight,h1_exc,15,25,0.93102366,0.01573229,0.886071,0.011518302,1.0502689,0.009133869,0.86835366,0.007485405,0.8271484375000001,1.049815968113426,0.009049651171742614,0.010368867975966044,0.001317851983613575,86
straight,h1_exc,81,25,1.1046166,0.021714479,1.0562761,0.004784955,1.04527,0.01883353,0.8642121,0.015430648,0.8271484375000001,1.0448089754330352,0.018655234110738477,0.033985749075463166,0.001964307444597965,87
straight,h1_exc,19,25,1.367477,0.03799117,1.3095001,0.0056892755,1.0448016,0.02948861,0.86374456,0.024152845,0.8271484375000001,1.0442437250386367,0.029200134348282527,0.03196536484167767,0.0022597944386416077,88
straight,h1_exc,37,25,2.46641,0.06897869,2.3741794,0.015942432,1.0399239,0.029976055,0.8597415,0.024535304,0.8271484375000001,1.0394041459529237,0.02966251483949979,0.007778447412696733,0.0015075118914829766,89
straight,h1_exc,119,25,0.5698266,0.03946759,0.5480695,0.004040806,1.0402833,0.071713686,0.8593466,0.05870618,0.8271484375000001,1.0389266925039475,0.07097417484620808,0.01956866204857585,0.0034450270935681843,90
straight,h1_exc,50,25,1.3335289,0.04273421,1.364491,0.0057540084,0.9771276,0.030921308,0.80822694,0.025344254,0.8271484375000001,0.9771243603966531,0.030640515671806333,0.012533566670833258,0.0022458364285010152,91
straight,h1_exc,115,25,0.54216,0.010516711,0.55994815,0.0029715106,0.96895635,0.019686444,0.80161345,0.016151225,0.8271484375000001,0.9691289394991819,0.01952639212499158,0.0067682871831814114,0.0010841070871315415,92
straight,h1_exc,32,25,0.7530668,0.009783055,0.7894865,0.0057819667,0.95370597,0.009606669,0.7891436,0.007888191,0.8271484375000001,0.9540531523207223,0.009536609228859396,0.008355731938298588,0.000610292116290838,93
straight,h1_exc,111,25,1.2392063,0.031390462,1.3216759,0.005062523,0.93758255,0.02321238,0.7758328,0.019046713,0.8271484375000001,0.9379606736606789,0.023026957195472663,0.025363037791985777,0.001576611636235872,94
straight,h1_exc,122,25,0.64148694,0.010508268,0.6881986,0.0034278445,0.9316777,0.013321277,0.7710426,0.010936569,0.8271484375000001,0.9321695283969776,0.013222015452116435,0.010101848283493363,0.001246346596197292,95
straight,h1_exc,17,25,1.6073352,0.033322122,1.7310114,0.008630213,0.9281628,0.017826118,0.7681331,0.014644785,0.8271484375000001,0.92865205869334,0.017705147237095393,0.0020492468656967177,0.0003356896981350285,96
straight,h1_exc,9,25,0.5919359,0.014460861,0.6606281,0.004664968,0.8960422,0.02082277,0.74172705,0.01710836,0.8271484375000001,0.8967278274160723,0.02068354373759817,0.009560722091605503,0.0010591529178397318,97
straight,h1_exc,3,25,0.9370868,0.03947417,1.0523759,0.008612405,0.8886948,0.03510681,0.7355586,0.028858295,0.8271484375000001,0.8892704007887718,0.03488889462160535,0.004343826102638816,0.0008870369308410472,98
straight,h1_exc,116,25,1.027602,0.016923552,1.2276793,0.009235298,0.8364769,0.010335166,0.6928101,0.008498382,0.8271484375000001,0.8375886587510679,0.010274313177649264,0.01710102480823406,0.0011156880531385668,99
straight,h1_exc,30,25,0.8026925,0.017435892,0.9871458,0.011535708,0.81167203,0.010998723,0.67240095,0.009053047,0.8271484375000001,0.8129144873403991,0.010944887119167291,0.00406236793581967,0.00039945205621938766,100
straight,h1_exc,52,25,2.65666,0.047052965,3.293542,0.021688296,0.806504,0.012970525,0.6681404,0.010669779,0.8271484375000001,0.807763615990703,0.01289947271562751,0.0037881495070800335,0.0005900590355005906,101
straight,h1_exc,127,25,0.6278664,0.017719394,0.7855691,0.011945654,0.7978344,0.015944572,0.6609913,0.013126531,0.8271484375000001,0.7991204672518522,0.015869618692257552,0.006609542707669694,0.0007629854624492246,102
straight,h1_exc,34,25,0.94295776,0.01768729,1.1841773,0.0070759663,0.7964599,0.014414409,0.6598675,0.01186423,0.8271484375000001,0.7977619097214201,0.014343531270664142,0.0066167583656475,0.0007393643816704731,103
straight,h1_exc,11,25,1.9974719,0.07295217,2.5192676,0.024044925,0.79526865,0.030926177,0.65876466,0.025422117,0.8271484375000001,0.7964285978301643,0.030734648953240334,0.019345179038496127,0.0026335973694142745,104
straight,h1_exc,126,25,0.75294405,0.009359478,0.95869166,0.0043612644,0.7852063,0.008452048,0.6506264,0.0069555948,0.8271484375000001,0.7865896630248411,0.008409124938542937,0.0035068097772133966,0.0005832421297918153,105
straight,h1_exc,5,25,0.30704916,0.005596956,0.39729926,0.0037395987,0.7733999,0.01378004,0.64088666,0.01134513,0.8271484375000001,0.7748145561719215,0.013715954158983436,0.000757644087669561,0.00025361951485456383,106
straight,h1_exc,95,25,0.7012528,0.01725047,0.9080239,0.003741671,0.7728296,0.019774385,0.64038414,0.016284533,0.8271484375000001,0.7742070120898333,0.019687557646561635,0.00829073505089714,0.0011510788365284347,107
straight,h1_exc,4,25,1.1606857,0.025482861,1.5550144,0.0075932485,0.7457685,0.014664076,0.6181259,0.012077318,0.8271484375000001,0.747297460896014,0.014601148274018174,0.0006494092180024809,0.0002216687242253707,108
straight,h1_exc,100,25,1.7126899,0.024925765,2.324598,0.007189981,0.73677415,0.010547068,0.6107331,0.008688985,0.8271484375000001,0.7383597090809211,0.010504747405982773,0.0035068097772133966,0.000775618904313529,109
straight,h1_exc,39,25,0.96281546,0.01359924,1.4286481,0.0070496327,0.6737331,0.008145988,0.5587744,0.006719777,0.8271484375000001,0.6755431067213523,0.008124027800711106,0.003117164246411908,0.0003944651355790476,110
straight,h1_exc,44,25,0.4077306,0.007086731,0.6057925,0.0030394036,0.67278594,0.010495073,0.557986,0.008654681,0.8271484375000001,0.6745899566558574,0.010463274633176199,6.49409218002481e-05,3.273661667130615e-05,111
straight,h1_exc,104,25,0.93994325,0.030247947,1.4375873,0.011061405,0.6537827,0.020293374,0.54226077,0.016747668,0.8271484375000001,0.6555785275302547,0.02024747516475675,0.002713082193552372,0.0004955005476338593,112
straight,h1_exc,103,25,0.27013627,0.006394103,0.4196621,0.0032277312,0.6434103,0.0139127895,0.5337384,0.011478101,0.8271484375000001,0.6452752240026827,0.013876712544325319,0.005786957698199885,0.000285018490123311,113
straight,h1_exc,38,25,0.9173572,0.017163912,1.4431374,0.014448828,0.63536024,0.0091419,0.5271134,0.0075432654,0.8271484375000001,0.6372657369158892,0.009119602851433138,6.49409218002481e-05,4.017508334319473e-05,114
straight,h1_exc,42,25,0.7062582,0.020812083,1.1213033,0.018424641,0.62796044,0.01057661,0.52100146,0.008727235,0.8271484375000001,0.6298766091320296,0.010550989398771212,0.0013204654099383778,0.0003558972891974916,115
straight,h1_exc,73,25,0.50699717,0.005893423,0.81388015,0.005445509,0.62297994,0.0060658236,0.5169028,0.005007304,0.8271484375000001,0.6249214595830221,0.006053694301671217,0.0003968611887792939,0.00010773261698176698,116
straight,h1_exc,106,25,0.7716418,0.010276234,1.3041617,0.0054748366,0.59159434,0.0072193053,0.4909864,0.005960712,0.8271484375000001,0.5935892404900632,0.007206338902816027,0.0013132438950953307,0.00032943360975823605,117
straight,h1_exc,31,25,0.8485922,0.019391963,1.4567684,0.010961008,0.5826091,0.0125714885,0.48354772,0.010382135,0.8271484375000001,0.5845960583770683,0.012551719634778963,0.000757644087669561,0.00021771885379532,118
straight,h1_exc,56,25,0.36499977,0.0133552505,0.65942985,0.0019422895,0.5542858,0.021103134,0.4600999,0.017429974,0.8271484375000001,0.5562483041794035,0.02107236519108922,0.0022584983440018538,0.0005950296179084925,119
straight,h1_exc,59,25,0.4727404,0.01975391,0.8936492,0.0031592122,0.52841574,0.021441631,0.43871412,0.017723791,0.8271484375000001,0.5303934202959224,0.021427582624971863,6.49409218002481e-05,4.0175083343194726e-05,120
straight,h1_exc,96,25,1.0400984,0.01973341,1.970088,0.00494374,0.52790827,0.009852517,0.4383543,0.008144815,0.8271484375000001,0.5299584205087153,0.009846860994960124,0.0013421084792949658,0.0003007872183937248,121
straight,h1_exc,49,25,1.0895431,0.017534884,2.1854541,0.010138132,0.49816975,0.006600292,0.41377068,0.0054596197,0.8271484375000001,0.5002375237564443,0.006600531750992974,0.0003391359249568511,0.00010221474693295626,122
straight,h1_exc,86,25,1.0810286,0.035694152,2.2394412,0.010756419,0.4828531,0.015906623,0.40106526,0.0131562,0.8271484375000001,0.4848769913639317,0.015905488494748227,0.000230901055289771,8.990663511763957e-05,123
straight,h1_exc,107,25,0.97731507,0.05009409,2.18889,0.00823905,0.44643077,0.022923114,0.3708764,0.01897098,0.8271484375000001,0.4483794629003105,0.022935397820129114,2.886002886000283e-05,2.886002886000283e-05,124
straight,h1_exc,35,25,0.6335218,0.018613752,1.5833637,0.0047020526,0.39997265,0.011543729,0.3324649,0.009563827,0.8271484375000001,0.40194103272965104,0.01156240736893022,0.0012771714620715456,0.0003507086910876524,125
straight,h1_exc,98,25,1.3376226,0.036617525,3.3727715,0.010786492,0.39628407,0.010244955,0.32941344,0.008487692,0.8271484375000001,0.3982519238097073,0.010261389314362674,0.0,0.0,126
straight,h1_exc,124,25,0.45585597,0.01647826,1.1986654,0.0047379853,0.37984356,0.01306045,0.31577876,0.01082277,0.8271484375000001,0.3817679467823855,0.013084435537922769,7.215657977805343e-06,7.215657977805343e-06,127
straight,h1_exc,113,25,0.58864355,0.014540513,2.1266062,0.014371678,0.276942,0.0068769716,0.23044258,0.005708003,0.8271484375000001,0.27859881536014014,0.0069008206521587,0.0003679985568680725,0.000177506163982752,128
straight,td_h1_exc,72,25,8.297254,0.4412573,1.4289093,0.008489138,5.8073063,0.30582535,4.6062684,0.23185115,0.8271484375000001,5.568853676586408,0.28030173616412296,0.12592766302865885,0.0028136617647894304,1
straight,td_h1_exc,61,25,9.1385355,0.48638353,1.8199583,0.005800816,5.0332537,0.27438742,4.017733,0.21076366,0.8271484375000001,4.857330040154592,0.2548075436838302,0.13507663057393815,0.003722189435924776,2
straight,td_h1_exc,25,25,7.687761,0.3257559,1.7669171,0.008487109,4.355796,0.18587309,3.500397,0.1444719,0.8271484375000001,4.231884991174583,0.1746626016384829,0.13367727969682178,0.0023576474635412683,3
straight,td_h1_exc,21,25,3.9122162,0.23188841,0.93239594,0.005396277,4.2025642,0.2517302,3.3768978,0.195977,0.8271484375000001,4.082577764341828,0.23693086751151599,0.11833679083600762,0.005127381689453509,4
straight,td_h1_exc,0,25,5.55349,0.2293148,1.4134096,0.007833252,3.9421518,0.17191269,3.1787949,0.1345203,0.8271484375000001,3.8430766096591147,0.1626314048046483,0.12671416974823962,0.002646207502011727,5
straight,td_h1_exc,64,25,3.4161973,0.18441918,0.9140923,0.0074434183,3.745925,0.20380366,3.023307,0.15969811,0.8271484375000001,3.6550963726220482,0.19307067201453915,0.11270136195534165,0.004432240060995251,6
straight,td_h1_exc,13,25,4.0060053,0.20006396,1.0959423,0.0076142056,3.6699305,0.19107871,2.9644067,0.15036786,0.8271484375000001,3.5838872115511298,0.18179064982076953,0.1123766573463404,0.004365528734185296,7
straight,td_h1_exc,53,25,2.3026817,0.085609704,0.6524936,0.0040090582,3.5413013,0.14257708,2.8657632,0.11232742,0.8271484375000001,3.4646298962684496,0.13580079406420678,0.1142527284205698,0.002687749462027157,8
straight,td_h1_exc,84,25,3.0110683,0.09081851,0.89927095,0.004517396,3.3483396,0.09924331,2.7152896,0.07825747,0.8271484375000001,3.2827115181088056,0.09461115679662394,0.12946333543778346,0.0024678209600759813,9
straight,td_h1_exc,78,25,6.406859,0.26871154,2.023628,0.0072324905,3.1695185,0.13562422,2.572605,0.10740586,0.8271484375000001,3.1102093583824004,0.12985076698227568,0.10906467033452776,0.004366678004677887,10
straight,td_h1_exc,7,25,8.019364,0.18996844,2.556036,0.006174845,3.1398904,0.07780386,2.551048,0.061761353,0.8271484375000001,3.084147603513743,0.07466779745043713,0.11955623703425672,0.0024455137724963797,11
straight,td_h1_exc,29,25,9.043702,0.33080977,2.913922,0.020431345,3.1138422,0.12154602,2.5290601,0.09655669,0.8271484375000001,3.057564973042617,0.11673441669642654,0.1209993686298178,0.00380446778611159,12
straight,td_h1_exc,76,25,1.2809646,0.08787832,0.41253236,0.0032303026,3.1117055,0.21505374,2.5224972,0.17064941,0.8271484375000001,3.049630552711668,0.20631050183129396,0.09946784522404664,0.004908283055139442,13
straight,td_h1_exc,23,25,7.9960766,0.35505337,2.620256,0.0095533645,3.0568125,0.13870744,2.483159,0.11013886,0.8271484375000001,3.0020720690684404,0.13315489456375798,0.10167583656525508,0.005052065146565073,14
straight,td_h1_exc,6,25,3.0250175,0.15873249,1.0209297,0.005264953,2.9770474,0.16736916,2.418499,0.13276722,0.8271484375000001,2.923899510151512,0.16051196199688733,0.10130062235040921,0.005778471353190709,15
straight,td_h1_exc,121,25,3.589639,0.23700938,1.2252519,0.006143346,2.9320376,0.19388197,2.3812656,0.15356159,0.8271484375000001,2.878885461800723,0.18565178593175724,0.10355861244866064,0.007296947402283138,16
straight,td_h1_exc,26,25,3.076381,0.170273,1.0662148,0.004443018,2.891354,0.16300215,2.3506064,0.1297696,0.8271484375000001,2.841819340781531,0.1568879168853497,0.09469107964273953,0.007275181565013918,17
straight,td_h1_exc,20,25,3.6743288,0.098727144,1.3229353,0.007870851,2.7806883,0.076721326,2.2657375,0.06123671,0.8271484375000001,2.739214946683664,0.07403351909847325,0.10921536096956931,0.002989639779572396,18
straight,td_h1_exc,105,25,4.033983,0.109526165,1.4546895,0.0110943625,2.7752519,0.07488241,2.26145,0.059740875,0.8271484375000001,2.7340317346281906,0.072225092705536,0.12861188779640242,0.0024390560597775447,19
straight,td_h1_exc,48,25,2.5408058,0.17144045,0.91663206,0.0033246854,2.7766507,0.1899251,2.2578173,0.15132087,0.8271484375000001,2.7296397745462526,0.18294282224494945,0.0865518174437751,0.007755342904900378,20
straight,td_h1_exc,118,25,1.1479805,0.041748118,0.4324711,0.0035190573,2.6529148,0.09277753,2.163412,0.074047215,0.8271484375000001,2.615506431908605,0.08952106732938747,0.10840804545854747,0.0033380458412057487,21
straight,td_h1_exc,80,25,4.898306,0.20629741,1.847944,0.0029974978,2.6528602,0.113839485,2.1626887,0.09084427,0.8271484375000001,2.614631872352325,0.10982825837414174,0.11926761071514452,0.004229511847408039,22
straight,td_h1_exc,41,25,2.5956604,0.06818555,1.0064013,0.0058268784,2.5796719,0.06693921,2.105549,0.053498507,0.8271484375000001,2.5455516463298267,0.06467824008945126,0.11604868799049725,0.0033585037959752827,23
straight,td_h1_exc,93,25,1.754253,0.039708786,0.7032918,0.010668029,2.5020208,0.05720812,2.0436318,0.045851815,0.8271484375000001,2.4706954509630497,0.055433598651853364,0.1188346712364762,0.003909188290186072,24
straight,td_h1_exc,90,25,2.64253,0.10210943,1.0617056,0.006706426,2.4919732,0.09814363,2.0345922,0.07858192,0.8271484375000001,2.459766655991132,0.09500340559216607,0.08991401861511907,0.0030617500914431523,25
straight,td_h1_exc,57,25,2.943936,0.039830077,1.1843476,0.003762069,2.4860568,0.03378038,2.0311894,0.027048191,0.8271484375000001,2.455652768330567,0.032700528586223805,0.12069580339976235,0.0024497867186622523,26
straight,td_h1_exc,92,25,5.035416,0.2630001,2.0800602,0.008092737,2.4213357,0.12629148,1.9770317,0.10088869,0.8271484375000001,2.3901775567457424,0.1219716894532232,0.10890592585901604,0.004732179476645161,27
straight,td_h1_exc,45,25,3.2489622,0.15298094,1.3528196,0.008636606,2.4010057,0.11107565,1.9612994,0.08891667,0.8271484375000001,2.371157682141715,0.10749783399599408,0.09621358347605645,0.006408357091767782,28
straight,td_h1_exc,94,25,2.932995,0.07236304,1.2316719,0.005467436,2.382107,0.059625886,1.9475266,0.047765806,0.8271484375000001,2.354506594173379,0.057747563055622585,0.10920865811268154,0.0026284949842247433,29
straight,td_h1_exc,28,25,4.4252315,0.10251396,1.9052368,0.0063183573,2.324687,0.05677101,1.9015126,0.04555571,0.8271484375000001,2.298877144395806,0.05507561669598777,0.1139785334174132,0.002288239760780411,30
straight,td_h1_exc,69,25,0.7871108,0.029893946,0.34172526,0.000908794,2.3044398,0.08819033,1.8845402,0.07083311,0.8271484375000001,2.2783579350714898,0.08563530737835157,0.08600342743746188,0.0068897040526379036,31
straight,td_h1_exc,63,25,2.071509,0.0407147,0.91038096,0.011282172,2.2828097,0.051357973,1.8679816,0.041218806,0.8271484375000001,2.2583389401928677,0.04983241459559167,0.11674213042291263,0.0021201861697895804,32
straight,td_h1_exc,99,25,1.5741394,0.025275506,0.69366175,0.008213414,2.2727144,0.036382783,1.8600795,0.029221276,0.8271484375000001,2.2487856110027273,0.035327728617251634,0.12583385947494738,0.0023694557081846905,33
straight,td_h1_exc,1,25,2.7791657,0.06193702,1.2333579,0.0024450265,2.2532148,0.049835823,1.8442296,0.040066253,0.8271484375000001,2.229623437293277,0.048439009604831794,0.11133038693955864,0.00320534980616979,34
straight,td_h1_exc,43,25,1.3630018,0.053758573,0.6250019,0.0037145915,2.183504,0.08829733,1.7873399,0.071045615,0.8271484375000001,2.160845461396257,0.08589221453845389,0.1031694777666608,0.005338438206531703,35
straight,td_h1_exc,62,25,3.7913346,0.054160677,1.8022746,0.006994785,2.1042511,0.030692361,1.724625,0.024727132,0.8271484375000001,2.085024630978052,0.029894430299216228,0.1131848110398546,0.0026566600161686497,36
straight,td_h1_exc,83,25,2.2091308,0.04789584,1.0736867,0.005523182,2.059314,0.047152746,1.6882102,0.03800193,0.8271484375000001,2.041000438817332,0.04594329863823654,0.11202309010542795,0.0036440412303762565,37
straight,td_h1_exc,40,25,2.0178206,0.04902602,1.0127997,0.004205174,1.9932789,0.049793348,1.6349082,0.040170394,0.8271484375000001,1.976559449567259,0.04856491413827644,0.07844863353469969,0.0037084714885504077,38
straight,td_h1_exc,22,25,2.9360516,0.096040286,1.475181,0.0048904284,1.9918752,0.06657447,1.6334654,0.05368307,0.8271484375000001,1.9748153400934365,0.06490137253009894,0.11335798683132194,0.00454444455672418,39
straight,td_h1_exc,2,25,1.5404354,0.05712859,0.8244799,0.0037029225,1.8701043,0.07100212,1.5349972,0.057414297,0.8271484375000001,1.855769934258829,0.06941232434050235,0.07372237755923719,0.005749223129520595,40
straight,td_h1_exc,123,25,1.1672852,0.02273401,0.67846894,0.0031233996,1.72178,0.03519514,1.4155173,0.028528566,0.8271484375000001,1.7113219474702632,0.034490260260094614,0.07236583385940978,0.002879654048693697,41
straight,td_h1_exc,47,25,1.4521194,0.036028627,0.8449972,0.0050613214,1.7204971,0.044236608,1.4143624,0.0358805,0.8271484375000001,1.7099257917075528,0.043378548066188856,0.06445747271573513,0.0043192448894396945,42
straight,td_h1_exc,82,25,1.7383652,0.11884112,1.0316015,0.010629287,1.6898952,0.11733557,1.3876615,0.095053464,0.8271484375000001,1.677645008472708,0.11491705831558657,0.03413727789299708,0.00375292665361539,43
straight,td_h1_exc,65,25,1.7125728,0.05162707,1.0250862,0.007274762,1.6720196,0.05136041,1.3749413,0.04161535,0.8271484375000001,1.6622667866941563,0.05031182320450868,0.04770271489127112,0.005393091736892737,44
straight,td_h1_exc,58,25,1.822756,0.025434092,1.0954595,0.007262639,1.6646018,0.02245763,1.3692644,0.01822748,0.8271484375000001,1.6554033798538006,0.02203652781406369,0.11043564535031077,0.0030550664707893055,45
straight,td_h1_exc,91,25,0.9513768,0.024737526,0.5836888,0.008595179,1.6377199,0.04805507,1.3471591,0.03901202,0.8271484375000001,1.6286787385188364,0.04716446979019868,0.08526021466574793,0.0052962417544371535,46
straight,td_h1_exc,108,25,1.7998317,0.027898015,1.1117501,0.006177246,1.6187793,0.02311485,1.3320668,0.018769216,0.8271484375000001,1.6104325735055138,0.02269147244169161,0.10407143501388645,0.003525994107972382,47
straight,td_h1_exc,24,25,0.9382169,0.028282452,0.5807304,0.0053104325,1.6191397,0.05240108,1.3320053,0.042497832,0.8271484375000001,1.610358259060205,0.05137872646558052,0.07155768016589559,0.006125219225283352,48
straight,td_h1_exc,54,25,1.8353517,0.0734667,1.1430917,0.0032132238,1.6065668,0.06513028,1.321556,0.05281068,0.8271484375000001,1.5977252040135181,0.06384667807607411,0.04278885180838568,0.003946658203500228,49
straight,td_h1_exc,85,25,0.5627578,0.011135435,0.36713833,0.00980453,1.5522456,0.040286973,1.2778385,0.032759707,0.8271484375000001,1.5448720510589329,0.039605594635406055,0.09179711597535013,0.006516389513932661,50
straight,td_h1_exc,18,25,0.88653296,0.036532305,0.5788106,0.0049551497,1.5356636,0.06658609,1.263907,0.05408019,0.8271484375000001,1.5280291037271405,0.0653814795337025,0.04718318751686914,0.0051474722488734125,51
straight,td_h1_exc,3,25,0.7429773,0.02572814,0.48850834,0.003387892,1.5250539,0.056202903,1.2554833,0.04572386,0.8271484375000001,1.5178452201292234,0.05527890443607814,0.04412374853427967,0.005448976474718312,52
straight,td_h1_exc,75,25,0.8118646,0.024973765,0.5409894,0.0067843115,1.5044342,0.046450354,1.2388729,0.03779598,0.8271484375000001,1.4977635903542952,0.04569431458530559,0.07398214124643818,0.005698041363843539,53
straight,td_h1_exc,50,25,1.0956926,0.04604707,0.8033184,0.0035658898,1.3654265,0.058894683,1.1254483,0.047915503,0.8271484375000001,1.3606365449203666,0.057928541021276654,0.03358888788668388,0.0033434927809564362,54
straight,td_h1_exc,77,25,0.5474287,0.00559058,0.41495898,0.0038707918,1.3206531,0.013853481,1.0894555,0.011301028,0.8271484375000001,1.3171221224138656,0.013662635301056122,0.08956731041416749,0.002847817007289539,55
straight,td_h1_exc,102,25,3.5927308,0.08240514,2.7402825,0.007721618,1.3120677,0.03171104,1.0823182,0.025866255,0.8271484375000001,1.308493319458674,0.03127159953209131,0.019172003247028797,0.002386230021139985,56
straight,td_h1_exc,87,25,0.4594368,0.013130215,0.35533908,0.0020932297,1.2932767,0.036421858,1.0669285,0.029733868,0.8271484375000001,1.2898876163049593,0.0359474381854515,0.05069721295206034,0.006357755648663055,57
straight,td_h1_exc,14,25,0.8012466,0.045347966,0.627563,0.003976017,1.2791362,0.074286856,1.0547072,0.060564097,0.8271484375000001,1.2751122892717384,0.07322034907041162,0.035796879227892306,0.0062092759849776006,58
straight,td_h1_exc,51,25,0.6804158,0.03814798,0.5365153,0.0030589493,1.2725645,0.07421866,1.0493411,0.06060526,0.8271484375000001,1.2686248791662482,0.07327011547750875,0.045335979074550975,0.005604609925508086,59
straight,td_h1_exc,10,25,0.742913,0.012259683,0.5948204,0.0032711616,1.2487345,0.01874828,1.0307112,0.015323139,0.8271484375000001,1.2461018287587569,0.01852525904402619,0.03260034274372454,0.001965619048337748,60
straight,td_h1_exc,125,25,0.53745985,0.008052893,0.434233,0.0024560136,1.2391015,0.020733992,1.0228283,0.016948912,0.8271484375000001,1.2365716511326814,0.020490775300965755,0.03613601515284916,0.002927342878362239,61
straight,td_h1_exc,88,25,1.0224224,0.019990612,0.82747406,0.002740542,1.2351872,0.02299169,1.019614,0.018785944,0.8271484375000001,1.2326855838556516,0.022711696224599835,0.03935375348919197,0.0036857824837368005,62
straight,td_h1_exc,60,25,0.73107684,0.018153591,0.6051898,0.012283714,1.2105294,0.024489563,0.9994498,0.02000985,0.8271484375000001,1.2083076210268504,0.024191363785472677,0.022923927389948022,0.0020774423859498308,63
straight,td_h1_exc,34,25,0.46942884,0.005970257,0.39120308,0.004377493,1.2034311,0.01997713,0.99367934,0.016334506,0.8271484375000001,1.2013313128402725,0.01974797325007664,0.06406034992030837,0.002797340022320099,64
straight,td_h1_exc,55,25,1.0898056,0.017565064,0.9062028,0.00264942,1.2032219,0.020616854,0.9935041,0.016856667,0.8271484375000001,1.2011194466284376,0.020379252374890897,0.009806079191837461,0.0011157022783113515,65
straight,td_h1_exc,101,25,0.58237785,0.019924281,0.4981146,0.0019375597,1.1706638,0.04146213,0.96666926,0.03388775,0.8271484375000001,1.1686768330384065,0.04096936855392675,0.0209326237936133,0.0027527774589285515,66
straight,td_h1_exc,120,25,0.29149115,0.0046412535,0.25021613,0.0012819353,1.1648037,0.017102053,0.96210665,0.013995135,0.8271484375000001,1.1631607826605102,0.016919737667423343,0.02708758004868126,0.002497269278497663,67
straight,td_h1_exc,111,25,0.44829038,0.013567004,0.39674065,0.0018676928,1.1310916,0.035236597,0.93436563,0.02885332,0.8271484375000001,1.1296226463979577,0.03488288052871026,0.028566789934131354,0.002502307063772094,68
straight,td_h1_exc,8,25,0.64635,0.014939751,0.57604283,0.0018679437,1.1223737,0.026245289,0.9273191,0.02146339,0.8271484375000001,1.1211036231326283,0.025948655565028896,0.01116983854964267,0.0025629962288354373,69
straight,td_h1_exc,17,25,0.6371056,0.01580299,0.58197385,0.005200449,1.0960798,0.027446644,0.9057783,0.022487907,0.8271484375000001,1.095061341865418,0.027187267895247186,0.009315414449346698,0.0012233360226584526,70
straight,td_h1_exc,12,25,0.43071738,0.013181996,0.39904258,0.008044463,1.0841547,0.03310864,0.895955,0.027104001,0.8271484375000001,1.0831853446931015,0.03276800197126539,0.011227563813465114,0.002085460392771649,71
straight,td_h1_exc,46,25,0.44627395,0.01275704,0.41550142,0.0018571977,1.0753031,0.03210593,0.88871413,0.026286034,0.8271484375000001,1.074431269062882,0.03177910099320666,0.01694958058986475,0.002967123687239092,72
straight,td_h1_exc,79,25,0.56052405,0.00819846,0.52611214,0.0059492583,1.0679721,0.018241368,0.88282096,0.014945047,0.8271484375000001,1.067306553931707,0.01806815601977781,0.056094525119458734,0.004221924070314399,73
straight,td_h1_exc,117,25,0.3503866,0.0038872717,0.33126876,0.0022135847,1.057372,0.007770362,0.87417895,0.0063690995,0.8271484375000001,1.0568585949237592,0.007700068068289608,0.008536103864859583,0.0017032992959170098,74
straight,td_h1_exc,15,25,0.59346825,0.009827123,0.56216913,0.008379312,1.0555692,0.007342391,0.87270254,0.0060174614,0.8271484375000001,1.0550736790888227,0.007274947130801521,0.0036872012266585302,0.0005163608741855855,75
straight,td_h1_exc,89,25,0.49879038,0.011186406,0.47820553,0.010112891,1.043664,0.011011253,0.86293364,0.009025627,0.8271484375000001,1.0432633347022013,0.010911737077308614,0.008463966807965666,0.0011039760199446414,76
straight,td_h1_exc,52,25,0.4897172,0.011868429,0.48846027,0.0037168846,1.0020804,0.02189019,0.828777,0.01795962,0.8271484375000001,1.0019688652892502,0.02171269270410245,0.039144761665245886,0.002751444310001543,77
straight,td_h1_exc,97,25,0.47484457,0.005747935,0.4768971,0.0026524495,0.9959536,0.0116246035,0.823807,0.00953579,0.8271484375000001,0.9959602965159654,0.011528511222633844,0.008817483289379367,0.001096202692393924,78
straight,td_h1_exc,115,25,0.35532987,0.00578812,0.40678388,0.0018734197,0.8734447,0.013426418,0.723196,0.011038692,0.8271484375000001,0.8743243742068103,0.01334547889349357,0.0027419500315660305,0.0005749933237303095,79
straight,td_h1_exc,32,25,0.13433824,0.0024311861,0.15625972,0.0009011989,0.8594,0.013969422,0.7116472,0.011487676,0.8271484375000001,0.8603621247999017,0.0138882880273865,0.00052674303237979,0.00026428424745082957,80
straight,td_h1_exc,110,25,0.53166914,0.019197464,0.632481,0.0059575373,0.837252,0.024725828,0.69336534,0.020325784,0.8271484375000001,0.838259823515681,0.024573321026234926,0.002330657526831126,0.0008353325333876468,81
straight,td_h1_exc,71,25,0.3928044,0.009545329,0.4685754,0.006363797,0.8366599,0.013486519,0.69294846,0.011092045,0.8271484375000001,0.8377558648118046,0.013409981097738262,0.0015730121376359555,0.0003380469041070749,82
straight,td_h1_exc,103,25,0.17082153,0.005251485,0.204797,0.00208956,0.83394384,0.023761144,0.69065195,0.01954303,0.8271484375000001,0.834979377749371,0.0236269913578898,0.006595077552048243,0.0016316545589044017,83
straight,td_h1_exc,74,25,0.32229263,0.011452581,0.4048005,0.0046559456,0.7929704,0.022188867,0.6569488,0.018261213,0.8271484375000001,0.7942332259789385,0.022077309581058233,0.0033841351316742456,0.0006913400221681038,84
straight,td_h1_exc,114,25,0.40157974,0.0074702823,0.51634794,0.0059447656,0.77755785,0.011208288,0.64432067,0.009228214,0.8271484375000001,0.7789662236569638,0.011156660177712371,2.8862631911221374e-05,2.8862631911221374e-05,85
straight,td_h1_exc,67,25,0.19302261,0.0035915351,0.26496452,0.0030860726,0.73032266,0.015283716,0.60539746,0.012590531,0.8271484375000001,0.7319090786016098,0.015221610368395562,0.002713056163040186,0.0006646257955987509,86
straight,td_h1_exc,104,25,0.297384,0.012307395,0.41217557,0.0058431285,0.7179127,0.023596816,0.5951178,0.01944446,0.8271484375000001,0.7194812832696417,0.023507824155079796,0.00733829552986463,0.0013396299818094085,87
straight,td_h1_exc,38,25,0.30696097,0.008066832,0.42918557,0.005681778,0.71406126,0.014535085,0.59200025,0.011976814,0.8271484375000001,0.7157122507231555,0.014479642687706542,0.00031748895102343507,0.00015804597177804453,88
straight,td_h1_exc,122,25,0.37698814,0.009749175,0.541744,0.0017275794,0.69575584,0.017765837,0.5768935,0.014645187,0.8271484375000001,0.697448559180289,0.017705633788415095,1.4431315955610687e-05,9.989626124182175e-06,89
straight,td_h1_exc,19,25,0.15541242,0.005204907,0.22793001,0.00231096,0.6830365,0.023853976,0.5663643,0.01967263,0.8271484375000001,0.6847190556170217,0.02378367645224892,0.01049156669972897,0.001273674350122882,90
straight,td_h1_exc,66,25,0.3479621,0.018089065,0.51003426,0.0029954317,0.68166536,0.03499586,0.565126,0.028859513,0.8271484375000001,0.6832219590926367,0.03489036601044604,0.008839181022811546,0.0016655384043323632,91
straight,td_h1_exc,106,25,0.29503223,0.005378529,0.43641675,0.0020240177,0.67599356,0.011875609,0.56062645,0.009794062,0.8271484375000001,0.6777821644671207,0.011840755081695627,0.005945702173711602,0.0009373113790831091,92
straight,td_h1_exc,37,25,0.5421148,0.016820816,0.83148986,0.006702195,0.652217,0.019963153,0.5409713,0.016456585,0.8271484375000001,0.6540195541849311,0.019895565603514843,0.0024749472589262658,0.0005553642765397433,93
straight,td_h1_exc,31,25,0.27499413,0.009127477,0.42480308,0.008515504,0.64374155,0.011820161,0.53402054,0.009757552,0.8271484375000001,0.645616303152005,0.011796615564803796,0.003016145034722633,0.0005475031557746633,94
straight,td_h1_exc,73,25,0.12553887,0.004938686,0.19457215,0.003519287,0.6430004,0.019587815,0.533369,0.016160036,0.8271484375000001,0.6448286181680768,0.019537043967910082,0.0003102641823663649,0.00017224140343224394,95
straight,td_h1_exc,42,25,0.23582081,0.007051911,0.36638433,0.005222418,0.6418482,0.013644238,0.5324506,0.011256689,0.8271484375000001,0.6437183548209255,0.013609031624031915,0.0019915216018742744,0.0006253697445236662,96
straight,td_h1_exc,9,25,0.19048843,0.007432898,0.30026993,0.001803582,0.6341453,0.024394192,0.52602667,0.020124989,0.8271484375000001,0.6359519778925159,0.02433056386334992,0.0009019572472256679,0.0004213855709793735,97
straight,td_h1_exc,95,25,0.3656062,0.017800815,0.6017639,0.0041471464,0.6075935,0.029183608,0.5040666,0.024078414,0.8271484375000001,0.6094027978572679,0.029110147554879548,0.0022440696310974616,0.000791058500051031,98
straight,td_h1_exc,100,25,0.3557533,0.01567019,0.5985428,0.0028957077,0.59397596,0.025540834,0.49285454,0.021095326,0.8271484375000001,0.5958477631900311,0.02550367721510401,0.002900694507077748,0.0007970580764741206,99
straight,td_h1_exc,81,25,0.31582654,0.0072762845,0.53819233,0.0023389934,0.5866492,0.012890079,0.4868834,0.010646797,0.8271484375000001,0.5886287815310699,0.012871688606024806,0.000230901055289771,0.00015675037816494707,100
straight,td_h1_exc,4,25,0.75154227,0.026518913,1.3304006,0.0038075724,0.5642996,0.019012528,0.4683883,0.015699133,0.8271484375000001,0.5662687259747661,0.01897982530656122,0.00046901776855734733,0.00023288435983307313,101
straight,td_h1_exc,107,25,0.2720885,0.0049876706,0.49451157,0.0033889594,0.5503499,0.009716895,0.45690492,0.008030547,0.8271484375000001,0.5523856075300428,0.009708712749946573,0.0,0.0,102
straight,td_h1_exc,30,25,0.13805005,0.0071438984,0.25041503,0.0030899835,0.54736024,0.023667915,0.4543575,0.019548489,0.8271484375000001,0.5493058485257142,0.02363359209893969,0.0012843871200493512,0.0007497516565827696,103
straight,td_h1_exc,36,25,0.3556673,0.011838809,0.6553737,0.0072056586,0.5421511,0.016600857,0.45009884,0.013706767,0.8271484375000001,0.5441572499609116,0.016571109342339584,0.002373935205627842,0.000612594708413213,104
straight,td_h1_exc,5,25,0.115992635,0.0031119783,0.2222792,0.0012048405,0.52245367,0.014644476,0.43382514,0.012107665,0.8271484375000001,0.524482821954784,0.014637837154217015,0.0001515288175339122,0.00012483991964017224,105
straight,td_h1_exc,44,25,0.09690183,0.0046627247,0.18648678,0.0011210635,0.51834077,0.02355789,0.43036833,0.019464212,0.8271484375000001,0.5203036475753356,0.023531703046143732,7.215657977805343e-05,3.7551474690434834e-05,106
straight,td_h1_exc,127,25,0.12986614,0.0050031743,0.2575094,0.0030866654,0.5041139,0.01803773,0.4186408,0.014917453,0.8271484375000001,0.5061253423651617,0.01803479511218528,0.00021646973933416028,0.00010257492023220345,107
straight,td_h1_exc,59,25,0.11525714,0.003981896,0.2286962,0.0011187163,0.503361,0.016597586,0.41802627,0.013728312,0.8271484375000001,0.5053824285053418,0.01659715599137683,0.00014431315955610685,6.829510051766514e-05,108
straight,td_h1_exc,96,25,0.53716964,0.014188111,1.1030838,0.0031770035,0.4867804,0.012461082,0.40433055,0.010307507,0.8271484375000001,0.4888246501027316,0.012461495372858487,0.0,0.0,109
straight,td_h1_exc,86,25,0.32561356,0.008323489,0.69034654,0.005587259,0.47078407,0.009829812,0.39110446,0.008133255,0.8271484375000001,0.4728346571792554,0.009832883727254018,0.000230901055289771,7.829903279224723e-05,110
straight,td_h1_exc,109,25,0.12782553,0.005616605,0.27503195,0.0017651063,0.46541804,0.020784948,0.38660836,0.01719708,0.8271484375000001,0.4673990060265161,0.020790801320238382,8.658789573366411e-05,7.299355235491336e-05,111
straight,td_h1_exc,33,25,0.14900711,0.006988279,0.32149374,0.0017938846,0.46392804,0.021993604,0.38536668,0.018194918,0.8271484375000001,0.46589784601639395,0.02199716014964014,0.0,0.0,112
straight,td_h1_exc,116,25,0.114671685,0.0054380656,0.24885476,0.002008427,0.46153632,0.021957891,0.38338745,0.018163566,0.8271484375000001,0.46350500778228954,0.021959257926069325,0.00221520699918624,0.0005886513258122373,113
straight,td_h1_exc,124,25,0.28384805,0.010923964,0.6593625,0.0034361691,0.4300898,0.015790796,0.3573919,0.013074171,0.8271484375000001,0.4320770672621471,0.01580631687280021,0.00025976368720099233,0.00013662196250559686,114
straight,td_h1_exc,39,25,0.23348783,0.007420498,0.5477151,0.004383832,0.42547005,0.011793028,0.35358432,0.0097661745,0.8271484375000001,0.4274738441138898,0.01180703924747966,0.0,0.0,115
straight,td_h1_exc,56,25,0.19803393,0.014725092,0.48659557,0.0015442421,0.4077087,0.03071171,0.3387402,0.02541554,0.8271484375000001,0.40952768958893393,0.030726696223710225,0.0005556056642910114,0.00024356631374229152,116
straight,td_h1_exc,68,25,0.2718613,0.007553369,0.6770695,0.0025540933,0.40187272,0.01159754,0.33403888,0.009606119,0.8271484375000001,0.40384393233054783,0.011613537255191639,2.8862631911221374e-05,2.8862631911221374e-05,117
straight,td_h1_exc,16,25,0.20016363,0.008084133,0.5327688,0.0018268029,0.375266,0.014682106,0.31197736,0.012168189,0.8271484375000001,0.3771721667524433,0.01471100952371409,2.8862631911221374e-05,2.8862631911221374e-05,118
straight,td_h1_exc,112,25,0.1336856,0.008774012,0.35735562,0.0013747098,0.37448207,0.024887314,0.3112609,0.020604612,0.8271484375000001,0.37630598205539967,0.024910415832206212,0.0008442319834032251,0.0005348963900788752,119
straight,td_h1_exc,119,25,0.15125379,0.0065597263,0.4116343,0.0024158158,0.36690864,0.015007473,0.3050483,0.012429017,0.8271484375000001,0.36879508445236775,0.015026343345975064,0.0016090878244737635,0.0005125489630790086,120
straight,td_h1_exc,126,25,0.15836795,0.007503532,0.44003692,0.0031795874,0.36010274,0.016939308,0.2993959,0.014036798,0.8271484375000001,0.36196149980694564,0.016970107607127364,0.0003030576350678244,0.00014193341696153627,121
straight,td_h1_exc,70,25,0.07102347,0.004421331,0.20210737,0.0006170769,0.35196868,0.022243824,0.29261747,0.01843203,0.8271484375000001,0.35376657682040535,0.022283823031973227,7.937223775585877e-05,6.593548077020141e-05,122
straight,td_h1_exc,49,25,0.3277339,0.013201689,1.0431215,0.011164503,0.3124359,0.009999956,0.25989243,0.008296179,0.8271484375000001,0.31420290876732176,0.010029854689920936,7.215657977805343e-05,4.294175417778423e-05,123
straight,td_h1_exc,27,25,0.16723676,0.00786594,0.6633178,0.0029704117,0.2518217,0.011588669,0.2095687,0.009622262,0.8271484375000001,0.25336285605710623,0.011633053258469106,0.0004185081627127099,0.00027371987716602944,124
straight,td_h1_exc,11,25,0.32864282,0.011381493,1.3208925,0.01738351,0.24831383,0.0068512014,0.20666963,0.005689398,0.8271484375000001,0.2498579774664823,0.006878327789118525,1.4431315955610687e-05,1.4431315955610687e-05,125
straight,td_h1_exc,113,25,0.23207963,0.0053739296,0.9487872,0.010676112,0.24468444,0.004971374,0.20365866,0.004129394,0.8271484375000001,0.24621779034946328,0.004992325269049593,0.0,0.0,126
straight,td_h1_exc,35,25,0.1928854,0.011088605,0.9951294,0.004071335,0.19391945,0.0112820035,0.16145568,0.009375205,0.8271484375000001,0.19519551659317658,0.01133436870205011,8.658789573366411e-05,5.114980383781018e-05,127
straight,td_h1_exc,98,25,0.1368813,0.004743273,0.7979875,0.005513761,0.17119896,0.0053563667,0.14257964,0.0044544805,0.8271484375000001,0.17237492340558347,0.005385345848698458,0.0,0.0,128
