bias_condition,contour_type,layer,channel,n_images,mean_contour_preference_ratio,sem_contour_preference_ratio,mean_activation_on_contour_pct,sem_activation_on_contour_pct,mean_contour_area_pct,mean_contour_enrichment,sem_contour_enrichment,mean_dice_top_activation,sem_dice_top_activation,rank_mean_contour_enrichment,baseline_preference,baseline_activation_pct,baseline_enrichment,baseline_dice,delta_preference,delta_activation_pct,delta_enrichment,delta_dice,channel_group
C_bias,C,h1_exc,0,25,4.95854,0.10992615,7.688042,0.1570656,1.6533203125,4.650061922738256,0.0950001058172098,0.2321092767952467,0.0020282047562983603,5,4.6499205,7.245043,4.382116847202967,0.22765775580304393,0.3086195,0.44299936,0.26794507553528835,0.004451520992202779,C_channels
C_bias,C,h1_exc,1,25,1.9826765,0.018788872,3.2253766,0.029602481,1.6533203125,1.9508480459197082,0.01790486764065586,0.20970346823992597,0.0018117611273049008,45,2.0334585,3.3052564,1.9991627167918333,0.20921344216548532,-0.050781965,-0.07987976,-0.048314670872125154,0.0004900260744406526,straight_channels
C_bias,C,h1_exc,2,25,2.2101796,0.031872842,3.581839,0.04980127,1.6533203125,2.1664519271005065,0.030121974416320065,0.17623062096691844,0.004393913945891375,39,2.091972,3.3968158,2.054541793446688,0.17212100896658666,0.118207455,0.18502331,0.11191013365381863,0.004109612000331775,C_channels
C_bias,C,h1_exc,3,25,0.9505092,0.018618405,1.5725588,0.030346058,1.6533203125,0.9511518592333609,0.018354615132037087,0.02523416374908633,0.0019697498575980124,94,0.97935873,1.6194625,0.9795212390686002,0.02644766613590342,-0.028849542,-0.04690373,-0.02836937983523935,-0.001213502386817087,C_channels
C_bias,C,h1_exc,4,25,0.60866255,0.007855901,1.0128268,0.012938608,1.6533203125,0.6126017018469927,0.007825832692376267,0.0,0.0,115,0.6293065,1.0468179,0.6331609784318851,6.704097879823427e-06,-0.02064395,-0.0339911,-0.020559276584892427,-6.704097879823427e-06,straight_channels
C_bias,C,h1_exc,5,25,0.7200973,0.0087600555,1.1960363,0.014378104,1.6533203125,0.723414748582425,0.008696502459113844,0.0034727109046934425,0.00035256580132886464,108,0.80148625,1.3294165,0.804088922313684,0.0039353054554563515,-0.08138895,-0.13338017,-0.08067417373125896,-0.000462594550762909,C_channels
C_bias,C,h1_exc,6,25,2.655283,0.051477235,4.2715135,0.07932056,1.6533203125,2.583597247229527,0.04797652052315465,0.20431408698549877,0.002760331060615245,28,2.5419314,4.0967045,2.477864877908174,0.19459859249038497,0.11335158,0.17480898,0.10573236932135321,0.009715494495113802,C_channels
C_bias,C,h1_exc,7,25,2.8458197,0.027242504,4.5652804,0.041749023,1.6533203125,2.7612800358126064,0.025251623923811726,0.21894842483384774,0.0019997151733421085,21,2.8457649,4.5652165,2.7612413078705784,0.21389424285576644,5.4836273e-05,6.389618e-05,3.872794202797181e-05,0.005054181978081301,straight_channels
C_bias,C,h1_exc,8,25,1.4083679,0.027460977,2.3123915,0.044007406,1.6533203125,1.3986348777215987,0.026617590980588225,0.05865415235057516,0.0022629946957552194,72,1.3516152,2.2214112,1.3436060224495565,0.05959919870464463,0.05675268,0.09098029,0.055028855272042154,-0.0009450463540694731,C_channels
C_bias,C,h1_exc,9,25,0.70551443,0.0072478387,1.1721139,0.011900999,1.6533203125,0.7089454322290822,0.007198241163350539,0.007870610910912703,0.0005902271934525237,111,0.70295197,1.1679087,0.7064019080132573,0.006134249560038436,0.0025624633,0.004205227,0.0025435242158249327,0.0017363613508742668,straight_channels
C_bias,C,h1_exc,10,25,1.0753921,0.006195243,1.7757295,0.010049733,1.6533203125,1.0740384341878155,0.006078515561782913,0.04013743400650286,0.0007352330482888744,88,1.0765908,1.7776777,1.0752167032712454,0.03924578898848634,-0.0011986494,-0.0019481182,-0.0011782690834298837,0.0008916450180165222,straight_channels
C_bias,C,h1_exc,11,25,0.86145353,0.022119364,1.4272107,0.036130477,1.6533203125,0.8632390674308518,0.02185328388355371,0.046962205648163106,0.0025596210001459204,101,0.77499944,1.2858804,0.7777563790035217,0.0361149752786088,0.08645409,0.14133024,0.08548268842733009,0.010847230369554303,straight_channels
C_bias,C,h1_exc,12,25,1.6969807,0.015591708,2.773539,0.02477749,1.6533203125,1.6775570319476913,0.014986503082129666,0.13944523590032729,0.002017133340247583,56,1.6846462,2.7539475,1.6657071584591163,0.1382246519098674,0.012334466,0.01959157,0.011849873488575025,0.001220583990459878,straight_channels
C_bias,C,h1_exc,13,25,8.366699,0.2574993,12.300798,0.3314253,1.6533203125,7.440057522003137,0.20046043842202924,0.2369287383857938,0.0023974929955615076,1,7.106635,10.650325,6.441779623618533,0.2331081873793404,1.2600641,1.6504736,0.9982778983846039,0.0038205510064534265,C_channels
C_bias,C,h1_exc,14,25,1.6740223,0.032366738,2.736539,0.05147295,1.6533203125,1.6551776978298762,0.031133077193237588,0.07603787815295732,0.002115129600341567,57,1.6631263,2.7192383,1.6447134644226282,0.07582983315404583,0.0108959675,0.017300606,0.010464233407248003,0.00020804499891148576,straight_channels
C_bias,C,h1_exc,15,25,0.99933916,0.0046398896,1.6522319,0.0075411154,1.6533203125,0.9993416968082862,0.004561194427244445,0.009271767367795801,0.0010056947555102036,92,0.97927934,1.6196051,0.9796075607326528,0.007086177529578653,0.020059824,0.032626867,0.019734136075633457,0.0021855898382171475,straight_channels
C_bias,C,h1_exc,16,25,2.228076,0.040921904,3.6094,0.06391263,1.6533203125,2.183121952702942,0.0386571374698233,0.1635732841698118,0.0016408921539296,38,2.1004534,3.4098835,2.0624457372577853,0.15503792774265482,0.1276226,0.19951653,0.12067621544515683,0.00853535642715697,C_channels
C_bias,C,h1_exc,17,25,1.0033405,0.008592032,1.6587039,0.013972496,1.6533203125,1.0032562386250923,0.008451172767690668,0.02600519567583507,0.0008391667791945997,91,0.9755835,1.6135522,0.97594658195422,0.022384982820730422,0.027756989,0.04515171,0.027309656670872262,0.003620212855104648,C_channels
C_bias,C,h1_exc,18,25,1.7741319,0.02889604,2.895623,0.045781456,1.6533203125,1.7513985330423383,0.027690613711025814,0.1582569345511118,0.0025288219479690107,55,1.6983197,2.7754087,1.6786877851802935,0.15320204474972496,0.07581222,0.120214224,0.07271074786204479,0.005054889801386853,C_channels
C_bias,C,h1_exc,19,25,1.5822328,0.022961007,2.5906665,0.036549296,1.6533203125,1.5669476645385891,0.022106602383566147,0.14631604920095623,0.0020145481720595273,62,1.4598621,2.3951457,1.4486882364939058,0.13104451757764973,0.12237072,0.19552088,0.11825942804468337,0.015271531623306495,C_channels
C_bias,C,h1_exc,20,25,3.4120626,0.059429437,5.422865,0.08941843,1.6533203125,3.2799843828487654,0.05408415664585745,0.1980323472721042,0.0015250005340328903,14,3.3087173,5.2673573,3.1859265326165755,0.19506913600922224,0.103345394,0.15550756,0.09405785023218982,0.0029632112628819596,straight_channels
C_bias,C,h1_exc,21,25,3.989995,0.09126724,6.281352,0.13459645,1.6533203125,3.7992347396460935,0.08140978097732608,0.2364937568086512,0.003254041973605257,10,3.6171677,5.7286696,3.464948191811979,0.2316533981394187,0.3728273,0.5526824,0.3342865478341146,0.004840358669232492,C_channels
C_bias,C,h1_exc,22,25,2.3030298,0.026801353,3.726912,0.04176228,1.6533203125,2.2541983398800998,0.025259643435736532,0.24414901023178853,0.0024799455300268058,33,2.2724261,3.6792703,2.225382685982476,0.2417296572527933,0.030603647,0.047641754,0.02881565389762386,0.0024193529789952317,C_channels
C_bias,C,h1_exc,23,25,3.4355094,0.044899784,5.4589787,0.06752603,1.6533203125,3.301827588195089,0.040842678913091436,0.2088192407607401,0.0034822464805701198,13,3.4113455,5.4225807,3.2798123278808164,0.20476326154344693,0.024163961,0.036397934,0.022015260314272478,0.004055979217293171,C_channels
C_bias,C,h1_exc,24,25,1.484987,0.01381873,2.435509,0.022117043,1.6533203125,1.473101745095504,0.013377348909503204,0.11423071537149936,0.0022654105021109702,66,1.5260255,2.501152,1.512805511283297,0.11397636805487808,-0.041038513,-0.06564307,-0.03970376618779303,0.00025434731662127286,straight_channels
C_bias,C,h1_exc,25,25,3.2771766,0.04149529,5.2206383,0.06270506,1.6533203125,3.1576688979491854,0.03792674653555553,0.23013156792069878,0.002264058654534938,15,3.1895862,5.088203,3.077566246890562,0.2274432246708896,0.087590456,0.13243532,0.08010265105862358,0.002688343249809183,straight_channels
C_bias,C,h1_exc,26,25,3.1227548,0.04582662,4.986638,0.069583654,1.6533203125,3.0161354361095825,0.042087217713381024,0.21544288946600568,0.004366872884777682,17,3.1067648,4.962446,3.0015032305166023,0.20981071863836084,0.015990019,0.024191856,0.014632205592980174,0.0056321708276448335,C_channels
C_bias,C,h1_exc,27,25,1.8500372,0.054246657,3.014496,0.085617185,1.6533203125,1.8232982552706296,0.05178499340500994,0.13587823001074883,0.0035709794236653087,50,1.7035649,2.7828405,1.6831830125139284,0.12493756808838938,0.14647233,0.2316556,0.14011524275670117,0.010940661922359457,C_channels
C_bias,C,h1_exc,28,25,2.3388424,0.022940563,3.7827973,0.03570588,1.6533203125,2.2880002134297124,0.021596468932893898,0.19305790664527522,0.002146212868192313,32,2.282652,3.6953263,2.2350939741325386,0.18609841488151446,0.05619049,0.08747101,0.05290623929717375,0.006959491763760761,straight_channels
C_bias,C,h1_exc,29,25,4.543511,0.06089812,7.0941334,0.088236615,1.6533203125,4.290840106208977,0.0533693404297299,0.25356155972270894,0.0019029004247297756,7,4.388046,6.868232,4.154205296418156,0.25004273862377435,0.15546513,0.2259016,0.136634809790821,0.003518821098934588,C_channels
C_bias,C,h1_exc,30,25,0.7474221,0.0058045443,1.2408881,0.009515524,1.6533203125,0.7505430691923,0.005755402611989031,0.012630479958541305,0.00046385828456608694,106,0.74012184,1.2289165,0.7433021553627944,0.01198017403773051,0.0073002577,0.011971593,0.007240913829505535,0.000650305920810796,straight_channels
C_bias,C,h1_exc,31,25,0.50170404,0.0038698155,0.83635795,0.006396005,1.6533203125,0.5058656463399466,0.0038685818120093186,0.0028492241842245814,0.0004194530251773535,122,0.49667513,0.82804346,0.5008366710745689,0.0026749350540495476,0.0050289035,0.00831449,0.005028975265377711,0.00017428913017503373,straight_channels
C_bias,C,h1_exc,32,25,0.95420945,0.005812855,1.5787873,0.009462704,1.6533203125,0.95491919564645,0.0057234546948771465,0.019924519351795233,0.0007047567932048987,93,0.9843788,1.6278893,0.9846182117517038,0.021077683734164854,-0.030169368,-0.04910195,-0.029699016105253828,-0.0011531643823696203,C_channels
C_bias,C,h1_exc,33,25,1.2875464,0.0067819986,2.1186252,0.010921053,1.6533203125,1.2814365831751857,0.006605527348453682,0.08971362044858058,0.0007943693021797215,80,1.2686555,2.0881894,1.2630277456554762,0.08656331182428008,0.018890858,0.0304358,0.018408837519709564,0.0031503086243005046,straight_channels
C_bias,C,h1_exc,34,25,0.61029553,0.0062529435,1.0155317,0.010298943,1.6533203125,0.6142376689858351,0.006229248275584792,0.01672660455431494,0.00076578486177054,114,0.63797575,1.0611054,0.6418026667540812,0.01664622447679403,-0.027680218,-0.04557371,-0.027564997768246058,8.038007752091125e-05,straight_channels
C_bias,C,h1_exc,35,25,0.77467865,0.0155385025,1.2854236,0.025455663,1.6533203125,0.7774800934382443,0.015396691435144775,0.03244772419426238,0.0015105613866451008,104,0.6675451,1.1096599,0.6711705947180637,0.021312327159958674,0.10713357,0.17576373,0.10630949872018058,0.011135397034303707,C_channels
C_bias,C,h1_exc,36,25,8.139813,0.3090777,11.993269,0.39738968,1.6533203125,7.254050250535161,0.24035854575340912,0.22030336042887766,0.0018031115460981947,2,6.8093147,10.24153,6.194523079318863,0.21543618536812584,1.3304987,1.7517385,1.0595271712162981,0.004867175060751822,C_channels
C_bias,C,h1_exc,37,25,1.2823074,0.020586729,2.1099463,0.033144478,1.6533203125,1.2761871588769749,0.020047220859620206,0.04599657511825045,0.0027325912566120883,81,1.2646306,2.0814483,1.2589504155431763,0.04418000502803638,0.01767683,0.028497934,0.017236743333798543,0.0018165700902140688,C_channels
C_bias,C,h1_exc,38,25,0.806452,0.004591191,1.33759,0.007511441,1.6533203125,0.8090325723779201,0.00454324616831503,0.013770165924585251,0.0003977528499327426,103,0.7611383,1.2633824,0.7641485834290792,0.009211430486877389,0.045313656,0.074207544,0.044883988948840936,0.0045587354377078625,C_channels
C_bias,C,h1_exc,39,25,0.5874544,0.004956577,0.9779042,0.008171327,1.6533203125,0.5914789608163056,0.004942373893853906,0.0020179255971234564,0.00019533121499368863,116,0.597287,0.994112,0.6012821672621984,0.0021386072236636734,-0.009832621,-0.016207814,-0.009803206445892831,-0.00012068162654021693,straight_channels
C_bias,C,h1_exc,40,25,1.8582116,0.025514899,3.0288343,0.040375747,1.6533203125,1.8319705859088873,0.024421006009206544,0.09537249643836807,0.0044680800591437465,49,1.7829212,2.9096801,1.7599010929344288,0.08606015731281488,0.07529044,0.119154215,0.07206949297445853,0.009312339125553182,straight_channels
C_bias,C,h1_exc,41,25,2.140523,0.041885585,3.4724026,0.06559692,1.6533203125,2.100260030950731,0.03967587000021723,0.15623848876003524,0.0030410115243975225,41,2.0880098,3.3900821,2.050469072155609,0.15136512193065332,0.052513123,0.08232045,0.04979095879512174,0.004873366829381914,straight_channels
C_bias,C,h1_exc,42,25,0.7317372,0.006104514,1.2151613,0.010016422,1.6533203125,0.7349823908956175,0.006058367409352683,0.0061811782451972,0.0006655259411816386,107,0.6402334,1.0648167,0.6440474756157435,0.00419005218665719,0.0915038,0.15034461,0.09093491527987396,0.00199112605854001,C_channels
C_bias,C,h1_exc,43,25,3.134937,0.057057563,5.0044503,0.086608954,1.6533203125,3.0269091065811877,0.05238486048203992,0.2210266316972013,0.0034381937009657325,16,2.6332998,4.2380104,2.5633328371427773,0.20152518226749222,0.5016372,0.7664399,0.46357626943841046,0.019501449429709078,C_channels
C_bias,C,h1_exc,44,25,0.63239104,0.0067814873,1.0519081,0.0111551415,1.6533203125,0.6362398166557505,0.006747114538692808,0.0004961032431069337,0.0001567717608617551,113,0.6727771,1.1183362,0.6764183534378919,0.0004893991452271101,-0.04038608,-0.066428065,-0.04017853678214145,6.704097879823559e-06,C_channels
C_bias,C,h1_exc,45,25,2.0748315,0.027237665,3.3700125,0.04275911,1.6533203125,2.0383301292468987,0.025862569009824116,0.155327243777629,0.003392149313616863,43,2.1363451,3.4664075,2.09663385194505,0.15912125028659477,-0.061513662,-0.096395016,-0.058303722698151095,-0.003794006508965775,C_channels
C_bias,C,h1_exc,46,25,1.4093497,0.018910382,2.3142169,0.030296754,1.6533203125,1.3997389211335933,0.018324794234691664,0.10189558367543627,0.0024012129871169687,71,1.4343411,2.354255,1.4239557905419036,0.09903293388075167,-0.024991393,-0.04003811,-0.02421686940831025,0.0028626497946846047,C_channels
C_bias,C,h1_exc,47,25,1.4532709,0.011777063,2.3847625,0.018854233,1.6533203125,1.4424080398119414,0.01140385944238754,0.08047599094940042,0.0018442281561784608,69,1.443525,2.3691604,1.4329711005416426,0.07954412134410496,0.0097459555,0.015602112,0.009436939270298872,0.0009318696052954545,straight_channels
C_bias,C,h1_exc,48,25,2.7010465,0.06490512,4.3410463,0.09950526,1.6533203125,2.625653335003063,0.0601851057477998,0.2223749266737431,0.004834906972005468,26,2.3790045,3.8438544,2.324930213344781,0.20600351965121427,0.322042,0.4971919,0.30072312165828174,0.016371407022528817,C_channels
C_bias,C,h1_exc,49,25,0.5312402,0.0068153013,0.8851397,0.0112562785,1.6533203125,0.5353709636106329,0.006808286513195703,0.007448252744483828,0.0006444221458174151,120,0.50941515,0.8490857,0.5135639265512473,0.00599342698986781,0.021825075,0.036054015,0.02180703705938558,0.001454825754616018,C_channels
C_bias,C,h1_exc,50,25,0.7588484,0.01493274,1.2594962,0.024478123,1.6533203125,0.7617980326920412,0.014805432958368163,0.015412721025714058,0.0017833057880731417,105,0.7151242,1.1877987,0.7184323157779109,0.010022578580351126,0.04372424,0.07169747,0.04336571691413027,0.005390142445362933,straight_channels
C_bias,C,h1_exc,51,25,2.2521563,0.060444336,3.6457958,0.09439739,1.6533203125,2.205135794030957,0.05709564404651742,0.1741315619660417,0.00506810912952111,35,1.9916961,3.2381475,1.9585724591279345,0.15514623313487375,0.26046014,0.40764832,0.2465633349030223,0.018985328831167964,C_channels
C_bias,C,h1_exc,52,25,0.65203345,0.0063577257,1.0842314,0.010458124,1.6533203125,0.6557903093756577,0.006325527866855855,0.0037811112042204125,0.0003267287800749237,112,0.65681463,1.0920954,0.6605467830391138,0.003318512159341278,-0.0047811866,-0.007863998,-0.004756473663456107,0.00046259904487913443,straight_channels
C_bias,C,h1_exc,53,25,2.701457,0.054833647,4.342385,0.084323764,1.6533203125,2.6264632185259256,0.05100267992317359,0.18578326273412277,0.0026952090641250937,25,2.4774778,3.99697,2.4175411994300076,0.17366965557682587,0.22397923,0.34541488,0.208922019095918,0.012113607157296896,straight_channels
C_bias,C,h1_exc,54,25,2.2735264,0.067382775,3.6786084,0.10489182,1.6533203125,2.2249822895916607,0.06344313118397063,0.14356155199853884,0.0043767786572101,34,2.2512217,3.6437452,2.203895426994011,0.14649794686990153,0.022304773,0.034863234,0.02108686259764969,-0.0029363948713626853,C_channels
C_bias,C,h1_exc,55,25,1.289909,0.009720888,2.1223993,0.015664767,1.6533203125,1.2837194148119246,0.009474732361220088,0.0397485963294731,0.0017515506202049921,79,1.2730097,2.0951746,1.2672526416862937,0.03333277465848208,0.016899347,0.02722478,0.01646677312563094,0.006415821670991022,C_channels
C_bias,C,h1_exc,56,25,0.5763643,0.014452614,0.95949864,0.023810238,1.6533203125,0.5803464944778511,0.014401466211234849,0.015667381806942077,0.0015419746706122437,117,0.5768429,0.96030396,0.5808335687213426,0.013354522529562233,-0.0004786253,-0.00080531836,-0.000487074243491481,0.0023128592773798435,C_channels
C_bias,C,h1_exc,57,25,2.7147176,0.033396035,4.3639016,0.051356178,1.6533203125,2.6394773817759902,0.031062448749635395,0.21214447330913253,0.0026643742952739994,24,2.5819404,4.1593823,2.5157752819630606,0.20923427127066282,0.13277721,0.20451927,0.12370209981292968,0.0029102020384697003,C_channels
C_bias,C,h1_exc,58,25,2.2364156,0.017673375,3.6232517,0.02760822,1.6533203125,2.1915000282761605,0.01669865145853038,0.2287639319532148,0.001702517503218122,36,2.3151274,3.7459803,2.2657317217506834,0.226115045920339,-0.07871175,-0.122728586,-0.07423169347452285,0.0026488860328758024,C_channels
C_bias,C,h1_exc,59,25,0.45189342,0.0068073114,0.75392616,0.011269678,1.6533203125,0.4560073188649129,0.006816391156134478,0.002158698170251071,0.000445776302344355,126,0.45218033,0.7544011,0.45629459292133767,0.00240677113885661,-0.00028690696,-0.0004749298,-0.0002872740564247578,-0.0002480729686055389,straight_channels
C_bias,C,h1_exc,60,25,1.5808096,0.01773469,2.5885286,0.028287498,1.6533203125,1.5656547950100828,0.017109508064720398,0.09108187379528107,0.002305738646689417,63,1.5681939,2.5683963,1.5534777586653945,0.0885468108058204,0.012615681,0.020132303,0.012177036344688252,0.0025350629894606708,C_channels
C_bias,C,h1_exc,61,25,5.108069,0.10446023,7.902377,0.14888716,1.6533203125,4.779701176421064,0.09005342347097647,0.25558617593536354,0.0024452660153096175,3,4.802799,7.465696,4.515577327051381,0.25102153691422857,0.30526972,0.43668127,0.2641238493696827,0.004564639021134964,C_channels
C_bias,C,h1_exc,62,25,2.7258217,0.026910575,4.381205,0.04131781,1.6533203125,2.6499432360577857,0.024990807904283322,0.2310232129387153,0.002451907899465974,23,2.6805935,4.311692,2.607898857805001,0.22632364032495908,0.045228243,0.069512844,0.04204437825278484,0.0046995726137562255,straight_channels
C_bias,C,h1_exc,63,25,1.0164505,0.009109746,1.6800079,0.014794782,1.6533203125,1.0161418365287331,0.008948526947169588,0.026601860387139357,0.0018631663803847153,90,0.9785653,1.6184138,0.9788870791123059,0.018577055224990716,0.03788525,0.06159413,0.03725475741642725,0.008024805162148641,straight_channels
C_bias,C,h1_exc,64,25,2.8817556,0.05736594,4.6187735,0.08763307,1.6533203125,2.7936349240822818,0.05300428999038129,0.22726891812601416,0.0032196396622959757,20,2.7985108,4.491396,2.7165913708990574,0.2249895248468742,0.0832448,0.12737751,0.07704355318322431,0.002279393279139952,C_channels
C_bias,C,h1_exc,65,25,1.6271026,0.018261874,2.6623085,0.029062597,1.6533203125,1.610279824735003,0.01757832217275554,0.12050615938982609,0.00429022980686841,60,1.6967894,2.7731423,1.6773171021370485,0.1271560627220827,-0.06968677,-0.11083388,-0.06703727740204557,-0.006649903332256624,C_channels
C_bias,C,h1_exc,66,25,1.0829779,0.0069993534,1.7880249,0.011343572,1.6533203125,1.0814751623527434,0.006861085493527087,0.06658510014240628,0.0008525524244215695,87,1.0973592,1.8113396,1.0955769035827925,0.06856951311483402,-0.0143812895,-0.023314714,-0.014101741230049036,-0.0019844129724277404,straight_channels
C_bias,C,h1_exc,67,25,1.6375557,0.020346168,2.678905,0.032377243,1.6533203125,1.6203181488399687,0.019583163910249213,0.1316148495766935,0.002056223615603274,59,1.6301991,2.6672163,1.613248240159311,0.12711597913770034,0.0073566437,0.011688709,0.0070699086806578215,0.004498870438993163,C_channels
C_bias,C,h1_exc,68,25,1.3097663,0.023840256,2.1540687,0.03833081,1.6533203125,1.3028744083740793,0.023184138336637482,0.07021849255510759,0.0017107738335646156,77,1.2810711,2.1078866,1.2749414619892052,0.06892483030246466,0.028695226,0.046182156,0.02793294638487409,0.0012936622526429353,straight_channels
C_bias,C,h1_exc,69,25,2.0797827,0.031459425,3.377632,0.049393784,1.6533203125,2.0429386505199694,0.02987550704310289,0.18127210257254564,0.004296696987241376,42,2.0752425,3.3705451,2.0386521410675296,0.17798039051355233,0.004540205,0.007086754,0.004286509452439802,0.0032917120589933124,C_channels
C_bias,C,h1_exc,70,25,1.4708695,0.011696266,2.412947,0.018726422,1.6533203125,1.4594551927378492,0.011326554071593064,0.13176233973004964,0.001303234496637601,67,1.3902807,2.283776,1.3813269629977625,0.12125701835236632,0.08058882,0.1291709,0.07812822974008671,0.010505321377683313,C_channels
C_bias,C,h1_exc,71,25,1.6380899,0.010535914,2.6799448,0.016786879,1.6533203125,1.62094701355486,0.010153434274406249,0.1483817983741319,0.0021808876239222024,58,1.5732085,2.5765536,1.558411637336453,0.13402162071555013,0.064881444,0.10339117,0.0625353762184071,0.014360177658581774,C_channels
C_bias,C,h1_exc,72,25,4.2333083,0.06483462,6.641536,0.094938725,1.6533203125,4.017089830989368,0.05742306877792055,0.24011396966375587,0.002372169351562708,8,4.0426064,6.361666,3.8478123152161263,0.2353473560712014,0.19070196,0.27987003,0.16927751577324202,0.004766613592554453,straight_channels
C_bias,C,h1_exc,73,25,0.8411061,0.004492333,1.3942674,0.0073416433,1.6533203125,0.8433135787509783,0.004440545139141026,0.020273191988586046,0.00045039863926670415,102,0.826328,1.3701046,0.8286987557396632,0.02090329685696191,0.014778137,0.024162889,0.014614823011315115,-0.0006301048683758637,C_channels
C_bias,C,h1_exc,74,25,2.3683052,0.025808735,3.8285449,0.0401176,1.6533203125,2.315670468541441,0.02426486876911103,0.17835581999482245,0.0017166963752643391,31,2.3168962,3.7485328,2.2672754980445062,0.17257018352453482,0.051409006,0.08001208,0.048394970496934864,0.005785636470287625,C_channels
C_bias,C,h1_exc,75,25,1.8089703,0.022935547,2.9510074,0.03631839,1.6533203125,1.784897545317572,0.02196694304591452,0.15274568353816723,0.0023353673747530225,52,1.9578004,3.1859636,1.9270093363492615,0.15628592977444372,-0.14883006,-0.23495626,-0.14211179103168958,-0.0035402462362764953,C_channels
C_bias,C,h1_exc,76,25,4.848472,0.15082261,7.524416,0.21560082,1.6533203125,4.5510936994000595,0.13040474445469605,0.21393373377857153,0.0019820563350575944,6,4.235081,6.6362996,4.013922296029938,0.20808849409183935,0.6133909,0.88811636,0.5371714033701211,0.005845239686732173,C_channels
C_bias,C,h1_exc,77,25,1.9779145,0.012615078,3.2179978,0.019875035,1.6533203125,1.946384982274597,0.012021284931653189,0.19878320623464443,0.0015755366975647475,46,1.9420347,3.161497,1.912211017072259,0.19593265066848797,0.03587973,0.056500673,0.034173965202338064,0.0028505555661564597,C_channels
C_bias,C,h1_exc,78,25,3.7410073,0.052726354,5.915372,0.07843467,1.6533203125,3.5778738985455236,0.0474406967876894,0.23426799631254983,0.002575726271060794,11,3.6057105,5.713745,3.4559212357420948,0.23133160144118714,0.13529682,0.20162678,0.12195266280342887,0.0029363948713626853,C_channels
C_bias,C,h1_exc,79,25,1.5934381,0.008814053,2.608818,0.014062207,1.6533203125,1.5779265861810583,0.008505434154306702,0.1623649612519449,0.0017102216741571737,61,1.6012013,2.6211982,1.5854146055078144,0.15748493077172926,-0.0077631474,-0.012380123,-0.007488019326756135,0.0048800304802156524,C_channels
C_bias,C,h1_exc,80,25,2.5071151,0.033309307,4.0436263,0.051553488,1.6533203125,2.44576108675563,0.031181790827193624,0.2150398981316873,0.0034856285617087786,29,2.4779577,3.9985518,2.4184980922365353,0.21275319461074155,0.0291574,0.045074463,0.02726299451909453,0.00228670352094576,C_channels
C_bias,C,h1_exc,81,25,0.93244916,0.013497632,1.5432429,0.021982433,1.6533203125,0.93342040018434,0.013295931504579856,0.050910919299379104,0.0012608220150341202,97,0.94559497,1.5646609,0.9463749112133024,0.051634788846925336,-0.013145804,-0.021417975,-0.01295451102896239,-0.0007238695475462326,straight_channels
C_bias,C,h1_exc,82,25,1.3043414,0.029806582,2.145133,0.047978655,1.6533203125,1.297469726213547,0.029019576536400176,0.053331098633995364,0.0021389075559677738,78,1.2569741,2.068775,1.25128506042766,0.05173552333859739,0.047367334,0.07635808,0.04618466578588709,0.0015955752953979718,C_channels
C_bias,C,h1_exc,83,25,1.8188175,0.016599383,2.966752,0.026274377,1.6533203125,1.7944205005353717,0.015891885320660052,0.1392095818601472,0.0029188753873447847,51,1.7901524,2.921367,1.7669696691523809,0.13327746585088973,0.028665066,0.045385122,0.02745083138299087,0.005932116009257471,straight_channels
C_bias,C,h1_exc,84,25,2.8438914,0.052221756,4.561158,0.079925895,1.6533203125,2.7587867731283366,0.048342656233879705,0.16902984122652398,0.002403722751390149,22,2.8128226,4.513671,2.730064380083663,0.16578563647015354,0.031068802,0.04748726,0.028722393044673833,0.003244204756370439,straight_channels
C_bias,C,h1_exc,85,25,1.3834475,0.013040757,2.2727652,0.020932034,1.6533203125,1.3746672278693342,0.012660604273508945,0.08701248638222825,0.0024785653712775363,73,1.3837036,2.2731657,1.3749094534382322,0.08699237408858879,-0.00025606155,-0.0004005432,-0.0002422255688980801,2.0112293639462653e-05,straight_channels
C_bias,C,h1_exc,86,25,0.44202235,0.0067807497,0.73757863,0.011227786,1.6533203125,0.4461196192860404,0.006791052621057785,0.0015553507081190352,0.0002845163640761918,127,0.4467771,0.74545336,0.45088259375239575,0.0014480710979286545,-0.004754752,-0.007874727,-0.004762974466355374,0.0001072796101903807,straight_channels
C_bias,C,h1_exc,87,25,2.659122,0.040652987,4.2780223,0.062581316,1.6533203125,2.5875338900457194,0.037851898423109355,0.19485460487706793,0.001598181099205109,27,2.4683933,3.98353,2.4094121617133752,0.19030252241666779,0.19072866,0.29449224,0.1781217283323442,0.0045520824604001475,C_channels
C_bias,C,h1_exc,88,25,1.3180581,0.017982248,2.1675677,0.028908415,1.6533203125,1.3110392235796047,0.017485065396159197,0.12638565323043124,0.003181532994087402,76,1.258764,2.0721123,1.2533036837449694,0.11531048353296294,0.059294105,0.09545541,0.05773553983463531,0.011075169697468301,straight_channels
C_bias,C,h1_exc,89,25,2.177983,0.06902823,3.5292187,0.107710734,1.6533203125,2.1346248959507186,0.06514813587574261,0.10923618997749278,0.0015687562415193023,40,1.9170272,3.1201208,1.8871846621494266,0.1021905639821485,0.2609558,0.4090979,0.247440233801292,0.007045625995344279,straight_channels
C_bias,C,h1_exc,90,25,2.942677,0.062195707,4.7115126,0.09510614,1.6533203125,2.849727785434532,0.057524325942578336,0.17849660605029874,0.0035715579404169864,19,2.615731,4.210283,2.546562132734837,0.1770015922230981,0.32694602,0.50122976,0.3031656526996951,0.0014950138272006308,C_channels
C_bias,C,h1_exc,91,25,1.4152956,0.013472896,2.3238652,0.021612627,1.6533203125,1.405574709777785,0.013072256516091481,0.09717510443299768,0.0031740472565523975,70,1.4460405,2.3731542,1.435386763135936,0.09988435431148923,-0.03074491,-0.049288988,-0.02981205335815096,-0.002709249878491554,straight_channels
C_bias,C,h1_exc,92,25,3.449788,0.080728695,5.4778595,0.12101162,1.6533203125,3.313247693430947,0.07319309058808844,0.23054722198924782,0.002435875021305175,12,3.0386846,4.857603,2.938089369134799,0.22566663873273637,0.4111035,0.6202564,0.37515832429614804,0.004880583256511445,C_channels
C_bias,C,h1_exc,93,25,2.0229855,0.021771913,3.2887244,0.03425284,1.6533203125,1.9891633859677893,0.020717606375382124,0.1676426715828646,0.0034381015666218213,44,1.8096123,2.95206,1.7855340933239108,0.14691207799481457,0.21337318,0.33666444,0.20362929264387852,0.020730593588050045,C_channels
C_bias,C,h1_exc,94,25,1.7976238,0.020829838,2.9330957,0.033013508,1.6533203125,1.7740637005994315,0.019968005117914963,0.13428308053286325,0.002103683352148095,54,1.7657083,2.882539,1.7434848812886679,0.13259274679684446,0.031915426,0.05055666,0.030578819310763672,0.0016903337360187898,straight_channels
C_bias,C,h1_exc,95,25,1.2116736,0.013854492,1.9961759,0.0223654,1.6533203125,1.20737391634428,0.013527566293385742,0.05715243442549472,0.0020263729627233297,85,1.0042988,1.6602134,1.0041691630464384,0.035082544205115994,0.20737481,0.33596253,0.2032047532978416,0.022069890220378724,C_channels
C_bias,C,h1_exc,96,25,0.5415414,0.0073926905,0.9021437,0.012204957,1.6533203125,0.5456557082347264,0.007382088460367983,0.005383390597498212,0.0006662993068642644,118,0.5319194,0.8862597,0.5360483925533939,0.003955417749095822,0.009621978,0.015884042,0.009607315681332551,0.0014279728484023905,C_channels
C_bias,C,h1_exc,97,25,1.9451419,0.06606197,3.1637864,0.103704564,1.6533203125,1.9135954112144318,0.06272502650165486,0.09841615687580792,0.0035585963683409817,48,1.8489468,3.0125065,1.8220949145458496,0.0957278136259987,0.0961951,0.15127993,0.09150049666858218,0.002688343249809211,C_channels
C_bias,C,h1_exc,98,25,0.46725056,0.0049232505,0.7793636,0.008144913,1.6533203125,0.4713929758778601,0.004926397698699075,0.001320707282325215,0.0003051285288920671,124,0.4063887,0.67853326,0.41040639864548933,0.0011396966395699826,0.060861856,0.10083032,0.060986577232370776,0.0001810106427552324,C_channels
C_bias,C,h1_exc,99,25,5.096066,0.14896734,7.8792634,0.21273138,1.6533203125,4.765720804662002,0.12866918756160164,0.1953976368053336,0.0020011872541339255,4,4.6811433,7.286072,4.406932909515953,0.1900812871866336,0.4149227,0.5931916,0.35878789514604925,0.005316349618699978,straight_channels
C_bias,C,h1_exc,100,25,0.70599616,0.0074885148,1.1729026,0.012293211,1.6533203125,0.7094224481096141,0.007435468336518037,0.019763620440914943,0.0011536202741508805,110,0.71363664,1.1854495,0.7170113481301632,0.020118997737350104,-0.007640481,-0.012546897,-0.0075889000205491275,-0.0003553772964351616,straight_channels
C_bias,C,h1_exc,101,25,1.1052631,0.021610131,1.8238796,0.034995046,1.6533203125,1.1031616533569477,0.021166525151107174,0.03284337551325497,0.0014321750866098698,86,1.145421,1.8889009,1.142489347808607,0.03567250481854046,-0.040157914,-0.06502128,-0.03932769445165918,-0.002829129305285491,straight_channels
C_bias,C,h1_exc,102,25,1.8055849,0.018694771,2.9457564,0.029577462,1.6533203125,1.7817215195135392,0.017889735297431826,0.13387413056219402,0.0031198717187075923,53,1.7880784,2.918055,1.76496662584273,0.13208413642828115,0.01750648,0.027701378,0.01675489367080929,0.00178999413391287,C_channels
C_bias,C,h1_exc,103,25,0.51365966,0.008954055,0.8560748,0.014798565,1.6533203125,0.51779128273507,0.008950815065451225,0.006563311824347135,0.0003657524216175164,121,0.5477614,0.91239494,0.5518561114546624,0.0068582747163589905,-0.034101725,-0.05632013,-0.03406482871959238,-0.0002949628920118552,straight_channels
C_bias,C,h1_exc,104,25,0.71286714,0.0057395953,1.1841979,0.009420676,1.6533203125,0.7162543852960307,0.005698034682441191,0.022800636889279472,0.0011397574349145331,109,0.7180369,1.1926808,0.7213851800357447,0.024885498415234387,-0.0051697493,-0.008482933,-0.005130794739714006,-0.0020848615259549154,C_channels
C_bias,C,h1_exc,105,25,4.089839,0.06991194,6.4304643,0.10271651,1.6533203125,3.889424560239098,0.062127410993478065,0.24352635548458598,0.0016992717198920332,9,3.8187695,6.030321,3.64740015283188,0.2387530377941517,0.27106953,0.40014315,0.24202440740721842,0.004773317690434292,C_channels
C_bias,C,h1_exc,106,25,0.5367729,0.0055667236,0.8942863,0.00918963,1.6533203125,0.5409032189808556,0.005558287427207719,0.0038280398893791767,0.0004174030060542271,119,0.54836273,0.91341734,0.5524745457553186,0.0038347400549073023,-0.011589825,-0.019131064,-0.011571326774463042,-6.700165528125603e-06,straight_channels
C_bias,C,h1_exc,107,25,0.4559859,0.008111692,0.7606894,0.013424733,1.6533203125,0.46009803272870053,0.008119861922438739,0.0011195641224074964,0.0002612003269659718,125,0.44514203,0.74272865,0.44923455657800176,0.0010793372880704428,0.010843873,0.017960727,0.01086347615069877,4.022683433705363e-05,C_channels
C_bias,C,h1_exc,108,25,1.5154641,0.0092100445,2.4843216,0.014720099,1.6533203125,1.5026256807925948,0.008903355509405339,0.14221351150132838,0.0020142442372400116,64,1.4242913,2.33837,1.4143478172815733,0.13437693790318078,0.091172814,0.14595151,0.08827786351102151,0.0078365735981476,C_channels
C_bias,C,h1_exc,109,25,1.3544368,0.027931154,2.2257786,0.044786487,1.6533203125,1.3462476643737369,0.027088814941240835,0.07167351043319226,0.001454054023440344,74,1.366011,2.2444084,1.3575157275393024,0.07132489734344144,-0.011574268,-0.01862979,-0.0112680631655655,0.0003486130897508155,C_channels
C_bias,C,h1_exc,110,25,1.4935827,0.014908757,2.4492426,0.023837233,1.6533203125,1.4814084964204088,0.014417794425176298,0.10333026062171849,0.002219960052196015,65,1.4586685,2.3933842,1.4476228027750841,0.0999175371804069,0.034914255,0.055858374,0.03378569364532469,0.003412723441311591,straight_channels
C_bias,C,h1_exc,111,25,0.9480741,0.012148664,1.5687217,0.019795856,1.6533203125,0.9488310062636048,0.011973394027385115,0.03653718907155392,0.0013683710966636766,95,0.9291687,1.5379272,0.9302051503699125,0.035967393557634585,0.018905401,0.030794501,0.018625855893692367,0.0005697955139193356,straight_channels
C_bias,C,h1_exc,112,25,0.8808382,0.012028732,1.4590888,0.01962708,1.6533203125,0.8825202930876357,0.011871310232820917,0.04131722097162953,0.0006494294423082793,100,0.91502565,1.514861,0.9162537784214774,0.042497276460200704,-0.034187436,-0.055772185,-0.033733485333841684,-0.0011800554885711759,straight_channels
C_bias,C,h1_exc,113,25,0.46796444,0.011300949,0.7804765,0.018695537,1.6533203125,0.47206615074596436,0.011307873890839953,0.006060504483360378,0.0007919211186613013,123,0.38575786,0.6442715,0.38968340796309325,0.003050364535319659,0.08220658,0.13620502,0.08238274278287111,0.003010139948040719,C_channels
C_bias,C,h1_exc,114,25,0.9444463,0.006048292,1.5628841,0.009853249,1.6533203125,0.9453002483155645,0.005959673507770933,0.013314338389329326,0.0004397320981376591,96,0.94798434,1.5686483,0.9487867465824639,0.012556775328909277,-0.0035380125,-0.005764246,-0.003486498266899396,0.0007575630604200485,straight_channels
C_bias,C,h1_exc,115,25,1.2630873,0.029760092,2.0786796,0.04797693,1.6533203125,1.257275832942924,0.029018531859697046,0.047887371155578735,0.0036269252143402895,82,1.2478147,2.0541732,1.2424532784189108,0.04261795022203753,0.015272617,0.02450633,0.014822554524013265,0.0052694209335412065,C_channels
C_bias,C,h1_exc,116,25,0.88374174,0.0061637713,1.4638973,0.01006065,1.6533203125,0.8854287996043025,0.006085118452629384,0.046439286013536876,0.0007230201984901135,99,0.86764556,1.4376206,0.8695354728582881,0.04567471157004008,0.016096175,0.026276708,0.015893326746014402,0.0007645744434967988,C_channels
C_bias,C,h1_exc,117,25,1.2620969,0.0060101678,2.0776243,0.009689258,1.6533203125,1.2566374852466966,0.0058604847720566565,0.10076862336125018,0.00113217887727213,83,1.2973807,2.1344702,1.2910203990597022,0.09882445800844702,-0.035283804,-0.056845903,-0.03438291381300562,0.0019441653528031594,C_channels
C_bias,C,h1_exc,118,25,2.9658659,0.065002754,4.7466917,0.09915314,1.6533203125,2.871005357478016,0.0599721302748542,0.21590547221971346,0.0019387143346128552,18,2.8754265,4.6087384,2.7875652507396382,0.20993882510667064,0.09043932,0.13795328,0.08344010673837765,0.005966647113042817,straight_channels
C_bias,C,h1_exc,119,25,1.2581642,0.03313367,2.070609,0.05334998,1.6533203125,1.2523944394587159,0.03226838717971951,0.06037710550568978,0.0025444546598575825,84,1.2012811,1.9789146,1.19693363265632,0.055402490731857046,0.056883097,0.091694474,0.055460806802395846,0.004974614773832736,C_channels
C_bias,C,h1_exc,120,25,1.9603375,0.024085501,3.1900535,0.03793581,1.6533203125,1.9294830274059915,0.022945225131073173,0.15652727729811736,0.0013815742601874174,47,1.7855148,2.9139287,1.7624707501471795,0.14964887287341855,0.17482269,0.27612472,0.16701227725881207,0.0068784044246988085,C_channels
C_bias,C,h1_exc,121,25,2.4493964,0.061338454,3.952605,0.0951152,1.6533203125,2.3907072463657904,0.05752980842504608,0.1740786055474951,0.0034673982668981126,30,2.2610028,3.6598313,2.213625011991276,0.16724712980795503,0.1883936,0.29277372,0.17708223437451442,0.006831475739540072,C_channels
C_bias,C,h1_exc,122,25,1.3222282,0.012512995,2.174383,0.02012827,1.6533203125,1.3151613123255306,0.012174452569458608,0.0915371120395469,0.002311085141442404,75,1.0418512,1.7212491,1.0410862969092742,0.04566161065947736,0.28037703,0.45313382,0.27407501541625634,0.04587550138006954,C_channels
C_bias,C,h1_exc,123,25,2.2283337,0.030441422,3.610256,0.047609545,1.6533203125,2.1836398365413636,0.028796322044785196,0.1858107768371861,0.0023520318876985914,37,2.0597904,3.346446,2.0240760142729397,0.17544624151497906,0.16854334,0.26380992,0.15956382226842392,0.010364535322207047,C_channels
C_bias,C,h1_exc,124,25,0.36706388,0.0066314302,0.61326265,0.011013592,1.6533203125,0.3709279015734245,0.0066614988326989,7.37450766780577e-05,6.049186930865251e-05,128,0.36493638,0.60973215,0.3687925313059115,7.37450766780577e-05,0.0021274984,0.0035305023,0.0021353702675129815,0.0,straight_channels
C_bias,C,h1_exc,125,25,1.462459,0.009798147,2.3995056,0.015685597,1.6533203125,1.4513253474680619,0.009487331634738702,0.11416408279551314,0.001386876238508654,68,1.4660056,2.4051778,1.4547560755372404,0.11291041649198615,-0.0035465956,-0.0056722164,-0.0034307280691785458,0.0012536663035269957,straight_channels
C_bias,C,h1_exc,126,25,0.9128326,0.011753341,1.5112935,0.019157737,1.6533203125,0.9140959560131615,0.011587431964751323,0.03298416156873126,0.0019681218825089316,98,0.94587326,1.565146,0.9466683125792922,0.03256850750018221,-0.033040643,-0.05385244,-0.03257235656613067,0.0004156540685490498,C_channels
C_bias,C,h1_exc,127,25,1.0530108,0.012825827,1.739334,0.02081081,1.6533203125,1.0520247803274978,0.01258728309942807,0.06560630185195206,0.0019635034997025277,89,1.0558654,1.7439749,1.0548318235584524,0.0672954806001008,-0.0028545856,-0.004640937,-0.002807043230954598,-0.001689178748148737,C_channels
C_bias,straight,h1_exc,0,25,4.379685,0.22253251,3.516704,0.17286079,0.8271484375000001,4.251599625999329,0.208983998845609,0.12541535131223466,0.00320490308204629,5,4.2218804,3.3948681,4.104303368464133,0.12346712365822723,0.15780449,0.12183595,0.1472962575351966,0.0019482276540074284,C_channels
C_bias,straight,h1_exc,1,25,1.9840981,0.039701983,1.627642,0.032050993,0.8271484375000001,1.9677749702147096,0.038748778718993,0.10491532469605445,0.0031217909760016117,36,2.0314803,1.665849,2.0139661395481685,0.10392712185433035,-0.047382236,-0.038206935,-0.046191169333458904,0.0009882028417241007,straight_channels
C_bias,straight,h1_exc,2,25,1.8798685,0.073991716,1.5428228,0.059845358,0.8271484375000001,1.8652309454342944,0.07235141391192411,0.06925588527097569,0.006008361602167145,40,1.7641319,1.4493349,1.7522064595248663,0.0640026760667475,0.115736604,0.09348798,0.11302448590942804,0.005253209204228185,C_channels
C_bias,straight,h1_exc,3,25,0.833025,0.03574119,0.68977934,0.02940633,0.8271484375000001,0.8339244985814683,0.03555145388309525,0.0038603770181258584,0.0008267230769377069,101,0.8886948,0.7355586,0.8892704007887718,0.004343826102638816,-0.055669844,-0.045779288,-0.05534590220730351,-0.0004834490845129578,C_channels
C_bias,straight,h1_exc,4,25,0.724089,0.014799098,0.60026324,0.012192663,0.8271484375000001,0.7257019084942072,0.01474059855290795,0.0004257238206905152,0.00020325882234675666,108,0.7457685,0.6181259,0.747297460896014,0.0006494092180024809,-0.021679461,-0.017862678,-0.021595552401806772,-0.00022368539731196566,straight_channels
C_bias,straight,h1_exc,5,25,0.7051893,0.011976399,0.58469856,0.009871488,0.8271484375000001,0.7068846864597669,0.011934360965141045,0.0005483900063132061,0.00020421714365396798,110,0.7733999,0.64088666,0.7748145561719215,0.000757644087669561,-0.0682106,-0.056188107,-0.06792986971215464,-0.0002092540813563549,C_channels
C_bias,straight,h1_exc,6,25,2.5220237,0.108905226,2.0582912,0.08715507,0.8271484375000001,2.488418025138178,0.10536810289671669,0.11736938116741726,0.0052039237362857685,23,2.4605558,2.009131,2.428984772231783,0.11311937618908564,0.061467886,0.049160242,0.059433252906394785,0.004250004978331612,C_channels
C_bias,straight,h1_exc,7,25,2.8125935,0.054471668,2.2916048,0.043439806,0.8271484375000001,2.770487861511826,0.0525175440959167,0.11840894741578568,0.001987037267892535,18,2.8289983,2.3046606,2.7862718380864235,0.11723235329745905,-0.016404867,-0.013055801,-0.015783976574597514,0.0011765941183266293,straight_channels
C_bias,straight,h1_exc,8,25,1.10955,0.036887027,0.91671103,0.030165302,0.8271484375000001,1.1082787317818115,0.036469029093164525,0.015318826268573433,0.0031716088566917902,85,1.1347734,0.93746024,1.133363999105087,0.014106611346609446,-0.025223374,-0.020749211,-0.02508526732327554,0.0012122149219639874,C_channels
C_bias,straight,h1_exc,9,25,0.90153384,0.020569304,0.7462411,0.016898705,0.8271484375000001,0.9021851543359638,0.020430073986503747,0.010426548987917774,0.0011594214934278545,98,0.8960422,0.74172705,0.8967278274160723,0.009560722091605503,0.0054916143,0.0045140386,0.005457326919891536,0.000865826896312271,straight_channels
C_bias,straight,h1_exc,10,25,1.1950979,0.012203001,0.9869066,0.009980559,0.8271484375000001,1.1931432139732447,0.012066224579564567,0.03383409661299637,0.0012237419787998016,76,1.1988192,0.98995095,1.196823828413694,0.032484778332588844,-0.0037212372,-0.0030443668,-0.0036806144404493146,0.0013493182804075257,straight_channels
C_bias,straight,h1_exc,11,25,0.869954,0.0366564,0.7201368,0.030090598,0.8271484375000001,0.8706257763739057,0.036378715270595156,0.0243095517272262,0.002753206928263389,99,0.79526865,0.65876466,0.7964285978301643,0.019345179038496127,0.074685335,0.06137216,0.07419717854374142,0.004964372688730075,straight_channels
C_bias,straight,h1_exc,12,25,1.805767,0.023659782,1.483659,0.019154655,0.8271484375000001,1.7937035195354643,0.02315745828339842,0.09040465732709765,0.003067591824596722,45,1.8106678,1.4876313,1.798505866455711,0.09060701722730169,-0.004900694,-0.003972292,-0.004802346920246725,-0.0002023599002040355,straight_channels
C_bias,straight,h1_exc,13,25,6.8793697,0.53682315,5.386032,0.39707342,0.8271484375000001,6.511566664193101,0.4800509878786819,0.11633083791817773,0.004224888416045498,1,5.899566,4.661511,5.635639955018206,0.11417335618281393,0.97980356,0.72452116,0.8759267091748946,0.0021574817353638004,C_channels
C_bias,straight,h1_exc,14,25,1.7191818,0.08313431,1.4125051,0.06730774,0.8271484375000001,1.7076804531776586,0.08137323127297767,0.047991144680016334,0.0020706681003755173,50,1.6784843,1.379629,1.667934083196257,0.046945070803601566,0.040697455,0.032876134,0.039746369981401575,0.0010460738764147687,straight_channels
C_bias,straight,h1_exc,15,25,1.049507,0.008372837,0.86773133,0.006861765,0.8271484375000001,1.049063625871378,0.0082956871990984,0.00894020023450082,0.00122679802652775,90,1.0502689,0.86835366,1.049815968113426,0.010368867975966044,-0.00076186657,-0.0006223321,-0.0007523422420481207,-0.001428667741465224,straight_channels
C_bias,straight,h1_exc,16,25,1.7439675,0.08253542,1.4326118,0.066668116,0.8271484375000001,1.7319887508979088,0.08059994420322676,0.07283485162796713,0.0037137758606802206,48,1.6572534,1.3626026,1.6473494113256912,0.06910418855663818,0.08671415,0.07000923,0.08463933957221759,0.003730663071328952,C_channels
C_bias,straight,h1_exc,17,25,0.9800951,0.017418971,0.8107681,0.01429918,0.8271484375000001,0.9801966467379043,0.017287321081817183,0.002799675295388473,0.0005203410042499782,93,0.9281628,0.7681331,0.92865205869334,0.0020492468656967177,0.051932275,0.042635024,0.0515445880445643,0.0007504284296917553,C_channels
C_bias,straight,h1_exc,18,25,1.4059483,0.039666083,1.1587826,0.032310516,0.8271484375000001,1.4009366212207084,0.03906253588923132,0.04178575821216591,0.00453453679560753,65,1.3594121,1.1209104,1.3551502266619084,0.03622236226634511,0.046536207,0.037872195,0.04578639455879996,0.005563395945820802,C_channels
C_bias,straight,h1_exc,19,25,1.1489693,0.035060216,0.94899935,0.028664619,0.8271484375000001,1.147314436371864,0.03465474460128522,0.03809145846483441,0.002566902926180681,82,1.0448016,0.86374456,1.0442437250386367,0.03196536484167767,0.1041677,0.08525479,0.1030707113332272,0.006126093623156741,C_channels
C_bias,straight,h1_exc,20,25,3.4162197,0.12512355,2.7679458,0.0988596,0.8271484375000001,3.3463712400738284,0.11951857577644642,0.12180030666535419,0.0032857499088747764,12,3.3288848,2.6993048,3.2633862630756925,0.12056604845490877,0.08733487,0.06864095,0.0829849769981359,0.001234258210445413,straight_channels
C_bias,straight,h1_exc,21,25,3.6764975,0.23217021,2.9669428,0.18188497,0.8271484375000001,3.5869531911665127,0.21989398489986176,0.11125101470180278,0.005167677392242352,8,3.3527787,2.7144158,3.28165520493902,0.10782357716234524,0.3237188,0.252527,0.3052979862274925,0.0034274375394575396,C_channels
C_bias,straight,h1_exc,22,25,1.9525305,0.06233324,1.6017897,0.050313696,0.8271484375000001,1.9365202895491818,0.060827891489146343,0.11309100748614315,0.005351791226692409,38,1.9564127,1.6049708,1.9403661586548409,0.11254261747982994,-0.0038821697,-0.0031811,-0.0038458691056590943,0.0005483900063132097,C_channels
C_bias,straight,h1_exc,23,25,2.7939765,0.122809,2.2748895,0.09791318,0.8271484375000001,2.7502793939100663,0.11837438282569267,0.10241904933696905,0.005579233506128478,19,2.6968787,2.1976593,2.6569103639456757,0.09936682601235738,0.09709787,0.077230215,0.09336902996439056,0.0030522233246116637,C_channels
C_bias,straight,h1_exc,24,25,1.679192,0.021385092,1.3811084,0.017349081,0.8271484375000001,1.6697225588147617,0.020974566803919067,0.08299449806071707,0.0022211093551692124,52,1.7455564,1.4349012,1.7347567146566893,0.0850431019727628,-0.06636441,-0.053792834,-0.06503415584192762,-0.0020486039120457267,straight_channels
C_bias,straight,h1_exc,25,25,3.2956944,0.12349209,2.672881,0.09760258,0.8271484375000001,3.2314403560312726,0.11799887480743704,0.12949941372767249,0.00248661875801952,13,3.20922,2.6046247,3.148920474124178,0.12915988148816762,0.08647442,0.06825614,0.08251988190709447,0.0003395322395048639,straight_channels
C_bias,straight,h1_exc,26,25,2.4233842,0.13506141,1.9783041,0.10826567,0.8271484375000001,2.3917159020820735,0.13089024918076098,0.08388923964996492,0.007813153864059575,26,2.3970406,1.9572937,2.3663148603381767,0.0798690320332064,0.026343584,0.021010399,0.02540104174389679,0.004020207616758517,C_channels
C_bias,straight,h1_exc,27,25,1.5210515,0.08948755,1.2514523,0.07258763,0.8271484375000001,1.5129718764243052,0.08775647737160838,0.052392679777407476,0.004698530722814853,57,1.4391518,1.1850631,1.432709078891672,0.0485756871631783,0.08189976,0.0663892,0.0802627975326331,0.0038169926142291796,C_channels
C_bias,straight,h1_exc,28,25,2.5116208,0.06922642,2.0510764,0.055400833,0.8271484375000001,2.4796957944382108,0.06697810380120126,0.12275954080082992,0.0020934890770552272,24,2.4805524,2.0262995,2.4497410660241603,0.12119419139521855,0.031068325,0.024776936,0.029954728414050447,0.0015653494056113715,straight_channels
C_bias,straight,h1_exc,29,25,3.611813,0.155873,2.92061,0.12280045,0.8271484375000001,3.530938183680717,0.1484624045613623,0.12111434930671773,0.004150058195004618,9,3.5233076,2.8513567,3.447212852408031,0.11999639217090285,0.08850551,0.069253206,0.083725331272686,0.001117957135814876,C_channels
C_bias,straight,h1_exc,30,25,0.8177304,0.011001434,0.67738587,0.009054485,0.8271484375000001,0.8189411202137827,0.010946626138394467,0.004415980730128456,0.0004137386874613594,102,0.81167203,0.67240095,0.8129144873403991,0.00406236793581967,0.006058395,0.0049849153,0.006026632873383675,0.00035361279430878596,straight_channels
C_bias,straight,h1_exc,31,25,0.58514535,0.013039634,0.48564062,0.01076822,0.8271484375000001,0.5871262934478473,0.013018485141351104,0.000779291061602977,0.00021839537169602828,118,0.5826091,0.48354772,0.5845960583770683,0.000757644087669561,0.0025362372,0.002092898,0.0025302350707789856,2.1646973933416068e-05,straight_channels
C_bias,straight,h1_exc,32,25,0.9405747,0.009352919,0.77836317,0.007681799,0.8271484375000001,0.9410199603064704,0.00928708631184756,0.007771263642096354,0.0005745139628101924,94,0.95370597,0.7891436,0.9540531523207223,0.008355731938298588,-0.013131261,-0.010780454,-0.013033192014251904,-0.0005844682962022341,C_channels
C_bias,straight,h1_exc,33,25,1.3551896,0.009338261,1.1176451,0.007615153,0.8271484375000001,1.351202706279069,0.00920651356539617,0.06491927482631467,0.0012909996527559143,67,1.3399994,1.1052574,1.3362261116770742,0.06296360049353378,0.0151901245,0.0123877525,0.014976594601994853,0.0019556743327808906,straight_channels
C_bias,straight,h1_exc,34,25,0.7445339,0.015579677,0.61710435,0.012833469,0.8271484375000001,0.746062426414192,0.015515314544257077,0.005801334350079906,0.0006481184113734353,106,0.7964599,0.6598675,0.7977619097214201,0.0066167583656475,-0.051926017,-0.042763174,-0.05169948330722818,-0.0008154240155675936,straight_channels
C_bias,straight,h1_exc,35,25,0.45537177,0.015170983,0.37832654,0.012557035,0.8271484375000001,0.45738649790385516,0.01518111468588967,0.0026986560836991984,0.0005753214743122408,125,0.39997265,0.3324649,0.40194103272965104,0.0012771714620715456,0.05539912,0.04586163,0.05544546517420412,0.0014214846216276528,C_channels
C_bias,straight,h1_exc,36,25,4.8382616,0.54857993,3.8350143,0.415144,0.8271484375000001,4.6364283136063,0.5018977990570977,0.08443762965627812,0.005624163750938964,3,3.9697776,3.1753995,3.838971867904024,0.07932172815001413,0.868484,0.6596148,0.7974564457022755,0.005115901506263981,C_channels
C_bias,straight,h1_exc,37,25,1.0632718,0.028488234,0.87889177,0.023310179,0.8271484375000001,1.0625562519119525,0.028181371862892386,0.007930008117608071,0.0015135147199605073,88,1.0399239,0.8597415,1.0394041459529237,0.007778447412696733,0.023347855,0.019150257,0.023152105959028724,0.00015156070491133874,C_channels
C_bias,straight,h1_exc,38,25,0.6629205,0.0070505,0.54985857,0.005815538,0.8271484375000001,0.6647640633410238,0.007030827473753932,9.380355371146947e-05,4.55406541685323e-05,112,0.63536024,0.5271134,0.6372657369158892,6.49409218002481e-05,0.027560234,0.022745192,0.02749832642513461,2.886263191122137e-05,C_channels
C_bias,straight,h1_exc,39,25,0.66859764,0.009071287,0.5545361,0.0074835657,0.8271484375000001,0.6704190764280022,0.00904742741132889,0.0037882204383478052,0.00044431504048331687,111,0.6737331,0.5587744,0.6755431067213523,0.003117164246411908,-0.0051354766,-0.0042383075,-0.005124030293350068,0.000671056191935897,straight_channels
C_bias,straight,h1_exc,40,25,2.0076332,0.053260714,1.6464338,0.042981505,0.8271484375000001,1.9904938144832858,0.05196347181030168,0.07372237755923719,0.004500525291737422,34,1.929293,1.583227,1.9140786010937396,0.06848363676444448,0.07834017,0.06320679,0.07641521338954615,0.0052387407947927095,straight_channels
C_bias,straight,h1_exc,41,25,2.8335695,0.0943745,2.3073804,0.075133234,0.8271484375000001,2.7895603805588416,0.09083404218706566,0.12169928745366491,0.0030812436717863614,17,2.751073,2.241796,2.7102704416100414,0.12009694023032157,0.08249664,0.06558442,0.07928993894880021,0.0016023472233433478,straight_channels
C_bias,straight,h1_exc,42,25,0.71684575,0.009674032,0.5943145,0.007970526,0.8271484375000001,0.7185100763100876,0.00963614934360149,0.0017606205465845036,0.00041454462708353634,109,0.62796044,0.52100146,0.6298766091320296,0.0013204654099383778,0.08888531,0.07331306,0.08863346717805798,0.00044015513664612585,C_channels
C_bias,straight,h1_exc,43,25,2.4825776,0.117648914,2.0264094,0.09422603,0.8271484375000001,2.449873979983592,0.11391671422368906,0.10677009109758567,0.005122135927107822,25,2.1419036,1.7537035,2.120179756410843,0.09738973572643872,0.34067392,0.2727059,0.3296942235727487,0.009380355371146953,C_channels
C_bias,straight,h1_exc,44,25,0.637821,0.013054461,0.5291299,0.010771816,0.8271484375000001,0.6397036640604487,0.013022832581579344,0.00014431315955610685,6.908466548249118e-05,114,0.67278594,0.557986,0.6745899566558574,6.49409218002481e-05,-0.03496492,-0.028856099,-0.03488629259540876,7.937223775585875e-05,C_channels
C_bias,straight,h1_exc,45,25,1.8626407,0.06642896,1.529062,0.05367759,0.8271484375000001,1.8485945059032816,0.06489474852892531,0.08596013348959505,0.006367035569335737,42,1.9310242,1.5842421,1.9153056339891765,0.08800919814170648,-0.068383455,-0.055180073,-0.06671112808589497,-0.0020490646521114236,C_channels
C_bias,straight,h1_exc,46,25,1.1706855,0.021755183,0.9668888,0.017788606,0.8271484375000001,1.1689422977728743,0.02150594065620682,0.029923333633958757,0.003650321307050716,80,1.1731104,0.96886665,1.1713334807796796,0.028285379272996944,-0.0024248362,-0.001977861,-0.0023911830068052975,0.001637954360961813,C_channels
C_bias,straight,h1_exc,47,25,1.7343535,0.033380393,1.4257283,0.02706519,0.8271484375000001,1.7236667522852298,0.032721078296589406,0.07009982961721926,0.003186397173272832,49,1.741826,1.4317765,1.730978939742946,0.07190403174883024,-0.007472515,-0.0060482025,-0.007312187457716224,-0.0018042021316109769,straight_channels
C_bias,straight,h1_exc,48,25,1.8250794,0.11596504,1.4972345,0.09379121,0.8271484375000001,1.8101157388203317,0.1133910264715284,0.07031643146140276,0.00742213035648833,44,1.6191912,1.330959,1.609093371397479,0.061354739785278826,0.20588827,0.1662755,0.20102236742285262,0.008961691676123935,C_channels
C_bias,straight,h1_exc,49,25,0.50612307,0.006649707,0.42034882,0.0054997266,0.8271484375000001,0.5081902993114927,0.0066490198997183605,0.0005483900063132061,0.00015109870364465075,122,0.49816975,0.41377068,0.5002375237564443,0.0003391359249568511,0.007953316,0.0065781474,0.007952775555048475,0.000209254081356355,C_channels
C_bias,straight,h1_exc,50,25,1.0204958,0.034540437,0.8437644,0.028290642,0.8271484375000001,1.020088253006474,0.03420261849251389,0.015650762153859788,0.0025064304053822456,92,0.9771276,0.80822694,0.9771243603966531,0.012533566670833258,0.04336816,0.03553748,0.04296389260982103,0.00311719548302653,straight_channels
C_bias,straight,h1_exc,51,25,1.3871967,0.087862484,1.1425102,0.07156139,0.8271484375000001,1.3812638477212758,0.08651577067294904,0.05560386037696797,0.00660833966029619,66,1.1895564,0.9815056,1.186613602417372,0.042196595182937564,0.1976403,0.1610046,0.19465024530390385,0.013407265194030404,C_channels
C_bias,straight,h1_exc,52,25,0.80304605,0.012755893,0.6652955,0.010493913,0.8271484375000001,0.804324173283982,0.01268685580700278,0.004134559006026369,0.0005921792063742781,103,0.806504,0.6681404,0.807763615990703,0.0037881495070800335,-0.0034579635,-0.0028449297,-0.00343944270672103,0.0003464094989463354,straight_channels
C_bias,straight,h1_exc,53,25,3.1064768,0.12534879,2.5230808,0.09946747,0.8271484375000001,3.050336208464279,0.12025346730803872,0.11944754663062641,0.003034551893973943,14,2.9069202,2.3650134,2.859236840063653,0.11622981870648846,0.19955659,0.15806746,0.1910993684006259,0.0032177279241379503,straight_channels
C_bias,straight,h1_exc,54,25,1.9286473,0.08227979,1.5820416,0.06636055,0.8271484375000001,1.9126452852259588,0.08022809946729961,0.0666939635632098,0.004328606079575417,39,1.8926477,1.5529747,1.8775043066901336,0.06507801930182638,0.035999537,0.02906692,0.03514097853582521,0.001615944261383409,C_channels
C_bias,straight,h1_exc,55,25,1.1476064,0.018673977,0.94802666,0.015284898,0.8271484375000001,1.146138453943453,0.01847902623685357,0.01115540723368706,0.0011130644573757594,83,1.1310426,0.93447614,1.1297563040206777,0.00875259312707788,0.016563773,0.01355052,0.016382149922775202,0.0024028141066091795,C_channels
C_bias,straight,h1_exc,56,25,0.5368788,0.023132639,0.44569808,0.019108417,0.8271484375000001,0.538836885353506,0.023101555638883955,0.0022440696310974616,0.000506712699297854,119,0.5542858,0.4600999,0.5562483041794035,0.0022584983440018538,-0.017407,-0.014401823,-0.017411418825897473,-1.4428712904392127e-05,C_channels
C_bias,straight,h1_exc,57,25,2.3749578,0.035231724,1.9421567,0.028277095,0.8271484375000001,2.3480147192057457,0.03418623896547501,0.11783169477756125,0.002432053194007702,29,2.2997828,1.8818676,2.275126833382026,0.11789622246498055,0.07517505,0.060289025,0.07288788582371986,-6.452768741929682e-05,C_channels
C_bias,straight,h1_exc,58,25,1.9747522,0.0330345,1.6201754,0.026686396,0.8271484375000001,1.9587478894501726,0.032263128492436746,0.10863173085585943,0.0026932751503675498,37,2.0442657,1.6762279,2.0265139125572578,0.1078957337421233,-0.06951356,-0.056052566,-0.06776602310708513,0.0007359971137361337,C_channels
C_bias,straight,h1_exc,59,25,0.51944005,0.020757943,0.43129772,0.0171612,0.8271484375000001,0.5214272377721451,0.020747423752660695,6.49409218002481e-05,4.0175083343194726e-05,120,0.52841574,0.43871412,0.5303934202959224,6.49409218002481e-05,-0.008975685,-0.0074163973,-0.008966182523777344,0.0,straight_channels
C_bias,straight,h1_exc,60,25,1.1943158,0.013699372,0.9862608,0.011199576,0.8271484375000001,1.1923624914647895,0.013539983139852347,0.02290959954527835,0.002097035857622343,77,1.2043003,0.99442863,1.2022371840798742,0.021827299655817894,-0.009984493,-0.008167863,-0.00987469261508478,0.001082299889460455,C_channels
C_bias,straight,h1_exc,61,25,4.7527604,0.25002027,3.8035963,0.19293317,0.8271484375000001,4.598444431382147,0.23325096288628802,0.1322264554341471,0.003950174627383131,4,4.608459,3.6930444,4.46479029062048,0.13235681428688342,0.14430141,0.110551834,0.13365414076166626,-0.00013035885273632308,C_channels
C_bias,straight,h1_exc,62,25,2.7771137,0.05483903,2.2633398,0.043708637,0.8271484375000001,2.736316297072899,0.052842557195010346,0.13099262933020397,0.002310206695481593,20,2.7758124,2.2623181,2.735081153059275,0.1301776855775862,0.0013012886,0.0010216236,0.0012351440136240122,0.0008149437526177861,straight_channels
C_bias,straight,h1_exc,63,25,1.2848282,0.021511942,1.0601709,0.017564185,0.8271484375000001,1.2817178611323674,0.02123462315971416,0.018472055789618275,0.0023630415027604177,73,1.2518673,1.0332634,1.249187368448062,0.013514927392429408,0.03296089,0.026907444,0.0325304926843053,0.004957128397188867,straight_channels
C_bias,straight,h1_exc,64,25,2.2493436,0.10230214,1.8398604,0.08211368,0.8271484375000001,2.224341243077695,0.09927321452321301,0.0962132672053334,0.0051809516831450375,30,2.1721418,1.7779896,2.1495412548198907,0.09221610895635228,0.07720184,0.061870813,0.07479998825780454,0.003997158248981114,C_channels
C_bias,straight,h1_exc,65,25,1.3458908,0.026071569,1.1099658,0.021260558,0.8271484375000001,1.341918470784945,0.02570343549552994,0.023155046450777345,0.0023259512415445024,69,1.3927248,1.1481093,1.3880330168580037,0.02615662285859259,-0.046833992,-0.038143516,-0.04611454607305876,-0.0030015764078152457,C_channels
C_bias,straight,h1_exc,66,25,1.2918648,0.021838482,1.0659132,0.017828662,0.8271484375000001,1.2886601942833833,0.021554367083480578,0.05394425904207274,0.0014539327012823833,72,1.288231,1.0629616,1.2850916741127196,0.05354739785329345,0.0036337376,0.002951622,0.0035685201706636693,0.00039686118877928916,straight_channels
C_bias,straight,h1_exc,67,25,1.2317669,0.039428428,1.0166532,0.032183442,0.8271484375000001,1.2291060989751146,0.03890890741115684,0.04475151077834874,0.003272450718492546,74,1.2061015,0.9957003,1.203774644514541,0.04043654730762114,0.025665402,0.02095288,0.02533145446057361,0.004314963470727601,C_channels
C_bias,straight,h1_exc,68,25,1.509619,0.055242985,1.2429467,0.04494233,0.8271484375000001,1.5026888665454878,0.054334058061809166,0.05302765182258911,0.0033956297671667987,59,1.4858735,1.2236868,1.4794041118092847,0.05305673311080269,0.023745537,0.01925993,0.023284754736203173,-2.908128821357825e-05,straight_channels
C_bias,straight,h1_exc,69,25,1.6152667,0.052896746,1.3288516,0.042954862,0.8271484375000001,1.606545431087374,0.05193125999454804,0.059687849256208875,0.006260974117934061,54,1.6443982,1.3525035,1.6351399186401394,0.05810047803728862,-0.029131532,-0.023651958,-0.028594487552765502,0.001587371218920254,C_channels
C_bias,straight,h1_exc,70,25,1.3355685,0.027596444,1.1015327,0.022501454,0.8271484375000001,1.3317231382312926,0.02720364690916801,0.055819980656676045,0.002079434229792039,70,1.271969,1.0496495,1.2689977628920015,0.05100730338075787,0.06359959,0.05188322,0.06272537533929112,0.0048126772759181785,C_channels
C_bias,straight,h1_exc,71,25,1.3256786,0.024384568,1.093491,0.019893123,0.8271484375000001,1.3220008331770867,0.024050245571180476,0.045386488680395604,0.003831128218077116,71,1.2835552,1.0591351,1.280465494684071,0.037506990168632175,0.042123437,0.03435588,0.04153533849301572,0.007879498511763429,C_channels
C_bias,straight,h1_exc,72,25,4.095518,0.17721052,3.2982876,0.13823351,0.8271484375000001,3.9875400519614397,0.16712055929821484,0.13027870478927547,0.002749495519390215,6,3.9572918,3.1909492,3.857770819745633,0.1296509425452064,0.13822627,0.10733843,0.1297692322158066,0.0006277622440690744,straight_channels
C_bias,straight,h1_exc,73,25,0.6375387,0.005740835,0.52891946,0.0047377856,0.8271484375000001,0.6394492879797355,0.005727854151913897,0.00035356724091246185,8.988250234707528e-05,115,0.62297994,0.5169028,0.6249214595830221,0.0003968611887792939,0.0145587325,0.012016654,0.014527828396713405,-4.329394786683203e-05,C_channels
C_bias,straight,h1_exc,74,25,1.877426,0.04901524,1.5413381,0.039623886,0.8271484375000001,1.8634357710813665,0.04790420348268599,0.07168034635151828,0.0032390000160438487,41,1.8389311,1.5102723,1.82587810015851,0.0702299990979794,0.038494945,0.031065822,0.037557670922856445,0.001450347253538875,C_channels
C_bias,straight,h1_exc,75,25,1.433519,0.04818608,1.1811223,0.039233644,0.8271484375000001,1.4279448288616452,0.04743240832263608,0.05849714725104055,0.004567019640123834,63,1.5320431,1.2611824,1.5247352576095685,0.06205451674283454,-0.09852409,-0.080060124,-0.09679042874792332,-0.003557369491793992,C_channels
C_bias,straight,h1_exc,76,25,3.541431,0.3071009,2.8546047,0.24075894,0.8271484375000001,3.45113981251865,0.291071026366799,0.10178407143492217,0.005854930309115162,10,3.0298045,2.4540277,2.9668527551172033,0.09562911517985422,0.5116265,0.40057707,0.48428705740144684,0.006154956255067956,C_channels
C_bias,straight,h1_exc,77,25,1.751588,0.032717615,1.439701,0.026510648,0.8271484375000001,1.7405592195212347,0.03205065256809441,0.09020294038054459,0.003110283403727926,47,1.7350588,1.4263387,1.724404748743619,0.0894164336609638,0.016529202,0.0133622885,0.01615447077761578,0.0007865067195807901,C_channels
C_bias,straight,h1_exc,78,25,2.9288528,0.11056901,2.382652,0.08792768,0.8271484375000001,2.880561575084769,0.10630216856633833,0.11188599260384965,0.003944366465626307,16,2.7910898,2.2733564,2.7484261907613523,0.11002435284557587,0.13776302,0.10929561,0.13213538432341654,0.0018616397582737892,C_channels
C_bias,straight,h1_exc,79,25,1.556277,0.020720365,1.2813072,0.01684265,0.8271484375000001,1.5490655942813671,0.020362305863676305,0.08303779200858388,0.0031835678707751677,56,1.5918891,1.3102151,1.584014540508785,0.08243861061613163,-0.035612106,-0.028907895,-0.034948946227417954,0.0005991813924522554,C_channels
C_bias,straight,h1_exc,80,25,2.4129097,0.093735926,1.9713974,0.07510481,0.8271484375000001,2.383365900799463,0.09079967447546805,0.11582574185973137,0.004181502332782622,27,2.375597,1.9416112,2.347355205165977,0.11556597817253036,0.037312746,0.02978623,0.03601069563348602,0.0002597636872010006,C_channels
C_bias,straight,h1_exc,81,25,1.0372142,0.018673029,0.8576094,0.015301063,0.8271484375000001,1.0368264792882118,0.018498568743145087,0.033920622035500794,0.0019903086439276726,91,1.04527,0.8642121,1.0448089754330354,0.033985749075463166,-0.008055806,-0.0066027045,-0.007982496144823603,-6.512703996237185e-05,straight_channels
C_bias,straight,h1_exc,82,25,1.1997533,0.06870193,0.98997307,0.056116857,0.8271484375000001,1.1968505022899212,0.06784375611241562,0.023429165965448612,0.0026639459660884584,75,1.1463313,0.9464257,1.144202975116867,0.02182013150352483,0.053421974,0.043547392,0.05264752717305421,0.0016090344619237827,C_channels
C_bias,straight,h1_exc,83,25,1.801701,0.037749466,1.4802294,0.030553732,0.8271484375000001,1.7895570029275365,0.03693863240234269,0.07851321133085495,0.003965646666431482,46,1.7939427,1.4739453,1.78195975607244,0.07751059799758499,0.00775826,0.0062841177,0.00759724685509644,0.0010026133332699666,straight_channels
C_bias,straight,h1_exc,84,25,3.7725484,0.145129,3.0473015,0.11357067,0.8271484375000001,3.6841047462659584,0.13730385037202758,0.12938396320002762,0.0022470210443556837,7,3.7466223,3.0271816,3.659780592376147,0.12920315851620154,0.025926113,0.020119905,0.024324153889811573,0.00018080468382608572,straight_channels
C_bias,straight,h1_exc,85,25,1.5707496,0.034222133,1.2929502,0.027824692,0.8271484375000001,1.5631415953471721,0.033639297262675366,0.0582014972489779,0.0029421117267323144,55,1.592151,1.3103294,1.5841526716408958,0.06062585941357419,-0.021401405,-0.017379284,-0.021011076293723674,-0.0024243621645962943,straight_channels
C_bias,straight,h1_exc,86,25,0.48198673,0.016292294,0.40034637,0.013475387,0.8271484375000001,0.48400787236755816,0.016291377063535367,0.0002669793451787977,0.00010316540573644727,123,0.4828531,0.40106526,0.4848769913639317,0.000230901055289771,-0.0008663833,-0.0007188916,-0.0008691189963735413,3.60782898890267e-05,straight_channels
C_bias,straight,h1_exc,87,25,2.2030313,0.10034383,1.8026887,0.08066761,0.8271484375000001,2.179401705176492,0.09752494149569046,0.09063587985921291,0.004428797819268831,32,2.0370977,1.6694541,2.0183245598393373,0.08649409217995264,0.16593361,0.13323462,0.16107714533715445,0.004141787679260267,C_channels
C_bias,straight,h1_exc,88,25,1.347406,0.035199817,1.1111114,0.028702263,0.8271484375000001,1.3433034687159207,0.03470025667427442,0.05976686032060816,0.005141748174905794,68,1.302941,1.074872,1.2994910649418079,0.051923874808287244,0.044465065,0.036239386,0.043812403774112774,0.007842985512320919,straight_channels
C_bias,straight,h1_exc,89,25,2.3980482,0.1338988,1.9580548,0.10699977,0.8271484375000001,2.3672351638339126,0.12935981065956909,0.07087940831598188,0.0028779253308603967,28,2.0953245,1.7158067,2.0743637334995753,0.065907819969274,0.30272365,0.24224806,0.2928714303343374,0.004971588346707884,straight_channels
C_bias,straight,h1_exc,90,25,2.6298308,0.113428384,2.1443107,0.09068809,0.8271484375000001,2.592413513476532,0.10963943431946674,0.10268602868214784,0.004124687473024976,22,2.302416,1.8828753,2.2763451094981266,0.09834220257950901,0.32741475,0.2614354,0.3160684039784054,0.004343826102638823,C_channels
C_bias,straight,h1_exc,91,25,1.4178048,0.04473401,1.1683736,0.036458515,0.8271484375000001,1.4125318883842437,0.04407735520621362,0.05641201407048217,0.005451747954197274,64,1.4514734,1.1957723,1.4456562596171174,0.0578046360601986,-0.033668518,-0.027398705,-0.033124371232873706,-0.0013926219897164305,straight_channels
C_bias,straight,h1_exc,92,25,2.6644416,0.14963359,2.1704683,0.11912636,0.8271484375000001,2.6240372529019873,0.1440205329881124,0.1069504825470308,0.005176923671142881,21,2.4293456,1.9833918,2.3978666834883056,0.10658248399016271,0.23509598,0.18707657,0.22617056941368174,0.0003679985568680877,C_channels
C_bias,straight,h1_exc,93,25,1.8397609,0.039206788,1.5110127,0.03173812,0.8271484375000001,1.8267732747529117,0.03837052381599714,0.07366465229541475,0.0035355325109471245,43,1.615398,1.3292428,1.6070185306472167,0.05742942184535273,0.22436285,0.18176985,0.21975474410569507,0.01623523045006202,C_channels
C_bias,straight,h1_exc,94,25,2.240747,0.043050066,1.8343093,0.034602728,0.8271484375000001,2.217630298741031,0.04183375631719921,0.11117885812202472,0.002566903771325475,31,2.2154675,1.8140106,2.193089479417002,0.1108830161449347,0.025279522,0.02029872,0.02454081932402863,0.00029584197709001114,straight_channels
C_bias,straight,h1_exc,95,25,0.9373307,0.025524795,0.77560747,0.020958893,0.8271484375000001,0.9376883343644216,0.02533873260101122,0.013514927392429408,0.0017946583125731555,96,0.7728296,0.64038414,0.7742070120898333,0.00829073505089714,0.16450113,0.13522333,0.16348132227458823,0.0052241923415322685,C_channels
C_bias,straight,h1_exc,96,25,0.50972486,0.0096243145,0.42331964,0.007958418,0.8271484375000001,0.5117819119566964,0.00962151030003649,0.0009235905551401866,0.00023756257785876846,121,0.52790827,0.4383543,0.5299584205087153,0.0013421084792949658,-0.01818341,-0.015034676,-0.01817650855201891,-0.00041851792415477916,C_channels
C_bias,straight,h1_exc,97,25,1.4440248,0.08501093,1.1888939,0.06887729,0.8271484375000001,1.4373404466688413,0.08327077331843495,0.04207450166858296,0.00383284472621577,61,1.3997056,1.1530594,1.3940174281040938,0.040912780734156294,0.044319153,0.03583455,0.04332301856474752,0.001161720934426666,C_channels
C_bias,straight,h1_exc,98,25,0.468144,0.009628808,0.38892028,0.00796761,0.8271484375000001,0.47019407746510855,0.009632624265898587,0.0,0.0,124,0.39628407,0.32941344,0.3982519238097073,0.0,0.071859926,0.059506834,0.07194215365540124,0.0,C_channels
C_bias,straight,h1_exc,99,25,5.468252,0.32824537,4.346179,0.24936736,0.8271484375000001,5.254412073521776,0.3014783541946241,0.11571029133208648,0.003195273222933754,2,5.048432,4.028107,4.869872227041774,0.1130332822223207,0.4198203,0.31807184,0.38453984648000183,0.002677009109765774,straight_channels
C_bias,straight,h1_exc,100,25,0.7331569,0.010395545,0.60775334,0.008564825,0.8271484375000001,0.7347572571109333,0.010354641082993575,0.0038315143862146374,0.000886692023458701,107,0.73677415,0.6107331,0.7383597090809211,0.0035068097772133966,-0.003617227,-0.0029797554,-0.0036024519699877633,0.0003247046090012408,straight_channels
C_bias,straight,h1_exc,101,25,1.1738797,0.043968666,0.96926534,0.03590494,0.8271484375000001,1.17181549565173,0.04340809662714877,0.01775764577963752,0.001994382808171595,79,1.1899638,0.98242515,1.1877252867955348,0.017663806433971793,-0.016084075,-0.0131598115,-0.015909791143804863,9.383934566572702e-05,straight_channels
C_bias,straight,h1_exc,102,25,1.5190499,0.03944132,1.2508584,0.032057494,0.8271484375000001,1.5122538522253044,0.03875663895570731,0.03977270677366305,0.004481473556208393,58,1.5126399,1.245653,1.5059607255949965,0.03827184991427954,0.0064100027,0.005205393,0.006293126630307899,0.0015008568593835106,C_channels
C_bias,straight,h1_exc,103,25,0.6201318,0.013150174,0.5145294,0.010852705,0.8271484375000001,0.6220520852287843,0.01312062567154478,0.005837467304044522,0.0002713637473843681,116,0.6434103,0.5337384,0.6452752240026827,0.005786957698199885,-0.023278534,-0.019208968,-0.023223138773898366,5.0509605844637276e-05,straight_channels
C_bias,straight,h1_exc,104,25,0.64281195,0.018698834,0.53321904,0.015433521,0.8271484375000001,0.6446473315059386,0.01865870749387521,0.0023017948949199045,0.0004618255984522095,113,0.6537827,0.54226077,0.6555785275302547,0.002713082193552372,-0.010970771,-0.009041727,-0.010931196024316137,-0.0004112872986324675,C_channels
C_bias,straight,h1_exc,105,25,3.435463,0.13496408,2.7827268,0.10650182,0.8271484375000001,3.36424099616682,0.12875780122038943,0.12766663660130992,0.002877616252717886,11,3.2663617,2.6498296,3.203572104680249,0.12601425092439253,0.16910124,0.13289714,0.1606688914865706,0.0016523856769173895,C_channels
C_bias,straight,h1_exc,106,25,0.5880271,0.0074731093,0.4880396,0.0061703175,0.8271484375000001,0.5900266263894655,0.007459746113937571,0.0016090917290505916,0.00039465757504138953,117,0.59159434,0.4909864,0.5935892404900632,0.0013132438950953307,-0.0035672188,-0.002946794,-0.003562614100597772,0.0002958478339552609,straight_channels
C_bias,straight,h1_exc,107,25,0.45074493,0.022789022,0.3744488,0.01885829,0.8271484375000001,0.45269846399299046,0.022799158836910315,2.8862631911221374e-05,2.8862631911221374e-05,126,0.44643077,0.3708764,0.4483794629003105,2.886002886000283e-05,0.0043141544,0.0035724044,0.004319001092679964,2.6030512185445985e-09,C_channels
C_bias,straight,h1_exc,108,25,1.4421685,0.020569144,1.1884723,0.016747808,0.8271484375000001,1.436830639543216,0.020247644672258164,0.07182449747113603,0.0030477975737032165,62,1.3752754,1.1339941,1.3709680658578502,0.06790655722912609,0.0668931,0.05447817,0.06586257368536574,0.0039179402420099485,C_channels
C_bias,straight,h1_exc,109,25,1.0827953,0.036727894,0.89480054,0.030047024,0.8271484375000001,1.081789537702708,0.036326036264450516,0.02780914584646179,0.001600668943711246,87,1.0985093,0.9076882,1.097370427904134,0.02824208532513011,-0.01571405,-0.012887657,-0.015580890201426056,-0.0004329394786683205,C_channels
C_bias,straight,h1_exc,110,25,1.6818347,0.03519739,1.383127,0.02854231,0.8271484375000001,1.6721628985413832,0.034506877365784894,0.06437810047797927,0.004180314089175173,51,1.6394707,1.3487887,1.6306488928080345,0.062321637954304746,0.042364,0.034338236,0.041514005733348736,0.0020564625236745293,straight_channels
C_bias,straight,h1_exc,111,25,0.9361867,0.02430909,0.774678,0.019946843,0.8271484375000001,0.9365646130176912,0.02411519263721609,0.02483629475960599,0.0015745022053295556,97,0.93758255,0.7758328,0.9379606736606789,0.025363037791985777,-0.0013958812,-0.0011547804,-0.0013960606429876954,-0.000526743032379786,straight_channels
C_bias,straight,h1_exc,112,25,1.1755944,0.017319685,0.9709322,0.014165188,0.8271484375000001,1.1738306329226007,0.01712532739105551,0.03831514386214637,0.0008697537147176733,78,1.2140021,1.0023323,1.2117925338435218,0.039851933891313474,-0.038407683,-0.031400144,-0.03796190092092111,-0.0015367900291671024,straight_channels
C_bias,straight,h1_exc,113,25,0.3435779,0.010185101,0.28572422,0.008441467,0.8271484375000001,0.34543281506866413,0.010205504050322339,0.0010462684544933609,0.0003887147290508608,128,0.276942,0.23044258,0.27859881536014014,0.0003679985568680725,0.06663588,0.05528164,0.066833999708524,0.0006782698976252883,C_channels
C_bias,straight,h1_exc,114,25,1.0531957,0.0105337575,0.870748,0.008633606,0.8271484375000001,1.052710680344147,0.010437795192136105,0.007403265085228282,0.0008711543694935232,89,1.0524004,0.8700984,1.0519253892065776,0.006378641652379923,0.0007953644,0.0006495714,0.0007852911375694216,0.0010246234328483593,straight_channels
C_bias,straight,h1_exc,115,25,0.938516,0.021537345,0.7766114,0.017677145,0.8271484375000001,0.9389021254414679,0.02137118763410867,0.007230056104857917,0.0011032855577990423,95,0.96895635,0.80161345,0.9691289394991819,0.0067682871831814114,-0.03044033,-0.025002062,-0.03022681405771399,0.0004617689216765055,C_channels
C_bias,straight,h1_exc,116,25,0.8602534,0.0110922465,0.7123606,0.009117142,0.8271484375000001,0.8612246445051988,0.011022377468702417,0.018089654550357995,0.0011685375102713734,100,0.8364769,0.6928101,0.8375886587510679,0.01710102480823406,0.023776472,0.019550502,0.02363598575413084,0.0009886297421239365,C_channels
C_bias,straight,h1_exc,117,25,1.1492469,0.00791304,0.9494157,0.006472987,0.8271484375000001,1.1478177378849275,0.00782566545313206,0.045227614052322965,0.001028939661836252,81,1.187538,0.9807402,1.1856882172225014,0.04594914796272607,-0.038291097,-0.031324506,-0.037870479337573926,-0.0007215339104031035,C_channels
C_bias,straight,h1_exc,118,25,2.9870715,0.13728443,2.4278817,0.10879831,0.8271484375000001,2.935243125117308,0.13153420323665452,0.10360963290330692,0.0035864022043449826,15,2.9471781,2.3964524,2.897245989545101,0.10297465500126006,0.03989339,0.03142929,0.037997135572207075,0.0006349779020468627,straight_channels
C_bias,straight,h1_exc,119,25,1.1075933,0.08111031,0.91426253,0.06632255,0.8271484375000001,1.1053185670932963,0.0801821596221913,0.02314037565410963,0.003727758869062763,86,1.0402833,0.8593466,1.0389266925039475,0.01956866204857585,0.067309976,0.054915905,0.06639187458934881,0.00357171360553378,C_channels
C_bias,straight,h1_exc,120,25,1.6399564,0.05788551,1.3488083,0.046923183,0.8271484375000001,1.6306726122080206,0.05672885386809874,0.06609542707669695,0.003162411831160852,53,1.5282493,1.258219,1.521152567482612,0.0629133219084848,0.11170709,0.090589285,0.10952004472540855,0.003182105168212157,C_channels
C_bias,straight,h1_exc,121,25,2.1461804,0.13845277,1.7555119,0.1111376,0.8271484375000001,2.1223661985377817,0.1343623408504635,0.08398275751880516,0.008243824321657526,33,1.9989803,1.6377069,1.9799431059977213,0.08123387751413254,0.14720011,0.117805004,0.14242309254006047,0.0027488800046726186,C_channels
C_bias,straight,h1_exc,122,25,1.1209327,0.022321932,0.92617035,0.018264368,0.8271484375000001,1.119714831942401,0.022081124713203743,0.028819274188599687,0.0025153629566733457,84,0.9316777,0.7710426,0.9321695283969776,0.010101848283493363,0.189255,0.15512776,0.18754530354542343,0.018717425905106326,C_channels
C_bias,straight,h1_exc,123,25,1.9937835,0.038442634,1.6354744,0.031026201,0.8271484375000001,1.9772440982731938,0.037509834408629046,0.09420727719402365,0.002537740014143892,35,1.8774235,1.5415459,1.8636869909167297,0.09017407774863337,0.11635995,0.093928576,0.11355710735646407,0.004033199445390281,C_channels
C_bias,straight,h1_exc,124,25,0.3916365,0.014166499,0.32554668,0.011736456,0.8271484375000001,0.3935771086579066,0.014189056994199424,5.772526382244275e-05,2.699851997308968e-05,127,0.37984356,0.31577876,0.3817679467823855,7.215657977805343e-06,0.011792928,0.00976792,0.011809161875521113,5.0509605844637405e-05,straight_channels
C_bias,straight,h1_exc,125,25,1.4684691,0.019790817,1.2098904,0.016112382,0.8271484375000001,1.4627245571020666,0.019479431593653947,0.07309441227717307,0.0020260302983373885,60,1.4815212,1.220502,1.475553740370076,0.07248850004503248,-0.013052106,-0.010611653,-0.012829183268009414,0.0006059122321405985,straight_channels
C_bias,straight,h1_exc,126,25,0.7467693,0.008547344,0.6189737,0.0070389244,0.8271484375000001,0.7483223269089336,0.008509868131128718,0.002677009109765782,0.0004780293992017083,105,0.7852063,0.6506264,0.7865896630248411,0.0035068097772133966,-0.03843701,-0.03165275,-0.03826733611590749,-0.0008298006674476144,C_channels
C_bias,straight,h1_exc,127,25,0.7752405,0.015922476,0.64239174,0.013112828,0.8271484375000001,0.7766341935881236,0.0158530527103545,0.005707552922303794,0.0006906737030753251,104,0.7978344,0.6609913,0.7991204672518522,0.006609542707669694,-0.022593915,-0.01859957,-0.022486273663728573,-0.0009019897853658997,C_channels
straight_bias,C,h1_exc,0,25,4.805589,0.098219305,7.4697,0.14100333,1.6533203125,4.517999167427312,0.0852849434763006,0.230426548227411,0.001983752267207403,4,4.6499205,7.245043,4.382116847202967,0.22765775580304393,0.15566874,0.22465706,0.13588232022434443,0.0027687924243670614,C_channels
straight_bias,C,h1_exc,1,25,2.0013323,0.017944198,3.2547593,0.028248984,1.6533203125,1.9686198162917652,0.01708621396930576,0.20695410893588373,0.0017391129481700378,43,2.0334585,3.3052564,1.9991627167918333,0.20921344216548532,-0.03212619,-0.050497055,-0.030542900500068138,-0.00225933322960159,straight_channels
straight_bias,C,h1_exc,2,25,2.1416085,0.03035425,3.4746103,0.047560904,1.6533203125,2.101595400848147,0.028766903006347214,0.17564736445137377,0.004330483125121276,38,2.091972,3.3968158,2.054541793446688,0.17212100896658666,0.049636364,0.07779455,0.04705360740145936,0.003526355484787108,C_channels
straight_bias,C,h1_exc,3,25,1.0113372,0.02206509,1.6714367,0.03589489,1.6533203125,1.0109575500448433,0.021710790093184138,0.029605296237300252,0.0021994669484320956,90,0.97935873,1.6194625,0.9795212390686002,0.02644766613590342,0.03197843,0.051974177,0.03143631097624311,0.0031576301013968334,C_channels
straight_bias,C,h1_exc,4,25,0.6730922,0.008090387,1.1188413,0.013296955,1.6533203125,0.6767238868479791,0.008042576608119772,4.0224587278940566e-05,2.001896462711685e-05,111,0.6293065,1.0468179,0.6331609784318851,6.704097879823427e-06,0.04378569,0.07202339,0.043562908416094004,3.3520489399117136e-05,straight_channels
straight_bias,C,h1_exc,5,25,0.77263504,0.008847015,1.2821822,0.014495148,1.6533203125,0.775519497141313,0.008767295593227468,0.0038950808681774115,0.0003615813203876485,103,0.80148625,1.3294165,0.804088922313684,0.0039353054554563515,-0.028851211,-0.047234297,-0.028569425172371044,-4.022458727894005e-05,C_channels
straight_bias,C,h1_exc,6,25,2.6036887,0.051076118,4.1919866,0.0788477,1.6533203125,2.53549559157503,0.04769051737267995,0.1979579634691576,0.0029152955444638417,24,2.5419314,4.0967045,2.477864877908174,0.19459859249038497,0.061757326,0.09528208,0.057630713666855904,0.003359370978772619,C_channels
straight_bias,C,h1_exc,7,25,2.8539996,0.027857099,4.577783,0.04266651,1.6533203125,2.768842228896666,0.025806560474206774,0.20920066595481995,0.002141546846372197,21,2.8457649,4.5652165,2.7612413078705784,0.21389424285576644,0.008234739,0.0125665665,0.007600921026087448,-0.004693576900946489,straight_channels
straight_bias,C,h1_exc,8,25,1.3456491,0.023100354,2.2118092,0.037106074,1.6533203125,1.3377983654963495,0.02244336758169375,0.05871448923149357,0.002384214175475437,74,1.3516152,2.2214112,1.3436060224495565,0.05959919870464463,-0.0059660673,-0.00960207,-0.005807656953207063,-0.0008847094731510644,C_channels
straight_bias,C,h1_exc,9,25,0.77031165,0.007087641,1.2783939,0.011610963,1.6533203125,0.7732281833123262,0.007022815228626997,0.009412553423272092,0.0006783021015946557,104,0.70295197,1.1679087,0.7064019080132573,0.006134249560038436,0.067359686,0.110485196,0.06682627529906893,0.0032783038632336553,straight_channels
straight_bias,C,h1_exc,10,25,1.019381,0.006461196,1.6847968,0.010500645,1.6533203125,1.0190382758939667,0.006351246820031539,0.03697980390510602,0.0007247638334212644,89,1.0765908,1.7776777,1.0752167032712454,0.03924578898848634,-0.05720973,-0.092880845,-0.05617842737727874,-0.0022659850833803147,straight_channels
straight_bias,C,h1_exc,11,25,0.85003775,0.020710204,1.4085991,0.033844724,1.6533203125,0.8519819350740653,0.02047076133615218,0.046043744238627296,0.002682224299965578,101,0.77499944,1.2858804,0.7777563790035217,0.0361149752786088,0.075038314,0.12271869,0.0742255560705436,0.009928768960018493,straight_channels
straight_bias,C,h1_exc,12,25,1.6968672,0.01367399,2.7733936,0.021729091,1.6533203125,1.677468997117302,0.013142698945262767,0.1430381660993542,0.0018347355628401856,55,1.6846462,2.7539475,1.6657071584591163,0.1382246519098674,0.012220979,0.019446135,0.011761838658185697,0.004813514189486806,straight_channels
straight_bias,C,h1_exc,13,25,7.3991785,0.21963638,11.039823,0.29133156,1.6533203125,6.677365052088767,0.17620999609135413,0.23395290371219812,0.002305560769507966,1,7.106635,10.650325,6.441779623618533,0.2331081873793404,0.2925434,0.38949776,0.2355854284702339,0.0008447163328577367,C_channels
straight_bias,C,h1_exc,14,25,1.6542068,0.031347137,2.705055,0.049876057,1.6533203125,1.636134798413898,0.03016720804029234,0.07768038213351405,0.0023739891216187636,58,1.6631263,2.7192383,1.6447134644226282,0.07582983315404583,-0.008919597,-0.014183283,-0.00857866600873014,0.0018505489794682223,straight_channels
straight_bias,C,h1_exc,15,25,1.0106878,0.005564447,1.6706755,0.009039013,1.6533203125,1.0104971553387163,0.0054671876062549,0.008480683817976635,0.0008714252802880747,91,0.97927934,1.6196051,0.9796075607326528,0.007086177529578653,0.03140849,0.05107045,0.030889594606063553,0.001394506288397982,straight_channels
straight_bias,C,h1_exc,16,25,2.2146227,0.038824964,3.5884836,0.06067621,1.6533203125,2.1704709172655807,0.036699609703798375,0.16023464342565974,0.001621980708753834,37,2.1004534,3.4098835,2.0624457372577853,0.15503792774265482,0.11416936,0.17860007,0.10802518000779537,0.005196715683004921,C_channels
straight_bias,C,h1_exc,17,25,0.98133177,0.008680243,1.622908,0.014127576,1.6533203125,0.981605320337374,0.008544971896143068,0.023035280315073296,0.0007034033296026055,95,0.9755835,1.6135522,0.97594658195422,0.022384982820730422,0.005748272,0.009355783,0.005658738383154005,0.0006502974943428733,C_channels
straight_bias,C,h1_exc,18,25,1.7133058,0.026300946,2.7991955,0.041771796,1.6533203125,1.6930752271801743,0.025265397296090435,0.15290657514610864,0.0025526745567001994,54,1.6983197,2.7754087,1.6786877851802935,0.15320204474972496,0.014986157,0.023786783,0.014387441999880846,-0.00029546960361631625,C_channels
straight_bias,C,h1_exc,19,25,1.470781,0.021403406,2.412603,0.034192644,1.6533203125,1.459247178581547,0.02068119857615645,0.13194959045318438,0.0021096357824499047,68,1.4598621,2.3951457,1.4486882364939058,0.13104451757764973,0.010918856,0.017457247,0.010558942087641299,0.0009050728755346515,C_channels
straight_bias,C,h1_exc,20,25,3.1893563,0.051645584,5.087279,0.07825887,1.6533203125,3.0770075931542777,0.04733436751561035,0.19862901198340852,0.0014518448502322105,13,3.3087173,5.2673573,3.1859265326165755,0.19506913600922224,-0.119360924,-0.1800785,-0.1089189394622978,0.0035598759741862773,straight_channels
straight_bias,C,h1_exc,21,25,3.8183541,0.085141845,6.0278306,0.1259835,1.6533203125,3.6458942392445617,0.07620030143461128,0.23645353222137228,0.0032801159137809625,9,3.6171677,5.7286696,3.464948191811979,0.2316533981394187,0.20118642,0.29916096,0.1809460474325828,0.0048001340819535665,C_channels
straight_bias,C,h1_exc,22,25,2.2938151,0.024712797,3.712617,0.03854306,1.6533203125,2.2455521681958333,0.02331251858159187,0.2430436604372387,0.00259876264101281,31,2.2724261,3.6792703,2.225382685982476,0.2417296572527933,0.021389008,0.033346653,0.020169482213357348,0.0013140031844454114,C_channels
straight_bias,C,h1_exc,23,25,3.2781353,0.043218628,5.2220016,0.06535343,1.6533203125,3.158493328965315,0.0395285957776728,0.20047191871823475,0.0036163453278558882,12,3.4113455,5.4225807,3.2798123278808164,0.20476326154344693,-0.13321018,-0.20057917,-0.12131899891550146,-0.00429134282521218,C_channels
straight_bias,C,h1_exc,24,25,1.460706,0.011980848,2.3966684,0.019189766,1.6533203125,1.4496092681721064,0.011606804903584204,0.10595720525565092,0.001977440213541144,69,1.5260255,2.501152,1.512805511283297,0.11397636805487808,-0.06531954,-0.104483604,-0.06319624311119054,-0.008019162799227167,straight_channels
straight_bias,C,h1_exc,25,25,3.1394587,0.040166914,5.0122643,0.0609731,1.6533203125,3.031635369104285,0.036879182142436545,0.226933713232023,0.0024567149681768807,14,3.1895862,5.088203,3.077566246890562,0.2274432246708896,-0.050127506,-0.0759387,-0.0459308777862768,-0.0005095114388666,straight_channels
straight_bias,C,h1_exc,26,25,3.112818,0.043871332,4.9716563,0.06664614,1.6533203125,3.0070739744470245,0.04031048163003862,0.21097722829886298,0.004211739555076876,15,3.1067648,4.962446,3.0015032305166023,0.20981071863836084,0.0060532093,0.00921011,0.005570743930422228,0.0011665096605021352,C_channels
straight_bias,C,h1_exc,27,25,1.7678305,0.050126527,2.8845923,0.07937901,1.6533203125,1.7447267365307138,0.04801187592228311,0.12723707366116882,0.003494831606795829,51,1.7035649,2.7828405,1.6831830125139284,0.12493756808838938,0.06426561,0.101751804,0.06154372401678532,0.0022995055727794422,C_channels
straight_bias,C,h1_exc,28,25,2.2798853,0.020664273,3.6910124,0.032230385,1.6533203125,2.232484752583421,0.019494337445957678,0.18300112784044584,0.001990855635029924,33,2.282652,3.6953263,2.2350939741325386,0.18609841488151446,-0.0027666092,-0.004313946,-0.0026092215491178017,-0.003097287041068625,straight_channels
straight_bias,C,h1_exc,29,25,4.196814,0.051634032,6.5888805,0.07571852,1.6533203125,3.985241457363336,0.04579785263626749,0.2510072720275634,0.0018582315320296212,8,4.388046,6.868232,4.154205296418156,0.25004273862377435,-0.19123173,-0.27935123,-0.16896383905482004,0.0009645334037890474,C_channels
straight_bias,C,h1_exc,30,25,0.75743777,0.005208192,1.2573118,0.008535263,1.6533203125,0.7604768440048537,0.005162498301163968,0.010706444314078013,0.0005033954678386956,106,0.74012184,1.2289165,0.7433021553627944,0.01198017403773051,0.017315924,0.028395295,0.017174688642059288,-0.0012737297236524968,straight_channels
straight_bias,C,h1_exc,31,25,0.5289333,0.0044435067,0.88134736,0.007337398,1.6533203125,0.5330771939548188,0.004437977213887589,0.002936394871362661,0.000414864866949636,120,0.49667513,0.82804346,0.5008366710745689,0.0026749350540495476,0.032258153,0.053303897,0.03224052288024992,0.00026145981731311337,straight_channels
straight_bias,C,h1_exc,32,25,0.99413836,0.006175945,1.6437638,0.010040801,1.6533203125,0.9942197274709111,0.006073112838326672,0.02241172786815463,0.0008186020801119638,93,0.9843788,1.6278893,0.9846182117517038,0.021077683734164854,0.009759545,0.015874505,0.00960151571920731,0.0013340441339897771,C_channels
straight_bias,C,h1_exc,33,25,1.3119454,0.0068770563,2.1579065,0.0110645965,1.6533203125,1.3051956680045314,0.00669234869235838,0.09188636554085988,0.0007368334266477878,78,1.2686555,2.0881894,1.2630277456554762,0.08656331182428008,0.0432899,0.06971717,0.0421679223490552,0.005323053716579804,straight_channels
straight_bias,C,h1_exc,34,25,0.6078475,0.0057061897,1.0115035,0.009400602,1.6533203125,0.6118012666960455,0.005685893038527711,0.01713567418082868,0.0007511183024927748,116,0.63797575,1.0611054,0.6418026667540812,0.01664622447679403,-0.03012824,-0.049601912,-0.030001400058035643,0.0004894497040346495,straight_channels
straight_bias,C,h1_exc,35,25,0.70252854,0.013851848,1.1671196,0.022745967,1.6533203125,0.7059247176435615,0.013757749491709811,0.024986172798101912,0.0014440718648487262,110,0.6675451,1.1096599,0.6711705947180637,0.021312327159958674,0.034983456,0.057459712,0.03475412292549773,0.003673845638143238,C_channels
straight_bias,C,h1_exc,36,25,7.096983,0.2595229,10.626758,0.34603536,1.6533203125,6.427524937589129,0.20929723192595634,0.21853940969849323,0.001825728863625322,2,6.8093147,10.24153,6.194523079318863,0.21543618536812584,0.28766823,0.3852272,0.2330018582702662,0.003103224330367388,C_channels
straight_bias,C,h1_exc,37,25,1.1943241,0.020212298,1.9680158,0.032632504,1.6533203125,1.1903415099158097,0.01973755707011089,0.035511606469424695,0.0024571974442108833,83,1.2646306,2.0814483,1.2589504155431763,0.04418000502803638,-0.07030642,-0.11343253,-0.06860890562736666,-0.008668398558611685,C_channels
straight_bias,C,h1_exc,38,25,0.76585925,0.0044385963,1.2711185,0.007270758,1.6533203125,0.768827739646163,0.004397670527775129,0.0092583282749871,0.00039924121483134704,105,0.7611383,1.2633824,0.7641485834290792,0.009211430486877389,0.0047209263,0.007736087,0.004679156217083813,4.689778810971178e-05,C_channels
straight_bias,C,h1_exc,39,25,0.6248483,0.004945338,1.039506,0.008143165,1.6533203125,0.6287383558951384,0.004925340175676844,0.002299487034550004,0.00019960653083956543,115,0.597287,0.994112,0.6012821672621984,0.0021386072236636734,0.027561307,0.045393944,0.02745618863293997,0.0001608798108863308,straight_channels
straight_bias,C,h1_exc,40,25,1.7257591,0.022272535,2.819093,0.035398126,1.6533203125,1.705110047645997,0.02141032524457962,0.08461912343913129,0.004282828159953163,52,1.7829212,2.9096801,1.7599010929344288,0.08606015731281488,-0.057162046,-0.09058714,-0.054791045288431706,-0.001441033873683592,straight_channels
straight_bias,C,h1_exc,41,25,2.2586267,0.044494357,3.6569116,0.0693469,1.6533203125,2.2118591701162504,0.04194401686375063,0.16097879829032014,0.0031536605405599657,35,2.0880098,3.3900821,2.050469072155609,0.15136512193065332,0.17061687,0.2668295,0.1613900979606413,0.009613676359666812,straight_channels
straight_bias,C,h1_exc,42,25,0.63301224,0.006524529,1.0529329,0.010740948,1.6533203125,0.6368595589041063,0.0064965924682222065,0.003941988206284103,0.0005049512379979847,114,0.6402334,1.0648167,0.6440474756157435,0.00419005218665719,-0.0072211623,-0.011883855,-0.00718791671163721,-0.00024806398037308715,C_channels
straight_bias,C,h1_exc,43,25,2.7344015,0.048369363,4.393431,0.07438535,1.6533203125,2.657338167578696,0.04499149251583197,0.2074516047932561,0.0038582709436241506,22,2.6332998,4.2380104,2.5633328371427773,0.20152518226749222,0.10110164,0.15542078,0.09400533043591874,0.005926422525763891,C_channels
straight_bias,C,h1_exc,44,25,0.66072446,0.0072959154,1.0985163,0.011989563,1.6533203125,0.6644304373897931,0.0072518088938212,0.0005564401240253444,0.0001612587562888659,113,0.6727771,1.1183362,0.6764183534378919,0.0004893991452271101,-0.012052655,-0.019819856,-0.01198791604809879,6.704097879823429e-05,C_channels
straight_bias,C,h1_exc,45,25,2.133107,0.02808878,3.4613736,0.04401867,1.6533203125,2.0935892381123136,0.02662440672661902,0.15813581250118147,0.0032672140438423486,39,2.1363451,3.4664075,2.09663385194505,0.15912125028659477,-0.0032382011,-0.00503397,-0.0030446138327362426,-0.0009854377854132956,C_channels
straight_bias,C,h1_exc,46,25,1.4364468,0.020407086,2.35763,0.032662984,1.6533203125,1.4259971118711103,0.01975599306994917,0.10054135590371194,0.0023620713389602603,70,1.4343411,2.354255,1.4239557905419036,0.09903293388075167,0.002105713,0.0033750534,0.002041321329206758,0.001508422022960268,C_channels
straight_bias,C,h1_exc,47,25,1.5201317,0.013338987,2.4917243,0.021305878,1.6533203125,1.5071031246521052,0.012886720939001325,0.08704600687162739,0.0018894498157746176,65,1.443525,2.3691604,1.4329711005416426,0.07954412134410496,0.07660675,0.12256384,0.0741320241104626,0.007501885527522428,straight_channels
straight_bias,C,h1_exc,48,25,2.4951754,0.056448262,4.023901,0.08714832,1.6533203125,2.433830313745616,0.052711094932059235,0.21578479845787665,0.005032095377354589,28,2.3790045,3.8438544,2.324930213344781,0.20600351965121427,0.11617088,0.18004656,0.10890010040083498,0.00978127880666238,C_channels
straight_bias,C,h1_exc,49,25,0.51252025,0.0065021836,0.85421705,0.010745347,1.6533203125,0.516667599918753,0.006499252786821006,0.006717506075583074,0.0005634799917882866,122,0.50941515,0.8490857,0.5135639265512473,0.00599342698986781,0.003105104,0.005131364,0.0031036733675057215,0.0007240790857152646,C_channels
straight_bias,C,h1_exc,50,25,0.718428,0.014232768,1.1932145,0.023363333,1.6533203125,0.7217079950833529,0.01413115977333021,0.01091427134835254,0.0015441974240682549,108,0.7151242,1.1877987,0.7184323157779109,0.010022578580351126,0.0033038259,0.0054157972,0.0032756793054420363,0.0008916927680014137,straight_channels
straight_bias,C,h1_exc,51,25,2.0513885,0.053669456,3.3318887,0.084336564,1.6533203125,2.0152711353207318,0.051010418298464505,0.15967149920375456,0.005025090318745947,40,1.9916961,3.2381475,1.9585724591279345,0.15514623313487375,0.059692383,0.09374118,0.056698676192797226,0.004525266068880818,C_channels
straight_bias,C,h1_exc,52,25,0.67017287,0.006063862,1.1140615,0.009969192,1.6533203125,0.6738328364579972,0.006029800718115129,0.003727454265307112,0.0003253107232198101,112,0.65681463,1.0920954,0.6605467830391138,0.003318512159341278,0.013358235,0.0219661,0.013286053418883337,0.000408942105965834,straight_channels
straight_bias,C,h1_exc,53,25,2.5766075,0.047748663,4.1503744,0.073766746,1.6533203125,2.5103268823356486,0.04461733305303962,0.17850943281977166,0.002708919666325506,25,2.4774778,3.99697,2.4175411994300076,0.17366965557682587,0.09912968,0.15340447,0.09278568290564104,0.004839777242945792,straight_channels
straight_bias,C,h1_exc,54,25,2.2866426,0.06777887,3.6990283,0.10548726,1.6533203125,2.2373331863624237,0.06380327934811218,0.14814045085045827,0.004435445208582496,32,2.2512217,3.6437452,2.203895426994011,0.14649794686990153,0.035420895,0.05528307,0.033437759368412756,0.0016425039805567365,C_channels
straight_bias,C,h1_exc,55,25,1.2654747,0.009799006,2.0830307,0.015802234,1.6533203125,1.2599075477315325,0.00955787838493773,0.032628844381100613,0.001494412441859933,79,1.2730097,2.0951746,1.2672526416862937,0.03333277465848208,-0.007534981,-0.01214385,-0.007345093954761239,-0.0007039302773814635,C_channels
straight_bias,C,h1_exc,56,25,0.5488164,0.01378379,0.9140634,0.0227306,1.6533203125,0.552865310632699,0.01374845546764034,0.01263722450346716,0.0013953008568374269,118,0.5768429,0.96030396,0.5808335687213426,0.013354522529562233,-0.028026521,-0.04624057,-0.02796825808864367,-0.0007172980260950739,C_channels
straight_bias,C,h1_exc,57,25,2.49693,0.029668996,4.0279946,0.045963407,1.6533203125,2.436306202500576,0.027800666028489674,0.19918545210743385,0.0026394251316031055,27,2.5819404,4.1593823,2.5157752819630606,0.20923427127066282,-0.08501053,-0.13138771,-0.0794690794624846,-0.010048819163228973,C_channels
straight_bias,C,h1_exc,58,25,2.2576785,0.01753917,3.656445,0.02738917,1.6533203125,2.2115769418249864,0.0165661612228368,0.2263571608143582,0.0016951085344187572,36,2.3151274,3.7459803,2.2657317217506834,0.226115045920339,-0.057448864,-0.08953524,-0.05415477992569695,0.0002421148940192075,C_channels
straight_bias,C,h1_exc,59,25,0.47297093,0.006588362,0.7888173,0.0108982,1.6533203125,0.47711097424201265,0.006591705060043831,0.0028425133451704192,0.000533385510337421,124,0.45218033,0.7544011,0.45629459292133767,0.00240677113885661,0.020790607,0.0344162,0.02081638132067498,0.00043574220631380917,straight_channels
straight_bias,C,h1_exc,60,25,1.578814,0.018449128,2.5853293,0.029422209,1.6533203125,1.5637195746289938,0.01779583080338007,0.08736109947197906,0.0021548765084416933,61,1.5681939,2.5683963,1.5534777586653945,0.0885468108058204,0.010620117,0.016932964,0.010241815963599299,-0.0011857113338413355,C_channels
straight_bias,C,h1_exc,61,25,4.790635,0.097752646,7.448203,0.14081681,1.6533203125,4.504997123242811,0.08517212542502418,0.25319290287459106,0.002577035039497561,5,4.802799,7.465696,4.515577327051381,0.25102153691422857,-0.012164116,-0.017492771,-0.010580203808570054,0.0021713659603624924,C_channels
straight_bias,C,h1_exc,62,25,2.871233,0.025704531,4.6042237,0.039283104,1.6533203125,2.7848347693160322,0.02376012920640576,0.22793262381611668,0.0024855783818135578,20,2.6805935,4.311692,2.607898857805001,0.22632364032495908,0.1906395,0.2925315,0.17693591151103139,0.001608983491157595,straight_channels
straight_bias,C,h1_exc,63,25,0.9556632,0.007994691,1.5811353,0.013010222,1.6533203125,0.956339309595148,0.007869147906150117,0.01474901533561154,0.0013293526254646313,96,0.9785653,1.6184138,0.9788870791123059,0.018577055224990716,-0.022902071,-0.037278533,-0.022547769517157867,-0.0038280398893791763,straight_channels
straight_bias,C,h1_exc,64,25,2.9004498,0.059897605,4.6471834,0.09141168,1.6533203125,2.8108184208219695,0.05528975581920728,0.22792591971823686,0.0031807235423337694,17,2.7985108,4.491396,2.7165913708990574,0.2249895248468742,0.10193896,0.15578747,0.09422704992291209,0.0029363948713626575,C_channels
straight_bias,C,h1_exc,65,25,1.6642334,0.019180035,2.7213929,0.030491233,1.6533203125,1.6460166417903366,0.018442422801215743,0.12448839353044122,0.004088815959769213,57,1.6967894,2.7731423,1.6773171021370485,0.1271560627220827,-0.032555938,-0.051749468,-0.03130046034671197,-0.002667669191641492,C_channels
straight_bias,C,h1_exc,66,25,1.147836,0.0075171865,1.8930771,0.0121542225,1.6533203125,1.1450153221638988,0.0073514021167231875,0.07107014162400815,0.0008669805285322736,85,1.0973592,1.8113396,1.0955769035827925,0.06856951311483402,0.05047679,0.08173752,0.049438418581106314,0.002500628509174138,straight_channels
straight_bias,C,h1_exc,67,25,1.6409733,0.020253304,2.6843483,0.032231417,1.6533203125,1.6236106180407426,0.01949496083273999,0.12755216626152052,0.0019658483419792163,59,1.6301991,2.6672163,1.613248240159311,0.12711597913770034,0.010774255,0.017132044,0.010362377881431684,0.0004361871238201809,C_channels
straight_bias,C,h1_exc,68,25,1.3405875,0.024867324,2.2036178,0.03994713,1.6533203125,1.3328438423057023,0.02416176011695341,0.07125785636464321,0.001672464164530115,76,1.2810711,2.1078866,1.2749414619892052,0.06892483030246466,0.05951643,0.09573126,0.05790238031649708,0.002333026062178556,straight_channels
straight_bias,C,h1_exc,69,25,2.048217,0.029665407,3.328132,0.04662263,1.6533203125,2.012999003763299,0.02819939377057019,0.17855023883333732,0.0043412993927029716,41,2.0752425,3.3705451,2.0386521410675296,0.17798039051355233,-0.027025461,-0.042413235,-0.025653137304230356,0.000569848319784988,C_channels
straight_bias,C,h1_exc,70,25,1.40686,0.010147206,2.3103836,0.016280884,1.6533203125,1.3974203783426846,0.009847386575925654,0.12581538639607273,0.0011531761475656432,71,1.3902807,2.283776,1.3813269629977625,0.12125701835236632,0.01657927,0.026607513,0.016093415344922146,0.004558368043706407,C_channels
straight_bias,C,h1_exc,71,25,1.5981272,0.008330415,2.6162996,0.0132879205,1.6533203125,1.5824518256508822,0.00803711199307803,0.1364149836586471,0.0020544332126749727,60,1.5732085,2.5765536,1.558411637336453,0.13402162071555013,0.024918795,0.039746046,0.024040188314429223,0.0023933629430969716,C_channels
straight_bias,C,h1_exc,72,25,4.264398,0.059792433,6.6874127,0.08756066,1.6533203125,4.044837841933468,0.05296049313022605,0.2357160814545917,0.0023084968296254423,7,4.0426064,6.361666,3.8478123152161263,0.2353473560712014,0.22179174,0.32574654,0.19702552671734175,0.00036872538339027816,straight_channels
straight_bias,C,h1_exc,73,25,0.8121329,0.00475804,1.3468845,0.0077826222,1.6533203125,0.8146542988695009,0.004707268173054036,0.020293241364598355,0.0004718740916033649,102,0.826328,1.3701046,0.8286987557396632,0.02090329685696191,-0.014195085,-0.023220062,-0.014044456870162314,-0.0006100554923635544,C_channels
straight_bias,C,h1_exc,74,25,2.3286896,0.024650097,3.7669442,0.038365204,1.6533203125,2.278411667591001,0.02320494300075217,0.17381660868329302,0.0016305291488213525,30,2.3168962,3.7485328,2.2672754980445062,0.17257018352453482,0.011793375,0.018411398,0.011136169546494656,0.0012464251587581965,C_channels
straight_bias,C,h1_exc,75,25,1.9982353,0.027592804,3.2496157,0.04342789,1.6533203125,1.9655089138814612,0.026267073900716528,0.1589200863413895,0.0023638458079130297,44,1.9578004,3.1859636,1.9270093363492615,0.15628592977444372,0.040434957,0.06365204,0.03849957753219968,0.0026341565669457667,C_channels
straight_bias,C,h1_exc,76,25,4.390787,0.14222582,6.862991,0.20633893,1.6533203125,4.15103530418984,0.12480275323736241,0.20828291293035422,0.00204418926995804,6,4.235081,6.6362996,4.013922296029938,0.20808849409183935,0.15570593,0.22669125,0.13711300815990146,0.0001944188385148704,C_channels
straight_bias,C,h1_exc,77,25,1.9456553,0.010802189,3.1672003,0.017040689,1.6533203125,1.9156604226922695,0.010306949547808544,0.1979512228565834,0.001489897387347246,45,1.9420347,3.161497,1.912211017072259,0.19593265066848797,0.0036206245,0.005703211,0.003449405620010504,0.0020185721880954244,C_channels
straight_bias,C,h1_exc,78,25,3.4906616,0.047824033,5.541624,0.07172493,1.6533203125,3.3518151169646564,0.04338235347077751,0.23029246626981453,0.0025899771950177817,11,3.6057105,5.713745,3.4559212357420948,0.23133160144118714,-0.115048885,-0.17212105,-0.10410611877743836,-0.0010391351713726071,C_channels
straight_bias,C,h1_exc,79,25,1.5535969,0.008198394,2.5452545,0.013093409,1.6533203125,1.5394804802042055,0.00791946302265085,0.1553065601694643,0.0017647984058267161,63,1.6012013,2.6211982,1.5854146055078144,0.15748493077172926,-0.04760444,-0.07594371,-0.045934125303608964,-0.002178370602264945,C_channels
straight_bias,C,h1_exc,80,25,2.4037075,0.02940561,3.88344,0.04566301,1.6533203125,2.3488731895640367,0.027618972849137086,0.2131433838932262,0.0035358227234220216,29,2.4779577,3.9985518,2.4184980922365353,0.21275319461074155,-0.07425022,-0.11511183,-0.06962490267249866,0.0003901892824846598,C_channels
straight_bias,C,h1_exc,81,25,0.9958059,0.013086377,1.6463897,0.02127081,1.6533203125,0.9958081412653867,0.012865510779644854,0.05589876812196773,0.0012370498827372909,92,0.94559497,1.5646609,0.9463749112133024,0.051634788846925336,0.050210953,0.081728816,0.04943323005208433,0.004263979275042393,straight_channels
straight_bias,C,h1_exc,82,25,1.2645727,0.031377356,2.0810115,0.050561305,1.6533203125,1.2586862187602206,0.03058167561053175,0.05157462498948163,0.0020979899208465208,80,1.2569741,2.068775,1.25128506042766,0.05173552333859739,0.0075986385,0.012236595,0.007401158332560609,-0.00016089834911576367,C_channels
straight_bias,C,h1_exc,83,25,1.8884611,0.01804275,3.0768313,0.028494641,1.6533203125,1.8610012854435007,0.017234797086070373,0.13077643230949074,0.003061503927810373,47,1.7901524,2.921367,1.7669696691523809,0.13327746585088973,0.09830868,0.15546441,0.09403161629111989,-0.002501033541398995,straight_channels
straight_bias,C,h1_exc,84,25,2.8906226,0.052663516,4.6326356,0.0805105,1.6533203125,2.802019321643058,0.0486962464191786,0.16530294142280624,0.002360707288914926,18,2.8128226,4.513671,2.730064380083663,0.16578563647015354,0.077800035,0.11896467,0.07195494155939519,-0.00048269504734729796,straight_channels
straight_bias,C,h1_exc,85,25,1.3439575,0.013542559,2.2093115,0.021766271,1.6533203125,1.3362875950536266,0.013165186812363673,0.08140760776065818,0.002345872874035647,75,1.3837036,2.2731657,1.3749094534382322,0.08699237408858879,-0.039746046,-0.06385422,-0.038621858384605634,-0.005584766327930604,straight_channels
straight_bias,C,h1_exc,86,25,0.48188648,0.0071830614,0.8035622,0.011878925,1.6533203125,0.48602935623224125,0.007184890299132828,0.0014346769462822134,0.0002721635305926409,123,0.4467771,0.74545336,0.45088259375239575,0.0014480710979286545,0.03510937,0.058108866,0.035146762479845495,-1.3394151646441187e-05,straight_channels
straight_bias,C,h1_exc,87,25,2.5739193,0.03899473,4.146677,0.06023779,1.6533203125,2.5080903927135436,0.036434434992190665,0.1940568172293689,0.0015784817084482036,26,2.4683933,3.98353,2.4094121617133752,0.19030252241666779,0.10552597,0.16314697,0.09867823100016837,0.00375429481270112,C_channels
straight_bias,C,h1_exc,88,25,1.5127151,0.019888924,2.4797318,0.031770505,1.6533203125,1.4998495264698264,0.019216182196975663,0.13725299589362502,0.003279101220308372,67,1.258764,2.0721123,1.2533036837449694,0.11531048353296294,0.25395107,0.40761948,0.24654584272485702,0.02194251236066208,straight_channels
straight_bias,C,h1_exc,89,25,1.8962936,0.052765403,3.087684,0.083179235,1.6533203125,1.8675655562525124,0.050310416369295084,0.10620631861216273,0.0016502308629460878,46,1.9170272,3.1201208,1.8871846621494266,0.1021905639821485,-0.020733595,-0.032436848,-0.01961910589691418,0.004015754630014232,straight_channels
straight_bias,C,h1_exc,90,25,2.611351,0.05648667,4.203457,0.0874233,1.6533203125,2.5424334653148146,0.052877413824998,0.17635799882663505,0.003579274159961241,23,2.615731,4.210283,2.546562132734837,0.1770015922230981,-0.0043799877,-0.006825924,-0.0041286674200224915,-0.0006435933964630547,C_channels
straight_bias,C,h1_exc,91,25,1.5194849,0.014143328,2.4906766,0.022604732,1.6533203125,1.5064694492277042,0.013672323873399431,0.1110332690856356,0.0034353884762191723,66,1.4460405,2.3731542,1.435386763135936,0.09988435431148923,0.07344437,0.11752248,0.07108268609176815,0.011148914774146368,straight_channels
straight_bias,C,h1_exc,92,25,3.0789187,0.066355065,4.9187293,0.100533605,1.6533203125,2.975061356045701,0.06080709294959145,0.22866337048501745,0.0023294071201933613,16,3.0386846,4.857603,2.938089369134799,0.22566663873273637,0.04023409,0.061126232,0.0369719869109022,0.0029967317522810732,C_channels
straight_bias,C,h1_exc,93,25,1.8499022,0.023297716,3.0157642,0.03683949,1.6533203125,1.824065200038584,0.0222821240708614,0.15755250261800666,0.0033489748552128,49,1.8096123,2.95206,1.7855340933239108,0.14691207799481457,0.04028988,0.06370425,0.03853110671467319,0.01064042462319209,C_channels
straight_bias,C,h1_exc,94,25,1.7226384,0.020212438,2.814193,0.032110486,1.6533203125,1.7021462410429107,0.019421817393133256,0.12523884409016942,0.0020245356907770233,53,1.7657083,2.882539,1.7434848812886679,0.13259274679684446,-0.04306996,-0.06834602,-0.041338640245757174,-0.007353902706675047,straight_channels
straight_bias,C,h1_exc,95,25,1.104094,0.013871086,1.8221616,0.022460109,1.6533203125,1.1021225429868666,0.013584849798689024,0.048376770300805845,0.0019451966280941435,86,1.0042988,1.6602134,1.0041691630464384,0.035082544205115994,0.09979522,0.1619482,0.09795337994042819,0.013294226095689851,C_channels
straight_bias,C,h1_exc,96,25,0.5526135,0.0072838133,0.9204205,0.012021532,1.6533203125,0.556710340869613,0.007271145015735306,0.004679460320116752,0.0005813107511930839,117,0.5319194,0.8862597,0.5360483925533939,0.003955417749095822,0.020694077,0.034160852,0.020661948316219148,0.0007240425710209305,C_channels
straight_bias,C,h1_exc,97,25,1.8711733,0.061712194,3.0473785,0.0971148,1.6533203125,1.8431869916295867,0.05873925386845474,0.09646526439277929,0.003459249543190159,48,1.8489468,3.0125065,1.8220949145458496,0.0957278136259987,0.022226453,0.034872055,0.02109207708373706,0.0007374507667805841,C_channels
straight_bias,C,h1_exc,98,25,0.40652537,0.005150818,0.67875934,0.008539081,1.6533203125,0.41054311162642565,0.0051648073593498775,0.00119332942260857,0.000300957250988135,128,0.4063887,0.67853326,0.41040639864548933,0.0011396966395699826,0.00013667345,0.00022608042,0.00013671298093631545,5.3632783038587385e-05,C_channels
straight_bias,C,h1_exc,99,25,5.3307347,0.149232,8.21287,0.21101329,1.6533203125,4.967500327585084,0.1276300057857227,0.18908908070041974,0.0021280451300622924,3,4.6811433,7.286072,4.406932909515953,0.1900812871866336,0.64959145,0.92679787,0.5605674180691311,-0.0009922064862138702,straight_channels
straight_bias,C,h1_exc,100,25,0.74679023,0.0073983,1.2398382,0.012128836,1.6533203125,0.7499080757257849,0.007336046870328587,0.024214941444945653,0.0012085080365326596,107,0.71363664,1.1854495,0.7170113481301632,0.020118997737350104,0.033153594,0.05438876,0.03289672759562168,0.004095943707595549,straight_channels
straight_bias,C,h1_exc,101,25,1.1532475,0.021411465,1.9015754,0.034612786,1.6533203125,1.1501555364343443,0.020935317729748465,0.03796530629344006,0.001456281706608373,84,1.145421,1.8889009,1.142489347808607,0.03567250481854046,0.0078264475,0.01267457,0.0076661886257374245,0.002292801474899603,straight_channels
straight_bias,C,h1_exc,102,25,1.6858777,0.0151408585,2.7559,0.024055967,1.6533203125,1.6668881126567874,0.014550094965032973,0.12330176820571247,0.002883196003088445,56,1.7880784,2.918055,1.76496662584273,0.13208413642828115,-0.10220075,-0.16215515,-0.09807851318594252,-0.008782368222568684,C_channels
straight_bias,C,h1_exc,103,25,0.5230582,0.008238519,0.87161124,0.013612361,1.6533203125,0.527188360604805,0.008233347639892929,0.005953238917283204,0.0003527782684498274,121,0.5477614,0.91239494,0.5518561114546624,0.0068582747163589905,-0.024703205,-0.040783703,-0.024667750849857395,-0.0009050357990757867,straight_channels
straight_bias,C,h1_exc,104,25,0.7103762,0.0059846346,1.1801069,0.0098242555,1.6533203125,0.7137799616732239,0.005942136524687829,0.024717743730051655,0.0011281211714753644,109,0.7180369,1.1926808,0.7213851800357447,0.024885498415234387,-0.007660687,-0.012573957,-0.007605218362520816,-0.0001677546851827326,C_channels
straight_bias,C,h1_exc,105,25,3.7726014,0.05783682,5.962049,0.08579245,1.6533203125,3.6061065221380506,0.0518910044680199,0.23994636721676027,0.0016530983166999928,10,3.8187695,6.030321,3.64740015283188,0.2387530377941517,-0.04616809,-0.068272114,-0.041293630693829186,0.00119332942260858,C_channels
straight_bias,C,h1_exc,106,25,0.54341054,0.005171071,0.90524787,0.008534767,1.6533203125,0.547533249131706,0.005162197844799145,0.00378109940716532,0.0004123704568848425,119,0.54836273,0.91341734,0.5524745457553186,0.0038347400549073023,-0.0049521923,-0.008169472,-0.004941296623612645,-5.364064774198221e-05,straight_channels
straight_bias,C,h1_exc,107,25,0.44350514,0.008563801,0.7400166,0.014177886,1.6533203125,0.44759417385387146,0.008575401678680357,0.0011463939962754672,0.00024511913968736353,125,0.44514203,0.74272865,0.44923455657800176,0.0010793372880704428,-0.0016368926,-0.002712071,-0.001640382724130307,6.705670820502437e-05,C_channels
straight_bias,C,h1_exc,108,25,1.3884399,0.0068222857,2.2808583,0.010947797,1.6533203125,1.3795622632336282,0.0066217038945623535,0.12776669739367486,0.002004087060155868,72,1.4242913,2.33837,1.4143478172815733,0.13437693790318078,-0.03585136,-0.057511806,-0.034785554047945144,-0.006610240509505927,C_channels
straight_bias,C,h1_exc,109,25,1.386007,0.02869674,2.2764618,0.04596666,1.6533203125,1.3769030224189018,0.027802633472374032,0.07185428569661016,0.0014087867809733402,73,1.366011,2.2444084,1.3575157275393024,0.07132489734344144,0.019995928,0.03205347,0.019387294879599448,0.0005293883531687221,C_channels
straight_bias,C,h1_exc,110,25,1.5599029,0.013541577,2.555249,0.021608552,1.6533203125,1.5455257308321422,0.013069792067437637,0.11471381882165865,0.0020368830493773227,62,1.4586685,2.3933842,1.4476228027750841,0.0999175371804069,0.101234436,0.16186476,0.09790292805705803,0.014796281641251754,straight_channels
straight_bias,C,h1_exc,111,25,0.9443877,0.0118051395,1.562722,0.019237345,1.6533203125,0.9452022402037089,0.011635582591418153,0.036658007206874496,0.001383693970556927,97,0.9291687,1.5379272,0.9302051503699125,0.035967393557634585,0.015218973,0.024794817,0.01499708983379644,0.0006906136492399115,straight_channels
straight_bias,C,h1_exc,112,25,0.8858263,0.011949457,1.4672318,0.019495409,1.6533203125,0.8874455338240521,0.011791670689751189,0.04146457798679246,0.0006571048578384321,99,0.91502565,1.514861,0.9162537784214774,0.042497276460200704,-0.029199362,-0.047629237,-0.02880824459742526,-0.0010326984734082417,straight_channels
straight_bias,C,h1_exc,113,25,0.40906167,0.009764352,0.68291944,0.016183427,1.6533203125,0.41305936794473025,0.009788439777109676,0.004002346434254586,0.0006043240077900212,127,0.38575786,0.6442715,0.38968340796309325,0.003050364535319659,0.023303807,0.03864795,0.023375959981636996,0.0009519818989349267,C_channels
straight_bias,C,h1_exc,114,25,0.9901799,0.005857336,1.6373281,0.009527674,1.6533203125,0.9903272953058467,0.005762751252972223,0.017772494382374934,0.0005493769645330534,94,0.94798434,1.5686483,0.9487867465824639,0.012556775328909277,0.04219556,0.06867981,0.041540548723382864,0.005215719053465656,straight_channels
straight_bias,C,h1_exc,115,25,1.2071037,0.025280274,1.9885107,0.040830098,1.6533203125,1.2027377017662233,0.02469581905907363,0.03885695131145658,0.002953747340771868,82,1.2478147,2.0541732,1.2424532784189108,0.04261795022203753,-0.040710926,-0.0656625,-0.039715576652687545,-0.0037609989105809455,C_channels
straight_bias,C,h1_exc,116,25,0.87161714,0.005767804,1.444106,0.009416796,1.6533203125,0.8734580671336987,0.00569568782712081,0.04556759768038551,0.0006990717565079004,100,0.86764556,1.4376206,0.8695354728582881,0.04567471157004008,0.0039715767,0.006485343,0.003922594275410529,-0.00010711388965456425,C_channels
straight_bias,C,h1_exc,117,25,1.3154128,0.005770024,2.163495,0.009285948,1.6533203125,1.308575947074458,0.005616544933694096,0.10229782954822568,0.0009227211121510165,77,1.2973807,2.1344702,1.2910203990597022,0.09882445800844702,0.018032074,0.02902484,0.017555548014755784,0.003473371539778655,C_channels
straight_bias,C,h1_exc,118,25,2.8789485,0.0631395,4.61407,0.09648971,1.6533203125,2.790790237337822,0.05836117387981627,0.21113146692949664,0.0019125828144106118,19,2.8754265,4.6087384,2.7875652507396382,0.20993882510667064,0.0035219193,0.0053315163,0.003224986598183932,0.001192641822825996,straight_channels
straight_bias,C,h1_exc,119,25,1.2581166,0.032835085,2.0705447,0.05287744,1.6533203125,1.2523554577142677,0.03198257456962413,0.0587815302102918,0.0025437045706153015,81,1.2012811,1.9789146,1.19693363265632,0.055402490731857046,0.056835532,0.0916301,0.05542182505794768,0.0033790394784347574,C_channels
straight_bias,C,h1_exc,120,25,1.8300834,0.021190982,2.9844732,0.03353547,1.6533203125,1.805139072808846,0.020283710195730626,0.151948378446198,0.0013467424144055298,50,1.7855148,2.9139287,1.7624707501471795,0.14964887287341855,0.04456854,0.07054448,0.042668322661666425,0.0022995055727794422,C_channels
straight_bias,C,h1_exc,121,25,2.260101,0.058002327,3.658372,0.090488404,1.6533203125,2.212742292942052,0.05473131894555242,0.1645112708290551,0.0032507606605209995,34,2.2610028,3.6598313,2.213625011991276,0.16724712980795503,-0.00090169907,-0.0014593601,-0.00088271904922399,-0.002735858978899941,C_channels
straight_bias,C,h1_exc,122,25,1.0785117,0.010719183,1.7807399,0.017396228,1.6533203125,1.0770688898832708,0.010521994813150344,0.05369311991950583,0.0017840774676674165,88,1.0418512,1.7212491,1.0410862969092742,0.04566161065947736,0.036660552,0.0594908,0.03598259297399653,0.00803150926002847,C_channels
straight_bias,C,h1_exc,123,25,2.0170224,0.025320303,3.2792444,0.039863843,1.6533203125,1.9834295278364926,0.024111385062236215,0.17180591636623496,0.0024072581793256865,42,2.0597904,3.346446,2.0240760142729397,0.17544624151497906,-0.042768,-0.067201614,-0.04064648643644708,-0.0036403251487441,C_channels
straight_bias,C,h1_exc,124,25,0.4131389,0.0075521106,0.6897054,0.012521183,1.6533203125,0.4171637669503798,0.007573355664422099,0.00011396966395699827,9.417607198273837e-05,126,0.36493638,0.60973215,0.3687925313059115,7.37450766780577e-05,0.048202515,0.07997322,0.048371235644468324,4.022458727894058e-05,straight_channels
straight_bias,C,h1_exc,125,25,1.5347252,0.010097998,2.5150924,0.01612778,1.6533203125,1.5212372429954406,0.009754782225158727,0.11892992227654771,0.001501245259772293,64,1.4660056,2.4051778,1.4547560755372404,0.11291041649198615,0.068719625,0.10991454,0.06648116745820021,0.006019505784561563,straight_channels
straight_bias,C,h1_exc,126,25,0.92783517,0.012204686,1.5357447,0.019883253,1.6533203125,0.9288851557077473,0.012026255213423421,0.031247800217856992,0.0020132786565105463,98,0.94587326,1.565146,0.9466683125792922,0.03256850750018221,-0.018038094,-0.029401302,-0.01778315687154486,-0.0013207072823252196,C_channels
straight_bias,C,h1_exc,127,25,1.0787009,0.012811676,1.781015,0.020771937,1.6533203125,1.0772352717903046,0.012563770819031773,0.06994385318019782,0.001939600876019242,87,1.0558654,1.7439749,1.0548318235584524,0.0672954806001008,0.022835493,0.037040114,0.022403448231852252,0.002648372580097022,C_channels
straight_bias,straight,h1_exc,0,25,4.354559,0.21668923,3.4975817,0.16825122,0.8271484375000001,4.228481273129842,0.2034111412860556,0.12474429512029878,0.0029751488762973775,4,4.2218804,3.3948681,4.104303368464133,0.12346712365822723,0.13267851,0.102713585,0.124177904665709,0.0012771714620715413,C_channels
straight_bias,straight,h1_exc,1,25,2.0001838,0.040320385,1.6406157,0.032539688,0.8271484375000001,1.9834597109766055,0.03933959672907604,0.10323377313175884,0.00288897164241912,34,2.0314803,1.665849,2.0139661395481685,0.10392712185433035,-0.03129649,-0.025233269,-0.03050642857156305,-0.0006933487225715129,straight_channels
straight_bias,straight,h1_exc,2,25,1.8285522,0.068928495,1.5014309,0.055791453,0.8271484375000001,1.8151890789486362,0.06745035149914932,0.06834671236577221,0.005947579495455396,43,1.7641319,1.4493349,1.7522064595248663,0.0640026760667475,0.06442034,0.05209601,0.06298261942376993,0.004344036299024703,C_channels
straight_bias,straight,h1_exc,3,25,0.9092383,0.03671315,0.75242007,0.030166892,0.8271484375000001,0.9096553745659911,0.03647095291008886,0.005339586903575954,0.001086599591590347,98,0.8886948,0.7355586,0.8892704007887718,0.004343826102638816,0.020543456,0.016861439,0.020384973777219262,0.0009957608009371378,C_channels
straight_bias,straight,h1_exc,4,25,0.7752237,0.014728832,0.64238393,0.0121276835,0.8271484375000001,0.7766247277344895,0.01466203956290932,0.000757644087669561,0.0002817804519130372,106,0.7457685,0.6181259,0.747297460896014,0.0006494092180024809,0.029455185,0.024258018,0.02932726683847553,0.00010823486966708012,straight_channels
straight_bias,straight,h1_exc,5,25,0.75002784,0.0125383735,0.621644,0.010326578,0.8271484375000001,0.7515507248923352,0.012484553137900513,0.0005916839541800381,0.00022446959834455848,109,0.7733999,0.64088666,0.7748145561719215,0.000757644087669561,-0.023372054,-0.019242644,-0.02326383127958631,-0.00016596013348952287,C_channels
straight_bias,straight,h1_exc,6,25,2.4980114,0.110791735,2.0390105,0.0886944,0.8271484375000001,2.4651083375049176,0.10722911671948834,0.11330747722547731,0.005765375068792377,21,2.4605558,2.009131,2.428984772231783,0.11311937618908564,0.03745556,0.02987957,0.03612356527313443,0.00018810103639166353,C_channels
straight_bias,straight,h1_exc,7,25,2.8311353,0.05264873,2.3063974,0.041958656,0.8271484375000001,2.7883718509742583,0.05072687698137708,0.1152051952736401,0.0019770738267763,18,2.8289983,2.3046606,2.7862718380864235,0.11723235329745905,0.0021369457,0.0017368793,0.00210001288783479,-0.002027158023818948,straight_channels
straight_bias,straight,h1_exc,8,25,1.1104188,0.026570408,0.9175285,0.021738844,0.8271484375000001,1.1092671150573843,0.026281672059314132,0.012735428737491752,0.002744311538738182,84,1.1347734,0.93746024,1.133363999105087,0.014106611346609446,-0.024354577,-0.019931734,-0.024096884047702716,-0.001371182609117694,C_channels
straight_bias,straight,h1_exc,9,25,0.99569315,0.021781873,0.82353806,0.017867966,0.8271484375000001,0.9956351369493533,0.021601884627680226,0.01418593933249459,0.00148473396824677,90,0.8960422,0.74172705,0.8967278274160723,0.009560722091605503,0.09965092,0.08181101,0.09890730953328108,0.004625217240889087,straight_channels
straight_bias,straight,h1_exc,10,25,1.1319026,0.014158906,0.9351986,0.011594041,0.8271484375000001,1.130629655844719,0.014016881102088923,0.026899972941258316,0.001224419061125105,81,1.1988192,0.98995095,1.196823828413694,0.032484778332588844,-0.066916585,-0.05475235,-0.06619417256897497,-0.005584805391330529,straight_channels
straight_bias,straight,h1_exc,11,25,0.8647595,0.034441613,0.71589196,0.02827792,0.8271484375000001,0.8654939131154977,0.03418723835312583,0.024071435013958628,0.002737675853566536,99,0.79526865,0.65876466,0.7964285978301643,0.019345179038496127,0.06949085,0.057127297,0.06906531528533344,0.004726255975462501,straight_channels
straight_bias,straight,h1_exc,12,25,1.8002439,0.022010578,1.4791999,0.017822385,0.8271484375000001,1.788312473767922,0.02154677970188397,0.09461170740498366,0.003198582030647152,45,1.8106678,1.4876313,1.798505866455711,0.09060701722730169,-0.010423899,-0.008431435,-0.010193392687789071,0.0040046901776819716,straight_channels
straight_bias,straight,h1_exc,13,25,6.1495256,0.4631427,4.8481965,0.34671858,0.8271484375000001,5.861338211771571,0.4191733541079897,0.11508974474599523,0.004193819934682564,1,5.899566,4.661511,5.635639955018206,0.11417335618281393,0.24995947,0.18668556,0.22569825675336475,0.0009163885631812974,C_channels
straight_bias,straight,h1_exc,14,25,1.6730225,0.07805803,1.3752022,0.06325109,0.8271484375000001,1.662582091280995,0.07646885631489189,0.047652205285426484,0.002233740538775064,51,1.6784843,1.379629,1.667934083196257,0.046945070803601566,-0.005461812,-0.004426837,-0.005351991915262033,0.0007071344818249184,straight_channels
straight_bias,straight,h1_exc,15,25,1.0755987,0.009232276,0.88910997,0.007562122,0.8271484375000001,1.0749097385634434,0.009142399620522167,0.009668981690259159,0.0013520536694595824,88,1.0502689,0.86835366,1.049815968113426,0.010368867975966044,0.025329828,0.020756304,0.025093770450017372,-0.0006998862857068855,straight_channels
straight_bias,straight,h1_exc,16,25,1.7496644,0.078462906,1.4373322,0.06339167,0.8271484375000001,1.7376955076729237,0.07663881039330638,0.07266889149447761,0.003637809947434886,46,1.6572534,1.3626026,1.6473494113256912,0.06910418855663818,0.09241104,0.07472956,0.09034609634723245,0.003564702937839434,C_channels
straight_bias,straight,h1_exc,17,25,0.9159725,0.01839301,0.7581169,0.015113458,0.8271484375000001,0.9165427097814817,0.018271760666811653,0.002034810994401474,0.0003988409260600844,97,0.9281628,0.7681331,0.92865205869334,0.0020492468656967177,-0.012190342,-0.010016203,-0.01210934891185833,-1.4435871295243562e-05,C_channels
straight_bias,straight,h1_exc,18,25,1.3563422,0.036527313,1.1183839,0.029781906,0.8271484375000001,1.3520957767099042,0.03600551621177269,0.035645172101349924,0.0040908230098792514,67,1.3594121,1.1209104,1.3551502266619084,0.03622236226634511,-0.0030698776,-0.0025265217,-0.0030544499520042123,-0.0005771901649951824,C_channels
straight_bias,straight,h1_exc,19,25,1.0615205,0.031057876,0.8774317,0.02542918,0.8271484375000001,1.0607911411562851,0.030743187561220468,0.03275897593879666,0.002364118408964594,89,1.0448016,0.86374456,1.0442437250386367,0.03196536484167767,0.016718864,0.013687134,0.016547416117648428,0.000793611097118993,C_channels
straight_bias,straight,h1_exc,20,25,3.1666749,0.10819047,2.571384,0.08580179,0.8271484375000001,3.1087333654656226,0.10373203227149896,0.12034274375383751,0.003068569729043917,13,3.3288848,2.6993048,3.2633862630756925,0.12056604845490877,-0.16220999,-0.12792087,-0.15465289761006984,-0.0002233047010712641,straight_channels
straight_bias,straight,h1_exc,21,25,3.5719078,0.20974126,2.8862357,0.16481653,0.8271484375000001,3.48938033640237,0.19925870344642257,0.11078921259122324,0.005026793451478779,8,3.3527787,2.7144158,3.28165520493902,0.10782357716234524,0.21912909,0.17181993,0.20772513146334992,0.002965635428877997,C_channels
straight_bias,straight,h1_exc,22,25,1.9645549,0.06084489,1.611528,0.04910772,0.8271484375000001,1.9482936323636042,0.05936989612817152,0.11282402814096434,0.005232348031650136,36,1.9564127,1.6049708,1.9403661586548409,0.11254261747982994,0.008142233,0.006557226,0.007927473708763344,0.00028141066113440694,C_channels
straight_bias,straight,h1_exc,23,25,2.5936868,0.109538324,2.115572,0.08757254,0.8271484375000001,2.5576688901786837,0.1058728178329508,0.09691350229990356,0.005853392423464974,20,2.6968787,2.1976593,2.6569103639456757,0.09936682601235738,-0.10319185,-0.08208728,-0.099241473766992,-0.0024533237124538254,C_channels
straight_bias,straight,h1_exc,24,25,1.6810212,0.01938225,1.3826053,0.01572373,0.8271484375000001,1.67153220289523,0.019009562483711297,0.07944439433563683,0.001878613333703844,50,1.7455564,1.4349012,1.7347567146566893,0.0850431019727628,-0.06453514,-0.052295923,-0.06322451176145938,-0.005598707637125971,straight_channels
straight_bias,straight,h1_exc,25,25,3.175005,0.11470518,2.5777578,0.09077738,0.8271484375000001,3.116439383165036,0.10974738913551468,0.12881392621978097,0.0024084323567929848,12,3.20922,2.6046247,3.148920474124178,0.12915988148816762,-0.034214973,-0.026866913,-0.0324810909591422,-0.00034595526838665513,straight_channels
straight_bias,straight,h1_exc,26,25,2.422329,0.13302396,1.9775445,0.10662572,0.8271484375000001,2.3907976681609138,0.1289076025109856,0.08148642554335574,0.0076044180442538635,24,2.3970406,1.9572937,2.3663148603381767,0.0798690320332064,0.025288343,0.020250797,0.02448280782273704,0.0016173935101493342,C_channels
straight_bias,straight,h1_exc,27,25,1.4825226,0.08494542,1.2202334,0.06894431,0.8271484375000001,1.4752291371097221,0.08335179820589365,0.04947055109583343,0.0045567832304898625,62,1.4391518,1.1850631,1.432709078891672,0.0485756871631783,0.043370843,0.035170317,0.04252005821805005,0.0008948639326551364,C_channels
straight_bias,straight,h1_exc,28,25,2.4937272,0.063737616,2.0368707,0.051020022,0.8271484375000001,2.462521311635958,0.06168182032487162,0.11963512250143472,0.002038696915482974,22,2.4805524,2.0262995,2.4497410660241603,0.12119419139521855,0.013174772,0.010571241,0.012780245611797802,-0.0015590688937838215,straight_channels
straight_bias,straight,h1_exc,29,25,3.3745213,0.13633843,2.7346032,0.10776739,0.8271484375000001,3.3060612252036545,0.1302878419793327,0.11944800216458966,0.004090230162893384,9,3.5233076,2.8513567,3.447212852408031,0.11999639217090285,-0.1487863,-0.11675358,-0.14115162720437668,-0.0005483900063131958,C_channels
straight_bias,straight,h1_exc,30,25,0.8297647,0.009945684,0.6872902,0.008183223,0.8271484375000001,0.8309151454665629,0.009893294995376048,0.00425000758138284,0.0004291751257134287,102,0.81167203,0.67240095,0.8129144873403991,0.00406236793581967,0.018092692,0.01488924,0.018000658126163804,0.0001876396455631705,straight_channels
straight_bias,straight,h1_exc,31,25,0.6280998,0.012118927,0.5211107,0.010002331,0.8271484375000001,0.6300087102501934,0.01209254589618737,0.0009380355371146947,0.00022698759614154536,114,0.5826091,0.48354772,0.5845960583770683,0.000757644087669561,0.045490682,0.037562996,0.045412651873125154,0.00018039144944513369,straight_channels
straight_bias,straight,h1_exc,32,25,0.95670205,0.009353021,0.79160386,0.0076795085,0.8271484375000001,0.9570275892912926,0.009284317321839264,0.00872373049516666,0.0006045024865040967,94,0.95370597,0.7891436,0.9540531523207223,0.008355731938298588,0.002996087,0.0024602413,0.0029744369705703155,0.0003679985568680721,C_channels
straight_bias,straight,h1_exc,33,25,1.3873563,0.010310296,1.1438674,0.008403576,0.8271484375000001,1.3829046629408868,0.010159694992490623,0.06639126905378695,0.0012406193793935666,65,1.3399994,1.1052574,1.3362261116770742,0.06296360049353378,0.047356844,0.03860998,0.046678551263812595,0.003427668560253172,straight_channels
straight_bias,straight,h1_exc,34,25,0.75224286,0.014062422,0.6234619,0.011582733,0.8271484375000001,0.753748454559722,0.01400321003928746,0.006241518120289436,0.0006315401786697422,107,0.7964599,0.6598675,0.7977619097214201,0.0066167583656475,-0.04421705,-0.036405623,-0.04401345516169819,-0.0003752402453580635,straight_channels
straight_bias,straight,h1_exc,35,25,0.41544032,0.01266055,0.34527394,0.010485931,0.8271484375000001,0.4174267974433694,0.012677206281209143,0.0016956796247842556,0.000433440276381921,125,0.39997265,0.3324649,0.40194103272965104,0.0012771714620715456,0.015467674,0.012809038,0.015485764713718375,0.00041850816271271,C_channels
straight_bias,straight,h1_exc,36,25,4.2002864,0.47157255,3.3517435,0.36108503,0.8271484375000001,4.05216672644023,0.43654199438997177,0.0815657977811116,0.005579840056803914,5,3.9697776,3.1753995,3.838971867904024,0.07932172815001413,0.2305088,0.17634392,0.21319485853620623,0.0022440696310974673,C_channels
straight_bias,straight,h1_exc,37,25,0.98915404,0.02890081,0.81811476,0.023677293,0.8271484375000001,0.9890785113921838,0.02862520388474178,0.006191034544956985,0.0012925698784862641,91,1.0399239,0.8597415,1.0394041459529237,0.007778447412696733,-0.050769866,-0.04162675,-0.05032563456073991,-0.001587412867739748,C_channels
straight_bias,straight,h1_exc,38,25,0.63603956,0.00882912,0.5276749,0.0072852126,0.8271484375000001,0.6379446568203325,0.008807624415638446,8.658789573366411e-05,5.993775674509305e-05,113,0.63536024,0.5271134,0.6372657369158892,6.49409218002481e-05,0.00067931414,0.00056153536,0.0006789199044433536,2.1646973933416014e-05,C_channels
straight_bias,straight,h1_exc,39,25,0.70496756,0.0075859237,0.58452994,0.00625391,0.8271484375000001,0.7066807685096238,0.007560806979823206,0.004156218995215878,0.00045546370209912274,110,0.6737331,0.5587744,0.6755431067213523,0.003117164246411908,0.031234443,0.025755525,0.031137661788271487,0.00103905474880397,straight_channels
straight_bias,straight,h1_exc,40,25,1.8534259,0.045552798,1.5219814,0.03683729,0.8271484375000001,1.8400341286178281,0.04453528531584915,0.06647064129154283,0.004311407469374996,42,1.929293,1.583227,1.9140786010937396,0.06848363676444448,-0.075867176,-0.06124568,-0.0740444724759115,-0.002012995472901652,straight_channels
straight_bias,straight,h1_exc,41,25,2.9763186,0.09617836,2.420825,0.07640076,0.8271484375000001,2.9267117507000844,0.09236643625669715,0.12436186524747508,0.0029426300474250733,15,2.751073,2.241796,2.7102704416100414,0.12009694023032157,0.22524571,0.17902899,0.216441309090043,0.0042649250171535175,straight_channels
straight_bias,straight,h1_exc,42,25,0.6235513,0.010499994,0.5173624,0.008664536,0.8271484375000001,0.6254771216211132,0.010475188807956592,0.0012410866645544726,0.00036203103103961735,116,0.62796044,0.52100146,0.6298766091320296,0.0013204654099383778,-0.0044091344,-0.0036390424,-0.0043994875109163445,-7.937874538390516e-05,C_channels
straight_bias,straight,h1_exc,43,25,2.250045,0.09942642,1.8405133,0.07991975,0.8271484375000001,2.225130644540259,0.09662079955266847,0.10207991341201218,0.005168840114958566,27,2.1419036,1.7537035,2.120179756410843,0.09738973572643872,0.10814142,0.08680987,0.10495088812941589,0.004690177685573463,C_channels
straight_bias,straight,h1_exc,44,25,0.66974884,0.0117729595,0.5554764,0.0097084,0.8271484375000001,0.6715558882662914,0.011737191220702286,9.380355371146947e-05,4.55406541685323e-05,111,0.67278594,0.557986,0.6745899566558574,6.49409218002481e-05,-0.003037095,-0.002509594,-0.0030340683895659915,2.886263191122137e-05,C_channels
straight_bias,straight,h1_exc,45,25,1.942026,0.070590556,1.5931321,0.05695018,0.8271484375000001,1.9260535227778472,0.06885122461323284,0.08862992694138302,0.006236247640401966,37,1.9310242,1.5842421,1.9153056339891765,0.08800919814170648,0.011001825,0.008890033,0.010747888788670723,0.0006207287996765481,C_channels
straight_bias,straight,h1_exc,46,25,1.1764534,0.022764826,0.9715993,0.018612076,0.8271484375000001,1.1746371732297773,0.022501492823782596,0.028472986380419885,0.003400824268830856,79,1.1731104,0.96886665,1.1713334807796796,0.028285379272996944,0.003342986,0.0027326345,0.0033036924500977616,0.00018760710742294143,C_channels
straight_bias,straight,h1_exc,47,25,1.8268303,0.038926423,1.5005538,0.03151437,0.8271484375000001,1.8141288139867273,0.03810001369570615,0.07958870749519292,0.0035293776479855613,44,1.741826,1.4317765,1.730978939742946,0.07190403174883024,0.08500421,0.06877732,0.08314987424378129,0.007684675746362682,straight_channels
straight_bias,straight,h1_exc,48,25,1.7081264,0.105206475,1.4028766,0.0852558,0.8271484375000001,1.6960395919602913,0.1030719518909985,0.06691079642818894,0.007523476359129811,49,1.6191912,1.330959,1.609093371397479,0.061354739785278826,0.088935256,0.07191765,0.0869462205628122,0.005556056642910111,C_channels
straight_bias,straight,h1_exc,49,25,0.49397317,0.0067643356,0.41029894,0.0055957166,0.8271484375000001,0.49604030833622376,0.006765069120176421,0.00037521096103185464,0.00011357437794963481,123,0.49816975,0.41377068,0.5002375237564443,0.0003391359249568511,-0.004196584,-0.0034717321,-0.004197215420220501,3.607503607500355e-05,C_channels
straight_bias,straight,h1_exc,50,25,0.9769049,0.030014494,0.80805314,0.024601215,0.8271484375000001,0.9769142899298893,0.029742201499371228,0.012959321728138396,0.0021663173037477744,92,0.9771276,0.80822694,0.9771243603966531,0.012533566670833258,-0.00022268295,-0.00017380714,-0.00021007046676380092,0.00042575505730513795,straight_channels
straight_bias,straight,h1_exc,51,25,1.2241181,0.07948891,1.0096316,0.06489868,0.8271484375000001,1.220617245956432,0.07846073618222951,0.044873960910720295,0.00631447783523266,72,1.1895564,0.9815056,1.186613602417372,0.042196595182937564,0.034561753,0.028126061,0.03400364353906005,0.002677365727782731,C_channels
straight_bias,straight,h1_exc,52,25,0.8187485,0.012668172,0.6782172,0.010418738,0.8271484375000001,0.8199460889101262,0.012595971730545885,0.004076846757460019,0.0005807185269914516,103,0.806504,0.6681404,0.807763615990703,0.0037881495070800335,0.012244463,0.010076761,0.012182472919423204,0.00028869725037998506,straight_channels
straight_bias,straight,h1_exc,53,25,2.9987535,0.1157725,2.437993,0.09201119,0.8271484375000001,2.9474675371872716,0.11123903147397886,0.11778790234538607,0.0031277968821076378,14,2.9069202,2.3650134,2.859236840063653,0.11622981870648846,0.09183335,0.07297969,0.08823069712361864,0.0015580836388976033,straight_channels
straight_bias,straight,h1_exc,54,25,1.9316119,0.080127,1.5844918,0.06463017,0.8271484375000001,1.9156076881103772,0.07813612340441338,0.0676684405158585,0.004383516180723725,38,1.8926477,1.5529747,1.8775043066901336,0.06507801930182638,0.038964152,0.031517148,0.03810338142024361,0.002590421214032121,C_channels
straight_bias,straight,h1_exc,55,25,1.1147419,0.017658586,0.921132,0.014462099,0.8271484375000001,1.1136236646606696,0.017484285466881792,0.007547578244784389,0.0009159599740811024,82,1.1310426,0.93447614,1.1297563040206777,0.00875259312707788,-0.016300678,-0.013344109,-0.016132639360008083,-0.0012050148822934917,C_channels
straight_bias,straight,h1_exc,56,25,0.53980154,0.023175364,0.4481137,0.019142823,0.8271484375000001,0.5417572928802747,0.023143153431554195,0.002316226210875515,0.000535297758551114,122,0.5542858,0.4600999,0.5562483041794035,0.0022584983440018538,-0.014484286,-0.011986196,-0.014491011299128775,5.7727866873661434e-05,C_channels
straight_bias,straight,h1_exc,57,25,2.202265,0.029193066,1.8035288,0.023488268,0.8271484375000001,2.180417255221401,0.028396678078714762,0.11287453774680899,0.0024122710133639893,29,2.2997828,1.8818676,2.275126833382026,0.11789622246498055,-0.09751773,-0.07833886,-0.09470957816062464,-0.005021684718171562,C_channels
straight_bias,straight,h1_exc,58,25,1.992959,0.033389196,1.6348666,0.026963469,0.8271484375000001,1.9765093128260558,0.0325981010588228,0.10793181203201233,0.0026184886113969487,35,2.0442657,1.6762279,2.0265139125572578,0.1078957337421233,-0.051306725,-0.041361332,-0.05000459973120197,3.6078289889024395e-05,C_channels
straight_bias,straight,h1_exc,59,25,0.5445428,0.02110406,0.45204765,0.017441547,0.8271484375000001,0.5465133438784313,0.021086357016426603,0.00010823486966708014,5.511049812034162e-05,120,0.52841574,0.43871412,0.5303934202959224,6.49409218002481e-05,0.01612705,0.013333529,0.01611992358250891,4.329394786683204e-05,straight_channels
straight_bias,straight,h1_exc,60,25,1.1916381,0.012349324,0.9840769,0.010096678,0.8271484375000001,1.1897222965531578,0.012206608327957044,0.020369802471344484,0.0019129411073217925,77,1.2043003,0.99442863,1.2022371840798742,0.021827299655817894,-0.012662172,-0.0103517175,-0.012514887526716478,-0.0014574971844734108,C_channels
straight_bias,straight,h1_exc,61,25,4.535691,0.23484474,3.6368546,0.18176974,0.8271484375000001,4.39685848248367,0.21975468310082893,0.13169297375292532,0.0039254865006209195,3,4.608459,3.6930444,4.46479029062048,0.13235681428688342,-0.07276821,-0.056189775,-0.06793180813681055,-0.0006638405339580988,C_channels
straight_bias,straight,h1_exc,62,25,2.958093,0.05968056,2.4072316,0.04743297,0.8271484375000001,2.9102776279372127,0.05734517251589807,0.1294128258319388,0.0023162805337279425,16,2.7758124,2.2623181,2.735081153059275,0.1301776855775862,0.18228054,0.14491343,0.17519647487793755,-0.0007648597456473838,straight_channels
straight_bias,straight,h1_exc,63,25,1.2207596,0.019173797,1.0078495,0.015669871,0.8271484375000001,1.2184626516421617,0.018944449471301847,0.01126356336105478,0.0012525386476082432,73,1.2518673,1.0332634,1.249187368448062,0.013514927392429408,-0.031107664,-0.02541399,-0.030724716805900387,-0.0022513640313746273,straight_channels
straight_bias,straight,h1_exc,64,25,2.2225175,0.10374852,1.8182504,0.083276,0.8271484375000001,2.1982153371619977,0.10067842395996135,0.0925262267170876,0.005104066797695228,28,2.1721418,1.7779896,2.1495412548198907,0.09221610895635228,0.0503757,0.04026079,0.04867408234210702,0.0003101177607353206,C_channels
straight_bias,straight,h1_exc,65,25,1.3675021,0.028260434,1.1275704,0.023034785,0.8271484375000001,1.3632020160836391,0.027848428087812144,0.025478488319630666,0.002613192485701635,66,1.3927248,1.1481093,1.3880330168580037,0.02615662285859259,-0.02522266,-0.020538926,-0.02483100077436462,-0.0006781345389619241,C_channels
straight_bias,straight,h1_exc,66,25,1.3486191,0.021030977,1.1122293,0.017152041,0.8271484375000001,1.3446550594472557,0.020736350945844036,0.055747595008390764,0.0014128393867091035,68,1.288231,1.0629616,1.2850916741127196,0.05354739785329345,0.06038809,0.04926777,0.05956338533453609,0.002200197155097311,straight_channels
straight_bias,straight,h1_exc,67,25,1.2193379,0.039517127,1.0064944,0.03225947,0.8271484375000001,1.2168244017726524,0.039000826857405614,0.04086227112831166,0.0031761724901812815,74,1.2061015,0.9957003,1.203774644514541,0.04043654730762114,0.013236403,0.010794103,0.013049757258111416,0.0004257238206905184,C_channels
straight_bias,straight,h1_exc,68,25,1.5466446,0.05811767,1.2730036,0.047247864,0.8271484375000001,1.5390266962004397,0.05712138265907175,0.05490369166020387,0.0033341871285939273,59,1.4858735,1.2236868,1.4794041118092847,0.05305673311080269,0.060771108,0.049316764,0.05962258439115509,0.00184695854940118,straight_channels
straight_bias,straight,h1_exc,69,25,1.6333624,0.051348794,1.3435695,0.041686647,0.8271484375000001,1.6243390625779062,0.05039802443906674,0.05959377433440787,0.006264081401505358,53,1.6443982,1.3525035,1.6351399186401394,0.05810047803728862,-0.0110358,-0.008934021,-0.010800856062233244,0.001493296297119251,C_channels
straight_bias,straight,h1_exc,70,25,1.2978966,0.024795087,1.0708151,0.020230656,0.8271484375000001,1.2945862769624394,0.02445831371930932,0.05419680707129593,0.001987094039574891,70,1.271969,1.0496495,1.2689977628920015,0.05100730338075787,0.025927663,0.02116561,0.02558851407043794,0.0031895036905380605,C_channels
straight_bias,straight,h1_exc,71,25,1.2940896,0.022102343,1.0677276,0.01803932,0.8271484375000001,1.2908536291511612,0.021809046997302076,0.0384302215027042,0.003290165365704132,71,1.2835552,1.0591351,1.280465494684071,0.037506990168632175,0.010534406,0.008592486,0.010388134467090193,0.0009232313340720236,C_channels
straight_bias,straight,h1_exc,72,25,4.1423936,0.17820434,3.3347845,0.13883625,0.8271484375000001,4.0316638315895945,0.16784925221476002,0.12866239740224705,0.002740432107901331,6,3.9572918,3.1909492,3.857770819745633,0.1296509425452064,0.18510175,0.1438353,0.17389301184396144,-0.0009885451429593461,straight_channels
straight_bias,straight,h1_exc,73,25,0.6025359,0.0059055537,0.5000248,0.0048767454,0.8271484375000001,0.6045163737492463,0.0058958529663428825,0.00037521421484587787,8.708754151812797e-05,117,0.62297994,0.5169028,0.6249214595830221,0.0003968611887792939,-0.020444036,-0.016878009,-0.02040508583377587,-2.1646973933416014e-05,C_channels
straight_bias,straight,h1_exc,74,25,1.8621744,0.044525716,1.5290718,0.036002893,0.8271484375000001,1.8486063180434131,0.04352651814251307,0.07095835495486351,0.0029369557994411055,41,1.8389311,1.5102723,1.82587810015851,0.0702299990979794,0.023243308,0.018799543,0.02272821788490309,0.0007283558568841053,C_channels
straight_bias,straight,h1_exc,75,25,1.5739007,0.058261156,1.295154,0.04733319,0.8271484375000001,1.5658059708453251,0.057224538489684174,0.0648182556146254,0.004722452913596771,54,1.5320431,1.2611824,1.5247352576095685,0.06205451674283454,0.0418576,0.033971548,0.04107071323575662,0.0027637388717908565,C_channels
straight_bias,straight,h1_exc,76,25,3.2083936,0.27726543,2.5944061,0.21840116,0.8271484375000001,3.136566661759697,0.2640410710805189,0.09797354545068267,0.005709034902945501,11,3.0298045,2.4540277,2.9668527551172033,0.09562911517985422,0.1785891,0.14037848,0.16971390664249375,0.0023444302708284515,C_channels
straight_bias,straight,h1_exc,77,25,1.7417653,0.029337242,1.4317753,0.023776459,0.8271484375000001,1.730977475475697,0.02874509309369848,0.09096780012619195,0.0029755571864334925,47,1.7350588,1.4263387,1.724404748743619,0.0894164336609638,0.006706476,0.005436659,0.0065727267320780935,0.0015513664652281461,C_channels
straight_bias,straight,h1_exc,78,25,2.6841106,0.09532657,2.188236,0.07608966,0.8271484375000001,2.6455177133215297,0.09199032770023909,0.10815549742932429,0.004146428430681163,19,2.7910898,2.2733564,2.7484261907613523,0.11002435284557587,-0.10697913,-0.08512044,-0.10290847743982257,-0.0018688554162515775,C_channels
straight_bias,straight,h1_exc,79,25,1.5554187,0.022546416,1.280597,0.018325554,0.8271484375000001,1.5482068188342526,0.022155097814703213,0.08206367818158017,0.0029914885754306593,57,1.5918891,1.3102151,1.584014540508785,0.08243861061613163,-0.036470413,-0.029618144,-0.0358077216745325,-0.00037493243455145875,C_channels
straight_bias,straight,h1_exc,80,25,2.2958596,0.08433116,1.877756,0.06770376,0.8271484375000001,2.2701561014929617,0.08185200852209958,0.11539280238106304,0.004249686152011464,26,2.375597,1.9416112,2.347355205165977,0.11556597817253036,-0.079737425,-0.06385517,-0.0771991036730153,-0.00017317579146731987,C_channels
straight_bias,straight,h1_exc,81,25,1.0991167,0.019118825,0.90832865,0.015650976,0.8271484375000001,1.0981445986813745,0.018921604889935047,0.03711012897985288,0.0019464039559819435,85,1.04527,0.8642121,1.0448089754330354,0.033985749075463166,0.053846717,0.044116557,0.05333562324833907,0.0031243799043897125,straight_channels
straight_bias,straight,h1_exc,82,25,1.1410768,0.063240334,0.94209146,0.05171265,0.8271484375000001,1.138962921820935,0.06251919021012112,0.021221250112725513,0.0024426201282342634,80,1.1463313,0.9464257,1.144202975116867,0.02182013150352483,-0.005254507,-0.0043342113,-0.005240053295932023,-0.0005988813907993155,C_channels
straight_bias,straight,h1_exc,83,25,1.8831749,0.044833984,1.5460486,0.036228273,0.8271484375000001,1.8691307099514183,0.04379899955490791,0.07414088572194989,0.0038921379972739097,39,1.7939427,1.4739453,1.78195975607244,0.07751059799758499,0.08923221,0.07210338,0.08717095387897822,-0.003369712275635095,straight_channels
straight_bias,straight,h1_exc,84,25,3.8287747,0.14348362,3.0914364,0.112159505,0.8271484375000001,3.7374626678832725,0.13559779738855013,0.12826553621346778,0.0022739695157808393,7,3.7466223,3.0271816,3.659780592376147,0.12920315851620154,0.08215237,0.06425476,0.07768207550712569,-0.0009376223027337538,straight_channels
straight_bias,straight,h1_exc,85,25,1.5563643,0.03189055,1.2812837,0.025931463,0.8271484375000001,1.5490371448369797,0.03135043322228762,0.05797738495126609,0.002808672722211722,56,1.592151,1.3103294,1.5841526716408958,0.06062585941357419,-0.035786748,-0.029045701,-0.03511552680391605,-0.0026484744623081063,straight_channels
straight_bias,straight,h1_exc,86,25,0.5432578,0.016794967,0.45101243,0.013879225,0.8271484375000001,0.5452617657708686,0.016779605684199866,0.0002669793451787977,0.00010473066261174398,121,0.4828531,0.40106526,0.4848769913639317,0.000230901055289771,0.06040466,0.049947172,0.0603847744069369,3.60782898890267e-05,straight_channels
straight_bias,straight,h1_exc,87,25,2.142975,0.09480931,1.7545351,0.0762923,0.8271484375000001,2.121185310237603,0.0922353135338334,0.08959682511040894,0.004349201558184398,31,2.0370977,1.6694541,2.0183245598393373,0.08649409217995264,0.1058774,0.08508098,0.10286075039826548,0.0031027329304562923,C_channels
straight_bias,straight,h1_exc,88,25,1.4926178,0.047195364,1.229248,0.038391918,0.8271484375000001,1.4861274476516657,0.046414786528027704,0.0671128348515675,0.005292631841088595,61,1.302941,1.074872,1.2994910649418079,0.051923874808287244,0.18967688,0.15437603,0.18663638270985783,0.015188960043280249,straight_channels
straight_bias,straight,h1_exc,89,25,2.1132786,0.10258501,1.7303824,0.082433134,0.8271484375000001,2.091985209821365,0.09965941730821327,0.07016477249130791,0.0028675905176652294,32,2.0953245,1.7158067,2.0743637334995753,0.065907819969274,0.017954111,0.01457572,0.017621476321789675,0.0042569525220339105,straight_channels
straight_bias,straight,h1_exc,90,25,2.3086474,0.08716819,1.8879465,0.0700239,0.8271484375000001,2.2824759388218814,0.08465699904280556,0.09918643456291225,0.004171955188203229,25,2.302416,1.8828753,2.2763451094981266,0.09834220257950901,0.006231308,0.005071163,0.0061308293237547495,0.0008442319834032347,C_channels
straight_bias,straight,h1_exc,91,25,1.5209233,0.052034583,1.2521966,0.04234014,0.8271484375000001,1.5138715965884941,0.05118808062032788,0.06348294305129926,0.00559673773321781,60,1.4514734,1.1957723,1.4456562596171174,0.0578046360601986,0.0694499,0.05642426,0.06821533697137672,0.005678306991100654,straight_channels
straight_bias,straight,h1_exc,92,25,2.4670994,0.1312102,2.0134954,0.10474271,0.8271484375000001,2.434261253499161,0.12663109055041033,0.1081834880390773,0.004825372096054047,23,2.4293456,1.9833918,2.3978666834883056,0.10658248399016271,0.03775382,0.030103683,0.03639457001085544,0.0016010040489145977,C_channels
straight_bias,straight,h1_exc,93,25,1.6505667,0.031256348,1.3577996,0.025383158,0.8271484375000001,1.6415429027855375,0.03068754700118728,0.06506358798587078,0.0032179144775466508,52,1.615398,1.3292428,1.6070185306472167,0.05742942184535273,0.035168648,0.028556824,0.034524372138320825,0.007634166140518053,C_channels
straight_bias,straight,h1_exc,94,25,2.1787708,0.04024434,1.784509,0.032356262,0.8271484375000001,2.157422892351891,0.039117843273718485,0.10558594617843685,0.0024615579321104106,30,2.2154675,1.8140106,2.193089479417002,0.1108830161449347,-0.036696672,-0.029501677,-0.035666587065111166,-0.0052970699664978554,straight_channels
straight_bias,straight,h1_exc,95,25,0.8334955,0.023857677,0.6902822,0.01962547,0.8271484375000001,0.8345324346721114,0.02372665900996706,0.011357413769688183,0.0015972723753497366,101,0.7728296,0.64038414,0.7742070120898333,0.00829073505089714,0.060665905,0.049898088,0.06032542258227802,0.003066678718791044,C_channels
straight_bias,straight,h1_exc,96,25,0.54716456,0.0103053,0.4542704,0.008516424,0.8271484375000001,0.549200561080946,0.010296125555195232,0.0016163073870283967,0.00034345192908079433,119,0.52790827,0.4383543,0.5299584205087153,0.0013421084792949658,0.019256294,0.01591608,0.019242140572230615,0.000274198907733431,C_channels
straight_bias,straight,h1_exc,97,25,1.4331533,0.08138939,1.1801364,0.0659635,0.8271484375000001,1.4267528864967018,0.07974807892411331,0.04269504825467421,0.003681042416495125,64,1.3997056,1.1530594,1.3940174281040938,0.040912780734156294,0.033447623,0.027077079,0.03273545839260805,0.0017822675205179175,C_channels
straight_bias,straight,h1_exc,98,25,0.39766893,0.010380244,0.33056042,0.008599578,0.8271484375000001,0.39963856327650654,0.010396656087221607,0.0,0.0,127,0.39628407,0.32941344,0.3982519238097073,0.0,0.0013848543,0.0011469722,0.0013866394667992332,0.0,C_channels
straight_bias,straight,h1_exc,99,25,5.685617,0.35330853,4.5093374,0.26727876,0.8271484375000001,5.451666408596441,0.32313276376235195,0.11069540903751177,0.003397556622081,2,5.048432,4.028107,4.869872227041774,0.1130332822223207,0.6371851,0.48123026,0.5817941815546668,-0.0023378731848089362,straight_channels
straight_bias,straight,h1_exc,100,25,0.7781885,0.010429891,0.64484274,0.008585927,0.8271484375000001,0.7795973660775728,0.010380152270822665,0.005606531758326106,0.0009916579298054604,105,0.73677415,0.6107331,0.7383597090809211,0.0035068097772133966,0.04141438,0.034109652,0.04123765699665172,0.002099721981112709,straight_channels
straight_bias,straight,h1_exc,101,25,1.2138069,0.045519467,1.001891,0.037135616,0.8271484375000001,1.2112590447893163,0.044895952515756,0.01839271218542582,0.001926151611432191,75,1.1899638,0.98242515,1.1877252867955348,0.017663806433971793,0.02384305,0.019465864,0.023533757993781546,0.0007289057514540259,straight_channels
straight_bias,straight,h1_exc,102,25,1.4339168,0.03556232,1.1816167,0.028944537,0.8271484375000001,1.428542428609069,0.03499315924142699,0.03138083407224619,0.004262192967483935,63,1.5126399,1.245653,1.5059607255949965,0.03827184991427954,-0.07872307,-0.06403637,-0.07741829698592739,-0.006891015842033346,C_channels
straight_bias,straight,h1_exc,103,25,0.6243102,0.012914705,0.5179795,0.010658181,0.8271484375000001,0.62622313840159,0.012885452071605108,0.005144747869105094,0.00029070982509225423,115,0.6434103,0.5337384,0.6452752240026827,0.005786957698199885,-0.01910013,-0.015758872,-0.019052085601092617,-0.0006422098290947906,straight_channels
straight_bias,straight,h1_exc,104,25,0.6456666,0.020268096,0.5355645,0.016730241,0.8271484375000001,0.6474828980047336,0.020226406932241953,0.0028285262135692105,0.0005176863992457033,112,0.6537827,0.54226077,0.6555785275302547,0.002713082193552372,-0.008116126,-0.006696284,-0.00809562952552112,0.00011544402001683858,C_channels
straight_bias,straight,h1_exc,105,25,3.253614,0.118902646,2.6397922,0.09413153,0.8271484375000001,3.1914371051497885,0.11380246035704493,0.1259926039504591,0.0027560184944142143,10,3.2663617,2.6498296,3.203572104680249,0.12601425092439253,-0.012747765,-0.010037422,-0.01213499953046071,-2.1646973933420188e-05,C_channels
straight_bias,straight,h1_exc,106,25,0.58840716,0.0075721685,0.48835322,0.006252294,0.8271484375000001,0.5904057995465918,0.0075588532256758625,0.00136375935780521,0.00036244468612862913,118,0.59159434,0.4909864,0.5935892404900632,0.0013132438950953307,-0.0031871796,-0.0026331842,-0.0031834409434714495,5.05154627098792e-05,straight_channels
straight_bias,straight,h1_exc,107,25,0.44392264,0.022877194,0.36880028,0.01893365,0.8271484375000001,0.4458695063456032,0.022890268249764978,2.8862631911221374e-05,2.8862631911221374e-05,124,0.44643077,0.3708764,0.4483794629003105,2.886002886000283e-05,-0.0025081336,-0.0020761192,-0.0025099565547073155,2.6030512185445985e-09,C_channels
straight_bias,straight,h1_exc,108,25,1.3418198,0.014387725,1.1067215,0.011735626,0.8271484375000001,1.3379962839549648,0.014188052516346483,0.06437810047797927,0.0027228617859670064,69,1.3752754,1.1339941,1.3709680658578502,0.06790655722912609,-0.03345561,-0.027272582,-0.03297178190288541,-0.0035284567511468107,C_channels
straight_bias,straight,h1_exc,109,25,1.1108154,0.03829997,0.91772985,0.031317946,0.8271484375000001,1.1095105148985607,0.037862546353783826,0.028768828357509903,0.0015881320071018143,83,1.0985093,0.9076882,1.097370427904134,0.02824208532513011,0.012306094,0.010041654,0.012140086994426591,0.000526743032379793,C_channels
straight_bias,straight,h1_exc,110,25,1.7356182,0.030688738,1.4267812,0.02486598,0.8271484375000001,1.7249395925332711,0.030062294158940128,0.07633444574720272,0.0038959497337457258,48,1.6394707,1.3487887,1.6306488928080345,0.062321637954304746,0.09614754,0.07799244,0.09429069972523663,0.014012807792897972,straight_channels
straight_bias,straight,h1_exc,111,25,0.9339923,0.023616018,0.7728814,0.01938011,0.8271484375000001,0.934392623323798,0.023430026038838266,0.025110398655969944,0.0015848457414467966,95,0.93758255,0.7758328,0.9379606736606789,0.025363037791985777,-0.0035902262,-0.0029513836,-0.0035680503368809013,-0.00025263913601583296,straight_channels
straight_bias,straight,h1_exc,112,25,1.1769911,0.017795902,0.9720719,0.014554492,0.8271484375000001,1.175208491109529,0.017595985674632993,0.038755148021821825,0.0008836923486819151,78,1.2140021,1.0023323,1.2117925338435218,0.039851933891313474,-0.037011027,-0.030260444,-0.03658404273399274,-0.0010967858694916482,straight_channels
straight_bias,straight,h1_exc,113,25,0.29265127,0.008129403,0.24347968,0.006744722,0.8271484375000001,0.2943603400771197,0.008154185598721983,0.0005556056642910113,0.00023402734602050274,128,0.276942,0.23044258,0.27859881536014014,0.0003679985568680725,0.015709251,0.0130371,0.015761524716979558,0.00018760710742293882,C_channels
straight_bias,straight,h1_exc,114,25,1.0964811,0.009628387,0.90621436,0.00788546,0.8271484375000001,1.0955885299585872,0.009533306926736372,0.009315414449346698,0.0009624003580926657,86,1.0524004,0.8700984,1.0519253892065776,0.006378641652379923,0.044080734,0.036115944,0.04366314075200961,0.0029367727969667754,straight_channels
straight_bias,straight,h1_exc,115,25,0.930406,0.018159566,0.7699734,0.0149081675,0.8271484375000001,0.930876851363093,0.01802356959842474,0.005873545593933549,0.0009252915009530962,96,0.96895635,0.80161345,0.9691289394991819,0.0067682871831814114,-0.038550377,-0.031640053,-0.038252088136088935,-0.0008947415892478624,C_channels
straight_bias,straight,h1_exc,116,25,0.8443675,0.010709507,0.6992988,0.008805029,0.8271484375000001,0.8454332341801369,0.010645040502304536,0.017310247002212988,0.0011331822953570406,100,0.8364769,0.6928101,0.8375886587510679,0.01710102480823406,0.007890582,0.006488681,0.007844575429069023,0.00020922219397892863,C_channels
straight_bias,straight,h1_exc,117,25,1.2074183,0.0072949114,0.99699503,0.005962341,0.8271484375000001,1.2053398943203666,0.007208308424565647,0.04783259673487162,0.0008035475645057555,76,1.187538,0.9807402,1.1856882172225014,0.04594914796272607,0.019880295,0.016254842,0.019651677097865194,0.0018834487721455517,C_channels
straight_bias,straight,h1_exc,118,25,2.9456244,0.13704385,2.394973,0.10853898,0.8271484375000001,2.8954572141553485,0.13122067248659752,0.10207957306306537,0.0035295980564271803,17,2.9471781,2.3964524,2.897245989545101,0.10297465500126006,-0.0015537739,-0.0014793873,-0.0017887753897523062,-0.0008950819381946945,straight_channels
straight_bias,straight,h1_exc,119,25,1.0934163,0.077614,0.9027421,0.06347935,0.8271484375000001,1.0913906169937322,0.0767448107750672,0.0217407774871275,0.0036706464190669414,87,1.0402833,0.8593466,1.0389266925039475,0.01956866204857585,0.05313301,0.04339546,0.05246392448978465,0.002172115438551652,C_channels
straight_bias,straight,h1_exc,120,25,1.5675981,0.050844967,1.2901627,0.041267224,0.8271484375000001,1.559771512212923,0.0498909530027306,0.06487598087844784,0.0029881319518809506,55,1.5282493,1.258219,1.521152567482612,0.0629133219084848,0.03934884,0.03194368,0.03861894473031091,0.0019626589699630465,C_channels
straight_bias,straight,h1_exc,121,25,2.0102339,0.12012797,1.6466963,0.096683584,0.8271484375000001,1.9908111137018891,0.11688782642642315,0.08203481554966893,0.008106605751570418,33,1.9989803,1.6377069,1.9799431059977213,0.08123387751413254,0.011253595,0.008989453,0.010868007704167848,0.0008009380355363943,C_channels
straight_bias,straight,h1_exc,122,25,0.971957,0.0138264345,0.804108,0.011343856,0.8271484375000001,0.97214481119752,0.013714414111745166,0.014308649769987995,0.0014710742973313771,93,0.9316777,0.7710426,0.9321695283969776,0.010101848283493363,0.04027933,0.03306544,0.03997528280054241,0.004206801486494632,C_channels
straight_bias,straight,h1_exc,123,25,1.8633794,0.032440454,1.5301945,0.02622634,0.8271484375000001,1.8499636822536853,0.03170693243900261,0.0893078857743877,0.002452650063428213,40,1.8774235,1.5415459,1.8636869909167297,0.09017407774863337,-0.014044166,-0.011351347,-0.013723308663044387,-0.0008661919742456725,C_channels
straight_bias,straight,h1_exc,124,25,0.40574294,0.013080135,0.33723915,0.010835127,0.8271484375000001,0.4077129919128857,0.013099373785149818,5.05096058446374e-05,2.446948672542311e-05,126,0.37984356,0.31577876,0.3817679467823855,7.215657977805343e-06,0.02589938,0.021460384,0.025945045130500166,4.3293947866832055e-05,straight_channels
straight_bias,straight,h1_exc,125,25,1.5501026,0.023660913,1.2762674,0.019235127,0.8271484375000001,1.5429725822534954,0.023254745937957764,0.07619734824562442,0.00217980258419342,58,1.4815212,1.220502,1.475553740370076,0.07248850004503248,0.06858134,0.05576539,0.0674188418834194,0.0037088482005919465,straight_channels
straight_bias,straight,h1_exc,126,25,0.7509783,0.008437652,0.62244093,0.006948314,0.8271484375000001,0.752514218507089,0.0084003227948022,0.002669793451787977,0.0004888353107046528,108,0.7852063,0.6506264,0.7865896630248411,0.0035068097772133966,-0.034228027,-0.028185487,-0.03407544451775213,-0.0008370163254254196,C_channels
straight_bias,straight,h1_exc,127,25,0.80685675,0.016462075,0.6684139,0.013550753,0.8271484375000001,0.8080942117935982,0.016382492184006964,0.007035266528360209,0.0007865149943743836,104,0.7978344,0.6609913,0.7991204672518522,0.006609542707669694,0.009022355,0.0074225664,0.008973744541746043,0.0004257238206905149,C_channels
